epoch,fold,total_loss,cross_entropy_loss,accuracy,precision,recall,f1_score,auc,r2_score,mae_loss,mse_loss
1,1,23.493077794710796,1.5449222922325134,0.2746478873239437,0.3001454378444581,0.2746478873239437,0.2580414145419231,0.48688776365692615,-13.446200257376127,7.625566628244188,74.70543720987108
1,2,4.308995021714105,1.3136872384283278,0.38028169014084506,0.2802288131519492,0.38028169014084506,0.32230548039193013,0.5185590744044022,-1.2715646047259863,2.6997189124425254,11.2980461385515
1,3,2.491231858730316,1.2520135707325406,0.3855633802816901,0.36665210085452765,0.3855633802816901,0.2336757830438604,0.5245169992947389,-0.08346103481114908,1.854436582989163,5.382740908198887
1,4,2.6071288188298545,1.2600550916459825,0.375,0.2786395637074382,0.375,0.3186687163818012,0.497756353499725,-0.07041571438939287,1.9068879352675543,5.75030059284634
2,1,2.6052636835310192,1.2567989362610712,0.4084507042253521,0.16683197778218609,0.4084507042253521,0.23690140845070423,0.48602844131502165,-0.05294718067797177,1.922834985786014,5.751681182119581
2,2,2.591389238834381,1.2482118474112616,0.3503521126760563,0.26853106970099244,0.3503521126760563,0.2955334864807562,0.4926642708850769,-0.12228927478064389,1.9286110864745245,5.725469668706258
2,3,2.6114268369144864,1.2695575025346544,0.34507042253521125,0.23633862352861132,0.34507042253521125,0.2568971372355435,0.46229639007734674,-0.13665797485660325,1.9169687098926969,5.742454952663845
2,4,2.824931694401635,1.2395672334565058,0.41901408450704225,0.308438123012007,0.41901408450704225,0.28777630203167365,0.5107406004762651,-0.22599382513122102,2.0381400254037647,6.524115165074666
3,1,2.7451698647605047,1.2424520121680365,0.4102112676056338,0.4963515661872469,0.4102112676056338,0.2407003031958963,0.5049285802906287,-0.18377066733053082,2.0162983205583362,6.2515113486184015
3,2,2.418192287286123,1.2381873263253107,0.38380281690140844,0.24488039347194276,0.38380281690140844,0.2640485857926853,0.4984355531468524,-0.0179841586039442,1.8079551259676616,5.17153701517317
3,3,2.395540065235562,1.2562201221783955,0.3785211267605634,0.2550507575541144,0.3785211267605634,0.25591756881668204,0.49208926619491433,-0.014427435130504929,1.7765288286738925,5.053952998585171
3,4,2.533943514029185,1.2559389405780368,0.3961267605633803,0.2686842613142912,0.3961267605633803,0.2936727158863532,0.48255275148235066,-0.018033781937743187,1.866934637228648,5.515954004393683
4,1,2.5903272098965116,1.2423192924923367,0.38380281690140844,0.2581341019534582,0.38380281690140844,0.2933232141694691,0.4711545535335987,-0.08445688699798715,1.924804190794627,5.73567877875434
4,2,2.4989061885409884,1.2416855229271784,0.3785211267605634,0.2671622951590008,0.3785211267605634,0.2991446151657419,0.45836968612551066,-0.0868239789717955,1.8585550453927782,5.4324209160274926
4,3,2.3740120596355863,1.2629536853896246,0.3785211267605634,0.14327824340408649,0.3785211267605634,0.20787239400643964,0.4987168667647363,-0.003844150378101041,1.7681758602460225,4.966481447219849
4,4,2.6091006928020053,1.2474094827969868,0.4084507042253521,0.277481301977648,0.4084507042253521,0.30300195037876343,0.46301369090368993,-0.09192990080794483,1.9267030358314514,5.786380171775818
5,1,2.534278498755561,1.240267362859514,0.4119718309859155,0.4966468421838451,0.4119718309859155,0.24446287863634042,0.47724492736281654,-0.03819565991163598,1.8976632091734145,5.553637703259786
5,2,2.471175127559238,1.2381330397393968,0.3855633802816901,0.2708294035043595,0.3855633802816901,0.29898882660325715,0.48906003503610146,-0.07350429254652102,1.8615595897038777,5.348273250791761
5,3,2.4314980838033886,1.2531996038224962,0.3926056338028169,0.3003679126038281,0.3926056338028169,0.2724379822933713,0.4801329669311336,-0.048996083886567954,1.8187318709161546,5.180861088964674
5,4,2.5826727151870728,1.2433727582295735,0.4137323943661972,0.2701696666485399,0.4137323943661972,0.28429936119088084,0.49855558077249856,-0.06774367740448084,1.9011859165297613,5.707705815633138
6,1,2.883839395311144,1.244383109940423,0.3961267605633803,0.27683260840600515,0.3961267605633803,0.3059121330961858,0.4774018251995222,-0.2637356834288007,2.0864906973308988,6.709237138430278
6,2,2.403187347782983,1.2378072804874845,0.40316901408450706,0.23688098577551572,0.40316901408450706,0.23900154005979315,0.49675362126663863,-0.01855121496954326,1.8000781403647528,5.1224073436525135
6,3,2.3938739167319403,1.2562797533141241,0.3609154929577465,0.25954801133847105,0.3609154929577465,0.2995298009375362,0.48008741222097506,-0.02642177209395502,1.7860239545504253,5.0482600927352905
6,4,2.579264481862386,1.2524446778827243,0.4102112676056338,0.26956724674063187,0.4102112676056338,0.2680957760644834,0.4987906505339176,-0.06447598593117898,1.9024152490827773,5.6751771503024635
7,1,2.7315045330259533,1.2489768597814772,0.4102112676056338,0.2958681889315692,0.4102112676056338,0.2585702788874724,0.4517192366507987,-0.17055470922104754,1.9732450114356146,6.190735552046034
7,2,2.5008738901880054,1.2451645533243816,0.3767605633802817,0.2619373187348786,0.3767605633802817,0.30050612807619265,0.4553650508284237,-0.07210300862104568,1.8704774512184992,5.43086220158471
7,3,2.394611100355784,1.253088202741411,0.38380281690140844,0.27592131164464717,0.38380281690140844,0.25646537273916015,0.5113961211699626,-0.02261262518137208,1.8039206465085347,5.058164344893561
7,4,2.616795129246182,1.2606498797734578,0.375,0.26001480658953335,0.375,0.30082734519961135,0.4642073972231789,-0.09191693291188963,1.9283057981067233,5.7811338901519775
8,1,2.811128404405382,1.2469355463981628,0.38204225352112675,0.27004088783232366,0.38204225352112675,0.29849820923421216,0.48678680731433494,-0.20615391167101893,2.058859017160204,6.460911446147495
8,2,2.6197082532776728,1.2479255464341905,0.3644366197183099,0.25636873883001626,0.3644366197183099,0.292248633667693,0.4847471856807401,-0.1452688345620763,1.9292279084523518,5.820534335242377
8,3,2.405227561791738,1.2685826751920912,0.35563380281690143,0.24530961163325665,0.35563380281690143,0.279499628536056,0.5060923349463894,-0.02493329209593176,1.7975316709942288,5.0573987695905895
8,4,2.723700318071577,1.2539543708165486,0.39436619718309857,0.2697715900667161,0.39436619718309857,0.3029058187508891,0.5083983440629818,-0.148966112514461,1.9915261798434787,6.1531074444452925
9,1,3.032523340649075,1.2433593273162842,0.40669014084507044,0.2869412616984419,0.40669014084507044,0.32029755740637245,0.47937864564683946,-0.36221784776486676,2.1733734342787,7.207239071528117
9,2,2.4815108908547296,1.243947598669264,0.3961267605633803,0.26757766552761253,0.3961267605633803,0.26798302636330806,0.4606291031772156,-0.07485786169313613,1.8591096732351515,5.369158506393433
9,3,2.504176252418094,1.2574224008454218,0.3767605633802817,0.23861529246781937,0.3767605633802817,0.213612843000754,0.45802215996605894,-0.08947511984057077,1.8486961258782282,5.413268314467536
9,4,2.619997183481852,1.252544429567125,0.4014084507042254,0.2298887781288585,0.4014084507042254,0.25101369639154725,0.4938799590658872,-0.06911767056206797,1.9272169007195368,5.810720086097717
10,1,2.620895187060038,1.2454242640071445,0.4102112676056338,0.30601903049010193,0.4102112676056338,0.26091381650168527,0.4779476564647925,-0.1010867021953723,1.9652884602546692,5.830327086978489
10,2,2.5345680514971414,1.2379770676294963,0.375,0.2635702878803878,0.375,0.2949570174461579,0.504819942759979,-0.11239498968575745,1.8825077480740018,5.5599468681547375
10,3,2.592203093899621,1.2652852998839483,0.34507042253521125,0.24607858594352183,0.34507042253521125,0.28728405537306595,0.47446992171553803,-0.15855754162410185,1.9232326017485724,5.688344478607178
10,4,2.61772303448783,1.2577222188313801,0.42077464788732394,0.3815976982840999,0.42077464788732394,0.25353042270396087,0.4765276918932422,-0.06626128175017043,1.9512205653720431,5.79105802377065
11,1,2.5224646727244058,1.2438687483469646,0.3996478873239437,0.2763573188304746,0.3996478873239437,0.2836432243392512,0.4937433168475963,-0.04161596565850445,1.8898310396406386,5.505855003992717
11,2,2.67665425936381,1.2435338033570185,0.3890845070422535,0.2618405351142941,0.3890845070422535,0.2718490518555971,0.47704545572093565,-0.18397575162195356,1.9922824833128188,6.020601709683736
11,3,2.595020704799228,1.2607723143365648,0.34330985915492956,0.24205068697698615,0.34330985915492956,0.28199191769249426,0.4830944679830067,-0.1601503563148401,1.9151795374022589,5.708266682094997
11,4,2.5629642407099404,1.241021090083652,0.41901408450704225,0.38085919647679584,0.41901408450704225,0.25248989023232304,0.5027682302930596,-0.05952986596348797,1.9077355133162603,5.647497985098097
12,1,2.5531866285536022,1.24159754647149,0.36971830985915494,0.2761451305201589,0.36971830985915494,0.31489850435700895,0.4869264750258555,-0.0545048668618493,1.8883806533283658,5.613560967975193
12,2,2.464868876669142,1.2412758734491136,0.40669014084507044,0.30978908806373595,0.40669014084507044,0.2565215426060858,0.511189126643274,-0.05695227161412286,1.8522783319155376,5.319918870925903
12,3,2.458678868081835,1.2526085376739502,0.3397887323943662,0.22684338536864532,0.3397887323943662,0.2551437466406001,0.5101519660261237,-0.08043003271526206,1.8547167910469904,5.272842764854431
12,4,2.6911321149932013,1.2523278329107497,0.3855633802816901,0.26591068148018543,0.3855633802816901,0.3075550074641397,0.485082027202271,-0.13415014998248265,1.9405994084146287,6.048341976271735
13,1,2.723540425300598,1.2386011282602947,0.4014084507042254,0.16570597965014286,0.4014084507042254,0.2345762230815624,0.48817601340342714,-0.17280067712866898,1.9949991173214383,6.188398599624634
13,2,2.755598591433631,1.2380687925550673,0.397887323943662,0.25345212690283114,0.397887323943662,0.24481549114972248,0.5004431702397563,-0.24628522326442548,1.9944964713520474,6.296501292122735
13,3,2.39277974764506,1.2597539358668857,0.3257042253521127,0.22213428766485915,0.3257042253521127,0.2546655334304679,0.47014879536365684,-0.027598760215290508,1.7829914424154494,5.0365064938863116
13,4,2.601521929105123,1.2440940605269537,0.4154929577464789,0.17367165958715255,0.4154929577464789,0.244954803447551,0.48304776101337843,-0.07797513628109276,1.9192360308435228,5.768853399488661
14,1,2.6106477048661976,1.2444436417685614,0.3961267605633803,0.1991351393029711,0.3961267605633803,0.23991186060996228,0.45785583886660747,-0.0918210673512867,1.9304635458522372,5.798456867535909
14,2,2.482535335752699,1.2399441136254206,0.3961267605633803,0.24024634447908827,0.3961267605633803,0.2587336769621715,0.48103656594965805,-0.07090034084254704,1.822906149758233,5.3819147613313465
14,3,2.4945507844289145,1.2587459882100422,0.3609154929577465,0.24807253956581551,0.3609154929577465,0.2831276265561253,0.46738454166798465,-0.09385508866216208,1.831660721037123,5.378095189730327
14,4,2.5462668339411416,1.2377449009153578,0.41901408450704225,0.38085919647679584,0.41901408450704225,0.25248989023232304,0.5211761034444358,-0.04688540686704856,1.8786530759599473,5.599484470155504
15,1,2.6531356043285794,1.2412465347184076,0.40492957746478875,0.28997580831609854,0.40492957746478875,0.293273063416215,0.4968466875024558,-0.11740799385858414,1.9433543615871005,5.9475433296627465
15,2,2.44346723291609,1.2421856919924419,0.40316901408450706,0.16254525391787344,0.40316901408450706,0.23168307208369412,0.4706680411310616,-0.04485070132406799,1.7943516307406955,5.24645733833313
15,3,2.411002238591512,1.2553555832968817,0.3785211267605634,0.27861633113900797,0.3785211267605634,0.3069389809115713,0.5153664316185174,-0.04452296334575112,1.8136156996091206,5.107510844866435
15,4,2.664073003662957,1.2465309898058574,0.41725352112676056,0.17410050089268003,0.41725352112676056,0.24568716647712358,0.5165369967759378,-0.10520929023375825,1.9650802281167772,5.97167083952162
16,1,3.071332653363546,1.2391828099886577,0.38380281690140844,0.2562282381431013,0.38380281690140844,0.27815916947043706,0.5174741068800653,-0.3918739122637651,2.1937678853670755,7.346348577075535
16,2,2.7012949056095548,1.2323805424902174,0.40316901408450706,0.16254525391787344,0.40316901408450706,0.23168307208369412,0.528421122751324,-0.233617446553118,1.960529585679372,6.128761529922485
16,3,2.4513479471206665,1.2520956926875644,0.3573943661971831,0.2508350265894711,0.3573943661971831,0.29215203305639487,0.5134505214632412,-0.06074806623956941,1.8119724326663547,5.249603046311273
16,4,2.6787754429711237,1.2446461386150784,0.42077464788732394,0.33026483368294873,0.42077464788732394,0.25379982768018855,0.4899985286311679,-0.1306138476871983,1.9484451810518901,6.025076998604669
17,1,2.553735395272573,1.2383111715316772,0.4137323943661972,0.32320237212750186,0.4137323943661972,0.26264997391757955,0.5013892986552926,-0.05835135345904319,1.9296550022231207,5.623058398564656
17,2,2.405041495958964,1.2337101499239604,0.3873239436619718,0.2955009037885778,0.3873239436619718,0.32625768604162286,0.5294659415115479,-0.030636794544335544,1.7983789841334026,5.1381476985083685
17,3,2.5352012846204968,1.2641313672065735,0.38028169014084506,0.25278970963034714,0.38028169014084506,0.2490892572689854,0.5116575316643557,-0.11834562980421115,1.8817670345306396,5.501030829217699
17,4,2.8571059703826904,1.2499690718121,0.41901408450704225,0.38085919647679584,0.41901408450704225,0.25248989023232304,0.4978448515473255,-0.23896651723249596,2.080922391679552,6.607091744740804
18,1,2.6285839080810547,1.2338653339280024,0.4084507042253521,0.16683197778218609,0.4084507042253521,0.23690140845070423,0.5117402513099469,-0.10534935007417912,1.9761542081832886,5.882926901181539
18,2,2.5588122407595315,1.2344109018643696,0.4102112676056338,0.2936978944373311,0.4102112676056338,0.2564148691894628,0.5014986048961687,-0.12794173748116733,1.8924091524548001,5.649081746737163
18,3,2.3777830600738525,1.2528976135783725,0.3908450704225352,0.2755915400091009,0.3908450704225352,0.3128293461898629,0.5135001181791627,-0.009707485490560108,1.7742536399099562,5.00251567363739
18,4,2.550664941469828,1.2436174949010212,0.4084507042253521,0.22537238583013233,0.4084507042253521,0.2524067959282438,0.5143827298783569,-0.043885416946262135,1.887028005388048,5.600442118114895
19,1,2.475728193918864,1.2348811162842646,0.4102112676056338,0.2781446060328214,0.4102112676056338,0.25356391676666545,0.5124286879832083,-0.01151959092879773,1.8525930576854281,5.371037907070583
19,2,2.3876313633388944,1.2280303570959303,0.4119718309859155,0.36677354494255904,0.4119718309859155,0.25877730669732685,0.5342862599799283,-0.01714830842077597,1.796882900926802,5.093366887834337
19,3,2.5095525516404047,1.253050148487091,0.3732394366197183,0.22769077149463948,0.3732394366197183,0.229749920209589,0.49048277971909726,-0.09846990541433476,1.841947164800432,5.441391415066189
19,4,2.6321571469306946,1.245869603421953,0.42077464788732394,0.33026483368294873,0.42077464788732394,0.25379982768018855,0.4782222418887193,-0.09298606261468123,1.9386135472191706,5.866827964782715
20,1,2.7221798366970487,1.231607735157013,0.42077464788732394,0.4255821652235016,0.42077464788732394,0.2631129698545254,0.5261245085870423,-0.16715710387478655,2.0113820830980935,6.200181206067403
20,2,2.5571514897876315,1.2368659575780232,0.40316901408450706,0.32701998208331257,0.40316901408450706,0.2347355270687718,0.4971209886126336,-0.12902427831920527,1.900285091665056,5.637817581494649
20,3,2.642075664467282,1.2498382925987244,0.36619718309859156,0.26516430616035214,0.36619718309859156,0.2998273692588538,0.5197075636019206,-0.19385807635875696,1.9553430808915033,5.890629344516331
20,4,2.564378003279368,1.237683077653249,0.41901408450704225,0.3296452744736973,0.41901408450704225,0.24978065321983534,0.524196692888784,-0.0528950636799741,1.9135598805215623,5.659999291102092
21,1,2.47555716170205,1.2269670301013522,0.4225352112676056,0.3617353631593483,0.4225352112676056,0.2816006804495316,0.5474513419496538,-0.024507225680988842,1.8717384537061055,5.388934122191535
21,2,2.44977769586775,1.2394992576705084,0.3609154929577465,0.2670723914166542,0.3609154929577465,0.30451287831092977,0.5214205493467687,-0.04268012890948958,1.8390946719381545,5.273760583665636
21,3,2.6171163585450916,1.2510100205739338,0.3908450704225352,0.27798440257915785,0.3908450704225352,0.2852687759796602,0.5335844302667354,-0.1762802291001644,1.9453788664605882,5.8046976460350885
21,4,2.747146944204966,1.24300350745519,0.41725352112676056,0.293995552260934,0.41725352112676056,0.2966760563380282,0.5050521267836302,-0.16186621024268444,1.9912820392184787,6.25681471824646
22,1,2.842987855275472,1.2408885492218866,0.4119718309859155,0.2918967433023313,0.4119718309859155,0.3055332856610935,0.485547002648691,-0.25027871677659874,2.0577243765195212,6.58121923605601
22,2,2.388296789593167,1.2305792106522455,0.4154929577464789,0.3082642194631202,0.4154929577464789,0.2783491043444465,0.5127954567848488,-0.013098058143367064,1.797144936190711,5.089637690120274
22,3,2.5412789781888327,1.2476357618967693,0.3873239436619718,0.2693024086548275,0.3873239436619718,0.3006484026107866,0.5395257459397625,-0.12659952911424321,1.8795657025443182,5.559779591030544
22,4,2.648610876666175,1.2495767739084032,0.426056338028169,0.373223632639644,0.426056338028169,0.2701868717118238,0.4810964320775183,-0.10570396283315375,1.9254911873075697,5.913023630777995
23,1,3.1311471396022372,1.2356019152535334,0.4295774647887324,0.3155925603371472,0.4295774647887324,0.33209368136835943,0.5103682370441709,-0.4219774291152616,2.2119622959031,7.554085731506348
23,2,2.5869413945409985,1.2255511416329279,0.41725352112676056,0.3314921580766651,0.41725352112676056,0.26979387359812523,0.5424565166770909,-0.14022056923603055,1.9329889218012493,5.763518518871731
23,3,2.6221790843539767,1.2347831726074219,0.4102112676056338,0.3115446002209926,0.4102112676056338,0.29431515632656613,0.5548400357270079,-0.20308453243756763,1.9015503591961331,5.859435849719578
23,4,2.7651139166620045,1.2335638999938965,0.4454225352112676,0.3240197356981394,0.4454225352112676,0.33727632598958457,0.5169030407043335,-0.1860939207137906,2.0208831363254123,6.338730361726549
24,1,2.974728610780504,1.2289071083068848,0.44014084507042256,0.32646166856209724,0.44014084507042256,0.3342035605239831,0.5464969041166885,-0.32379124367018375,2.1650442944632635,7.048311922285292
24,2,2.490309668911828,1.2254678342077467,0.4084507042253521,0.2976422601507097,0.4084507042253521,0.2964301828661539,0.5381783319748372,-0.07041847979208193,1.8795744445588853,5.44160705142551
24,3,2.5831806858380637,1.2352395786179438,0.4278169014084507,0.30052879332733995,0.4278169014084507,0.3470211556455252,0.5521624678732875,-0.16069162367523737,1.8923197322421603,5.728376507759094
24,4,2.582609819041358,1.23026309410731,0.43485915492957744,0.30958284920792356,0.43485915492957744,0.3206113147461366,0.545496046605148,-0.06406662769588789,1.9137381580140855,5.738085296418932
25,1,2.5523192750083075,1.2151531842019823,0.45774647887323944,0.340045530453414,0.45774647887323944,0.3655396227730735,0.5799045708889579,-0.0585133625443186,1.934781829516093,5.672373294830322
25,2,2.4802907241715326,1.2126342455546062,0.4524647887323944,0.44553671400789674,0.4524647887323944,0.3506009171322616,0.5569240839705246,-0.08306515590437313,1.8529324465327792,5.438155584865147
25,3,2.4650335841708713,1.223383108774821,0.43485915492957744,0.312424362310175,0.43485915492957744,0.3380838629827481,0.5537091219232868,-0.09346585878469749,1.840927521387736,5.362217863400777
25,4,2.774457573890686,1.2307946681976318,0.46830985915492956,0.44207350440531445,0.46830985915492956,0.3696376253202912,0.5328280675699997,-0.18182004464048207,2.0068840781847634,6.3763373957739935
26,1,2.6198840538660684,1.2108368939823575,0.45422535211267606,0.3448409372615272,0.45422535211267606,0.35840567324194517,0.5642181999292515,-0.11921103779592657,1.9552430378066168,5.907660537295872
26,2,2.652128597100576,1.1979293757014804,0.4612676056338028,0.41313865545978684,0.4612676056338028,0.3662176141472515,0.5729749730138911,-0.2094846814950584,1.9632683992385864,6.045260111490886
26,3,2.4378161099221973,1.2166892952389188,0.4225352112676056,0.3931092903115903,0.4225352112676056,0.35476632987200674,0.5776866007733485,-0.06281186563661567,1.84025459157096,5.287111772431268
26,4,2.5292274024751453,1.2186680104997423,0.44366197183098594,0.4546359264416065,0.44366197183098594,0.3365256953126955,0.5725150101091547,-0.045321806498545225,1.8966835339864094,5.5871992111206055
27,1,2.5808609856499567,1.209237191412184,0.4524647887323944,0.34576828607149573,0.4524647887323944,0.3544626053993959,0.5661424508060496,-0.08710790509646693,1.9488341477182176,5.781316306855944
27,2,2.4534972839885287,1.1980107227961223,0.4612676056338028,0.44799140364342865,0.4612676056338028,0.3710700543677181,0.564370077513209,-0.08186051272066641,1.8579163551330566,5.3829656971825495
27,3,2.3726707961824207,1.2092140913009644,0.426056338028169,0.32776206259718593,0.426056338028169,0.34806036872673735,0.5951035358151718,-0.012709188397418192,1.7822374105453491,5.087402939796448
27,4,2.7207385698954263,1.2150423659218683,0.4630281690140845,0.3362295307023377,0.4630281690140845,0.3594591993140789,0.5642478339986012,-0.1504323894906674,1.9956041309568617,6.234029584460789
28,1,2.661582436826494,1.1930559476216633,0.47183098591549294,0.36453214089812586,0.47183098591549294,0.37945767423638305,0.5874814586707454,-0.15515152779278218,1.9855198992623224,6.088143997722202
28,2,2.5426041748788624,1.2077850765652127,0.4278169014084507,0.37409708780992035,0.4278169014084507,0.32306987135698684,0.5693981819545112,-0.109711531141647,1.8820377124680414,5.657181898752849
28,3,2.553055273161994,1.2183135615454779,0.4278169014084507,0.30385656004334344,0.4278169014084507,0.3551721267847895,0.5939258261323271,-0.17248783764998454,1.9091688328319125,5.667452388339573
28,4,2.533555395073361,1.2216071685155232,0.45598591549295775,0.38133148061925276,0.45598591549295775,0.3506478483588007,0.5476207124892873,-0.06474294288018312,1.8728766043980916,5.594767676459418
29,1,2.4866128961245217,1.202191988627116,0.4630281690140845,0.3431979440710321,0.4630281690140845,0.37255925018566444,0.5943937473668349,-0.01832095035796466,1.8758481939633687,5.483594801690844
29,2,2.361844884024726,1.1863810287581549,0.477112676056338,0.35341912122482433,0.477112676056338,0.3882948894041975,0.592601307519175,-0.011813332157763812,1.799404674106174,5.104593767060174
29,3,2.3720229864120483,1.1884776486290827,0.4454225352112676,0.3877924960326943,0.4454225352112676,0.36780279456501846,0.6049369978249308,-0.04484197058306161,1.802137679523892,5.133628580305311
29,4,2.479703081978692,1.2081066701147292,0.45774647887323944,0.33687989417758485,0.45774647887323944,0.35882585265425193,0.5841900329808649,-0.010706518632257023,1.8515625993410747,5.446761237250434
30,1,2.6331781016455755,1.1865780022409227,0.4753521126760563,0.38992459322142903,0.4753521126760563,0.38699165692831267,0.5995786438607884,-0.11804288319755063,1.9879949755138822,6.0085781415303545
30,2,2.560160583919949,1.1847390135129292,0.47007042253521125,0.44864940264600406,0.47007042253521125,0.3819450955751256,0.6042520385730749,-0.1550755436654323,1.9190243350134955,5.769477473364936
30,3,2.3824261559380426,1.2069956064224243,0.426056338028169,0.35181025980830277,0.426056338028169,0.3307820138582823,0.5974869935395843,-0.06376482973345765,1.794655720392863,5.125097274780273
30,4,2.677046087053087,1.2170138027932909,0.4841549295774648,0.34413009851013593,0.4841549295774648,0.3963512450058518,0.5497656120069168,-0.12063686933859286,1.9802495770984225,6.083787838617961
31,1,2.44559207227495,1.171553631623586,0.477112676056338,0.3504489556022804,0.477112676056338,0.39014788455452176,0.6083131745167574,-0.0025434926460607965,1.865054965019226,5.418348299132453
31,2,2.433489077621036,1.1857290731536017,0.4841549295774648,0.4247485491653626,0.4841549295774648,0.40134517919325474,0.5863135729803755,-0.06541458497182195,1.827541344695621,5.344928860664368
31,3,2.388211919201745,1.193251199192471,0.45422535211267606,0.37547876286696064,0.45422535211267606,0.36972704917295296,0.5914678190228606,-0.03340221746221106,1.8065269854333665,5.176453484429254
31,4,2.571811252170139,1.193302849928538,0.4753521126760563,0.3428250270855905,0.4753521126760563,0.3928233792948396,0.597519630485513,-0.0832362583373556,1.914337396621704,5.7883306874169245
32,1,2.466095527013143,1.1891696519321866,0.4823943661971831,0.37806121067598664,0.4823943661971831,0.38915723590280366,0.5753722560311458,-0.0235754104954089,1.881585372818841,5.445588959587945
32,2,2.390441377957662,1.1599215467770894,0.49471830985915494,0.3706597746131378,0.49471830985915494,0.40891502863333845,0.6150988454582824,-0.04027844321940943,1.8370511200692918,5.261654178301494
32,3,2.412571065955692,1.1786869102054172,0.45774647887323944,0.36466586602738654,0.45774647887323944,0.3805192593082979,0.6194781064832677,-0.07725052709347424,1.8244652085834079,5.2916339635849
32,4,2.522712614801195,1.1760107477506,0.477112676056338,0.3878690368853068,0.477112676056338,0.3917933994776788,0.6146073401307073,-0.0650336446357398,1.9086783064736261,5.665016810099284
33,1,2.4082463118765087,1.1535665955808427,0.49471830985915494,0.4388052383979252,0.49471830985915494,0.41974683283125175,0.6326998703549516,-0.014238394691195921,1.8496473696496751,5.3358321454789905
33,2,2.348266694280836,1.1586932672394648,0.4964788732394366,0.40335308324304797,0.4964788732394366,0.4157060959818154,0.6373217597418614,-0.025132064829484824,1.8185058567259047,5.123937951193915
33,3,2.2983630961842008,1.1701739430427551,0.4665492957746479,0.3888476664098664,0.4665492957746479,0.38946103691121636,0.6549203628349949,-0.008146254805643016,1.7711087730195787,4.930804424815708
33,4,2.443452517191569,1.175466345416175,0.4841549295774648,0.42098364918143627,0.4841549295774648,0.4073532715429315,0.6343590102113383,-0.00671333739266089,1.8450050950050354,5.4020868804719715
34,1,2.5280186004108853,1.142419586579005,0.5176056338028169,0.4646000102176706,0.5176056338028169,0.4397520602122419,0.6420291359165321,-0.06971744312878037,1.924270768960317,5.761082768440247
34,2,2.5376316838794284,1.1393036709891424,0.5088028169014085,0.4542004382199399,0.5088028169014085,0.44247400412906085,0.6497720061438381,-0.15055631035105144,1.9331573181682162,5.800396839777629
34,3,2.3533327844407825,1.1685851547453139,0.4753521126760563,0.405275368746271,0.4753521126760563,0.40955940268812246,0.6447103455527462,-0.04188910839214399,1.809351556830936,5.117743757035997
34,4,2.4778484569655523,1.161483731534746,0.5070422535211268,0.3722117742081945,0.5070422535211268,0.4144502755829347,0.6194248173661999,-0.03846446578023155,1.8789743582407634,5.54936605029636
35,1,2.529746585422092,1.1364481548468273,0.5052816901408451,0.4157606977442659,0.5052816901408451,0.4258109736782285,0.6454083796245196,-0.10393086177451294,1.9432460930612352,5.780776076846653
35,2,2.3575946821106806,1.1394291089640722,0.49119718309859156,0.39147906156460544,0.49119718309859156,0.4127815763105809,0.645798783426325,-0.035406244700542766,1.8342870937453375,5.199980841742621
35,3,2.512780156400469,1.1654475894239213,0.46830985915492956,0.4361562777957621,0.46830985915492956,0.386769822553132,0.6407796787579887,-0.14970615144172927,1.927002317375607,5.656555891036987
35,4,2.550524764590793,1.1556554370456271,0.522887323943662,0.4716924733991328,0.522887323943662,0.44745281916135704,0.6450597935074274,-0.07345149779037663,1.9225962029563055,5.805219782723321
36,1,2.448968377378252,1.1429646578099992,0.49119718309859156,0.39190823206372466,0.49119718309859156,0.4158822587802221,0.6498614502777248,-0.02999190413573527,1.886444045437707,5.496310181087917
36,2,2.4833362102508545,1.122659252749549,0.5176056338028169,0.43625836255751965,0.5176056338028169,0.4366756473042952,0.6561154827885319,-0.11140072639545018,1.884869913260142,5.658248927858141
36,3,2.348391506406996,1.1450674798753526,0.4823943661971831,0.4125010587313818,0.4823943661971831,0.4073737528130967,0.662598052184529,-0.05959191247950524,1.8180740012062921,5.156147480010986
36,4,2.487188286251492,1.1597875754038494,0.5088028169014085,0.4546027361486929,0.5088028169014085,0.43818985205793864,0.6488841604519526,-0.035194576395936705,1.8853661749098036,5.5844564702775745
37,1,2.4190447661611767,1.1626212398211162,0.49471830985915494,0.4200611076487737,0.49471830985915494,0.41980951764832214,0.6165496896340543,0.003245268772872345,1.8579545087284512,5.350699570443895
37,2,2.4824421207110086,1.1332210335466597,0.5052816901408451,0.4118120995439853,0.5052816901408451,0.4282521538599212,0.6559745505077121,-0.12083871742594887,1.8925435079468622,5.630624479717678
37,3,2.464253021611108,1.1724811991055806,0.45598591549295775,0.3823530287483899,0.45598591549295775,0.37612775319187586,0.650202514571261,-0.11707421801249973,1.8912535972065396,5.478387064403957
37,4,2.616390433576372,1.1389946473969355,0.5105633802816901,0.4300590547884026,0.5105633802816901,0.42896504134166324,0.6654432550400112,-0.1115960015358306,1.9712027311325073,6.063647045029534
38,1,2.3955725961261325,1.123428612947464,0.5123239436619719,0.4508131481194861,0.5123239436619719,0.44228399865120743,0.6616179311788191,-4.452143016253629e-05,1.8547601832283869,5.363908251126607
38,2,2.3264827065997653,1.1316184434625838,0.5264084507042254,0.4782570602111239,0.5264084507042254,0.4585431375359878,0.6686371660850259,-0.025628713162068273,1.8091928760210674,5.114499092102051
38,3,2.313540849420759,1.130618651707967,0.4823943661971831,0.4065438007664738,0.4823943661971831,0.4122934355053155,0.6793965590730588,-0.02367642013735538,1.797499418258667,5.073692388004726
38,4,2.55685027440389,1.1116306119494967,0.528169014084507,0.45764772441462503,0.528169014084507,0.458546479052608,0.676385696141631,-0.10836310817366113,1.9376151495509677,5.929029292530483
39,1,2.458203421698676,1.1042121218310461,0.528169014084507,0.4494862854128395,0.528169014084507,0.45394946569616135,0.6891030567825154,-0.05492253146298487,1.9079503284560309,5.617516133520338
39,2,2.3594372868537903,1.0979488326443567,0.5334507042253521,0.4375717502617018,0.5334507042253521,0.4585150526096453,0.6881431739000752,-0.05769771931751899,1.8435929483837552,5.302910221947564
39,3,2.2961045768525867,1.1077855858537886,0.5176056338028169,0.42615114314057984,0.5176056338028169,0.4404345775894846,0.6948716341323219,-0.02695898021337917,1.8019236591127183,5.068848742379083
39,4,2.5059905184639826,1.1284077299965753,0.5176056338028169,0.4400017753580305,0.5176056338028169,0.4549613967446466,0.6810588358476346,-0.06102963353119528,1.9042831460634868,5.72035014629364
40,1,2.419692814350128,1.1213524109787412,0.528169014084507,0.4638153902397149,0.528169014084507,0.4507444038179297,0.6621360384953354,-0.014594895182249212,1.8808766537242465,5.449153635236952
40,2,2.299881339073181,1.1041820612218645,0.5193661971830986,0.4305593180615467,0.5193661971830986,0.4380935135899006,0.6882053850982515,0.006713394745675116,1.7890549765692816,5.089846081203884
40,3,2.2875120043754578,1.1301467683580186,0.4982394366197183,0.4494826782704339,0.4982394366197183,0.4268978477435944,0.6733596487870273,0.017382374938104572,1.7675970196723938,4.9880307647917
40,4,2.414225975672404,1.095590141084459,0.5545774647887324,0.49171615056190804,0.5545774647887324,0.49665156390738724,0.7079390334130504,-0.01167237879879579,1.8573774562941656,5.491042812665303
41,1,2.5934756464428372,1.0949268374178145,0.5264084507042254,0.43518197524708635,0.5264084507042254,0.45503537572085345,0.6896482672312623,-0.17553685615105774,2.0093407101101346,6.090089453591241
41,2,2.411266585191091,1.124704509973526,0.5,0.440783996615351,0.5,0.4277496181973205,0.6631791990250575,-0.05892751011793296,1.8662258452839322,5.413244605064392
41,3,2.2761533525254993,1.1106502877341375,0.5211267605633803,0.4668639022930963,0.5211267605633803,0.4390993507887592,0.7076764381285148,-0.0054108900768832235,1.77554057041804,4.995660291777717
41,4,2.4716841909620495,1.077163451247745,0.545774647887324,0.4768440995842072,0.545774647887324,0.49411507242920666,0.7202793983796286,-0.07763817104568527,1.9112222525808547,5.725565791130066
42,1,2.5944683419333563,1.0784232020378113,0.5387323943661971,0.47504358538152686,0.5387323943661971,0.4676640068898384,0.7010600113715112,-0.16239712916176607,1.9837648338741727,6.1319067345725164
42,2,2.38950244585673,1.0773003829850092,0.5369718309859155,0.4661817383803714,0.5369718309859155,0.4593676047217337,0.7139507167516641,-0.11423203531578041,1.8734884858131409,5.45130713780721
42,3,2.4361049599117703,1.0834698677062988,0.5070422535211268,0.445039128448854,0.5070422535211268,0.43707607307522184,0.7154475844546565,-0.11819981354170794,1.8796797196070354,5.592253393597073
42,4,2.6906675630145602,1.1334664457374148,0.5123239436619719,0.44250167672702884,0.5123239436619719,0.44591982523823304,0.676111612556779,-0.19489609930226348,2.017978972858853,6.3241366147994995
43,1,2.522057440545824,1.057665228843689,0.5475352112676056,0.4039221835737774,0.5475352112676056,0.4635812844546957,0.7264124076090548,-0.11505543356927461,1.9829119510120816,5.938972420162624
43,2,2.3351087437735663,1.0441181361675262,0.5616197183098591,0.4850234382718548,0.5616197183098591,0.4930864745027502,0.7236577198966332,-0.06460856266731141,1.8480812509854634,5.34741993745168
43,3,2.486987445089552,1.0951411757204268,0.522887323943662,0.45243889902351453,0.522887323943662,0.44482736112608606,0.7119482548887739,-0.19989590774560018,1.9269542826546564,5.734628571404351
43,4,2.407839046584235,1.0480579170915816,0.5633802816901409,0.484979458502919,0.5633802816901409,0.4961842003456823,0.7230254688741286,-0.04410546285664663,1.880178537633684,5.580661469035679
44,1,2.630812015798357,1.0849600003825293,0.545774647887324,0.44637231296151697,0.545774647887324,0.4681658136298242,0.6962209654856418,-0.19320037250328848,2.002340250545078,6.237799869643317
44,2,2.4039030406210156,1.058132655090756,0.5545774647887324,0.45628868499864383,0.5545774647887324,0.46889539218474613,0.7135241574231405,-0.10263977644999711,1.9140803813934326,5.544033858511183
44,3,2.300746586587694,1.0756034751733143,0.5369718309859155,0.47304865100877724,0.5369718309859155,0.4621406951103853,0.7202802238724251,-0.031178587778710964,1.8022038406795926,5.159413761562771
44,4,2.3865323464075723,1.0470917920271556,0.5492957746478874,0.4700554999773177,0.5492957746478874,0.4863834299368739,0.7174349401713837,-0.03661147893482064,1.8817093637254503,5.511893378363715
45,1,2.3342345886760287,1.0179724130365584,0.5616197183098591,0.4547532682052876,0.5616197183098591,0.4854001295106562,0.7427677497673002,-0.01038263330491973,1.8702978491783142,5.4055127832624645
45,2,2.2605806589126587,1.0067780514558156,0.5598591549295775,0.4648839113110032,0.5598591549295775,0.4875619211204631,0.7464278093331898,-0.037009483242119945,1.8307929303910997,5.186119847827488
45,3,2.243330968750848,1.0727759467230902,0.5176056338028169,0.4419431158433887,0.5176056338028169,0.4511490695321334,0.726297298944897,-0.03143551056758742,1.7660990158716838,4.974625839127435
45,4,2.4062622520658703,1.0444542864958446,0.5563380281690141,0.4682546688405955,0.5563380281690141,0.48226094373606154,0.7315363355222559,-0.038015471981746485,1.8951031764348347,5.583813958697849
46,1,2.326402015156216,1.0087768336137135,0.5827464788732394,0.48805677313307755,0.5827464788732394,0.5059387362164848,0.7393989566065728,-0.021852780687964035,1.8708804978264704,5.400860640737745
46,2,2.2813764876789517,1.0161414212650723,0.5774647887323944,0.5082390788728405,0.5774647887323944,0.5175239218778789,0.7460749272084858,-0.05171562390191542,1.8296202619870503,5.23359133137597
46,3,2.2561942074033947,1.0246095955371857,0.5651408450704225,0.5143501099763418,0.5651408450704225,0.49138867919840556,0.7498176074750165,-0.04537705392036928,1.8000549740261502,5.129891514778137
46,4,2.4029571215311685,1.0673652324411604,0.5316901408450704,0.4321897994632616,0.5316901408450704,0.4638865522308843,0.7293582302392106,-0.014263854816848553,1.8669318358103435,5.519338104459974
47,1,2.4138649503389993,0.9932761357890235,0.5686619718309859,0.49109019137744125,0.5686619718309859,0.498211217345703,0.7600126432328497,-0.06527276485746403,1.9207725127538045,5.728571838802761
47,2,2.3484111428260803,1.0140318771203358,0.5704225352112676,0.5033831253738571,0.5704225352112676,0.4952504333966965,0.7454959315128398,-0.11586086949713037,1.8630496859550476,5.461962593926324
47,3,2.2253344787491693,1.0055833160877228,0.5528169014084507,0.461509913408825,0.5528169014084507,0.4884876309051159,0.7565969616168773,-0.014188293114769657,1.7981724275483026,5.071420311927795
47,4,2.3956746657689414,1.0110909408993192,0.5633802816901409,0.4762838509218807,0.5633802816901409,0.49728623507831443,0.7441433086220708,-0.025191313853452746,1.888703895939721,5.626369820700751
48,1,2.274410088857015,0.9535768859916263,0.5915492957746479,0.4953630013009785,0.5915492957746479,0.5188252145525117,0.7655794372880007,-0.014165245411269733,1.8561882045533922,5.3563540246751575
48,2,2.2372794217533536,0.9760593639479743,0.5950704225352113,0.5624847045264388,0.5950704225352113,0.5202685914017913,0.7587336396655195,-0.02656576206785788,1.8071434100468953,5.1801261107126875
48,3,2.378706773122152,1.0626332925425634,0.5316901408450704,0.4564826618624611,0.5316901408450704,0.468246246566287,0.7311370680631364,-0.13236087078873893,1.862211114830441,5.4495446814431086
48,4,2.4922773904270596,1.0030142664909363,0.5721830985915493,0.4918361860776676,0.5721830985915493,0.4996327027001069,0.7569233708126527,-0.10087961698446568,1.9315762519836426,5.9672244389851885
49,1,2.2880982557932534,0.9621665245956845,0.5774647887323944,0.471143178072394,0.5774647887323944,0.5066344602933144,0.766077121601684,0.016566565401896716,1.8616811566882663,5.3819387488895
49,2,2.2909977237383523,0.9846171041329702,0.573943661971831,0.5144334024866869,0.573943661971831,0.49900481377427913,0.7579136933160695,-0.08553081177486455,1.8570094969537523,5.339218947622511
49,3,2.2844783465067544,1.0467076732052698,0.5299295774647887,0.43180468532775956,0.5299295774647887,0.46003873188040817,0.7345462213381494,-0.05053119503080983,1.7960580454932318,5.172609779569838
49,4,2.362004127767351,0.9810003969404433,0.5897887323943662,0.5175728653250793,0.5897887323943662,0.5134185964942449,0.7633730709044695,-0.006353842497378581,1.8859205974472895,5.584345923529731
50,1,2.247993972566393,0.9238240487045712,0.6126760563380281,0.5001267509428153,0.6126760563380281,0.537745752839226,0.7857990718649406,-0.037108740298070764,1.8516089187728033,5.337723520067003
50,2,2.247041516833835,0.9593080282211304,0.5880281690140845,0.48971446924792,0.5880281690140845,0.5099722898301619,0.7680783778938362,-0.029814893838094436,1.824477771917979,5.251752826902601
50,3,2.211936824851566,0.9313156803448995,0.5827464788732394,0.5050697123914982,0.5827464788732394,0.5111428951294905,0.7866487856917215,-0.011125500004590672,1.8104750712712605,5.200052658716838
50,4,2.361115104622311,0.9409128659301333,0.5985915492957746,0.5275298346083146,0.5985915492957746,0.5513492160487155,0.7784084979347468,-0.05585812711588023,1.9151654707060919,5.674920174810621
51,1,2.329725523789724,0.9364827440844642,0.6126760563380281,0.4948474334511725,0.6126760563380281,0.528764039415577,0.782436192534308,-0.023077322504057918,1.909383045302497,5.580625163184272
51,2,2.1984124647246466,0.9174359738826752,0.6056338028169014,0.5606625137181936,0.6056338028169014,0.5323721018360009,0.7799636849414696,-0.02277248610284599,1.8212453060679965,5.187357452180651
51,3,2.2701094150543213,0.9200752708646986,0.596830985915493,0.5347362012056814,0.596830985915493,0.5460194737392142,0.7939407798735416,-0.08462427668374839,1.8696985178523593,5.420188970035976
51,4,2.290433254506853,0.9476662874221802,0.5897887323943662,0.49735661565547135,0.5897887323943662,0.5263514811189098,0.7773652007115822,-0.05244971526164455,1.8563199308183458,5.423555970191956
52,1,2.2500267227490744,0.9415577020910051,0.6003521126760564,0.5078031412715635,0.6003521126760564,0.5232489873000341,0.7723398104926831,-0.00345105552188274,1.846771776676178,5.303120970726013
52,2,2.3331037759780884,0.9529126716984643,0.5880281690140845,0.5059438196445489,0.5880281690140845,0.5163569141472711,0.7597245171123188,-0.0942679930853001,1.89073027504815,5.553549422158135
52,3,2.209899836116367,0.9659928679466248,0.5616197183098591,0.49404924644927806,0.5616197183098591,0.49050988660133144,0.7681302083181033,-0.012423320795505788,1.79730404747857,5.112349245283339
52,4,2.3513992759916515,0.9485344423188103,0.5774647887323944,0.4904821795046721,0.5774647887323944,0.5096557796677929,0.7771573487756185,-0.055439963296517014,1.8847219281726413,5.624750402238634
53,1,2.222447521156735,0.8977548314465417,0.6161971830985915,0.528972303535646,0.6161971830985915,0.5365008449955955,0.7943597406980375,-0.013688705899308928,1.8577215075492859,5.3133969571855335
53,2,2.1427880658043756,0.9039291077189975,0.6161971830985915,0.5284274947311306,0.6161971830985915,0.5448800109017178,0.7829500571216085,-0.0028904971679233338,1.7875579065746732,5.033458842171563
53,3,2.22058641910553,0.9675224787659116,0.5845070422535211,0.5171535060255009,0.5845070422535211,0.5107933451833055,0.7750677644843527,-0.06568204496402008,1.7908198436101277,5.144402252303229
53,4,2.310568299558428,0.9562654925717248,0.5933098591549296,0.5180200730724978,0.5933098591549296,0.5393327691695219,0.7693050756647553,-0.028034112209069928,1.8734323514832392,5.470607982741462
54,1,2.3015407390064664,0.9519539309872521,0.6038732394366197,0.5221223427390731,0.6038732394366197,0.5269019562108604,0.7684421736371909,-0.04496586322473206,1.8852755493587918,5.450576437844171
54,2,2.2191477285491095,0.8646738595432706,0.6214788732394366,0.5700834102978527,0.6214788732394366,0.5481643623359544,0.8089604042045255,-0.04225775281270483,1.8683188027805753,5.37958648469713
54,3,2.1827335953712463,0.8862955404652489,0.6073943661971831,0.5243957917279798,0.6073943661971831,0.5394108171266982,0.7956977620659849,-0.005232430993046933,1.8317257828182645,5.207755472924974
54,4,2.251262644926707,0.8833288815286424,0.625,0.5313275885049551,0.625,0.5627270688702138,0.792275539160438,0.019627442794233563,1.8618172340922885,5.44310802883572
55,1,2.1939215064048767,0.8587192396322886,0.6302816901408451,0.5771505967276113,0.6302816901408451,0.5569225539742371,0.806280936643902,0.003773278649635503,1.8456390102704365,5.309393299950494
55,2,2.1208686431248984,0.8166921039422353,0.6267605633802817,0.530321287025847,0.6267605633802817,0.5604164296394246,0.812973022895384,-0.019081725823206552,1.8167530828052096,5.1639468802346125
55,3,2.0874540474679737,0.8696789277924432,0.6161971830985915,0.5525907179186228,0.6161971830985915,0.5518285474001451,0.8021397466975642,-0.0061422279900773535,1.7617168095376756,4.928929116990831
55,4,2.280643297566308,0.8388998640908135,0.6496478873239436,0.5708269437422799,0.6496478873239436,0.5784976741105415,0.8168104385948496,-0.029539517914198843,1.910844259791904,5.644711057345073
56,1,2.285730302333832,0.8829667005274031,0.6179577464788732,0.5391025731855924,0.6179577464788732,0.564296320559013,0.7896797028581868,-0.0987038582041817,1.8814455535676744,5.5588451226552325
56,2,2.2334087557262845,0.8947350647714403,0.6126760563380281,0.5188830884287047,0.6126760563380281,0.534483484824048,0.7913520887032652,-0.0847151176615446,1.8399461772706773,5.356980482737224
56,3,2.142148812611898,0.8960383534431458,0.6056338028169014,0.5324611225068715,0.6056338028169014,0.5361240944212254,0.7958012609555658,-0.0897716821312946,1.7880974014600117,5.049739718437195
56,4,2.2605259948306613,0.9255070785681406,0.602112676056338,0.513285868310639,0.602112676056338,0.5268159615894467,0.7882145469610732,0.0048096907883000695,1.8471158080630832,5.375570058822632
57,1,2.269713514380985,0.9017558693885803,0.6144366197183099,0.5857235518373398,0.6144366197183099,0.5445739482597782,0.7843746814091963,-0.05387011882647652,1.874916864766015,5.461614529291789
57,2,2.161431312561035,0.8640823993417952,0.6214788732394366,0.5781351319239428,0.6214788732394366,0.5494643164863844,0.8017105002298691,-0.012412874859864864,1.813169280687968,5.188578645388286
57,3,2.237063745657603,0.8717716501818763,0.6126760563380281,0.5437294121412947,0.6126760563380281,0.5423848550600355,0.8045075061804378,-0.11917208057271766,1.8610516786575317,5.422745029131572
57,4,2.2704437242613897,0.8243817041317621,0.6285211267605634,0.5445702788157517,0.6285211267605634,0.5722507257980781,0.8215639550265346,-0.011780706266983909,1.9066434568829007,5.644588245285882
58,1,2.2061687376764088,0.8095884290006425,0.6619718309859155,0.628338887043165,0.6619718309859155,0.5817541191489147,0.8274454016119337,-0.06894165250872697,1.886380308204227,5.464855790138245
58,2,2.0920852488941617,0.808901674217648,0.6338028169014085,0.5609488967593736,0.6338028169014085,0.5761695927243689,0.8267041914764403,-0.01176626525496327,1.7937117748790317,5.086180037922329
58,3,2.211926645702786,0.8491210871272616,0.6161971830985915,0.5358935589172644,0.6161971830985915,0.5437318000831997,0.805388005578539,-0.08613552505406696,1.838466743628184,5.39180600643158
58,4,2.3032763136757746,0.8563947412702773,0.6285211267605634,0.530325695011602,0.6285211267605634,0.5499386166148368,0.8084153110812079,-0.05806815416792266,1.905146598815918,5.679333183500502
59,1,2.189746101697286,0.8329932623439364,0.6373239436619719,0.5483336422041017,0.6373239436619719,0.563610023084917,0.8178561653580632,0.005874913070524679,1.8558571603563097,5.355502472983466
59,2,2.1649968028068542,0.8945207430256737,0.6214788732394366,0.5577753646038027,0.6214788732394366,0.5564162087925869,0.8007111683773618,-0.006720020693214757,1.8045972188313801,5.129440718226963
59,3,2.1297521856096058,0.9239217142264048,0.5757042253521126,0.5430114068322661,0.5757042253521126,0.4976893822102978,0.7848036288765157,-0.006028087139578142,1.7691995369063482,4.943356487486097
59,4,2.2616041700045266,0.8812100754843818,0.625,0.6211980178391003,0.625,0.5523374622736418,0.8018928624111071,-0.025649553909339318,1.857374284002516,5.482523692978753
60,1,2.211384038130442,0.8698469234837426,0.6056338028169014,0.5143805042841337,0.6056338028169014,0.5461900247470781,0.809188256940722,-0.039153256619425925,1.8562734524408977,5.3416371080610485
60,2,2.1103253960609436,0.7987337079313066,0.6566901408450704,0.6430137888555435,0.6566901408450704,0.5816346783541066,0.8245934330336089,-0.0029324735882447772,1.8138529260953267,5.170705848269993
60,3,2.134499881002638,0.7728771931595273,0.6426056338028169,0.6092979224889292,0.6426056338028169,0.5759151130028938,0.8420087213534038,-0.03391149795667747,1.824244565433926,5.311619268523322
60,4,2.1698060234387717,0.7888540393776364,0.6549295774647887,0.5779004201366794,0.6549295774647887,0.6050282183418608,0.8230713275609199,0.009944768276676785,1.8426284856266446,5.392027139663696
61,1,2.1923754480150013,0.8154862655533685,0.6390845070422535,0.5448531433622702,0.6390845070422535,0.5635946591334516,0.8141627927651538,-0.05679626640468172,1.874836954805586,5.405116624302334
61,2,2.155087431271871,0.8887150883674622,0.625,0.5639782259384911,0.625,0.5605053987632833,0.805257557360814,-0.029250815010265496,1.800627933608161,5.109956065813701
61,3,2.1117622322506375,0.8506917191876305,0.6197183098591549,0.5871761416274934,0.6197183098591549,0.5452850164792218,0.8217402567979357,-0.03249436977609865,1.779102040661706,5.054259803560045
61,4,2.189372334215376,0.8191051913632287,0.6584507042253521,0.6591974299968147,0.6584507042253521,0.5929761794203345,0.8164601399981811,0.01600994152455215,1.8387120564778645,5.38666213883294
62,1,2.201741404003567,0.8174625900056627,0.6514084507042254,0.5987338360659716,0.6514084507042254,0.5988137579532111,0.8244453602574235,-0.022884272555433238,1.8631232049730089,5.431725051667955
62,2,2.099175817436642,0.8223812116516961,0.6514084507042254,0.5927295250075243,0.6514084507042254,0.5856384901792019,0.8203432355766841,0.0008733197373417267,1.7772171960936651,5.078363087442186
62,3,2.099062422911326,0.8221105568938785,0.6320422535211268,0.5906649664915129,0.6320422535211268,0.5791478618585867,0.8201916779325602,-0.02221962847057224,1.787013828754425,5.078616592619154
62,4,2.1812049216694303,0.7737857500712076,0.6566901408450704,0.6538264943479714,0.6566901408450704,0.5967445016660311,0.8346792485367113,-0.057004040699174086,1.8475081192122564,5.465182979901631
63,1,2.1948301196098328,0.7670487794611189,0.6795774647887324,0.6424529701309504,0.6795774647887324,0.6279339425713848,0.8403567559576336,-0.03264596102208328,1.8895851638582017,5.526319583257039
63,2,2.1082467900382147,0.7591672837734222,0.6795774647887324,0.6288192181956905,0.6795774647887324,0.6016655317684272,0.8323825811359746,-0.09329951694399186,1.8269229332605998,5.256098747253418
63,3,2.087934891382853,0.8171601427925957,0.6267605633802817,0.6331809481334414,0.6267605633802817,0.5907651595720407,0.8274571032300975,0.010558762899711693,1.7948852247662015,5.053075737423367
63,4,2.3664353688557944,0.9474205474058787,0.5985915492957746,0.5223078813687666,0.5985915492957746,0.5252447931342401,0.759259507432411,-0.07230025196798562,1.900319794813792,5.677469756868151
64,1,2.1534275743696423,0.8046197262075212,0.6690140845070423,0.7436464984787816,0.6690140845070423,0.5847371757428088,0.8309974919911225,-0.04868461369811938,1.8447952667872112,5.300645695792304
64,2,2.077536814742618,0.7722876667976379,0.6549295774647887,0.6237062590901212,0.6549295774647887,0.6144222612663913,0.8328099786965344,-0.011448712000844186,1.8013376262452867,5.123117950227526
64,3,2.200050493081411,0.8222167193889618,0.6197183098591549,0.5987657048906122,0.6197183098591549,0.5499957809628332,0.8206961274040813,-0.13329003540828221,1.849951167901357,5.414995749791463
64,4,2.1968005233340793,0.7748252948125204,0.6654929577464789,0.631957315600756,0.6654929577464789,0.6174984469134964,0.8353036739184182,-0.04780329438531172,1.8516867227024503,5.514742573102315
65,1,2.1655960612826877,0.7284778422779508,0.6883802816901409,0.6737011396876595,0.6883802816901409,0.632706829911329,0.8454525730097157,0.0014562864151070887,1.8784198098712497,5.518871744473775
65,2,2.01300577322642,0.7168927126460605,0.6813380281690141,0.6336837115898335,0.6813380281690141,0.627593588657223,0.8457296122192738,-0.009460489939548733,1.7825928794013128,5.037269353866577
65,3,2.009990566306644,0.7292593485779233,0.6461267605633803,0.6031288282738159,0.6461267605633803,0.6093049605827117,0.8481271785217269,0.005542344712566094,1.7742378446790907,4.998363256454468
65,4,2.1684431234995523,0.7578964663876427,0.6654929577464789,0.5998150375421035,0.6654929577464789,0.6084155630014092,0.8452930979965719,0.01781776866180207,1.8623255358801947,5.459718452559577
66,1,2.1263566282060413,0.7331311835183038,0.6602112676056338,0.6089201877934273,0.6602112676056338,0.6130334225490529,0.8449001906890602,-0.029729779050501337,1.862768636809455,5.3772158357832165
66,2,2.0562094383769565,0.7405467960569594,0.6619718309859155,0.622422649574049,0.6619718309859155,0.6003900292975086,0.8514679298101482,0.059580034617402466,1.7985473208957248,5.126088738441467
66,3,2.0395981272061667,0.7757637335194482,0.6461267605633803,0.5981450670945915,0.6461267605633803,0.5860529875114044,0.8320194353888588,0.02018411697019218,1.7739853594038222,4.988544914457533
66,4,2.209743413660261,0.7409466819630729,0.6549295774647887,0.620140437217902,0.6549295774647887,0.6269834994456329,0.8465743282287336,-0.036518080389110086,1.8792786796887715,5.636935618188646
67,1,2.260759068859948,0.7655266986952888,0.653169014084507,0.6029350689354832,0.653169014084507,0.5884876831180336,0.8350102168433885,-0.076746810834458,1.9411117898093329,5.749634438090855
67,2,2.203821473651462,0.7315652221441269,0.676056338028169,0.6491464929067697,0.676056338028169,0.6195644835613469,0.8424238938193712,-0.1448501800338573,1.9087425536579556,5.639085822635227
67,3,2.168062216705746,0.7607789039611816,0.6584507042253521,0.6312342031419822,0.6584507042253521,0.5985111704592816,0.8388405204711173,-0.01466160399265215,1.8728140658802457,5.45172315173679
67,4,2.1814689901140003,0.7391119748353958,0.6672535211267606,0.6140742511016788,0.6672535211267606,0.6023219804072065,0.8451124501786486,-0.006128070436645983,1.8800211879942152,5.546968407101101
68,1,2.1365713278452554,0.7274489667680528,0.6971830985915493,0.6887191978459912,0.6971830985915493,0.6617836502315116,0.8425338527557786,-0.041069028583395895,1.8657562798923917,5.424523274103801
68,2,2.0620776348643832,0.6947693361176385,0.6919014084507042,0.6361222805888374,0.6919014084507042,0.6170645239228265,0.8553700016519239,-0.10389421413805233,1.8447481724951003,5.25246344672309
68,3,2.0324215491612754,0.687515002157953,0.670774647887324,0.6418845702126617,0.670774647887324,0.6294307081733038,0.8540868825157135,-0.007317825876441253,1.7943959368599787,5.17053661081526
68,4,2.1042901741133795,0.7024877270062765,0.6936619718309859,0.69703525948674,0.6936619718309859,0.6459234196753414,0.8623343419236296,-0.0011172622427897405,1.8502435353067186,5.375162416034275
69,1,2.166139523188273,0.7968157662285699,0.6549295774647887,0.6229621053612737,0.6549295774647887,0.6216583808181709,0.8346754452014142,-0.0028557711963110854,1.8457940618197124,5.361228148142497
69,2,2.0514009594917297,0.7658366858959198,0.653169014084507,0.5801227834885705,0.653169014084507,0.5842659313412831,0.842327351739153,0.0021314084260554145,1.7852639026112027,5.051050755712721
69,3,2.0462501313951282,0.741337408622106,0.6514084507042254,0.6301896832975252,0.6514084507042254,0.619208930320213,0.8403808880170994,-0.007397102159952373,1.792868521478441,5.091046267085606
69,4,2.1453395883242288,0.708954296178288,0.6690140845070423,0.6287636502749057,0.6690140845070423,0.6297590877885012,0.8618864835805264,0.012600542262361514,1.852743963400523,5.4969049957063465
70,1,2.094459149572584,0.6869190865092807,0.6866197183098591,0.6546735949292594,0.6866197183098591,0.6528579105153007,0.8599661848455805,0.011067663788745463,1.8667154709498088,5.378719197379218
70,2,1.9716840651300218,0.6738319545984268,0.6813380281690141,0.6512122958601128,0.6813380281690141,0.6477520241211399,0.8610996062879197,0.020876537624450964,1.7726890510982938,5.000005483627319
70,3,1.9761322339375813,0.6753433114952512,0.6813380281690141,0.6644985390621062,0.6813380281690141,0.662799022380318,0.8638653893709325,-0.01995853499475375,1.7846781810124714,5.011306285858154
70,4,2.2113573220041065,0.7449995511107974,0.6778169014084507,0.6345791747750525,0.6778169014084507,0.6327896625811726,0.8524116565003759,-0.0033289536021969823,1.891451080640157,5.632858647240533
71,1,2.188748319943746,0.6931669778294034,0.6919014084507042,0.6715315307710288,0.6919014084507042,0.6605852304446626,0.855984564535315,-0.07394056449183295,1.9295930133925543,5.678438001208836
71,2,2.059949947728051,0.6582173390520943,0.7095070422535211,0.674895672300755,0.7095070422535211,0.6447649694706831,0.8645066120146586,0.02418360283998333,1.838045636812846,5.33065923055013
71,3,1.9777705139584012,0.6371168775690926,0.6936619718309859,0.6834642285375345,0.6936619718309859,0.6801563307070244,0.8716078781273706,0.0026578281754605637,1.8021809723642137,5.105962196985881
71,4,2.172280768553416,0.6749378376536899,0.6848591549295775,0.689421651527716,0.6848591549295775,0.6379166514156507,0.8663192871850306,0.019088005419548026,1.900246222813924,5.666080660290188
72,1,2.073096262084113,0.6362553768687778,0.7130281690140845,0.6992739109588743,0.7130281690140845,0.6855913839402568,0.8790123134913793,-0.004293180818540465,1.852631562285953,5.42572479777866
72,2,2.041636519961887,0.6344657921128802,0.6954225352112676,0.6600574874610443,0.6954225352112676,0.6702247881700857,0.8768111153126913,-0.05120673827569555,1.8258044984605577,5.325034790568882
72,3,1.9810980425940619,0.6433680322435167,0.7059859154929577,0.6983887216361393,0.7059859154929577,0.6962430523039388,0.8760284158380542,0.03356910142017233,1.7950198584132724,5.102468013763428
72,4,2.116275515821245,0.7023279931810167,0.6848591549295775,0.6330423160057085,0.6848591549295775,0.6566204426705483,0.8632439983016462,-0.0176800599241973,1.8469019532203674,5.415486229790582
73,1,2.1147697832849293,0.6667408247788748,0.7024647887323944,0.6837324209676718,0.7024647887323944,0.679324238238,0.8737738959881859,-0.030330898829429742,1.8903269436624315,5.493503795729743
73,2,2.000701069831848,0.6824566291438209,0.698943661971831,0.6865469724056456,0.698943661971831,0.6694963621770363,0.8630128867263526,0.030062916515004146,1.795057601398892,5.076604670948452
73,3,1.9324090083440144,0.6492776953511767,0.6830985915492958,0.6663875238750561,0.6830985915492958,0.6527911658188282,0.8717317238689528,0.007782818073127751,1.75765327612559,4.926381919119093
73,4,2.116479363706377,0.6455183939801322,0.7024647887323944,0.6837033119923832,0.7024647887323944,0.6823541215081643,0.8759401999167565,-0.014960837892931567,1.8805818094147577,5.5487214591768055
74,1,2.0526353385713367,0.6526955631044176,0.7059859154929577,0.6832820212419125,0.7059859154929577,0.6708403044093039,0.865491886825616,0.03145718885815929,1.8539136979315016,5.319161256154378
74,2,2.0199482440948486,0.6658869749969907,0.7007042253521126,0.6931036432455834,0.7007042253521126,0.655038194793894,0.8693109385069699,-0.05419103767262823,1.811189936267005,5.179424325625102
74,3,1.9566260642475553,0.6285965475771162,0.7059859154929577,0.7020025737409098,0.7059859154929577,0.68773107717538,0.8737223330911452,-0.035222118832720195,1.7904791368378534,5.055361456341213
74,4,2.1103379395273,0.6579092840353647,0.6848591549295775,0.6754776262941635,0.6848591549295775,0.6638845273894184,0.8704411301747877,-0.002339108979277471,1.847014652358161,5.499338044060601
75,1,2.040510740545061,0.6231718725628324,0.7376760563380281,0.7359924234864973,0.7376760563380281,0.7237011437925365,0.8783989109300993,-0.009487708975172371,1.8551882836553786,5.3476346201366844
75,2,1.9956335822741191,0.6193863269355562,0.7306338028169014,0.7174312216973853,0.7306338028169014,0.7019313700279004,0.885539353710508,-0.010815455534842089,1.81728857755661,5.206876907083723
75,3,1.9470997585190668,0.6647141608926985,0.704225352112676,0.691553725660939,0.704225352112676,0.6870096142944673,0.8780725280550548,0.00532291848183053,1.7545704974068537,4.939332630899218
75,4,2.0718401074409485,0.6240193446477255,0.7130281690140845,0.7089027019725199,0.7130281690140845,0.6856131404644145,0.8875331009794404,0.006125690155999841,1.8631745311948988,5.450088328785366
76,1,2.13881207174725,0.6628181172741784,0.670774647887324,0.6583421130457284,0.670774647887324,0.6561745735662216,0.8724767384437239,-0.03731200495698195,1.8927109175258212,5.582797712749905
76,2,2.0719351768493652,0.6809880269898309,0.6848591549295775,0.6703339296970091,0.6848591549295775,0.6553198753715587,0.8739126384348667,-0.07158205431431819,1.832911988099416,5.317478391859266
76,3,1.9941090080473158,0.6766005704800288,0.6936619718309859,0.6980777207102262,0.6936619718309859,0.676193978422337,0.865545337154135,-0.06520754646559035,1.7978398601214092,5.068295187420315
76,4,2.1309183769755893,0.677424430847168,0.7007042253521126,0.6874452918297186,0.7007042253521126,0.6899016202461394,0.8681935211656885,-0.03533731188158962,1.8810085190667047,5.522404034932454
77,1,2.057445559236738,0.640398641427358,0.7147887323943662,0.6955774032214931,0.7147887323943662,0.6918844270573142,0.8834214779939824,-0.04050020688000422,1.8596569034788344,5.363888250456916
77,2,1.9573348959287007,0.6272826575570636,0.7024647887323944,0.7027625055136307,0.7024647887323944,0.6888979096568979,0.8813635885685117,-0.02231829326013446,1.7909661134084065,5.060789903004964
77,3,1.9874687923325434,0.6620052440298928,0.6778169014084507,0.6621278255450098,0.6778169014084507,0.6625556817182894,0.8699339310797479,-0.007486486417146443,1.786920169989268,5.080216858122084
77,4,2.1055016915003457,0.6777518226040734,0.7077464788732394,0.7262433129239834,0.7077464788732394,0.6847932871733401,0.8767499232547399,0.01569008333530464,1.8592943019337125,5.436917887793647
78,1,2.12938877609041,0.6640324278010262,0.6936619718309859,0.6783124673969745,0.6936619718309859,0.6719620673504154,0.8723492940008042,-0.08989030406197651,1.877267877260844,5.548553254869249
78,2,1.9954674575063918,0.6391705522934595,0.7112676056338029,0.6860821468609914,0.7112676056338029,0.6836193889903711,0.8806291538958402,-0.025384997623066896,1.8098851839701335,5.160160051451789
78,3,1.91091122229894,0.6093089001046287,0.7130281690140845,0.7115297598954256,0.7130281690140845,0.7010301889854968,0.88439983203938,0.023201232601232746,1.7634144292937384,4.947983145713806
78,4,2.0238160292307534,0.5860458778010474,0.7077464788732394,0.6880470059413032,0.7077464788732394,0.6788151248989335,0.8908231123337884,-0.021297670862413964,1.8374449412027996,5.378612995147705
79,1,2.023823572529687,0.611075277129809,0.7306338028169014,0.7260375800830084,0.7306338028169014,0.720771444075823,0.8890110157099148,0.046064758052085875,1.856177892949846,5.320236047108968
79,2,1.9111227790514629,0.5732770827081468,0.727112676056338,0.7227898859122086,0.727112676056338,0.7142807003939455,0.8925117090491796,0.007326325552213242,1.7836882339583502,5.0327625672022505
79,3,1.900417685508728,0.6180907736221949,0.727112676056338,0.7119671807745905,0.727112676056338,0.7117785446494969,0.8818067903069562,0.009200886098141736,1.7509320775667827,4.892513778474596
79,4,2.0701817207866244,0.6591906448205312,0.6901408450704225,0.6847827468753735,0.6901408450704225,0.67864858142381,0.8685008403487802,0.03268980474936245,1.8508368465635512,5.362493965360853
80,1,2.1251082022984824,0.6175150987174776,0.7253521126760564,0.7005425504019605,0.7253521126760564,0.6960563833208518,0.8846688117499744,-0.03557655704670437,1.884648667441474,5.642825245857239
80,2,2.0748996800846524,0.5668334861596426,0.7341549295774648,0.7255277162413313,0.7341549295774648,0.7229716271767699,0.895248908220803,-0.13507323143252314,1.8900694847106934,5.593720568550958
80,3,1.9649808870421515,0.6126230408747991,0.6954225352112676,0.6971814136595265,0.6954225352112676,0.6770987275544679,0.8866111443243092,0.036482113177638054,1.8010479079352484,5.120482365290324
80,4,2.0348055826293097,0.5727218803432252,0.7253521126760564,0.713378591485397,0.7253521126760564,0.7042820010504945,0.8964087632662617,0.0030840052020383313,1.8661304314931233,5.446333977911207
81,1,2.038611094156901,0.6029310739702649,0.7517605633802817,0.7470704376373636,0.7517605633802817,0.7412171768920389,0.8979139286992791,-0.03812411650563852,1.870356215371026,5.38853104909261
81,2,1.8748325440618727,0.5359639823436737,0.7570422535211268,0.7632519841727213,0.7570422535211268,0.7435843058120581,0.9105490820294622,0.008026467909141521,1.778749816947513,4.998858955171373
81,3,1.9072557025485568,0.6217747198210822,0.7200704225352113,0.7173119077978136,0.7200704225352113,0.7074242417655334,0.8863851310991949,0.014118896007772275,1.7536345720291138,4.906711167759365
81,4,2.0313238236639233,0.5985374119546678,0.7183098591549296,0.7209800533339538,0.7183098591549296,0.7108468373433683,0.8923344132586815,0.03243577412713328,1.8506166537602742,5.374491784307692
82,1,2.0375298261642456,0.629106460346116,0.7288732394366197,0.7332851878280148,0.7288732394366197,0.7192699445477422,0.8826360891584086,0.04860452016983763,1.8629327482647366,5.3238507641686335
82,2,1.9877638949288263,0.6645050893227259,0.704225352112676,0.6869000174806882,0.704225352112676,0.6782284786550075,0.8832947513137638,0.014235737850122554,1.7925710148281522,5.075367662641737
82,3,1.940433058473799,0.6497403697835075,0.7200704225352113,0.7119722032658967,0.7200704225352113,0.7108991144630372,0.880699758938496,0.002798981597353034,1.7723028461138408,4.952049149407281
82,4,2.0336009992493524,0.6076958361599181,0.7253521126760564,0.6985298323754426,0.7253521126760564,0.7080483443733532,0.8893314756387576,0.003430012667330673,1.8378825518820021,5.360712846120198
83,1,1.997935758696662,0.5611527380016115,0.7200704225352113,0.722806078402601,0.7200704225352113,0.7150478978855467,0.8994055495531483,0.012990465432118459,1.8561076786783006,5.35042929649353
83,2,1.9515101048681471,0.5709687686628766,0.7288732394366197,0.7136726862177079,0.7288732394366197,0.7055394229013697,0.8974734607297848,-0.03204993915015719,1.8153485324647691,5.172773043314616
83,3,1.8937963843345642,0.5868494096729491,0.7112676056338029,0.7116748057674479,0.7112676056338029,0.7001619719016757,0.8933325851827493,0.006038784271369835,1.7524730364481609,4.943339188893636
83,4,2.104965236451891,0.6248989999294281,0.7112676056338029,0.720510828710136,0.7112676056338029,0.7035710248985605,0.8849817754997493,0.017522312550037777,1.8709197839101155,5.558452897601658
84,1,2.01020046737459,0.5861293027798334,0.7359154929577465,0.7242414542350522,0.7359154929577465,0.7093014105404906,0.8881376727059229,0.007245594316723669,1.846679965655009,5.333032992151049
84,2,1.8919948471917047,0.5532222621970706,0.7235915492957746,0.717670493301156,0.7235915492957746,0.7015678470118429,0.9008237410229869,0.01227442721160621,1.7801931036843195,5.01579733689626
84,3,1.8409886823760138,0.5261445624960793,0.7482394366197183,0.7529945869031559,0.7482394366197183,0.7395207804012759,0.9064929098522967,0.044716354914586476,1.7615292999479506,4.908958090676202
84,4,2.0746432410346136,0.5355860276354684,0.7640845070422535,0.7772396790652913,0.7640845070422535,0.7549025097880733,0.9115220089196812,-0.04416273218341793,1.8996872438324823,5.665776597128974
85,1,2.0949559013048806,0.5537338306506475,0.75,0.7565469027086689,0.75,0.7477431924848618,0.901009096440123,-0.08778908078888015,1.9183882872263591,5.691140519248115
85,2,1.9827801982561748,0.5303816381427977,0.7288732394366197,0.7075700619617205,0.7288732394366197,0.7064537624325887,0.9091110465424431,-0.018181430237755425,1.8321358495288425,5.371709969308641
85,3,1.9225851264264848,0.5391856945223279,0.7517605633802817,0.7698312772256434,0.7517605633802817,0.7437600532837075,0.9061386877648361,-0.07049761174410296,1.8132093813684251,5.15051696035597
85,4,2.0696903334723578,0.5615697784556283,0.7394366197183099,0.7481599345592729,0.7394366197183099,0.727019711130763,0.9052469945019499,-0.03540758510715758,1.8712046477529738,5.588638093736437
86,1,1.9592578411102295,0.5220556350217925,0.7535211267605634,0.7431597751984265,0.7535211267605634,0.744882596917323,0.9090606002594989,0.026507581262103064,1.8478853238953485,5.312729517618815
86,2,1.8662435875998602,0.5049324085315069,0.7429577464788732,0.7433357733930295,0.7429577464788732,0.7370859738302992,0.9090869676753706,0.024102090194619064,1.7870887915293376,5.04263616932763
86,3,1.8637551930215623,0.5221475809812546,0.7552816901408451,0.7569146009834019,0.7552816901408451,0.7487310416988381,0.9054592314887486,0.01297950517836588,1.7791282998190985,4.994172705544366
86,4,2.0000896983676486,0.5064760314093696,0.7588028169014085,0.7706323608312516,0.7588028169014085,0.756748945936422,0.9131298890615381,-0.0022013946014798336,1.8651497761408489,5.485187927881877
87,1,2.108505209287008,0.5062313146061368,0.7605633802816901,0.7575850360766221,0.7605633802816901,0.7537552737585883,0.9101787164191869,-0.07695575618890516,1.9393576449818082,5.847144020928277
87,2,1.8720156351725261,0.4876058167881436,0.7746478873239436,0.7790381148640746,0.7746478873239436,0.7706077182947267,0.9167667440269598,-0.013866232580893811,1.7990618016984727,5.102305094401042
87,3,1.9014072285758123,0.5161459760533439,0.7464788732394366,0.7483276476172529,0.7464788732394366,0.7361817993812368,0.9062157475066565,-0.02365562649919961,1.8246073060565524,5.133683363596599
87,4,2.0966670049561396,0.5503851075967153,0.727112676056338,0.7204522441931125,0.727112676056338,0.7187860550973034,0.9035994619602017,-0.024803908117023044,1.9118315974871318,5.704657951990764
88,1,1.9840510620011225,0.5606258263190588,0.7482394366197183,0.746207022579166,0.7482394366197183,0.7417938350724973,0.9040616046979381,0.02961631171808965,1.8483283850881789,5.305376450220744
88,2,1.9041057096587286,0.5645438581705093,0.7306338028169014,0.7224016432258844,0.7306338028169014,0.7220445457023075,0.9015594135281615,0.01084295785488898,1.78399482038286,5.02974976433648
88,3,1.8942154977056715,0.5830570128228929,0.7253521126760564,0.7256522495945893,0.7253521126760564,0.7157001669869524,0.9049168516819784,0.027934810290694667,1.7493761844105191,4.953584988911946
88,4,2.0261465509732566,0.5765671614143584,0.7235915492957746,0.7133506679921757,0.7235915492957746,0.7014038311641663,0.903194934437587,0.00498114052546661,1.8522298137346904,5.408498260709974
89,1,1.9598496357599895,0.5368670307927661,0.7570422535211268,0.7590151306077244,0.7570422535211268,0.7539933980424165,0.909962918635344,-0.010916316556145,1.839798755115933,5.280142174826728
89,2,1.8883921305338542,0.5512146419949002,0.7482394366197183,0.7668881835614627,0.7482394366197183,0.7420631362004992,0.9024456392887623,0.038306296833996,1.7712426251835294,5.008472747272915
89,3,1.876548449198405,0.5581870708200667,0.7394366197183099,0.7475087606153313,0.7394366197183099,0.7341221069594607,0.9058013593749777,0.02601422785398655,1.7632720602883234,4.952724801169501
89,4,2.001707010798984,0.5455474125014411,0.75,0.7586897326312828,0.75,0.7468737001424396,0.9015869160577845,0.02283295611964198,1.854061437977685,5.399412512779236
90,1,2.097023758623335,0.5980199343628354,0.7341549295774648,0.7404364914483854,0.7341549295774648,0.7264402984913774,0.8945688455907004,-0.034516448008260925,1.9096134901046753,5.5946991840998335
90,2,1.9236175417900085,0.5286054892672433,0.7447183098591549,0.7371478793650761,0.7447183098591549,0.7357471546980854,0.9094995197937232,-0.01954996936238307,1.812738643752204,5.17864547835456
90,3,1.9114174511697557,0.589644095963902,0.7147887323943662,0.7211616041351491,0.7147887323943662,0.7119762218205009,0.8952483037367074,-0.011508571887239416,1.765974587864346,4.9955550697114735
90,4,1.981767733891805,0.5345644272036023,0.7359154929577465,0.7344847940673489,0.7359154929577465,0.7271154040165286,0.9046575874783309,0.013152254581459966,1.8407064874966939,5.358575251367357
91,1,1.9852847788068984,0.5535662902726067,0.7411971830985915,0.746268965365901,0.7411971830985915,0.7392797349235767,0.9059704148652874,-0.001819434309936696,1.8532276882065668,5.325961020257738
91,2,1.9101389911439683,0.5085920012659497,0.7570422535211268,0.7505936344841492,0.7570422535211268,0.7501807166689851,0.9151945241284718,-0.03378410183143821,1.801511777771844,5.180415153503418
91,3,1.9077832698822021,0.5619831201102998,0.7394366197183099,0.7427646568797823,0.7394366197183099,0.731988454423601,0.8958217955130401,-0.06132460304883369,1.7863090965482924,5.047983368237813
91,4,2.0221631791856556,0.5453219529655244,0.7623239436619719,0.7645785972235134,0.7623239436619719,0.7528350250230675,0.9088814197850836,-0.009079407935367545,1.8568337029880948,5.468125820159912
92,1,1.9726722637812297,0.5393955724106895,0.7447183098591549,0.7394750467615075,0.7447183098591549,0.7392602997607279,0.90744571723348,0.03342553860156949,1.848307768503825,5.316984322335985
92,2,1.89301594098409,0.5190314749876658,0.7605633802816901,0.763388110282247,0.7605633802816901,0.7565353941340048,0.9119123104691927,-0.016675176155481974,1.8035313023461237,5.09897944662306
92,3,1.990287760893504,0.5245404028230243,0.7535211267605634,0.7707282320532639,0.7535211267605634,0.7429936543279284,0.9111932545549807,-0.061204686834822164,1.8656979600588481,5.410364892747667
92,4,1.9698226385646396,0.5007824069923825,0.7764084507042254,0.777863929650068,0.7764084507042254,0.7743621911421208,0.9203028233290207,0.06023292649395606,1.8616460959116619,5.397582981321547
93,1,1.943965560860104,0.48727787368827397,0.778169014084507,0.7845359297122758,0.778169014084507,0.7738125502134896,0.9173496889814106,-0.025129647188654403,1.8478291299608018,5.342903282907274
93,2,1.8990231818623013,0.5112278974718518,0.7640845070422535,0.7680525634763113,0.7640845070422535,0.7612662927895456,0.9180429747456942,0.01522574666876364,1.7963857849438984,5.137212024794684
93,3,1.8511890239185758,0.5053947137461768,0.7640845070422535,0.7700514405258428,0.7640845070422535,0.7585546578491108,0.91352471228174,0.019305233171625358,1.764186077647739,4.9913756185107765
93,4,1.9811737802293565,0.483057427737448,0.7799295774647887,0.78424976175423,0.7799295774647887,0.7745427890132702,0.9218137770173335,-0.005944118242146246,1.8696991205215454,5.476778321795994
94,1,1.963600390487247,0.4840312550465266,0.7887323943661971,0.7975451588584156,0.7887323943661971,0.7872063037240064,0.9224274727802906,-0.005651884753860692,1.8675561083687677,5.41592812538147
94,2,1.9621804687711928,0.473790446917216,0.7711267605633803,0.7753703818556501,0.7711267605633803,0.7664358602627609,0.9255561732581088,-0.00926502448454447,1.8516832457648382,5.435090356402927
94,3,1.8204605314466689,0.4935045457548565,0.7852112676056338,0.7958790832601937,0.7852112676056338,0.7767061196219224,0.9221989276086361,0.0401234190724119,1.7582788599861994,4.916690985361735
94,4,2.0571703248553805,0.495860175953971,0.778169014084507,0.7776765853142461,0.778169014084507,0.7719266725825199,0.9201910749621861,-0.04604184723801441,1.9166072408358257,5.700227114889357
95,1,2.040677070617676,0.5420710560348299,0.7376760563380281,0.7347562803399518,0.7376760563380281,0.7334553172168394,0.9008833851432769,-0.021761485894535193,1.8995051582654316,5.537424246470134
95,2,1.8748428225517273,0.5110055853923162,0.7623239436619719,0.763437182661825,0.7623239436619719,0.7558444761009921,0.920696471708413,0.012823939761633985,1.7963542342185974,5.057129555278355
95,3,1.8277185029453702,0.5062076333496306,0.7570422535211268,0.7608762482127628,0.7570422535211268,0.7507730483783401,0.9153467901120708,0.01241901808648771,1.7527834441926744,4.9112436109118995
95,4,1.9792313906881545,0.49914054407013786,0.7764084507042254,0.7901848664529042,0.7764084507042254,0.7737793801813346,0.9226394576941457,0.036950912406144565,1.844498634338379,5.43277645111084
96,1,1.9367306099997625,0.48700527681244743,0.7799295774647887,0.7757158791003743,0.7799295774647887,0.7721765297480384,0.9164829951386478,0.0151513523705753,1.8515925076272752,5.319422827826606
96,2,1.8396472533543904,0.4590881508257654,0.7834507042253521,0.7862352139741595,0.7834507042253521,0.7800923512237387,0.9268671995121406,0.03182920512086895,1.786718037393358,5.060951683256361
96,3,1.8814295132954915,0.5001057419512007,0.7711267605633803,0.7761923366436427,0.7711267605633803,0.7677375129938083,0.9204638470580994,0.0017614658542400852,1.800569686624739,5.104518135388692
96,4,2.0582328107621937,0.48224009904596543,0.7834507042253521,0.7922363047331609,0.7834507042253521,0.779090796413988,0.9219424257612918,0.008634537606580284,1.9150933225949605,5.73554888036516
97,1,1.9577060606744554,0.4744249838921759,0.7816901408450704,0.7758800563987139,0.7816901408450704,0.7746830549227517,0.9229631603744357,0.02445247883890378,1.8653033905559115,5.418695078955756
97,2,1.823226339287228,0.4424072669612037,0.8133802816901409,0.8219947100607468,0.8133802816901409,0.812443820952913,0.9358068448719956,0.0386883438175899,1.7851842310693529,5.045137299431695
97,3,1.833328300052219,0.4780106610722012,0.7640845070422535,0.7642482877278672,0.7640845070422535,0.7595466383547479,0.9219997177983668,0.004292038266626941,1.784250643518236,4.995735896958245
97,4,1.9581652879714966,0.4563540501726998,0.795774647887324,0.7945398082942097,0.795774647887324,0.78840344540868,0.9304267786701468,0.016103995557789963,1.8618267178535461,5.462391310267979
98,1,2.00680673122406,0.517834668358167,0.7605633802816901,0.7662422491948941,0.7605633802816901,0.7563155703343434,0.9193345583845497,-0.006616548532016209,1.8775793777571783,5.481074690818787
98,2,2.015420423613654,0.5785895569456948,0.7447183098591549,0.7473374318219987,0.7447183098591549,0.7396352534493015,0.9066308389707928,0.005485895083161996,1.8405345744556851,5.368025567796495
98,3,1.9049785865677729,0.5796203398042254,0.7323943661971831,0.7314174124371089,0.7323943661971831,0.725799121674978,0.9019440978857223,0.03900606337365231,1.778888874583774,4.997481054729885
98,4,2.0010370082325406,0.5423125508758757,0.7588028169014085,0.7593629271448087,0.7588028169014085,0.755862616592993,0.9122578793483499,0.012977370620758655,1.8376783695485857,5.404727220535278
99,1,1.941162109375,0.5023204899496503,0.7535211267605634,0.7416987647636242,0.7535211267605634,0.7362638023511724,0.9152097723546163,0.04088981871892383,1.85225510597229,5.29845913251241
99,2,1.833798302544488,0.48223138683372074,0.7658450704225352,0.77863735559301,0.7658450704225352,0.7645703151471093,0.9261214580405481,0.023725417830296358,1.776044295893775,4.987454295158386
99,3,1.8535981443193223,0.47787892984019387,0.7852112676056338,0.7882072863130827,0.7852112676056338,0.7810643924649159,0.9229586593812291,-0.03123389019209588,1.7837125460306804,5.0636095603307085
99,4,2.0277036693361072,0.5037036024861865,0.7605633802816901,0.7611111512121517,0.7605633802816901,0.7511861942323251,0.9229795451101493,-0.04310747827452022,1.891593337059021,5.583703623877631
100,1,1.9353315300411649,0.48240041236082715,0.7658450704225352,0.7668731937522631,0.7658450704225352,0.7644879806643361,0.917695592622643,0.043493597108604454,1.8459469477335613,5.325503958596124
100,2,1.82563583056132,0.45186977585156757,0.801056338028169,0.7983019229365833,0.801056338028169,0.7953880436762969,0.9340636281148057,0.010816640515913356,1.7852168281873066,5.031089848942226
100,3,1.8405270245340135,0.48009102294842404,0.7658450704225352,0.7671383726334766,0.7658450704225352,0.7617015723111388,0.9236444376384813,0.032585309626245174,1.7877375152375963,5.0148774650361805
100,4,1.9888674484358893,0.5008866969082091,0.778169014084507,0.7849011240998894,0.778169014084507,0.7708367230556716,0.9219396103392257,0.048707574849941704,1.8604722685284085,5.460822237862481
101,1,1.9563084112273321,0.473090261220932,0.7658450704225352,0.7685644956733529,0.7658450704225352,0.760904149067987,0.9222621570526556,-0.016097075066536792,1.8649704323874579,5.417150523927477
101,2,1.8313480615615845,0.4574275124404166,0.7887323943661971,0.7958243340904383,0.7887323943661971,0.7881089083896741,0.9328331941510462,5.078483477849449e-05,1.7865851985083685,5.037162621815999
101,3,1.8350154360135396,0.4900001519256168,0.7588028169014085,0.7610237083924379,0.7588028169014085,0.7535700357677205,0.9210617087434996,-0.0022482266022334496,1.775739484363132,4.973384181658427
101,4,1.943541705608368,0.4628440249297354,0.7746478873239436,0.7770459906121444,0.7746478873239436,0.7705126826548538,0.9220633559947236,0.0088413475224709,1.8468649056222703,5.398502760463291
102,1,1.9521371987130907,0.4601916058195962,0.7746478873239436,0.7726030700782591,0.7746478873239436,0.7676512718002196,0.9279018092777382,0.022102290127933633,1.868366883860694,5.433343370755513
102,2,1.854373037815094,0.4278862509462569,0.7975352112676056,0.8091511022657685,0.7975352112676056,0.7953039325407719,0.9386623575848815,0.004022505365305795,1.8161815868483648,5.18284194999271
102,3,1.7981693413522508,0.46444232182370293,0.772887323943662,0.774682050763585,0.772887323943662,0.767087677884436,0.9306131575706775,0.049391453377923056,1.7540461421012878,4.910198887189229
102,4,1.9758333762486775,0.43324019842677647,0.7992957746478874,0.8032076811199101,0.7992957746478874,0.7972644812192646,0.9390053975476744,-0.026823390749399323,1.8689119219779968,5.5752172867457075
103,1,1.9446108208762274,0.46715259220865035,0.7764084507042254,0.7814187899552059,0.7764084507042254,0.7731532313412994,0.9253423654421404,0.030370449405003108,1.8606712818145752,5.392013152440389
103,2,1.813866462972429,0.4356578356689877,0.8045774647887324,0.8029476717856999,0.8045774647887324,0.7982036562779601,0.9386582596716937,0.020816803508702852,1.7913426094584994,5.029686331748962
103,3,1.7964537805981107,0.44307191173235577,0.7887323943661971,0.7959605788464253,0.7887323943661971,0.7836411105103385,0.9347268431377236,0.030637247680209034,1.7652054296599493,4.954344616995917
103,4,2.0352358486917286,0.509326931503084,0.772887323943662,0.7733069967924703,0.772887323943662,0.768565448398424,0.9320638057516331,-0.014553374018064558,1.88185234202279,5.5956897205776635
104,1,1.9674258563253615,0.5231831669807434,0.7605633802816901,0.7544454225352112,0.7605633802816901,0.752970491872255,0.9179895226849736,0.011265508374165623,1.8539476659562852,5.337325308057997
104,2,1.9263812965816922,0.5507304420073827,0.7623239436619719,0.77521333073753,0.7623239436619719,0.7590595564136209,0.9139340305774406,0.0036979540131448774,1.8073434829711914,5.136233144336277
104,3,1.8659372131029766,0.517659424079789,0.7623239436619719,0.7652923337369878,0.7623239436619719,0.7577261664644858,0.9202654216565926,0.04157768304897991,1.782553321785397,5.011918544769287
104,4,2.002537647883097,0.5360579010513093,0.7552816901408451,0.7555259715839473,0.7552816901408451,0.7534285098443362,0.9221293602802415,-0.021703997332728653,1.8436856667200725,5.4243236382802325
105,1,2.0498037007119922,0.6337828983863195,0.727112676056338,0.7352127339387975,0.727112676056338,0.7221923750531528,0.8963085072335627,0.008675935663738144,1.8427071902487013,5.353852007124159
105,2,1.9077371491326227,0.5313800457451079,0.7676056338028169,0.7683041003027511,0.7676056338028169,0.7582364109514681,0.9230972811741915,0.002757315782709324,1.7993883026970758,5.119236853387621
105,3,1.902299874358707,0.5228391852643755,0.7623239436619719,0.7613353083444219,0.7623239436619719,0.7579262776090337,0.9154762729918633,0.018867333183457458,1.7972613043255277,5.121041324403551
105,4,1.9525617162386577,0.4802982873386807,0.7834507042253521,0.7799362230292323,0.7834507042253521,0.7727244703276452,0.9253873387842746,-6.691085735521796e-05,1.8467593524191115,5.387842761145698
106,1,1.964552468723721,0.4758967177735435,0.7711267605633803,0.7907919405655824,0.7711267605633803,0.7703750921362376,0.9258028882395983,-0.022299160825780318,1.8617732458644443,5.438082257906596
106,2,1.8332510590553284,0.4588658826218711,0.801056338028169,0.7966178470880361,0.801056338028169,0.7963390248125607,0.9340806394024161,0.011333043433887968,1.7790656487147014,5.04014962249332
106,3,1.8673951360914443,0.4482048650582631,0.7904929577464789,0.7870315059548917,0.7904929577464789,0.7837230191466356,0.9350506430995539,0.01350462542399744,1.8156360851393805,5.178838862313165
106,4,2.015562746259901,0.4638751761780845,0.801056338028169,0.8143820661787806,0.801056338028169,0.7972089975650549,0.934528192501668,-0.06860004688794397,1.8948572675387065,5.636166824234857
107,1,1.9461056590080261,0.5017464723851945,0.7816901408450704,0.7760005358158513,0.7816901408450704,0.7682375741346662,0.921249169714663,0.019609186969615666,1.8543171882629395,5.316276881429884
107,2,1.8546986977259319,0.4920969092183643,0.795774647887324,0.7961364181228318,0.795774647887324,0.7919970881373419,0.9320732487856105,0.020720216697766913,1.7832704053984747,5.034102731280857
107,3,1.8736886647012498,0.5462833527061675,0.7552816901408451,0.749621119189744,0.7552816901408451,0.7467257552160023,0.915377640883768,-0.0039898087529322,1.7791716191503737,4.970967597431606
107,4,1.9748839537302654,0.47979001700878143,0.7869718309859155,0.7887850915013892,0.7869718309859155,0.7792183948877742,0.9298167650768242,0.03975941060788735,1.8552234636412726,5.463436192936367
108,1,1.9400706357426114,0.4405553638935089,0.7992957746478874,0.8056455474166387,0.7992957746478874,0.7950074423837232,0.9356614530649776,0.005306336830807057,1.8713856604364183,5.438939438925849
108,2,1.7877239055103726,0.39737003793319065,0.8186619718309859,0.8189109792132458,0.8186619718309859,0.8170429603864149,0.946253339133131,8.747798809083385e-05,1.7882668442196317,5.0318827629089355
108,3,1.8202670812606812,0.4418475379546483,0.7922535211267606,0.8019209167562596,0.7922535211267606,0.7877032710790373,0.9325920491624087,0.023183587765950864,1.7883417540126376,5.036579118834601
108,4,1.9448940489027235,0.4123670235276222,0.7992957746478874,0.7950224171113638,0.7992957746478874,0.7942616928463944,0.9421251893940578,-0.005886998429007528,1.8828724755181208,5.520790245797899
109,1,1.9553525514072843,0.433070897228188,0.7904929577464789,0.7862085743621209,0.7904929577464789,0.783791489738653,0.9325916036442383,0.007793806615475685,1.8866237070825365,5.507342881626553
109,2,1.816923545466529,0.39748814039760166,0.8309859154929577,0.83712307112183,0.8309859154929577,0.8292223144159979,0.945465249860637,0.0014960851016257992,1.8075370921028986,5.128939337200588
109,3,1.7956862582100763,0.42110982371701133,0.8028169014084507,0.7985474527048047,0.8028169014084507,0.79862420543212,0.9423219735847165,0.021893040583230272,1.769552641444736,5.003031041887072
109,4,1.9006802439689636,0.40422680974006653,0.8063380281690141,0.8128428198988574,0.8063380281690141,0.8015437010129141,0.9482144748882249,0.03509911945349942,1.8449886904822455,5.392404701974657
110,1,1.9043784803814359,0.43685370021396214,0.7922535211267606,0.7914110963903102,0.7922535211267606,0.7887856478508956,0.9314872269372927,0.0324319213264761,1.8588071001900568,5.328602777587043
110,2,1.7972056402100458,0.4151696405476994,0.8098591549295775,0.8107525621643196,0.8098591549295775,0.8061685157168756,0.9431435762088294,0.004796499075698568,1.7832925849490695,5.021956072913276
110,3,1.7977348632282681,0.464377792345153,0.7922535211267606,0.7943023573213672,0.7922535211267606,0.7884227686933459,0.9298325159007987,0.03956569677845456,1.7590514289008246,4.90890113512675
110,4,1.929389476776123,0.44667812354034847,0.7869718309859155,0.783663210841964,0.7869718309859155,0.7836647933379256,0.9374919900248363,-0.01024945207510597,1.8526058197021484,5.389049172401428
111,1,1.9423979587025113,0.49292925828033024,0.7693661971830986,0.7669891746947415,0.7693661971830986,0.7606462862721077,0.9230808711818526,-0.01320860121749412,1.8555656605296664,5.324491447872585
111,2,1.9016910725169711,0.5540410826603571,0.7676056338028169,0.7639076134721057,0.7676056338028169,0.7626438191045043,0.9224617258250436,0.023287928547890524,1.7831542028321161,5.046207639906141
111,3,1.9739119211832683,0.6243147965934541,0.7376760563380281,0.7336966078672482,0.7376760563380281,0.7298221373935214,0.9024239471331383,-0.02860313216082,1.8039753701951768,5.1229716539382935
111,4,2.016174362765418,0.49081826706727344,0.7852112676056338,0.7769156639966458,0.7852112676056338,0.7779415701542087,0.9329530487823545,-0.0022407071227974473,1.9021271864573162,5.575338416629368
112,1,1.9581092331144545,0.47340722382068634,0.778169014084507,0.778182830677271,0.778169014084507,0.7733163901064934,0.9292256633563695,0.026650061162657668,1.8692397872606914,5.42241374651591
112,2,1.9202553166283503,0.4764532960123486,0.7940140845070423,0.7877136216419856,0.7940140845070423,0.7883108398531173,0.9326123619323852,-0.017088529432177202,1.834589746263292,5.289126435915629
112,3,1.9134658243921068,0.45645928879578906,0.795774647887324,0.790167473742548,0.795774647887324,0.78833154900881,0.9337071481224213,-0.024230670805629018,1.8342142899831135,5.313147452142504
112,4,1.8999795781241522,0.4149722407261531,0.801056338028169,0.8018316483152326,0.801056338028169,0.7967952123869735,0.9453973931474207,0.01988053418797442,1.8462426596217685,5.36499645974901
113,1,1.9497388203938801,0.43606068856186336,0.7975352112676056,0.7981274358614961,0.7975352112676056,0.7943399593842965,0.9399081810951835,-0.014246031037880469,1.8843080865012274,5.4816542201572
113,2,1.8080357445610895,0.3918951575954755,0.8169014084507042,0.8275164875251091,0.8169014084507042,0.8150399892671537,0.9495125487151233,0.02561043280296238,1.8002365430196126,5.112363576889038
113,3,1.7965582609176636,0.4750163074996736,0.7640845070422535,0.7584726467308248,0.7640845070422535,0.7554223142167762,0.9268061737157978,0.020965511920211788,1.7534820437431335,4.880155973964268
113,4,1.9353093239996169,0.4257901973194546,0.795774647887324,0.7976032903681517,0.795774647887324,0.7954972314704456,0.9387072676426258,0.027474122969992076,1.8607600463761225,5.457520458433363
114,1,1.9408963720003765,0.41672978632979923,0.8098591549295775,0.8029456350248554,0.8098591549295775,0.8012493862926219,0.9423017221756809,-0.029285228964885945,1.9010325007968478,5.497284849484761
114,2,1.7762516273392572,0.39496929115719265,0.8221830985915493,0.8221632275711604,0.8221830985915493,0.8195611116808205,0.9449317764786691,0.08956698898313209,1.7840865121947393,4.99924357732137
114,3,1.8340139124128554,0.4366075288918283,0.8169014084507042,0.8152390767555379,0.8169014084507042,0.8136204896741799,0.943936134213242,0.002106837091132796,1.788972622818417,5.094628665182325
114,4,1.897669944498274,0.40251660015847945,0.8116197183098591,0.8041232232503935,0.8116197183098591,0.8032659362418363,0.95160012772629,0.03301650498852715,1.8529820640881856,5.386360857221815
115,1,1.877531800005171,0.40808265325095916,0.8045774647887324,0.8081060622978187,0.8045774647887324,0.804947888687687,0.9434608837526154,0.05098663189761299,1.8479124704996746,5.306246280670166
115,2,1.7991579042540655,0.3955950935681661,0.8169014084507042,0.822776023959851,0.8169014084507042,0.8149658183016225,0.9450644964345476,0.0595819215264245,1.7929163177808125,5.074137608210246
115,3,1.8135847250620525,0.3931778122981389,0.8063380281690141,0.8052955791585149,0.8063380281690141,0.79941580009361,0.9476733362386335,-0.002898452768970161,1.8011960784594219,5.127867274814182
115,4,1.8732177416483562,0.3753137191136678,0.8169014084507042,0.81461518883096,0.8169014084507042,0.8131389113266704,0.95214967838426,0.048304022574063965,1.8326021764013503,5.368326915635003
116,1,1.936182591650221,0.4614538533820046,0.7975352112676056,0.8048860249905576,0.7975352112676056,0.7965341461160124,0.9365510710853612,-0.011213188240525307,1.8650493886735704,5.377216193411085
116,2,1.8264198038313124,0.46279778248733944,0.8116197183098591,0.8104165964201956,0.8116197183098591,0.8056267743644218,0.9405803209998033,0.027358598134083034,1.7763245238198175,5.0082043144438
116,3,1.8125042650434706,0.4701886739995744,0.7887323943661971,0.7835967492818838,0.7887323943661971,0.7852416363981547,0.9376887125209377,0.04059211823461961,1.7584505412313673,4.944573680559794
116,4,1.93024570412106,0.45778200692600673,0.801056338028169,0.8043487477408843,0.801056338028169,0.7963548664508463,0.9385008457881352,0.038404342138535164,1.8352083100212946,5.365994056065877
117,1,1.9317801396052043,0.4773402561744054,0.7676056338028169,0.7643141549964204,0.7676056338028169,0.7649824537257381,0.9302708772923343,0.017879351240209562,1.856657862663269,5.325472977426317
117,2,1.8549853960673015,0.44016435742378235,0.8309859154929577,0.8317301969630165,0.8309859154929577,0.8255670707548375,0.943992404029458,0.05181815218208574,1.803540501329634,5.156234237882826
117,3,1.8325942556063335,0.5221564686960645,0.7676056338028169,0.7663717910967031,0.7676056338028169,0.7625500085811958,0.9216867588464503,0.004436413033528486,1.751307831870185,4.890282140837775
117,4,1.995947970284356,0.5526734342177709,0.7517605633802817,0.7463448079097278,0.7517605633802817,0.7418160335285429,0.9172874617787573,0.013376593144023619,1.8443806105189853,5.363588359620836
118,1,1.9518477850490146,0.511526377664672,0.7799295774647887,0.7725809422436554,0.7799295774647887,0.7746855670057851,0.9226076358170113,0.016280114410708646,1.8547108438279893,5.312597486707899
118,2,1.8397065533532038,0.4715523355536991,0.8063380281690141,0.8068635507473624,0.8063380281690141,0.8006032116152205,0.9341625830214841,0.007743017276828135,1.7820894188351102,5.0320662127600775
118,3,1.8712647888395522,0.5636691914664375,0.7693661971830986,0.7638316813935502,0.7693661971830986,0.7626111194497333,0.9232665019507783,0.023081781310489657,1.7621079352166917,4.922321028179592
118,4,2.067957818508148,0.5569013522730933,0.7693661971830986,0.7762316864956963,0.7693661971830986,0.7652878735511628,0.9199105231482588,-0.028648850562600803,1.8800731036398146,5.593755933973524
119,1,1.9728271696302626,0.5093114111158583,0.795774647887324,0.7928477983872805,0.795774647887324,0.7871259878972242,0.919018524018582,0.0004540352341605436,1.8660748799641926,5.387697140375773
119,2,1.8347274329927232,0.4571537888712353,0.8186619718309859,0.8259572097348468,0.8186619718309859,0.8179696024789845,0.9371022004191363,0.01871860925081159,1.793203506204817,5.049065709114075
119,3,1.7832729816436768,0.4461952630016539,0.8080985915492958,0.8040120032671706,0.8080985915492958,0.801575096705759,0.9391209241230246,0.018411137805488864,1.7568776143921747,4.903120835622151
119,4,1.92394048637814,0.44270017908679116,0.8098591549295775,0.8268364355276161,0.8098591549295775,0.8065564579187086,0.940829906655665,0.048032886394989815,1.8453984525468614,5.380167722702026
120,1,1.8994033336639404,0.45859339667691124,0.7693661971830986,0.7604726904749634,0.7693661971830986,0.7585270836124529,0.9335365017806496,0.023794623179937746,1.8459402190314398,5.2612929873996315
120,2,1.8365342550807529,0.4123380896117952,0.8169014084507042,0.8226174807539515,0.8169014084507042,0.8155486110286513,0.9439172674478202,-0.009406025326389233,1.8170351650979784,5.159658471743266
120,3,1.7987393538157146,0.4304334620634715,0.7904929577464789,0.7853157118225876,0.7904929577464789,0.7838925653305653,0.9377608141166547,-0.01514916215851092,1.7857412099838257,4.991452905866835
120,4,2.113131801287333,0.4338041759199566,0.7940140845070423,0.8110158585091872,0.7940140845070423,0.7920788584128453,0.9440944294113773,-0.08181351000937886,1.976070847776201,6.031562818421258
121,1,1.9749208754963345,0.41944971018367344,0.8028169014084507,0.799579625325409,0.8028169014084507,0.7971012636948542,0.9423943461622766,-0.041244937477530774,1.916998565196991,5.60435348086887
121,2,1.897712488969167,0.3870728024178081,0.829225352112676,0.8345990438357939,0.829225352112676,0.8251790722106805,0.9524122384244365,-0.09608603068230748,1.8807008928722806,5.422538253996107
121,3,1.801348414685991,0.41721127678950626,0.7975352112676056,0.7944381155304089,0.7975352112676056,0.7927176298600275,0.9420222840019649,0.010804362336702678,1.7869727611541748,5.031001448631287
121,4,1.947319746017456,0.44483033070961636,0.7887323943661971,0.7970735846501956,0.7887323943661971,0.7895900344217366,0.9396292213804118,0.04100179068362986,1.857710387971666,5.453128178914388
122,1,1.9434058666229248,0.4224407234125667,0.8221830985915493,0.8195672709343308,0.8221830985915493,0.8178007878929243,0.940515204355946,-1.517113525917324e-07,1.8780956268310547,5.492324405246311
122,2,1.818421784374449,0.3953955860601531,0.823943661971831,0.8260668309648875,0.823943661971831,0.8200574245738333,0.9502486391937468,0.06061454358109153,1.798315770096249,5.138816052012974
122,3,1.7769165303972032,0.392635573943456,0.8169014084507042,0.8240047670992587,0.8169014084507042,0.8159120791347239,0.9495455653870906,0.0256804323714801,1.7749942342440288,5.006905198097229
122,4,1.887476556830936,0.3717598087257809,0.8274647887323944,0.8236513930071657,0.8274647887323944,0.8225776478726906,0.9564021835232619,0.046314852494242165,1.8547923035091824,5.424148837725322
123,1,1.9146417379379272,0.4011536356475618,0.8186619718309859,0.8186436994793646,0.8186619718309859,0.8158864922128163,0.946552705701543,-0.03240978647895387,1.8797972136073642,5.446113798353407
123,2,1.7970267004436917,0.3710987791419029,0.8345070422535211,0.8359977453654734,0.8345070422535211,0.832548333117595,0.9551664489800351,0.07669272214331357,1.799274378352695,5.124191747771369
123,3,1.8060562014579773,0.3959372573428684,0.8186619718309859,0.820668058121423,0.8186619718309859,0.8128631406118912,0.9498509098722385,0.009877492896931295,1.797818852795495,5.096333596441481
123,4,2.1619801587528653,0.44369181493918103,0.7975352112676056,0.7901366797969606,0.7975352112676056,0.7891844534325461,0.9421514670409231,-0.06450599574469429,1.995501372549269,6.171319365501404
124,1,1.9041748179329767,0.4324384232362111,0.8028169014084507,0.7962222611028489,0.8028169014084507,0.7962185564889365,0.9415523727760211,0.07504106130132959,1.8492187327808804,5.338226185904609
124,2,1.8164821068445842,0.3718884040911992,0.8433098591549296,0.8431623733629849,0.8433098591549296,0.8413517802715286,0.9569734566263368,-0.018166614049970997,1.825455043050978,5.187200612492031
124,3,1.76254536708196,0.40755117932955426,0.8045774647887324,0.8131676741362516,0.8045774647887324,0.8016809867524594,0.9462208706972624,0.062202656573212445,1.7553254961967468,4.924198336071438
124,4,1.8703233400980632,0.36621659414635765,0.8380281690140845,0.8360086972547124,0.8380281690140845,0.8354443750020988,0.9556300288636345,0.012692909447530876,1.8412683076328702,5.379905541737874
125,1,1.8957690132988825,0.3801170935233434,0.8204225352112676,0.8233201558396261,0.8204225352112676,0.8169506900941904,0.9507236012514046,0.015363223264834192,1.8607963919639587,5.432290063963996
125,2,1.754603432284461,0.350342554350694,0.8503521126760564,0.8504909001098944,0.8503521126760564,0.8486116374800693,0.9591551234571918,0.04938720837297084,1.7851159705056086,5.03121194574568
125,3,1.7874678638246324,0.3940758622354931,0.8133802816901409,0.8168920047163614,0.8133802816901409,0.8090590442217562,0.9465096887744203,-0.034704780173042904,1.792028996679518,5.03871574666765
125,4,1.9004263480504353,0.3685137513611052,0.8362676056338029,0.8302004333694475,0.8362676056338029,0.830952511393339,0.9549103996793569,0.007125416017569441,1.8627053432994418,5.474888801574707
126,1,1.8820817006958857,0.38145845300621456,0.829225352112676,0.8356441610249193,0.829225352112676,0.8265429995089681,0.9480807783534271,0.0582840486422318,1.8611191444926791,5.383535808987087
126,2,1.7588965429200067,0.34655362284845775,0.8433098591549296,0.8400167958570449,0.8433098591549296,0.8405064677961488,0.9581693758877065,0.026380752747634073,1.7811881171332464,5.054363184505039
126,3,1.7735688024097018,0.3795238518052631,0.829225352112676,0.8359688766941931,0.829225352112676,0.8226765734118819,0.950592574171043,-0.029433265196093128,1.7699113620652094,5.026340140236749
126,4,1.9440663192007277,0.39938626769516206,0.8151408450704225,0.8152966686678581,0.8151408450704225,0.813551167566924,0.9505858764997567,-0.00686679219357722,1.872776918941074,5.548319591416253
127,1,1.944867147339715,0.42485669006903964,0.8098591549295775,0.8035917535125282,0.8098591549295775,0.8002613027560276,0.9439770997551659,-0.05998085544965326,1.8703757723172505,5.491557982232836
127,2,1.7792387339803908,0.3841394856572151,0.8204225352112676,0.8227829461053412,0.8204225352112676,0.8160563855803427,0.9508469048845527,0.03572220845758389,1.7831597725550334,5.034470134311253
127,3,1.8584202263090346,0.41383184161451125,0.8257042253521126,0.8220323050026854,0.8257042253521126,0.821091492434064,0.9512014541667724,0.02073621171587403,1.82173572646247,5.229126281208462
127,4,1.955912709236145,0.451473952167564,0.8169014084507042,0.8155211501402283,0.8169014084507042,0.8132205835543183,0.9420352973859129,0.037196748921086265,1.8621327413452997,5.4662696785397
128,1,1.9194208847151861,0.46643991933928597,0.795774647887324,0.8005626848798097,0.795774647887324,0.7958249762094702,0.9375673190050817,0.025898656185301516,1.8460374739434984,5.309709641668531
128,2,1.8614336649576824,0.4792106764184104,0.7940140845070423,0.7964402870684258,0.7940140845070423,0.7904333055685605,0.9317398215601996,-0.014567754893715534,1.796111716164483,5.08662043677436
128,3,1.8088161283069186,0.4574582460853789,0.7816901408450704,0.7823041584448142,0.7816901408450704,0.7783679098798456,0.939416842327103,-0.0010188443318923657,1.769261187977261,4.961984316507976
128,4,1.950493289364709,0.46136942588620716,0.7975352112676056,0.7967781686582209,0.7975352112676056,0.7938916431919342,0.942711521670542,0.0285529670432364,1.8502584629588656,5.425115399890476
129,1,1.9517072770330641,0.4903480526473787,0.778169014084507,0.7775620336102839,0.778169014084507,0.7753182658750418,0.930563280011105,0.020359012696701484,1.8600586255391438,5.361545350816515
129,2,1.8217825293540955,0.4387538093659613,0.8045774647887324,0.8030724929152969,0.8045774647887324,0.8019998953227976,0.9449706771922447,0.0010812646466514808,1.7837691969341702,5.04884938398997
129,3,1.7889580461714003,0.4160488181644016,0.8186619718309859,0.8148014405781271,0.8186619718309859,0.8082643428870051,0.949337558471227,0.013429549874597657,1.7898892495367262,4.992412739329868
129,4,1.8758158286412556,0.3891538116667006,0.7922535211267606,0.7906603849269982,0.7922535211267606,0.7908843205008933,0.9512476131141341,0.027073938106648376,1.8408463994661968,5.344693607754177
130,1,1.9391779568460252,0.4306572940614488,0.7834507042253521,0.7857406158780896,0.7834507042253521,0.7791006279856973,0.9368802564322909,-0.02028703366121576,1.8794706331359015,5.459059304661221
130,2,1.8683176901605394,0.3877178546455171,0.8397887323943662,0.8423902701882595,0.8397887323943662,0.8351365374124489,0.950733952555707,0.004604021209872355,1.8255084885491266,5.32305043273502
130,3,1.7504992816183302,0.39521922336684334,0.8133802816901409,0.8143309503441413,0.8133802816901409,0.8074849775855228,0.9493219234158443,0.04811601689534195,1.7559850613276164,4.912819292810228
130,4,1.9187270866500006,0.3759775699840652,0.829225352112676,0.8321223003405999,0.829225352112676,0.8276225591269896,0.9529531390037307,0.025134107789228977,1.864620241853926,5.518475744459364
131,1,1.8531353208753798,0.3831210533777873,0.8309859154929577,0.8298765406098296,0.8309859154929577,0.8256624361120478,0.9506146324521396,0.016864483700789856,1.8495368162790935,5.283168382114834
131,2,1.7516659498214722,0.34822486754920745,0.8362676056338029,0.8354266542762692,0.8362676056338029,0.831621456757464,0.9586758230457509,0.0288840379919596,1.7855899069044325,5.026361624399821
131,3,1.797994229528639,0.39321642534600365,0.8169014084507042,0.8137173788453939,0.8169014084507042,0.8130503819532058,0.9453865796377154,-0.00502753166607528,1.7833304935031467,5.075808882713318
131,4,1.8792285919189453,0.38586630920569104,0.823943661971831,0.8226839958461467,0.823943661971831,0.8196684307138121,0.9519038827799577,0.08823337396577946,1.8462622430589464,5.363740417692396
132,1,1.8485175172487895,0.3828272927138541,0.8098591549295775,0.8072903132965225,0.8098591549295775,0.8064325335640111,0.9501245714114921,0.02886002653947939,1.8399718403816223,5.268461187680562
132,2,1.7603203190697565,0.3521168546544181,0.8556338028169014,0.853134664442851,0.8556338028169014,0.8523691620385357,0.958871868421883,0.012852655934675883,1.7860457632276747,5.046128259764777
132,3,1.741350962056054,0.37382003085480797,0.829225352112676,0.8290154473701418,0.829225352112676,0.8246647141863918,0.9544636380272098,0.0008507450608724598,1.7634586956765916,4.932256287998623
132,4,1.855203582180871,0.3704475959142049,0.8186619718309859,0.8178244011374004,0.8186619718309859,0.8174786137500998,0.955272546531633,0.05343745078301265,1.8343302806218464,5.3196339342329235
133,1,1.9453199903170268,0.41698283619350857,0.7975352112676056,0.7979572347124747,0.7975352112676056,0.7946553921721782,0.9434653952905054,-0.04087266587880789,1.8784469101164076,5.511439800262451
133,2,1.912506726053026,0.3854127700130145,0.8380281690140845,0.8334471628622308,0.8380281690140845,0.8321663685961492,0.9499688081729207,-0.035951393907350804,1.8676944507492914,5.475725690523784
133,3,1.8159520559840732,0.44354844838380814,0.8204225352112676,0.8241871877104088,0.8204225352112676,0.8174189087523244,0.9456673115800583,0.03221583757352109,1.7804621458053589,5.0182269016901655
133,4,1.9472497304280598,0.4385998629861408,0.8045774647887324,0.8012698940004971,0.8045774647887324,0.8004835548642583,0.945916949383357,-0.022082532282326817,1.860945204893748,5.467432498931885
134,1,1.9465647604730394,0.5002450926436318,0.7764084507042254,0.7699634164284821,0.7764084507042254,0.7685918501374625,0.9307888735848981,-0.0048216735191943805,1.8577295541763306,5.32131040096283
134,2,1.868526021639506,0.4642788900269402,0.8028169014084507,0.794293596787469,0.8028169014084507,0.7948306859034152,0.9356842103880776,0.02900125181994917,1.801563905345069,5.145102500915527
134,3,1.746445291572147,0.39194726943969727,0.8169014084507042,0.8243084051026462,0.8169014084507042,0.8170591465739898,0.9514040851919894,-0.015445866080975756,1.749013152387407,4.906940499941508
134,4,1.8866391645537481,0.38606854528188705,0.8116197183098591,0.8150380639024333,0.8116197183098591,0.8069372427838774,0.949845857880396,0.026607548563274408,1.8365226123068068,5.387970487276713
135,1,1.8713363077905443,0.377092065082656,0.8221830985915493,0.8201445994809436,0.8221830985915493,0.8181567528906001,0.9512133013600524,0.003795325100530933,1.8565764360957675,5.357905997170342
135,2,1.760570440027449,0.36521974868244594,0.8362676056338029,0.8320572108746701,0.8362676056338029,0.8328836962759824,0.953560697735628,0.03767881550267649,1.7858659558826022,5.016388522254096
135,3,1.731831391652425,0.37516529361406964,0.8186619718309859,0.8178625726590465,0.8186619718309859,0.8137239802822192,0.9520850426061634,0.0068117679746825255,1.7458973858091567,4.8973854250378075
135,4,1.8798210289743211,0.3944108933210373,0.8204225352112676,0.8308254407322821,0.8204225352112676,0.8190019732739829,0.9550909324693321,0.03306720682687514,1.8429676625463698,5.345777802997166
136,1,1.9112335840861003,0.4052819535136223,0.8151408450704225,0.8162836150478624,0.8151408450704225,0.8126649623265582,0.9466145271804045,0.0008151795270769924,1.873063584168752,5.425120539135403
136,2,1.7654146154721577,0.35469072726037765,0.8397887323943662,0.8365567962256081,0.8397887323943662,0.8361371148236368,0.9575266965160216,0.011903494315318564,1.7895462248060439,5.057103488180372
136,3,1.7369344300693936,0.36114901138676536,0.8133802816901409,0.8137188705645626,0.8133802816901409,0.8074326005590599,0.9544615988785099,0.006381569862167202,1.7599598964055378,4.947100149260627
136,4,1.8613385028309293,0.3361984400285615,0.8380281690140845,0.8380948347419658,0.8380281690140845,0.8344583558541768,0.9618742305588283,-0.005383882143677354,1.8497496247291565,5.419998447100322
137,1,1.8368456032541063,0.35582901620202595,0.8151408450704225,0.8155529364496878,0.8151408450704225,0.8140292168461318,0.9553970805570724,0.027517831170003948,1.8463141123453777,5.292550749248928
137,2,1.7683835691875882,0.35858657790554893,0.8362676056338029,0.8347605386263178,0.8362676056338029,0.8320592308533766,0.9548353084053243,0.02566930046487559,1.7853902048534818,5.0579096873601275
137,3,1.7414382563696966,0.37814801683028537,0.8221830985915493,0.8208273408223524,0.8221830985915493,0.818682818957907,0.9490918044231542,0.030976284143263366,1.7473489509688482,4.922448648346795
137,4,1.8855993747711182,0.33265859882036847,0.8503521126760564,0.8515568553426932,0.8503521126760564,0.8465726698095487,0.9613683850024055,0.0030335383211970157,1.8820513089497883,5.509127656618754
138,1,1.8357837332619562,0.3636714236603843,0.8221830985915493,0.8209326471650416,0.8221830985915493,0.8207757295582176,0.9532922139574926,0.04787310682243329,1.844947808318668,5.27071225643158
138,2,1.7992678417099848,0.4061883861819903,0.823943661971831,0.825357919422836,0.823943661971831,0.818938034250034,0.9506218560949038,0.012308340487436564,1.7908805078930325,5.049786514706081
138,3,1.793467687235938,0.4540082886815071,0.801056338028169,0.7956466840673806,0.801056338028169,0.7947712421177212,0.9436746985359536,0.03891246058614628,1.7577659620179071,4.918872740533617
138,4,1.9126727647251553,0.4153368290927675,0.8257042253521126,0.82274825423127,0.8257042253521126,0.8184110051658053,0.9485718723722237,0.04566519978686079,1.8433455957306757,5.406456430753072
139,1,1.8739740914768643,0.41527894470426774,0.8045774647887324,0.8002630326349671,0.8045774647887324,0.8010268792831816,0.9439358590081837,0.02214197197702883,1.847026891178555,5.277595930629307
139,2,1.7814827693833246,0.3991967439651489,0.823943661971831,0.8228727398717246,0.823943661971831,0.8215560546774223,0.9540851029608934,0.02227165664218289,1.7800040509965684,5.006816625595093
139,3,1.8037117852105036,0.45484518342547947,0.7887323943661971,0.7839634539384566,0.7887323943661971,0.7839617556928561,0.9352009723067558,-0.004459202391462247,1.764923334121704,4.951066997316149
139,4,1.9174979594018724,0.4565678685903549,0.801056338028169,0.8035439053160708,0.801056338028169,0.7964743940393996,0.940043600135093,0.029517614440306317,1.832013295756446,5.32633470164405
140,1,1.8739987280633714,0.43320101913478637,0.7904929577464789,0.7832822492271454,0.7904929577464789,0.7846824659674833,0.94210240355301,0.03702321789208385,1.8332288728819952,5.235859817928738
140,2,1.7652015156216092,0.3941149603989389,0.823943661971831,0.8205027785762192,0.823943661971831,0.8195459394557366,0.9536454529200716,0.03159147187587896,1.7723897695541382,4.96440331141154
140,3,1.9189551671346028,0.4639296382665634,0.7869718309859155,0.7905141050078683,0.7869718309859155,0.7819982035958298,0.9399642012409133,-0.042950837238149964,1.82657614019182,5.3140144613054066
140,4,1.9657894174257915,0.443459947903951,0.7922535211267606,0.7923633185721629,0.7922535211267606,0.7883858210596826,0.9439753941920436,-0.005336696942308761,1.8733578390545316,5.51789128780365
141,1,1.895749443107181,0.41470405956109363,0.8080985915492958,0.8026592255814623,0.8080985915492958,0.8040938331327026,0.9463309615174403,0.015261647225547015,1.8542487886216905,5.35152182314131
141,2,1.7950197921858893,0.41266926791932845,0.8274647887323944,0.8258912168664159,0.8274647887323944,0.822080928219752,0.9473241754884358,0.020521646315802333,1.784955210155911,5.020504143502977
141,3,1.7759674323929682,0.42063823921812904,0.8028169014084507,0.799602446985532,0.8028169014084507,0.7976297363434537,0.9441917366077685,0.01717774977789721,1.758503046300676,4.938401990466648
141,4,1.8579809731907315,0.3562521156337526,0.8327464788732394,0.8327582249099069,0.8327464788732394,0.831078625147591,0.9579130028143154,0.021635567995918703,1.8322465618451436,5.3620147705078125
142,1,1.8592478434244792,0.36106043888462913,0.8309859154929577,0.8423411565914141,0.8309859154929577,0.8309859016822749,0.9540766999917487,0.012985957184886043,1.854135466946496,5.355018152130975
142,2,1.7944560713238187,0.37239838391542435,0.8380281690140845,0.8378282697505217,0.8380281690140845,0.8355787702039069,0.9540744570888919,-0.004050298923580886,1.805407186349233,5.11259044541253
142,3,1.7328291071785822,0.3610722803407245,0.8151408450704225,0.8104628967751792,0.8151408450704225,0.8101253521561813,0.9575458036609773,0.0438869900820702,1.7611391411887274,4.933594928847419
142,4,1.8641087147924635,0.3508506061302291,0.8345070422535211,0.8413417665238783,0.8345070422535211,0.8309239547162129,0.9578641198679582,0.013282310629046168,1.8439169857237074,5.395044114854601
143,1,1.8274737199147542,0.3576057106256485,0.8345070422535211,0.8361611701917802,0.8345070422535211,0.8332986841265085,0.9576135143491328,0.007573143978607755,1.8381042811605666,5.257165617412991
143,2,1.7559591001934476,0.34220871163739097,0.8485915492957746,0.8451832682201373,0.8485915492957746,0.8439629805468023,0.9583447554757483,0.0192788523487174,1.7885736293262906,5.054709805382623
143,3,1.7194882432619731,0.34998993823925656,0.8415492957746479,0.843903320572467,0.8415492957746479,0.836520974013571,0.9573392434074788,0.03947647728041259,1.7542623215251498,4.914984107017517
143,4,1.8394314580493503,0.31941106046239537,0.8573943661971831,0.855785522525781,0.8573943661971831,0.8544276832795371,0.9653316777230848,0.01370222082158612,1.8512841860453289,5.38614559173584
144,1,1.9018035795953538,0.34751301093233955,0.829225352112676,0.8326230048511175,0.829225352112676,0.8281308403045518,0.9582412360342516,0.05591805587604648,1.8907610376675923,5.528481324513753
144,2,1.7631031672159831,0.33384914696216583,0.8538732394366197,0.8547448403509693,0.8538732394366197,0.8498731988678729,0.9622908468053613,0.007115200038042335,1.7911936706966824,5.098029004202949
144,3,1.713683870103624,0.34953684028651977,0.8380281690140845,0.8379465349417685,0.8380281690140845,0.8347014837908968,0.9591180521224577,0.050755518928354726,1.74827198849784,4.896693481339349
144,4,1.8893020285500421,0.3421134874224663,0.8415492957746479,0.839665645754954,0.8415492957746479,0.8401596767232924,0.9588242176195174,0.021564371072470556,1.869251873758104,5.499408377541436
145,1,1.8303096559312608,0.36015531834628844,0.8221830985915493,0.8206150244054583,0.8221830985915493,0.8202287309358701,0.9545254906337113,0.044715147051581416,1.8430304593510098,5.26066964202457
145,2,1.771731072001987,0.37043409297863644,0.8450704225352113,0.8435423375884323,0.8450704225352113,0.8412090687585427,0.9584135311153618,0.042213409116234835,1.7878751820988126,5.0414237711164684
145,3,1.9045737783114116,0.558398597770267,0.778169014084507,0.774855261375948,0.778169014084507,0.7726620865778936,0.9228624650365652,0.013026108309780127,1.7836937705675762,5.0456489721934
145,4,2.2295158041848078,0.8652483804358376,0.6566901408450704,0.6434827119900977,0.6566901408450704,0.6345465942693744,0.8436146285610637,0.004222327286104388,1.855914248360528,5.412806272506714
146,1,2.087358421749539,0.6706380860673057,0.7007042253521126,0.6992964396958675,0.7007042253521126,0.6959488440176608,0.8906208024875211,-0.009475636988018898,1.862128390206231,5.3930390278498335
146,2,1.8981573979059856,0.573798750837644,0.727112676056338,0.7211656470565037,0.727112676056338,0.7175966509388721,0.9145909381942969,0.027970922967967105,1.7718219094806247,4.988327370749579
146,3,1.9068014489279852,0.6298222856389152,0.7235915492957746,0.7203205587978266,0.7235915492957746,0.7190454658752281,0.9048186219678013,0.023728106810065763,1.7448251446088154,4.886419203546312
146,4,1.9970859090487163,0.5565749936633639,0.7394366197183099,0.7337120035336491,0.7394366197183099,0.7318242064803422,0.9211334483871905,0.02009401877489314,1.8426500956217449,5.358277784453498
147,1,1.9213053849008348,0.48713863061534035,0.7852112676056338,0.7945955206311748,0.7852112676056338,0.7841490617027931,0.9296781246637191,0.0077894945394394455,1.8362848030196295,5.267694301075405
147,2,1.8316603435410395,0.43430527796347934,0.7992957746478874,0.7944574545003203,0.7992957746478874,0.7951502495581546,0.9431565379294248,0.0016747680734414683,1.7965773873858981,5.092155231369866
147,3,1.7827170491218567,0.42350496020581985,0.8063380281690141,0.809895211675418,0.8063380281690141,0.8010696852201423,0.9469068178716541,0.019712184082710582,1.7682383524047003,4.954211672147115
147,4,1.9035013516743977,0.41359440237283707,0.8098591549295775,0.8049198966175569,0.8098591549295775,0.8045647500587504,0.9514074081713633,0.021503938398074962,1.865988744629754,5.379950576358372
148,1,1.9354589184125264,0.4341992313663165,0.8063380281690141,0.8031301971009982,0.8063380281690141,0.8025018612878367,0.9434674584303662,0.016629161494716826,1.8881697124905057,5.438397937350803
148,2,1.8298060894012451,0.38242001252041924,0.8186619718309859,0.8160339924160347,0.8186619718309859,0.8132013376040954,0.9581632467322279,-0.02065281741862446,1.8133251203431024,5.20704005824195
148,3,1.7608497209019132,0.4062173499001397,0.8098591549295775,0.8142688308371687,0.8098591549295775,0.8052358612743097,0.94957751273199,0.021583439302690244,1.7673107849227057,4.92165842321184
148,4,1.870923678080241,0.37386422438753975,0.8116197183098591,0.8069364336531657,0.8116197183098591,0.8086169509311737,0.9530827304124525,0.06259168845925989,1.8468618790308635,5.3640621768103705
149,1,1.8537815743022494,0.39169113006856704,0.8063380281690141,0.8123771356780093,0.8063380281690141,0.8032133085356687,0.9463352320174432,0.028221975219474338,1.8441318339771695,5.265325744946797
149,2,1.787232240041097,0.34319667435354656,0.8450704225352113,0.8419560987854072,0.8450704225352113,0.8417178405385652,0.9616516463516808,0.009520531327097514,1.8088364269998338,5.156648317972819
149,3,1.7274153894848294,0.3797689759069019,0.823943661971831,0.8239512456207102,0.823943661971831,0.8213521582472465,0.952511554310218,0.06702682193493403,1.751983020040724,4.871923446655273
149,4,1.8822702434327867,0.36047618836164474,0.829225352112676,0.8249661624081622,0.829225352112676,0.823486407321979,0.9571381878147383,0.02423730904090826,1.8581196930673387,5.433122833569844
150,1,1.8445830676290724,0.3515437071522077,0.8380281690140845,0.8382582262754101,0.8380281690140845,0.833866062449757,0.9581925311151551,-0.011222823692263573,1.8492302497227986,5.328341510560778
150,2,1.7381377153926425,0.33345399962531197,0.8573943661971831,0.855750846449945,0.8573943661971831,0.8528483350999424,0.9623462054875669,0.01937016373738143,1.7787249485651653,5.015732910897997
150,3,1.7033835848172505,0.33451203422413933,0.8485915492957746,0.8550475836181846,0.8485915492957746,0.8452948042346328,0.9631469581494885,0.04984759734612443,1.754286852147844,4.897417002254063
150,4,1.860781643125746,0.34850673708650803,0.8380281690140845,0.8369749929172737,0.8380281690140845,0.8361626694819292,0.9586435532687203,0.031040687722858284,1.8509647051493328,5.38942289352417
