epoch,fold,total_loss,cross_entropy_loss,accuracy,precision,recall,f1_score,auc,r2_score,mae_loss,mse_loss
1,1,2.888537632094489,1.4547556704945035,0.08098591549295775,0.23091605403896365,0.08098591549295775,0.03832855737342944,0.4906140282482676,-16.8180072703758,9.351181348164877,92.88942760891385
1,2,1.9145049850145976,1.4853566553857591,0.06338028169014084,0.004024144869215291,0.06338028169014084,0.0075677948286735335,0.5391689670834829,-11.195717997961316,7.414833174811469,60.350254694620766
1,3,1.1192359957430098,1.4746097723642986,0.2640845070422535,0.14866935738130652,0.2640845070422535,0.1868117420660595,0.5234449699477273,-5.953120065896453,5.386323610941569,33.86636522081163
1,4,0.633850849337048,1.3655649953418307,0.41725352112676056,0.17410050089268003,0.41725352112676056,0.24568716647712358,0.4999770406067764,-2.3703886707306037,3.747592290242513,17.941285133361816
2,1,0.35499576727549237,1.295217235883077,0.4084507042253521,0.16683197778218609,0.4084507042253521,0.23690140845070423,0.5127241480927819,-0.6672442628166819,2.478009349770016,8.810254653294882
2,2,0.2594318638245265,1.258846276336246,0.40316901408450706,0.16254525391787344,0.40316901408450706,0.23168307208369412,0.49407701119027614,-0.12305493334004014,1.9257755875587463,5.709619826740688
2,3,0.23637635674741533,1.2552875346607633,0.375,0.2100339492150033,0.375,0.2133342747298799,0.49105032875617927,-0.020685731723101952,1.7571713460816278,4.949390716022915
2,4,0.2492284518149164,1.238757762644026,0.4154929577464789,0.24188588207948047,0.4154929577464789,0.2556006275191906,0.5053863886113423,-0.011359072079999644,1.8546904391712613,5.416354232364231
3,1,0.247640707426601,1.2426590588357713,0.4084507042253521,0.16683197778218609,0.4084507042253521,0.23690140845070423,0.4870153279021961,-0.025291793569372834,1.855144414636824,5.35435966650645
3,2,0.2371516012483173,1.2344733741548326,0.4014084507042254,0.162120873388479,0.4014084507042254,0.23096114374690357,0.49598769182600605,-0.0017771163823319114,1.782151997089386,5.0237453778584795
3,3,0.2365173821647962,1.2521700925297208,0.38204225352112675,0.27012847009593793,0.38204225352112675,0.22774649313585085,0.511844913255004,-0.01181471317298155,1.763272484143575,4.961350520451863
3,4,0.24817811201016107,1.2405770089891222,0.4137323943661972,0.2583002503350444,0.4137323943661972,0.2537778158057845,0.5165571922572695,0.0072699264395919005,1.8481671147876315,5.377141992251079
4,1,0.24530475089947382,1.234061386850145,0.4084507042253521,0.16683197778218609,0.4084507042253521,0.23690140845070423,0.5180044934336221,0.008243651612132696,1.8441725903087192,5.296472708384196
4,2,0.23673032886452144,1.2254295216666327,0.3996478873239437,0.16169499328124223,0.3996478873239437,0.23023739923819644,0.524413331204907,-0.008501866487608645,1.7810897562238905,5.030854728486803
4,3,0.23413658059305614,1.2468972934616938,0.3785211267605634,0.2272500249725302,0.3785211267605634,0.2114164880233321,0.5035754779056532,-0.004327658052303063,1.7542181875970628,4.894300699234009
4,4,0.24801846428049934,1.240778426329295,0.42077464788732394,0.29229248731827584,0.42077464788732394,0.30739971883502365,0.5085581256081309,0.0026861364366363993,1.844895839691162,5.371327267752753
5,1,0.2438117414712906,1.229926394091712,0.40316901408450706,0.20317587296788084,0.40316901408450706,0.2388253350698375,0.5227969297074483,0.0020977669415186417,1.8364772266811795,5.256380213631524
5,2,0.23686408748229346,1.2290024823612637,0.40316901408450706,0.16254525391787344,0.40316901408450706,0.23168307208369412,0.5139220617494861,0.002227427904642809,1.7832786705758836,5.026921762360467
5,3,0.23475000841750038,1.2491291165351868,0.38028169014084506,0.29181960449566086,0.38028169014084506,0.23156763608296335,0.5258919906198488,-0.004581681352082256,1.7571964263916016,4.909543871879578
5,4,0.24748033947414821,1.238190723790063,0.4119718309859155,0.26745968375307605,0.4119718309859155,0.269351309863566,0.5232009628300236,-0.00020101040264375314,1.8425127002927992,5.359397093454997
6,1,0.24359552065531412,1.2329506410492792,0.4084507042253521,0.16712621407457087,0.4084507042253521,0.23719790583299546,0.5240267731449647,-0.008036325753352891,1.8369856543011136,5.242102715704176
6,2,0.2364999842312601,1.2280341982841492,0.40492957746478875,0.3275958945160324,0.40492957746478875,0.23872966511693045,0.5150096628391297,0.0012660871549623476,1.7800891333156161,5.017044477992588
6,3,0.23470560875203875,1.2435555524296231,0.38028169014084506,0.26319666361235833,0.38028169014084506,0.2396738940672048,0.5242845055938046,-0.018037185946947254,1.7569973402553134,4.9211015701293945
6,4,0.24726991603771845,1.2398940059873793,0.40316901408450706,0.25727925243770317,0.40316901408450706,0.2763251417359965,0.5165985903968471,-0.004595659773031224,1.8427348600493536,5.348440315988329
7,1,0.24369138975938162,1.226425462298923,0.4014084507042254,0.2123054727652905,0.4014084507042254,0.2372359669908271,0.5186674065786752,-0.01223258939069094,1.8411830994817946,5.260572367244297
7,2,0.2368980066643821,1.2289576530456543,0.40669014084507044,0.3512648977644835,0.40669014084507044,0.24527090114745626,0.5530279172766027,-0.005175588111983043,1.780448893706004,5.028224507967631
7,3,0.23546341392729017,1.2449229028489854,0.38204225352112675,0.2717983577138507,0.38204225352112675,0.25745797545619326,0.5403403819465291,0.004657201430909752,1.7595366769366794,4.943068265914917
7,4,0.24705882287687725,1.2336596979035273,0.4084507042253521,0.27177278376139186,0.4084507042253521,0.2922522679731211,0.5382118561991387,-0.012063764050524783,1.8408440483940973,5.3559214274088545
8,1,0.24389038897222942,1.2232923309008281,0.4137323943661972,0.309932700898532,0.4137323943661972,0.2576583270081161,0.5539440451122583,-0.004562797044261879,1.8423112034797668,5.274481415748596
8,2,0.23601713528235754,1.2260057595041063,0.41725352112676056,0.2967778379956452,0.41725352112676056,0.316166364383484,0.526342521128955,-0.02169951398540504,1.7787346376313105,5.005713409847683
8,3,0.23484505630201763,1.2470752331945631,0.3767605633802817,0.2693192454605762,0.3767605633802817,0.27657653303947505,0.5006642374252799,-0.017668179494791714,1.7536572880215116,4.917464216550191
8,4,0.2482618358400133,1.238810784286923,0.40492957746478875,0.275473589214331,0.40492957746478875,0.30755732684265363,0.5191615277599778,-0.021620728980280113,1.8473746909035578,5.383989532788594
9,1,0.24282407677835888,1.2245823939641316,0.4084507042253521,0.287027354183581,0.4084507042253521,0.2725491658187568,0.5586569787950901,-0.005322934836201831,1.8337123261557684,5.235929171244304
9,2,0.235154883729087,1.2246739665667217,0.40669014084507044,0.29474483718229777,0.40669014084507044,0.3115894507445821,0.5381441122486168,0.001565360614048994,1.7740751372443304,4.980064577526516
9,3,0.23541216138336393,1.2465957601865132,0.36619718309859156,0.24752959554467718,0.36619718309859156,0.2727539439880503,0.5114275649493548,-0.017073868583644902,1.7603711287180583,4.9375167157914905
9,4,0.24713877754078972,1.2340463995933533,0.41901408450704225,0.29099911971830983,0.41901408450704225,0.3267116607714942,0.5689042629610424,-0.00493054635247181,1.8398350410991244,5.357662810219659
10,1,0.2435325351026323,1.2230969932344224,0.3961267605633803,0.23407236973115,0.3961267605633803,0.2503284405960188,0.5451634188234052,-0.01300551531571803,1.8406624330414667,5.2630230453279285
10,2,0.23607462644577026,1.2242423759566412,0.40669014084507044,0.2950605179212673,0.40669014084507044,0.30798075899093996,0.5371023119115473,-0.014363543132574597,1.7771073182423909,5.011711147096422
10,3,0.23444372498326832,1.242228753036923,0.3996478873239437,0.282438608980287,0.3996478873239437,0.3268658851415063,0.5294905926759198,-0.015021958067182206,1.7567201389206781,4.915432492891948
10,4,0.24597743319140541,1.2265849378373888,0.4242957746478873,0.30038265306122447,0.4242957746478873,0.3470716988736872,0.5454730127625121,-0.011510305929111286,1.8388243251376681,5.336383369233873
11,1,0.2435644418001175,1.2193343109554715,0.4102112676056338,0.2900684644110942,0.4102112676056338,0.2757490172883319,0.566863615680109,-0.005579020629522091,1.8433976703219943,5.272855175866021
11,2,0.2348940372467041,1.2206034792794123,0.3908450704225352,0.2708664608146841,0.3908450704225352,0.2981724754774366,0.5536618644411567,-0.004993032068016046,1.775549829006195,4.98089521461063
11,3,0.23381337192323473,1.2352721293767293,0.4084507042253521,0.2931571633121828,0.4084507042253521,0.32670855062346876,0.5557878834917493,-0.01618096753902587,1.754279030693902,4.910601443714565
11,4,0.2462223776512676,1.2226184142960443,0.43133802816901406,0.3049975214050589,0.43133802816901406,0.34937585047159747,0.5730966205928405,-0.017820853187390462,1.8419730265935261,5.3537800444497
12,1,0.24337966408994463,1.2185440527068243,0.3961267605633803,0.2695901778832197,0.3961267605633803,0.2963090183811085,0.5636553023647692,-0.008267196355565387,1.841129932138655,5.268510076734755
12,2,0.23441570417748558,1.2186020480261908,0.41725352112676056,0.2979076381365114,0.41725352112676056,0.3357375162686347,0.5511485908881923,-0.015419773650581892,1.7716581225395203,4.969572318924798
12,3,0.23214206430647108,1.229519658618503,0.4137323943661972,0.2908540325583028,0.4137323943661972,0.3368196532613294,0.5532650855708996,-0.0007826495300953251,1.7466667824321322,4.868315855662028
12,4,0.24673286080360413,1.2205507622824774,0.43309859154929575,0.30793464055360203,0.43309859154929575,0.3475478453666704,0.587833831061171,-0.009510179921616846,1.84523163901435,5.375552813212077
13,1,0.24238824016518062,1.2132738961113825,0.4278169014084507,0.3074240274577163,0.4278169014084507,0.3418140048042009,0.5856051082064753,-0.004768097904931823,1.8355045318603516,5.247788177596198
13,2,0.23462779654396904,1.2184814943207636,0.41725352112676056,0.3005852996147173,0.41725352112676056,0.34390719025594363,0.5432997425132162,-0.016740278216424098,1.7734955218103197,4.976943665080601
13,3,0.23316560602850384,1.2397644188668993,0.3996478873239437,0.2817380150802911,0.3996478873239437,0.3277328757034717,0.5394713742076536,-0.007899554211120874,1.749744627210829,4.8785162634319725
13,4,0.24606412649154663,1.209163294898139,0.45422535211267606,0.32443309693270334,0.45422535211267606,0.3741310513913041,0.5945129189747332,-0.007079837103954878,1.8445566362804837,5.379880706469218
14,1,0.2433426645067003,1.210278398460812,0.4154929577464789,0.29469309019782997,0.4154929577464789,0.3344714143695301,0.5703992893684946,0.003631387854797885,1.8443097670873005,5.286502215597364
14,2,0.23559252834982342,1.2194858524534438,0.3873239436619718,0.27657303266604233,0.3873239436619718,0.319327371675433,0.5399872394240564,-0.010435093887663394,1.7775861753357782,5.006693853272332
14,3,0.23193604167964724,1.2179166475931804,0.4295774647887324,0.3043117361974952,0.4295774647887324,0.3556689658952776,0.568695985292861,-0.004150134628220892,1.7497222688462999,4.888578428162469
14,4,0.24594079537524116,1.2217149668269687,0.4278169014084507,0.3082038744092462,0.4278169014084507,0.35795229206564694,0.5624292169626464,-0.010891169784842392,1.8386596043904622,5.346496343612671
15,1,0.2413701605465677,1.1985916627777948,0.44014084507042256,0.3184730207542173,0.44014084507042256,0.36202307545432083,0.5894106910651815,-0.011123414749766303,1.8392001125547621,5.248128917482164
15,2,0.2338325497176912,1.199246757560306,0.448943661971831,0.323676063956477,0.448943661971831,0.3698328180464903,0.5847383398827974,-0.007836431029379032,1.7766376866234674,4.995281563864814
15,3,0.23060750547382566,1.2148710754182603,0.4295774647887324,0.3050288158071144,0.4295774647887324,0.35530164107004897,0.5726209658097652,-0.01541339210849646,1.7413552800814311,4.851344307263692
15,4,0.2458670876092381,1.202786876095666,0.44190140845070425,0.3242483748645721,0.44190140845070425,0.3738359116447318,0.5831204807454323,-0.0005318375317351354,1.8450322879685297,5.388224787182278
16,1,0.24219598289993075,1.2026646667056613,0.4612676056338028,0.33541682191916933,0.4612676056338028,0.3779061448660706,0.5822039725978196,-0.011772095608031385,1.8411160839928522,5.266118619177076
16,2,0.2343048850695292,1.1948304375012715,0.43838028169014087,0.31744858244155255,0.43838028169014087,0.3670915738332433,0.5885800337536662,-0.007765405711070095,1.7827733423974779,5.02133243613773
16,3,0.23101055373748144,1.2051595449447632,0.448943661971831,0.3205776429296517,0.448943661971831,0.3740313291251031,0.6128313104054199,-0.018131197391842102,1.751955231030782,4.887416362762451
16,4,0.2430417901939816,1.1916324827406142,0.4471830985915493,0.3305131910868194,0.4471830985915493,0.3793695536751639,0.6202433124171197,0.008664508701424989,1.8348061111238267,5.32004365656111
17,1,0.2405055347416136,1.1782249344719782,0.4507042253521127,0.32820382379301793,0.4507042253521127,0.3768553402621631,0.6027029845790313,-0.004874051215868258,1.8397965961032443,5.2667544682820635
17,2,0.23320518930753073,1.1845794253879123,0.44366197183098594,0.32291069338507344,0.44366197183098594,0.37358203273696233,0.5970681388255088,-0.013188603698148116,1.7788636287053425,5.008544709947374
17,3,0.2304723842276467,1.2057896653811138,0.4225352112676056,0.30234364295760663,0.4225352112676056,0.3523803426155804,0.5898472616407768,-0.016189524741396344,1.7459588911798265,4.867942253748576
17,4,0.2432313991917504,1.1767341362105475,0.46830985915492956,0.35292941466847316,0.46830985915492956,0.398895143512311,0.6076467531510688,-0.010005592399282559,1.8442024323675368,5.361020896169874
18,1,0.24243133432335323,1.1845169067382812,0.47183098591549294,0.34632708246949245,0.47183098591549294,0.3993244276312965,0.6193497965513257,-0.017470725700100553,1.855259358882904,5.316167765193516
18,2,0.23377124551269743,1.1956851614846125,0.4524647887323944,0.3324472603162837,0.4524647887323944,0.3831950426763206,0.5892613559805089,-0.014889589094908784,1.7769946191045973,5.0014459821912975
18,3,0.23328983204232323,1.2137918008698358,0.43485915492957744,0.31572427798112257,0.43485915492957744,0.36367003996304365,0.586114160487917,-0.009556621833595624,1.7581787374284532,4.94320019086202
18,4,0.24242226779460907,1.174702376127243,0.4471830985915493,0.32888597010696224,0.4471830985915493,0.3786305991318757,0.6121877710446092,-0.014638754106558904,1.8399109575483534,5.3388537830776635
19,1,0.24205389122168222,1.1806846227910783,0.4630281690140845,0.3382852883293024,0.4630281690140845,0.3892766675172556,0.5959792100099215,-0.007209362374536843,1.8501219616995916,5.312496662139893
19,2,0.2327152184314198,1.1834696729977925,0.4524647887323944,0.3339903551745254,0.4524647887323944,0.38381788098243264,0.6024828801350666,-0.006814830255966964,1.7779630223910015,4.994824634657966
19,3,0.23009261820051405,1.1909954018063016,0.45422535211267606,0.3236579565109958,0.45422535211267606,0.3779769515380246,0.6125298301712125,-0.0016504103238514922,1.7536529633733962,4.889862365192837
19,4,0.24520714746581185,1.1834314035044775,0.45598591549295775,0.3447065705838683,0.45598591549295775,0.3895010879564888,0.59710924560728,-0.010346615485298027,1.8482781847318013,5.4112297428978815
20,1,0.24019510961241192,1.1759255760245853,0.47007042253521125,0.34455186773437596,0.47007042253521125,0.3971893521727294,0.6181417970234188,0.002238787223728944,1.8408626582887437,5.261685729026794
20,2,0.232620002494918,1.170149074660407,0.47007042253521125,0.34938839222178275,0.47007042253521125,0.3998092101336834,0.6103572746834494,-0.0176362808419932,1.7800565163294475,5.022651592890422
20,3,0.229932415816519,1.1878947681850858,0.44190140845070425,0.31803326158888334,0.44190140845070425,0.36926567008542127,0.6016042175916742,-0.014035305734265924,1.7506965663697984,4.891655405362447
20,4,0.24317441549566057,1.1645990080303616,0.4647887323943662,0.34999134740181703,0.4647887323943662,0.3963537815043245,0.6316195918752338,-0.015007455933750968,1.8459058006604512,5.387393779224819
21,1,0.24350973467032114,1.1867951949437459,0.4665492957746479,0.34326665432666764,0.4665492957746479,0.3954386164333347,0.5955408005870794,-0.0023264744808193516,1.8560676707161798,5.3467764192157325
21,2,0.23216717607445186,1.1645431121190388,0.477112676056338,0.358047099595997,0.477112676056338,0.4068081576872609,0.6181268708494205,-0.016779251449374533,1.7791787849532232,5.020670652389526
21,3,0.23016495092047584,1.175668756167094,0.448943661971831,0.32649744621575605,0.448943661971831,0.37611721906156875,0.6066132024753172,-0.0007066512833604488,1.7545000314712524,4.927847544352214
21,4,0.24220205512311724,1.1663332316610548,0.45422535211267606,0.33642087203796445,0.45422535211267606,0.38548740573790885,0.6251962441923431,0.002959180315411425,1.837223509947459,5.350957843992445
22,1,0.23966524336073133,1.1648088892300923,0.4665492957746479,0.34756789886074124,0.4665492957746479,0.39782360831656605,0.6269102111951439,-0.0002935502091638842,1.843696395556132,5.269935263527764
22,2,0.23378222435712814,1.1782544453938801,0.4665492957746479,0.3512532789056528,0.4665492957746479,0.3976196973628934,0.6014448033463844,-0.022546465801019044,1.7903623580932617,5.042435990439521
22,3,0.23083373655875525,1.1976947122149997,0.43661971830985913,0.3185282965940321,0.43661971830985913,0.36529483622144765,0.5904197145411235,0.012764715538898797,1.751823988225725,4.8987447950575085
22,4,0.24510391304890314,1.1772987412081823,0.45422535211267606,0.3467464457444179,0.45422535211267606,0.38790788065690157,0.6130603082563872,-0.013923242838137506,1.8534953196843464,5.42211299472385
23,1,0.24266176919142404,1.1788838141494327,0.4841549295774648,0.3550491165383103,0.4841549295774648,0.40910086219018366,0.5996892439794387,-0.012363093474828446,1.85054032670127,5.336934645970662
23,2,0.23115432427989113,1.1565476755301158,0.4788732394366197,0.35186557944156166,0.4788732394366197,0.40557038289776187,0.6220012212995512,-0.011440569427067837,1.7783685525258381,5.005545894304912
23,3,0.22929995093080732,1.1740188002586365,0.477112676056338,0.3474011865467061,0.477112676056338,0.3994575400459097,0.6000035713453203,0.004062783976495177,1.7523185478316412,4.902958141432868
23,4,0.24246423774295384,1.1704260971811082,0.46830985915492956,0.35489287961897326,0.46830985915492956,0.3997855054857446,0.6206778731167188,-0.012616603405367188,1.8420472145080566,5.350199222564697
24,1,0.23915068391296598,1.1575863990518782,0.45774647887323944,0.3392895468584467,0.45774647887323944,0.38965285217800305,0.6332267489334115,0.0005775941348409308,1.842395822207133,5.269683811399672
24,2,0.2322775142060386,1.1771963470511966,0.4524647887323944,0.33860162217083595,0.4524647887323944,0.3850575326325306,0.5932405109575642,0.0029848386260244997,1.7795613010724385,4.994673159387377
24,3,0.22797157284286287,1.1674630178345575,0.4665492957746479,0.338175764321506,0.4665492957746479,0.3896880704805549,0.6263202414469333,-0.012087586215889123,1.747733473777771,4.873854743109809
24,4,0.24308985968430838,1.1643941733572218,0.47007042253521125,0.3574978768847057,0.47007042253521125,0.4003728251864126,0.6125100545350071,-0.01693707530991917,1.8428939117325678,5.384974506166246
25,1,0.23808586928579542,1.1495749354362488,0.4894366197183099,0.3687844975256947,0.4894366197183099,0.4183944245181232,0.6234459181917333,-0.010931910307530046,1.8373273743523493,5.252798755963643
25,2,0.23155480374892554,1.1619699663586087,0.4471830985915493,0.3320434761345853,0.4471830985915493,0.3804332170567214,0.6203119158071357,-0.010959246309284465,1.7766654557651944,5.006161212921143
25,3,0.22974919031063715,1.1782092021571264,0.43309859154929575,0.31617930237676056,0.43309859154929575,0.36326837621256247,0.6215161385603203,-0.014678561179795713,1.7549405958917406,4.908124062750074
25,4,0.24072799417707655,1.1439160075452592,0.4507042253521127,0.3455666692462467,0.4507042253521127,0.3863906872734486,0.6316426548867919,-0.003795727939124527,1.8417265150282118,5.354048980606927
26,1,0.24076824304130343,1.161678327454461,0.4647887323943662,0.3549905200433369,0.4647887323943662,0.3990476735753273,0.6053793032858993,-0.009856489277911606,1.8479104969236586,5.313997295167711
26,2,0.23059978750016955,1.1508898701932695,0.48063380281690143,0.3622896511017033,0.48063380281690143,0.4104125330351106,0.6290731393163544,0.007248695853227294,1.7775917847951253,5.0002006027433605
26,3,0.22909019887447357,1.1681449214617412,0.45422535211267606,0.33289865241871397,0.45422535211267606,0.38053259168537795,0.6058361853037915,-0.012735581791211148,1.7569804456498888,4.9096160597271385
26,4,0.24177685462766224,1.1629680858718023,0.45774647887323944,0.35726733243334396,0.45774647887323944,0.39386550261413483,0.6410632294424408,-0.0037051435891040096,1.8386207554075453,5.34459826681349
27,1,0.24189790172709358,1.1612387034628127,0.5052816901408451,0.37961074659402066,0.5052816901408451,0.4317303129096732,0.625328960188348,-0.009152616175265527,1.860379371378157,5.3525992764367
27,2,0.23244698345661163,1.1638574533992343,0.45598591549295775,0.33531765017419213,0.45598591549295775,0.3862950581888806,0.601270514055949,-0.020924007840150693,1.7847412162356906,5.031393872367011
27,3,0.22857217490673065,1.1646614306502872,0.47007042253521125,0.34660304906047346,0.47007042253521125,0.3947770639920127,0.6316987406010106,-0.0004118861333368695,1.7537285553084478,4.900411831008063
27,4,0.24314044995440376,1.149700426393085,0.4753521126760563,0.36721460879945234,0.4753521126760563,0.4073335072161363,0.6281710275718833,-0.01726027605755731,1.8497920764817133,5.421028203434414
28,1,0.2404460749692387,1.160562985473209,0.4753521126760563,0.35892047124153076,0.4753521126760563,0.40616843941912995,0.6090377598232559,0.0019285935380914943,1.8515815867318048,5.305714686711629
28,2,0.23037642323308521,1.1489985982577007,0.47183098591549294,0.35583887943042875,0.47183098591549294,0.40239446220609276,0.623466283019767,-0.001523501921917303,1.7777840958701239,4.996979938613044
28,3,0.22772728982898924,1.1533434490362804,0.4753521126760563,0.35245306739163496,0.4753521126760563,0.3993996056218338,0.6356259175052438,-0.0226977631136287,1.7503254744741652,4.89858259095086
28,4,0.24226340485943687,1.1508948935402765,0.49295774647887325,0.3755027410053268,0.49295774647887325,0.42026409445935076,0.6164057627367575,-0.003879657527180891,1.8488213618596394,5.388921525743273
29,1,0.23858780082729128,1.142682562271754,0.4876760563380282,0.37296248560545664,0.4876760563380282,0.41746728264083494,0.6145072886336869,-0.028326652205895142,1.8462855617205303,5.2855746613608465
29,2,0.23136425928937066,1.1554063823488023,0.45422535211267606,0.3442188255018398,0.45422535211267606,0.38860211587628724,0.6053876882734637,-0.02192132859451723,1.7783631417486403,5.015020940038893
29,3,0.22981993274556267,1.1701158781846364,0.45774647887323944,0.33277315407597097,0.45774647887323944,0.38377850207071884,0.6208579717883281,-0.0211003448641649,1.7579058210055034,4.929148369365269
29,4,0.24050275733073553,1.1390627953741286,0.4876760563380282,0.3799655401923738,0.4876760563380282,0.4180628846453986,0.6526430167089797,0.00012227247087759352,1.8386867377493117,5.35782523949941
30,1,0.23640246358182695,1.1258505980173747,0.4859154929577465,0.3681432588973777,0.4859154929577465,0.4166053614293751,0.649434961017364,-0.020464284885964412,1.8379442625575595,5.251916805903117
30,2,0.2313374090525839,1.156327919827567,0.4788732394366197,0.3649705141417611,0.4788732394366197,0.4077029631782872,0.6285274228263735,-0.011529876305800935,1.7793861031532288,5.011952532662286
30,3,0.2267724515663253,1.142736679977841,0.47007042253521125,0.34787108768874425,0.47007042253521125,0.3963371344714196,0.6505457772700508,-0.025712518154359154,1.7513173288769193,4.891639881663853
30,4,0.24250112887885836,1.1704030566745334,0.4630281690140845,0.3700131168410673,0.4630281690140845,0.3978989694762357,0.6295577234055975,-0.015347551675320092,1.8373930719163682,5.351148764292399
31,1,0.23917255136701795,1.1478288968404133,0.47183098591549294,0.3543350380058126,0.47183098591549294,0.40331819866567825,0.6386031341608963,-0.02245116900598232,1.84847002559238,5.29304748111301
31,2,0.22877193904585308,1.1319770680533514,0.49119718309859156,0.3736595239627768,0.49119718309859156,0.41935838242114143,0.632932234207284,0.0002857558654359993,1.7752683361371357,4.983228299352858
31,3,0.22785631401671302,1.1539779471026526,0.4823943661971831,0.35333705345466815,0.4823943661971831,0.40454343669223525,0.626479978892324,-0.027133807872055993,1.7540314727359347,4.901333040661282
31,4,0.2384376037451956,1.109793288840188,0.49295774647887325,0.3946572633077376,0.49295774647887325,0.4255597078706254,0.6591914342669835,-0.007105359119483623,1.8438497649298773,5.35728821489546
32,1,0.2399083765016662,1.152637975083457,0.5,0.38278513858734314,0.5,0.42878433991636183,0.6280627263398009,-0.005781955494343682,1.847937352127499,5.3062864144643145
32,2,0.22861099574300978,1.1166961325539484,0.48063380281690143,0.36408326341791564,0.48063380281690143,0.4110970915138023,0.6470374713248899,-0.00800552181800085,1.7832913200060527,5.013488743040297
32,3,0.22831471181578106,1.1611674427986145,0.4665492957746479,0.3488637640093197,0.4665492957746479,0.39308144149198904,0.6271344767998505,-0.007839452411755321,1.7497451835208468,4.899829440646702
32,4,0.23904117114014095,1.121249043279224,0.5070422535211268,0.40266156633045824,0.5070422535211268,0.4350205631687144,0.641350012089684,-0.003410324230605166,1.840277824136946,5.3504810730616255
33,1,0.23810938911305535,1.1387283007303874,0.477112676056338,0.3651366709398444,0.477112676056338,0.408915266404136,0.6357231642835137,-0.028411770165181593,1.841602749294705,5.278661794132656
33,2,0.22841175645589828,1.1251996126439836,0.5017605633802817,0.3797244605453232,0.5017605633802817,0.4282068856749363,0.6414022711877523,-0.0033597215189724583,1.7757996718088787,4.9870920578638716
33,3,0.23049263490570915,1.1703496774037678,0.4524647887323944,0.33227070630624467,0.4524647887323944,0.3793662383752939,0.6125099795679084,-0.005298428968421254,1.7602390580707126,4.9510670105616255
33,4,0.2406042499674691,1.1335732340812683,0.49119718309859156,0.38336952185829304,0.49119718309859156,0.42127918940550696,0.6549574032931472,-0.009951020867048133,1.843722210990058,5.37384737862481
34,1,0.23636449211173588,1.1250559157795377,0.4876760563380282,0.3705408537749624,0.4876760563380282,0.41797077055328485,0.6431440034638706,-0.015995747818676742,1.8366104894214206,5.252396954430474
34,2,0.23015143473943075,1.1369406580924988,0.46830985915492956,0.35478761899460004,0.46830985915492956,0.3994745697241424,0.6206226570524533,-0.00817998278231391,1.7835171222686768,5.01756845580207
34,3,0.226854398018784,1.1298864252037473,0.4823943661971831,0.3597389909304036,0.4823943661971831,0.40578752991219363,0.6486331130671509,-0.020271508717899067,1.7542971041467454,4.924082954724629
34,4,0.24266167316171858,1.1459054152170818,0.4735915492957746,0.35908232767222276,0.4735915492957746,0.40484869871364104,0.6558172414464196,-0.013664418070330031,1.8503283593389723,5.413739813698663
35,1,0.2399424993329578,1.1300543248653412,0.49119718309859156,0.3758515299084803,0.49119718309859156,0.42110803193498697,0.6434180689517071,-0.018860495425572887,1.8567467994160123,5.360067380799188
35,2,0.23020409709877437,1.1500233345561557,0.49295774647887325,0.3809938871717571,0.49295774647887325,0.42102620077765074,0.6260760516421221,0.007109775100381688,1.7757335835032992,4.9888501564661665
35,3,0.2283330394162072,1.139155540201399,0.4894366197183099,0.36160357082028,0.4894366197183099,0.41136769589336897,0.6489781952383673,-0.01493801152959362,1.7643002933926053,4.951767987675137
35,4,0.24167631400956047,1.1479599409633212,0.4788732394366197,0.37968289387487714,0.4788732394366197,0.41074257995830815,0.6327583317466439,-0.016252298059038495,1.8476303683386908,5.376043690575494
36,1,0.23594438367419773,1.107462402847078,0.49471830985915494,0.3847379102485534,0.49471830985915494,0.4259828369944911,0.6542028183892994,-0.021671179773973037,1.8466898136668735,5.279473039839003
36,2,0.2290458381175995,1.1287590364615123,0.4735915492957746,0.3575043411392019,0.4735915492957746,0.40486376772128096,0.6341011667350195,-0.009585611666206306,1.779254972934723,4.999804337819417
36,3,0.22740454889006084,1.1416081885496776,0.4982394366197183,0.3740039701836494,0.4982394366197183,0.41908085952100455,0.6346648687776069,-0.009445892550041357,1.7522932953304715,4.915127780702379
36,4,0.2377883435951339,1.1050883829593658,0.5035211267605634,0.3979174640967253,0.5035211267605634,0.433808006022899,0.6564092577836512,-0.00621022256729975,1.8398062189420064,5.346562531259325
37,1,0.23756275326013565,1.1134352220429315,0.4859154929577465,0.3680389165021411,0.4859154929577465,0.4168580009057658,0.6663946231984643,0.004748501716806741,1.8516975707477994,5.319473505020142
37,2,0.2295253723859787,1.1303391423490312,0.4964788732394366,0.37859602599067455,0.4964788732394366,0.42480542980102837,0.6443150815426953,-0.015004107719207127,1.7812858290142484,5.012057728237576
37,3,0.2270480775170856,1.1352640920215182,0.5,0.3734224879722089,0.5,0.4205691151037577,0.6577028947301798,-0.002169274701046442,1.760163426399231,4.917924761772156
37,4,0.23770843032333586,1.1011716789669461,0.5,0.4064570521721881,0.5,0.43180790960451976,0.6812271495665556,-0.006641418884325123,1.8371573554144964,5.352809455659655
38,1,0.23525003674957487,1.1073245339923434,0.5140845070422535,0.3951213433908656,0.5140845070422535,0.4417079758672965,0.659332589802072,0.0011198911221715901,1.8389991654290094,5.256601267390781
38,2,0.22913340313567054,1.133294814162784,0.5052816901408451,0.3857125182242553,0.5052816901408451,0.43117157659942706,0.6391616441968762,-0.012826979368383062,1.7753511336114671,4.992012090153164
38,3,0.22684678352541393,1.1385008328490787,0.48063380281690143,0.3594486614454167,0.48063380281690143,0.4038081689011325,0.6433366321381031,-0.015416039253733915,1.7544878721237183,4.903527855873108
38,4,0.24178042593929502,1.1237385703457727,0.4859154929577465,0.3752103374966782,0.4859154929577465,0.41647805595889437,0.661394845772211,-0.022918282019293468,1.85531089703242,5.436021076308356
39,1,0.23739225500159794,1.119916233751509,0.4823943661971831,0.3790316676890186,0.4823943661971831,0.4153048388563858,0.6349813980746298,-0.01574338065534664,1.8495310478740268,5.298574527104695
39,2,0.22990315324730343,1.1301583117908902,0.4859154929577465,0.379434336919381,0.4859154929577465,0.4175170412452931,0.6430795875883736,-0.016641715973175764,1.7840299871232774,5.025125622749329
39,3,0.22477886660231483,1.1148517661624484,0.5035211267605634,0.3736017476812092,0.5035211267605634,0.42410596635948755,0.6659068482022468,-0.020658739675533777,1.7503364284833272,4.889958924717373
39,4,0.23763749996821085,1.0977909631199307,0.5105633802816901,0.40369105791209847,0.5105633802816901,0.43750033041126424,0.6603937850201724,-0.01764697690371131,1.845363736152649,5.358467353714837
40,1,0.2369338936275906,1.1072964006000094,0.5088028169014085,0.40160009366987776,0.5088028169014085,0.438705353033232,0.6583200979848274,-0.0051738512601788855,1.845990518728892,5.312793400552538
40,2,0.22963850282960468,1.1382080614566803,0.4964788732394366,0.38293006474093844,0.4964788732394366,0.42504540057885887,0.6556169080589448,-0.013242375983780308,1.7778669463263617,4.997348917855157
40,3,0.22523794405990177,1.1261272264851465,0.49295774647887325,0.3643187677980451,0.49295774647887325,0.41486659758317634,0.6673769030206618,0.012874171877705787,1.7494627700911627,4.878850082556407
40,4,0.240943919453356,1.1285328302118514,0.49119718309859156,0.39165943539314785,0.49119718309859156,0.4224412548058106,0.6593779387243297,-0.008477232944103186,1.8462292949358623,5.396863248613146
41,1,0.23607061637772453,1.09819495677948,0.5299295774647887,0.40794041241153334,0.5299295774647887,0.4548093655384876,0.6746801745906446,-0.0008244038585758506,1.8495848178863525,5.3051274220148725
41,2,0.22965544627772438,1.115431159734726,0.5158450704225352,0.38929130163390113,0.5158450704225352,0.440520153440971,0.6634365674949585,-0.009006330946005336,1.7850901087125142,5.0510338809755115
41,3,0.22711917592419517,1.121542278263304,0.5158450704225352,0.39183471405715486,0.5158450704225352,0.43392361468078544,0.6474300685373217,-0.0167648010345689,1.7638455496893988,4.952416314019097
41,4,0.23740310470263162,1.0982347163889143,0.5088028169014085,0.40002381868886244,0.5088028169014085,0.4382848488719152,0.6808517780056501,-0.015915345393389124,1.841679784986708,5.349449422624376
42,1,0.23794017069869572,1.132534921169281,0.5105633802816901,0.38384130405207045,0.5105633802816901,0.43679465819517993,0.6612416939276643,-0.006589984934479487,1.842940953042772,5.287436299853855
42,2,0.22727553298075995,1.1023721761173673,0.528169014084507,0.4079240146762931,0.528169014084507,0.45275314926600013,0.6790202087682137,-0.019640382661201272,1.7750786741574605,5.002251452869839
42,3,0.22533404330412546,1.125139633814494,0.5105633802816901,0.3865178451483719,0.5105633802816901,0.43089232925833165,0.6645233577795989,-0.004138029208483607,1.7503273222181532,4.88441248734792
42,4,0.23652966486083138,1.101311915450626,0.5070422535211268,0.40196906481584743,0.5070422535211268,0.43545735330786894,0.6713862293680593,-0.004500457497656374,1.8352852529949613,5.313164843453301
43,1,0.23650819228755104,1.1128599478138819,0.522887323943662,0.39222033590431477,0.522887323943662,0.44665782524091924,0.6608177087556916,-0.026511566363094596,1.843730840418074,5.285436987876892
43,2,0.23000648121039072,1.1221181088023715,0.49119718309859156,0.3768939691487667,0.49119718309859156,0.4202286701672895,0.6478189626501618,-0.0037388395480879577,1.7891275154219732,5.047079960505168
43,3,0.22653719948397744,1.1240498854054346,0.5052816901408451,0.3805626901627741,0.5052816901408451,0.42515619481446704,0.6556091198131684,-0.022007730571535156,1.7612882124053106,4.927029583189222
43,4,0.23832979715532726,1.113985300064087,0.49119718309859156,0.3846774853966942,0.49119718309859156,0.42116274450673274,0.6649362608364806,0.0026576174915181605,1.8356486625141568,5.343695322672526
44,1,0.2371567404932446,1.1220013664828405,0.5070422535211268,0.3851950829115118,0.5070422535211268,0.4341103180166974,0.6456400791372121,-0.02519449005373864,1.843469626373715,5.285749514897664
44,2,0.22843768199284872,1.1131558550728693,0.5088028169014085,0.39088101578879547,0.5088028169014085,0.4354054411742414,0.6458747744191657,-0.01447910372527228,1.7788740595181782,5.015761057535808
44,3,0.2227002444366614,1.0903789103031158,0.5246478873239436,0.38552606072440265,0.5246478873239436,0.4412326384439297,0.69514059368957,-0.013419745812484063,1.7504232227802277,4.877623584535387
44,4,0.23902407040198645,1.1026967465877533,0.522887323943662,0.39644858492098256,0.522887323943662,0.44583616877983073,0.6663874848687251,-0.015274124425274982,1.8488980068100824,5.392925553851658
45,1,0.23501733856068718,1.103799558348126,0.5123239436619719,0.3982047263254323,0.5123239436619719,0.4407877079823022,0.668995836443317,-0.019610076283270717,1.8404065834151373,5.256786571608649
45,2,0.22724042584498724,1.095567050907347,0.5088028169014085,0.38705219900872073,0.5088028169014085,0.4350613151391861,0.6575386753668779,-0.015701313246692106,1.782339632511139,5.016810973485311
45,3,0.22381393859783807,1.093019899394777,0.5140845070422535,0.3853928597930151,0.5140845070422535,0.4335801462155998,0.6760113827252765,-0.018161705706134734,1.750802026854621,4.908668147193061
45,4,0.23542914787928262,1.0881962312592401,0.528169014084507,0.4177099450316512,0.528169014084507,0.4541260720573703,0.6849044234604567,-0.007717009127406804,1.8329413334528606,5.307005312707689
46,1,0.23658334215482077,1.0938096278243594,0.5334507042253521,0.40424838154055037,0.5334507042253521,0.4567743886632679,0.6587016660289855,-0.027644813662843992,1.8498019774754841,5.332302782270643
46,2,0.22778552770614624,1.0968846943643358,0.5176056338028169,0.3928590321979957,0.5176056338028169,0.4424838351015956,0.6787795509496637,0.002710731622182161,1.7827053003840976,5.0320380793677435
46,3,0.22536310801903406,1.1008691589037578,0.4982394366197183,0.371994917983759,0.4982394366197183,0.41959964062760857,0.6759412213450253,-0.016942791558019588,1.764093319574992,4.941937287648519
46,4,0.24278800189495087,1.1082219812605116,0.4894366197183099,0.39630618573828286,0.4894366197183099,0.42329454939640776,0.687822930641866,-0.02576406373723983,1.862510667906867,5.5056831041971845
47,1,0.2373962112598949,1.100727422369851,0.5158450704225352,0.39674217951874396,0.5158450704225352,0.443395788694674,0.6708258748636976,-0.020203557736809596,1.8519463141759236,5.34327495098114
47,2,0.23099435451957914,1.1326550775104098,0.49295774647887325,0.37621216017911985,0.49295774647887325,0.4209603613240625,0.6594560428623923,-0.0183838150467468,1.7843724489212036,5.05550660027398
47,3,0.2247962181766828,1.0892333620124393,0.5246478873239436,0.38756972031619924,0.5246478873239436,0.4412615835770121,0.6771420723147415,-0.0310718095394098,1.7582413421736822,4.950388815667894
47,4,0.23612254195743138,1.089748306406869,0.4964788732394366,0.39150636578089226,0.4964788732394366,0.4266710336646746,0.6723647297943438,-0.009234654026702538,1.835398515065511,5.326762027210659
48,1,0.2345002227359348,1.0849477052688599,0.5264084507042254,0.4019414564308931,0.5264084507042254,0.4518779342723004,0.6775840782300679,-0.01940809377239683,1.8427599800957575,5.283686916033427
48,2,0.23070024450620016,1.1118434998724196,0.5123239436619719,0.38669257360278586,0.5123239436619719,0.4372780639883255,0.6542949832294829,-0.017108281545717974,1.78726945983039,5.09387927585178
48,3,0.22634266316890717,1.1049777103794947,0.5052816901408451,0.37833667097472895,0.5052816901408451,0.42544727980498137,0.6714074120047957,-0.029565403058038786,1.7616015871365864,4.964880453215705
48,4,0.23798802329434288,1.10682013630867,0.5158450704225352,0.4013790747690989,0.5158450704225352,0.44161550549657874,0.6849201068213454,-0.009622775559019914,1.8403402368227642,5.348952651023865
49,1,0.23710263851616117,1.124446428484387,0.5052816901408451,0.384155736853337,0.5052816901408451,0.4332168029529255,0.6627788474355568,-0.008696660284742253,1.8402888377507527,5.27816805574629
49,2,0.22667315933439466,1.1027227540810902,0.5211267605633803,0.3920446695509411,0.5211267605633803,0.44460923064569485,0.6793166966558498,-0.022259107490472774,1.7741655111312866,4.981212695439656
49,3,0.22397589849101174,1.0869752301110163,0.5158450704225352,0.3923385112865747,0.5158450704225352,0.4358057963279545,0.6816873993612387,-0.030620558394206077,1.7552404933505588,4.9281224144829645
49,4,0.23708395411570868,1.0864288144641452,0.5246478873239436,0.4184942503860371,0.5246478873239436,0.4516236078241516,0.6757160987064927,-0.010817981593074455,1.8402498828040228,5.366088787714641
50,1,0.23355191614892748,1.0780470603042178,0.5246478873239436,0.3979202790063753,0.5246478873239436,0.44932725123376066,0.6826584369607172,-0.005635492597527936,1.8430267108811274,5.268089360660976
50,2,0.22724189360936484,1.0880787869294484,0.5176056338028169,0.38990975945404976,0.5176056338028169,0.44127675247552406,0.6840585718546737,-0.014063824481542975,1.7805259161525302,5.034454517894321
50,3,0.22264120313856336,1.0839454862806532,0.5070422535211268,0.38470503475165285,0.5070422535211268,0.4289422296511201,0.6886580017975557,-0.010899790840334322,1.7460924188296,4.890655318895976
50,4,0.2385992407798767,1.1010506980948978,0.5,0.3911018566986974,0.5,0.4286561958021036,0.680116325832056,-0.02255108839933828,1.838891605536143,5.382716708713108
51,1,0.232742072807418,1.0614161988099415,0.5264084507042254,0.39374790409121396,0.5264084507042254,0.44959261415967394,0.6947436156047833,-0.025052746360055833,1.8462711705101862,5.279827290111118
51,2,0.22835685312747955,1.1019563145107694,0.5176056338028169,0.3903707290178771,0.5176056338028169,0.44185846788045346,0.6705251758993217,-0.019548894979553477,1.7831804288758173,5.038961066140069
51,3,0.2246924332446522,1.0798246165116627,0.5070422535211268,0.3789403085177733,0.5070422535211268,0.4274532454293133,0.6920978625333498,-0.016457381209860733,1.7653608388370938,4.968551476796468
51,4,0.2382825861374537,1.0870323644744024,0.5123239436619719,0.4003642031870694,0.5123239436619719,0.4402169252151655,0.6852660737771468,-0.013103097048732915,1.8464179966184828,5.404557678434584
52,1,0.23330243842469323,1.0571438372135162,0.5264084507042254,0.40082591570344916,0.5264084507042254,0.45187057961450794,0.6997149797826117,-0.019591965009499335,1.848858614762624,5.3083986971113415
52,2,0.22648451973994574,1.0824879076745775,0.5211267605633803,0.392999177186498,0.5211267605633803,0.44456792810070367,0.6837382456851149,-0.02304912968252526,1.782428052690294,5.0217921998765735
52,3,0.22537547681066725,1.1111379497581058,0.5017605633802817,0.37152926303957695,0.5017605633802817,0.4224348687412245,0.6842509837147801,-0.017846803355573426,1.7598574956258137,4.918218652407329
52,4,0.2389617164929708,1.105964461962382,0.4982394366197183,0.3855339105339105,0.4982394366197183,0.42817813192802434,0.6773237076216659,-0.016115175824035877,1.841971046394772,5.383224169413249
53,1,0.23183971643447876,1.0579089754157596,0.5492957746478874,0.41780304387819706,0.5492957746478874,0.47077509030168724,0.6969930364124932,-0.014772114458164287,1.8418925139639113,5.257906357447307
53,2,0.2270202553934521,1.1025321980317433,0.5105633802816901,0.3837399513641384,0.5105633802816901,0.43572184757112264,0.6711054811490875,-0.010473312852776306,1.7749273313416376,4.992976639005873
53,3,0.22347224172618654,1.074402802520328,0.5176056338028169,0.38185414180896843,0.5176056338028169,0.4359058200568495,0.6948223323241085,-0.01826979508076554,1.7596485217412312,4.940611720085144
53,4,0.2360534676247173,1.065814346075058,0.5070422535211268,0.39046071150812794,0.5070422535211268,0.4346924725542665,0.6973673277338683,0.008532630260202012,1.8462787138091192,5.379924774169922
54,1,0.23183870977825588,1.0531093213293288,0.551056338028169,0.419221045809072,0.551056338028169,0.47278267188644946,0.6969844085002384,-0.013439158278374608,1.840627133846283,5.268988264931573
54,2,0.22714191426833472,1.0992033084233601,0.5088028169014085,0.3859150861568851,0.5088028169014085,0.43414897863558016,0.6669512351662553,-0.02452109604905095,1.7792107794019911,5.004943781428867
54,3,0.2231170137723287,1.0826951993836298,0.5211267605633803,0.3900847614422165,0.5211267605633803,0.4397369492685308,0.6800173254709476,-0.021640633106184914,1.755422314008077,4.908999549018012
54,4,0.2376192601190673,1.0790921449661255,0.5193661971830986,0.4143513973188705,0.5193661971830986,0.44810414713622554,0.6855753532098073,-0.007323565302182589,1.84797031349606,5.401001267962986
55,1,0.23566427412960264,1.0852798620859783,0.5211267605633803,0.3951513393060326,0.5211267605633803,0.4468923492902211,0.6928786476314481,-0.010211953612830671,1.8545945154296026,5.321591046121386
55,2,0.22593187457985348,1.0775146351920233,0.5404929577464789,0.4124028551165562,0.5404929577464789,0.46314932902107603,0.7014856865097008,-0.008989795814961177,1.779414998160468,5.015323983298408
55,3,0.2236670586797926,1.0972002380424075,0.5211267605633803,0.38163471364464385,0.5211267605633803,0.4371706154724363,0.6840184002749989,-0.018379311883382154,1.7533051371574402,4.89382188849979
55,4,0.23910842504766253,1.0792973339557648,0.5475352112676056,0.42181738860837986,0.5475352112676056,0.46864859735105097,0.6924360965994305,-0.018855630741715368,1.8595767550998263,5.450419743855794
56,1,0.2344108886188931,1.0856641365422144,0.5334507042253521,0.4057045837365158,0.5334507042253521,0.4571644581997078,0.6863012598109499,-0.008456101358002233,1.841837187608083,5.278805216153462
56,2,0.22543778353267246,1.0631316536002688,0.5404929577464789,0.4015866201025026,0.5404929577464789,0.4595250701404989,0.6960232317538284,-0.012383700739208914,1.7827078501383464,5.032350831561619
56,3,0.22191256284713745,1.071480158302519,0.522887323943662,0.3845322438664243,0.522887323943662,0.43938869314647044,0.6949241461993669,-0.005884859074470894,1.7514744732115004,4.895420630772908
56,4,0.236175043715371,1.0800442496935527,0.5070422535211268,0.3945194252978754,0.5070422535211268,0.43677446207186926,0.6973388987039244,-0.003129007332162592,1.8381504085328844,5.350820263226827
57,1,0.23418449030982125,1.0690893961323633,0.5193661971830986,0.39224190530961195,0.5193661971830986,0.44516090127897157,0.693227532345971,-0.006145040513922062,1.8450777067078485,5.309815963109334
57,2,0.22701220462719598,1.0916971895429823,0.522887323943662,0.40294518339566376,0.522887323943662,0.44847349202427034,0.6917101855644373,-0.014004662288065184,1.7785433928171794,5.018233352237278
57,3,0.22574140628178915,1.085539483361774,0.5123239436619719,0.3777821133232765,0.5123239436619719,0.4309018256774923,0.6886038975829996,-0.021187765101541745,1.7746448914210002,4.989887343512641
57,4,0.23623028645912805,1.0782323115401797,0.5211267605633803,0.6038546674367975,0.5211267605633803,0.45010013005300503,0.6971655896726537,-0.013882980296364478,1.8397632572386,5.356869406170315
58,1,0.23264763255914053,1.0601615640852187,0.5352112676056338,0.40278220273488635,0.5352112676056338,0.4582801166293414,0.7120282838753325,-0.008692522716853945,1.8449488547113206,5.279588063557942
58,2,0.22310315072536469,1.066872901386685,0.5369718309859155,0.6065524711799268,0.5369718309859155,0.4605711500515543,0.6994611279939931,-0.015406885570423023,1.765908333990309,4.9455845091078015
58,3,0.2240585775838958,1.0866997440656025,0.5070422535211268,0.5895882030146087,0.5070422535211268,0.4334742497680013,0.6882424709020644,-0.019190547712296224,1.7641863293117948,4.931135535240173
58,4,0.23499397188425064,1.0542665554417505,0.5264084507042254,0.41420962620875346,0.5264084507042254,0.45278679061296545,0.7055196557008496,-0.021502986343163943,1.8412541879547968,5.371503114700317
59,1,0.23690323448843426,1.0897772047254775,0.522887323943662,0.39827243339768,0.522887323943662,0.44826576886684644,0.6850517291020386,-0.023261952042699763,1.8538443446159363,5.351922631263733
59,2,0.22514387220144272,1.0732967853546143,0.5070422535211268,0.37908133879291883,0.5070422535211268,0.43202339034205234,0.6934492573952112,-0.011239145490084645,1.7754695415496826,4.998691254191929
59,3,0.222586656610171,1.0846740040514204,0.5035211267605634,0.48348873533431524,0.5035211267605634,0.4276079646586525,0.7074763779531211,0.012470759083190508,1.753029015329149,4.886871523327297
59,4,0.23260339183939827,1.0364533265431721,0.5422535211267606,0.5334027287361666,0.5422535211267606,0.47137100660428255,0.7312236512908168,-0.016608529856353416,1.8387149175008137,5.333157367176479
60,1,0.2328975349664688,1.0757696661684248,0.5211267605633803,0.45568156747502564,0.5211267605633803,0.4486263394533715,0.6988133869540907,-0.0014338669326896536,1.8379414081573486,5.2511532174216375
60,2,0.2290192445119222,1.0987467467784882,0.5052816901408451,0.39102505316441066,0.5052816901408451,0.4330729890438238,0.685264849265429,-0.031372687420549106,1.7928863565127056,5.068319704797533
60,3,0.22332376572820875,1.071971721119351,0.5299295774647887,0.4983405158530287,0.5299295774647887,0.4575323568247696,0.7152111089835151,-0.036008624383177645,1.7619850039482117,4.941013640827602
60,4,0.23398080468177795,1.0542561345630221,0.5176056338028169,0.3952530622001594,0.5176056338028169,0.4433785432258825,0.7124743857142073,-0.011209282624804917,1.8376225497987535,5.337872293260363
61,1,0.23322332898775736,1.0699901978174846,0.5387323943661971,0.4029308452537804,0.5387323943661971,0.45986051706758935,0.7011519086954702,-0.02075224244286966,1.8415588008032904,5.2757176293267145
61,2,0.22590380410353342,1.0835326512654622,0.5299295774647887,0.4028656276442089,0.5299295774647887,0.4532883831917122,0.685177421137001,-0.02364174036819522,1.7754565742280748,5.0002097023857965
61,3,0.22279289695951673,1.0681094759040408,0.528169014084507,0.3872152122313514,0.528169014084507,0.44390448802425536,0.7100139253417349,-0.015075857430256745,1.7579436169730291,4.932591610484653
61,4,0.23337907012965944,1.0428262650966644,0.5404929577464789,0.4893833880713814,0.5404929577464789,0.4692132294781818,0.7211857940309674,-0.006030176008006816,1.842856188615163,5.34421439965566
62,1,0.23220694065093994,1.0484633081489139,0.551056338028169,0.41525442739255664,0.551056338028169,0.47175538496203157,0.699168528506391,-0.017624155436431588,1.8418355517917209,5.291851083437602
62,2,0.2225392742289437,1.0343143277698092,0.5492957746478874,0.41494044297271426,0.5492957746478874,0.46875488786766084,0.7202774771006452,-0.004980245863245081,1.7802680201000638,5.002681891123454
62,3,0.22186489734384748,1.0638405978679657,0.5193661971830986,0.4676528258555276,0.5193661971830986,0.44612409828454397,0.7080850102452222,-0.014545769469635816,1.7553301321135626,4.911347733603583
62,4,0.23444307098786035,1.0602210727002885,0.5140845070422535,0.4565778553327407,0.5140845070422535,0.4557895249733874,0.6980231339376215,-0.015405482288478378,1.8363650573624506,5.339139077398512
63,1,0.23300886236959034,1.05101963546541,0.5352112676056338,0.44091537937301223,0.5352112676056338,0.46612641559789836,0.7192998729142807,-0.007454171433231016,1.850195202562544,5.312853217124939
63,2,0.22383988317516115,1.0622796316941578,0.5404929577464789,0.5275174928714589,0.5404929577464789,0.4685437925994904,0.6999538444652167,-0.013400917808703783,1.774269097381168,4.9810129801432295
63,3,0.21927859054671395,1.0434520873758528,0.5387323943661971,0.507702701096902,0.5387323943661971,0.45921353052179903,0.7186730623027946,-0.02235345709618919,1.7471535868114896,4.872929520077175
63,4,0.23328925006919438,1.0420971115430195,0.5299295774647887,0.5630208333333334,0.5299295774647887,0.4626962199591323,0.7240734810705574,-0.005931753966580411,1.8387467463811238,5.342836764123705
64,1,0.23419844028022554,1.0625565383169386,0.5440140845070423,0.4914064093419027,0.5440140845070423,0.47209920128752525,0.7078334401703061,-0.03653927266544077,1.8543705609109666,5.3256104124916925
64,2,0.22339832451608446,1.0424108770158556,0.5352112676056338,0.4671435832884971,0.5352112676056338,0.46175320151565946,0.7236599990350148,-0.017685934570286888,1.7799920174810622,5.0124251577589245
64,3,0.22151585419972739,1.064883182446162,0.5422535211267606,0.5437234239484545,0.5422535211267606,0.4706981995464246,0.7129947464752322,-0.022433005023193564,1.7485282023747761,4.897219114833408
64,4,0.23525113198492262,1.0466377370887332,0.5387323943661971,0.5257375452001318,0.5387323943661971,0.47823286641253343,0.7295827809438507,-0.01284506892251791,1.8463735381762187,5.39788360065884
65,1,0.23390534354580772,1.053130179643631,0.5475352112676056,0.485155834264899,0.5475352112676056,0.4809532059266078,0.7060887477623937,-0.01866543345823013,1.8518364628156025,5.337828556696574
65,2,0.22460274563895333,1.0577625433603923,0.5176056338028169,0.4691232726003853,0.5176056338028169,0.451793668374904,0.7145061978708045,-0.012610598679743568,1.7826362914509244,5.016713831159803
65,3,0.22156633105542925,1.0598408314916823,0.5334507042253521,0.48727118810423525,0.5334507042253521,0.4569507310099804,0.721317447118245,-0.010065653778140948,1.7609636584917705,4.9106717771954
65,4,0.23411641187138027,1.051444987456004,0.5316901408450704,0.4895234502251605,0.5316901408450704,0.46560939737113055,0.721634372504405,-0.0019583428848235496,1.8409032093154059,5.34863297144572
66,1,0.23179270327091217,1.030131025446786,0.5757042253521126,0.5000384901470034,0.5757042253521126,0.5015506291659113,0.714107303203985,-0.014012091450351871,1.8504155344433255,5.321015410953098
66,2,0.2246562656429079,1.0681269665559132,0.5387323943661971,0.47108110897131683,0.5387323943661971,0.4623044262959024,0.6946566605149355,-0.014398003016487193,1.7750042743153043,4.994160254796346
66,3,0.2206689698828591,1.0494337843524084,0.5528169014084507,0.5193652466129449,0.5528169014084507,0.47827349880079134,0.722462799561066,-0.006920194044321537,1.7517831722895305,4.905146029260424
66,4,0.2361027573545774,1.0659770667552948,0.528169014084507,0.49192920713083116,0.528169014084507,0.4708749684931085,0.7117387531151171,-0.003512223929373892,1.8501996199289958,5.380993790096706
67,1,0.23192876825730005,1.0495479206244152,0.545774647887324,0.47068692784284527,0.545774647887324,0.4744580700012037,0.7217066235239271,-0.01866466803701372,1.8464415868123372,5.280183580186632
67,2,0.22411908954381943,1.0577410360177357,0.5264084507042254,0.45189131584378067,0.5264084507042254,0.4613867065269543,0.7010416739919003,-0.01596348608009457,1.7759043309423659,5.000706301795112
67,3,0.22153128352430132,1.07772300640742,0.522887323943662,0.4458517223248996,0.522887323943662,0.44713507251721196,0.7018404046446362,-0.0037783160983002606,1.7459664278560214,4.867982546488444
67,4,0.23620396686924827,1.0685073071055942,0.5264084507042254,0.4693222880439528,0.5264084507042254,0.46870764840075435,0.712134526059574,-0.007550400276662206,1.8413943780793085,5.378374735514323
68,1,0.23125222822030386,1.0155270662572649,0.5616197183098591,0.4747861819993516,0.5616197183098591,0.4880985596218882,0.7245926212573138,-0.015019242542084754,1.8584508498509724,5.336929188834296
68,2,0.22402075512541664,1.0381440321604412,0.551056338028169,0.4102983197356148,0.551056338028169,0.4693147245756697,0.7129327236012484,-0.012390657071606581,1.7888614866468642,5.042837156189813
68,3,0.22047282258669534,1.057971606651942,0.5299295774647887,0.5148224958317074,0.5299295774647887,0.4519662716815104,0.7231166666864403,-0.009069530085637822,1.7481871313518949,4.878408326043023
68,4,0.23354709976249272,1.0433918171458774,0.5316901408450704,0.5006588443705712,0.5316901408450704,0.47639205605251406,0.7311116941820339,-0.022053698731758997,1.8378894991344876,5.348143272929722
69,1,0.23123813503318363,1.0371140076054468,0.551056338028169,0.48476754688716234,0.551056338028169,0.4851318221984978,0.7158291745110974,-0.021587719195449218,1.8416855136553447,5.286203092998928
69,2,0.22480611420340008,1.0599605076842837,0.5545774647887324,0.5524843654804142,0.5545774647887324,0.48321173066735396,0.7128704099776277,-0.027997780879916556,1.7828271322780185,5.018343554602729
69,3,0.21969467567072976,1.0281344850858052,0.5475352112676056,0.5336667826225105,0.5475352112676056,0.48479051705745,0.7238359799520468,-0.005403609858587899,1.7547480000389948,4.922055668301052
69,4,0.23358350329928929,1.0206824739774067,0.5704225352112676,0.512250029795616,0.5704225352112676,0.5193615195738598,0.7336567766204816,-0.008782145465331403,1.8499281538857355,5.402556604809231
70,1,0.23282610376675925,1.0559882753425174,0.5299295774647887,0.46196307411215715,0.5299295774647887,0.46956841167392804,0.7121406392864595,-0.018919843062365382,1.849827183617486,5.294695854187012
70,2,0.2226872535215484,1.0234419173664517,0.5492957746478874,0.4802881213633693,0.5492957746478874,0.4770986844845624,0.7306358106757433,-0.014167118843198434,1.7820660538143582,5.032704167895847
70,3,0.22041476435131496,1.0394245319896274,0.5686619718309859,0.49482906773513535,0.5686619718309859,0.488546122869313,0.7255956276653754,-0.01599118966881341,1.7566537989510431,4.91971853044298
70,4,0.2341142553422186,1.0371445914109547,0.5440140845070423,0.49682434984766216,0.5440140845070423,0.4934228575047535,0.717399621467983,-0.018818749829920378,1.8450804948806763,5.381698846817017
71,1,0.22945319530036715,1.033009969525867,0.5528169014084507,0.4847046339650255,0.5528169014084507,0.4832844874030568,0.7271530440570422,-0.006780746206181076,1.8403956890106201,5.236101071039836
71,2,0.21914310339424345,0.9973368777169122,0.5704225352112676,0.5232223445779783,0.5704225352112676,0.4988770322307494,0.7516810981831807,-0.0025812597632739465,1.7741823858684964,4.97513571050432
71,3,0.2197003952331013,1.02185438407792,0.5369718309859155,0.4933693063325609,0.5369718309859155,0.4724661346364537,0.7439988643205767,-0.022381311866561227,1.7610494361983404,4.936764849556817
71,4,0.23300094819731182,1.0406940016481612,0.5123239436619719,0.46441545404445783,0.5123239436619719,0.4651155935730384,0.7193343164606203,-0.015467358534805964,1.8390022582477994,5.336079133881463
72,1,0.23510934909184775,1.0656607614623175,0.522887323943662,0.4282051357969131,0.522887323943662,0.45864254173305935,0.7030947339774707,-0.011805504417272905,1.8567353420787387,5.348323490884569
72,2,0.22355448951323828,1.0159638027350109,0.5422535211267606,0.4967676872590762,0.5422535211267606,0.47341394564988415,0.7150234232875967,-0.02941489747796111,1.7931912144025166,5.079007811016506
72,3,0.21947073025835884,1.0474707782268524,0.5387323943661971,0.4969741278084856,0.5387323943661971,0.47617989654550047,0.7330713650566034,-0.005594837454971913,1.7442074086931016,4.869510571161906
72,4,0.23542071878910065,1.0456379883819156,0.522887323943662,0.47574558675512224,0.522887323943662,0.4702939763212525,0.7189861293760929,-0.017379412089829627,1.8495934406916301,5.405415561464098
73,1,0.23294278813732994,1.0356127586629655,0.5563380281690141,0.49785792003977275,0.5563380281690141,0.4955326817829853,0.7270873080482314,-0.03093136648907091,1.8631829354498122,5.346182319853041
73,2,0.22197450366285112,1.017153928677241,0.5545774647887324,0.4773039166102701,0.5545774647887324,0.4888109693327475,0.7332524128356359,-0.019378871473852533,1.7836135029792786,5.023651997248332
73,3,0.22441473189327452,1.0656068126360576,0.5475352112676056,0.5136372097615569,0.5475352112676056,0.47435262292519614,0.712881615374416,-0.030790612675822615,1.7677868339750502,4.991910285419888
73,4,0.23462810864051184,1.035070217318005,0.5352112676056338,0.49503551481301605,0.5352112676056338,0.49229086425047436,0.7197203316684746,-0.012332398863560856,1.848806016974979,5.403710166613261
74,1,0.2293152982989947,1.0053295095761616,0.545774647887324,0.47895425718732293,0.545774647887324,0.4883547619238079,0.741523043015121,-0.002070408923446454,1.8422380884488423,5.296095477210151
74,2,0.22096499717897838,1.0097523066732619,0.5598591549295775,0.512719041104814,0.5598591549295775,0.49370417013325046,0.7394422524800537,-0.010296625368325873,1.7751973668734233,5.007092886500889
74,3,0.21745766864882576,1.0038400226169162,0.5633802816901409,0.506907664998254,0.5633802816901409,0.4967934908849543,0.7451359942883877,-0.007114580248500646,1.7511588003900316,4.903803997569614
74,4,0.23424243844217724,1.0269879036479526,0.528169014084507,0.4653126370680832,0.528169014084507,0.4816610165542469,0.7285307332472415,-0.03132168270835334,1.8484594755702548,5.40918833679623
75,1,0.23044908708996242,1.0218774676322937,0.545774647887324,0.4789742807488269,0.545774647887324,0.4841888020379043,0.7361633957716782,0.002667283279063404,1.8446838127242193,5.294914881388347
75,2,0.22207143985562855,1.0212031933996413,0.551056338028169,0.4947822332468938,0.551056338028169,0.48630394668061216,0.7174039689349024,-0.01935782075059378,1.782317300637563,5.017388741175334
75,3,0.21972769829961988,1.023202853070365,0.5651408450704225,0.5185172268428383,0.5651408450704225,0.5057641956568978,0.738918867334518,-0.03699173385346177,1.758693728182051,4.934837963845995
75,4,0.23269061661428875,1.002578592962689,0.5492957746478874,0.4834718753012309,0.5492957746478874,0.4920971964664086,0.7379669979046667,-0.018440521607814064,1.8485020862685309,5.414595418506199
76,1,0.2330068035258187,1.0719799829853907,0.5334507042253521,0.4391561318879444,0.5334507042253521,0.46613210684521855,0.692116357954194,-0.004019209490297104,1.8382423387633429,5.2631325589285956
76,2,0.2228059470653534,1.0190994342168171,0.551056338028169,0.46214828938920827,0.551056338028169,0.4809803878684573,0.7295574981160884,-0.025249322800079632,1.7907326486375597,5.046592195828755
76,3,0.2200916608174642,1.0335601170857747,0.5404929577464789,0.4658202840229784,0.5404929577464789,0.4686692446579703,0.7368103038666329,-0.01564456302072159,1.7601287828551397,4.922478371196323
76,4,0.23555025458335876,1.0351324942376878,0.5492957746478874,0.5060888564202002,0.5492957746478874,0.4985319611210397,0.7221149211637581,-0.021124638905210436,1.8573886685901217,5.434119595421685
77,1,0.22904896487792334,1.0127938720915053,0.545774647887324,0.491301852838019,0.545774647887324,0.4818398211011506,0.7320151779371729,0.007772972776244669,1.8418299290868971,5.269807285732693
77,2,0.22118368248144785,0.9942949612935384,0.5563380281690141,0.4920569137257002,0.5563380281690141,0.49729162525020776,0.7499058886964758,-0.009197114434115639,1.7845500244034662,5.0504823790656195
77,3,0.2173136385778586,1.0090577370590634,0.5545774647887324,0.5145186758270109,0.5545774647887324,0.4941271048450592,0.7445024940940198,-0.018491162172893816,1.752574410703447,4.886985540390015
77,4,0.233444949818982,1.041844391160541,0.5440140845070423,0.5055656907954906,0.5440140845070423,0.4974077984389856,0.7319437819681972,-0.014357911797568512,1.8402632541126676,5.347863607936436
78,1,0.22938912527428734,1.000148703654607,0.5580985915492958,0.4980186990175953,0.5580985915492958,0.5056686970739969,0.7509210956086481,-0.0001876575026358296,1.8494365281528897,5.310099482536316
78,2,0.22485378550158608,1.0328551001018949,0.5369718309859155,0.5009719597963576,0.5369718309859155,0.4767161073227636,0.7169066725450257,-0.024283244051197528,1.790789458486769,5.082802520857917
78,3,0.2206472646858957,1.0124784873591528,0.5598591549295775,0.48843743597581796,0.5598591549295775,0.5033980416768583,0.726464101358833,-0.03841662527357248,1.7762356069352891,4.989777353074816
78,4,0.22899927447239557,0.9902906484074063,0.579225352112676,0.530758976044247,0.579225352112676,0.5316652692572222,0.7617219747586755,-0.006952992934547986,1.8380592664082844,5.320033020443386
79,1,0.22960442552963892,0.9995159606138865,0.573943661971831,0.508431360696367,0.573943661971831,0.5203471281408961,0.7549172787293529,-0.017887357736346754,1.8504072957568698,5.318771958351135
79,2,0.225552745991283,1.0446601741843753,0.5528169014084507,0.5149075772103429,0.5528169014084507,0.48568021029402214,0.7217978096426405,-0.026809552373978862,1.7901363770167034,5.07833809322781
79,3,0.21829197141859266,1.0306700302494898,0.551056338028169,0.512467080947849,0.551056338028169,0.5060545299044114,0.7373860120008979,-0.027122585851561576,1.7463608582814534,4.868675642543369
79,4,0.23165686262978447,1.0236293839083777,0.5440140845070423,0.5067400718316674,0.5440140845070423,0.49926930969526656,0.7284356249188644,-0.0054523993798849535,1.8376092778311834,5.330762479040358
80,1,0.22756406333711413,0.9989964332845476,0.579225352112676,0.5093963173628666,0.579225352112676,0.5197647456753122,0.742513367841793,-0.02826309037017971,1.8373971051639981,5.2518859836790295
80,2,0.22207536962297228,1.0322006940841675,0.5580985915492958,0.492068288046526,0.5580985915492958,0.5068161283842704,0.7201194861251723,-0.006488150054918984,1.776506569650438,4.991739551226298
80,3,0.21914562417401207,1.0087410079108343,0.5352112676056338,0.4689262713030319,0.5352112676056338,0.47753047414096544,0.740083711452796,-0.030300054254214448,1.7653949922985501,4.948641949229771
80,4,0.23355461574263042,1.0174667073620691,0.5669014084507042,0.5203543612113006,0.5669014084507042,0.5229103887548471,0.7408300788450668,-0.042653144796233056,1.848772042327457,5.40838270717197
81,1,0.22857828603850472,0.9905804958608415,0.5686619718309859,0.5035440231162874,0.5686619718309859,0.520117533792755,0.7508063626028642,-0.029290715227800135,1.8490740458170574,5.305160363515218
81,2,0.22140212025907305,1.0293692813979254,0.5598591549295775,0.49337706985154167,0.5598591549295775,0.4948464020748918,0.7305975615873759,-0.007193184243639905,1.774417671892378,4.975129101011488
81,3,0.21716623339388105,1.0002887050310771,0.5721830985915493,0.5259870115276712,0.5721830985915493,0.5062961746216241,0.7523844117621235,-0.010167885660800069,1.7556927535268996,4.902393460273743
81,4,0.22918071349461874,0.976830886469947,0.5616197183098591,0.5126279825335983,0.5616197183098591,0.5120999285185869,0.7532608746407742,-0.0018224573472052086,1.8394088480207655,5.357559270328945
82,1,0.230878959927294,1.0249578853448231,0.5492957746478874,0.48231154050310204,0.5492957746478874,0.4989967630876672,0.7354535729159085,-0.0001530627539996221,1.8462381694051955,5.301744129922655
82,2,0.21914121674166787,0.9913335641225179,0.579225352112676,0.5295400794095548,0.579225352112676,0.5155644792470929,0.7451051113307297,-0.01733035324389376,1.7767050663630168,4.988797214296129
82,3,0.22244080901145935,1.0530877974298265,0.5334507042253521,0.45698725526966355,0.5334507042253521,0.4712423353089003,0.7229242881220206,-0.016160763398922917,1.7681658996476068,4.955472919676039
82,4,0.23125749909215504,0.9848133590486314,0.5757042253521126,0.5277504347978473,0.5757042253521126,0.5316383095851932,0.7551399723854795,-0.004047569178081245,1.856011192003886,5.408369726604885
83,1,0.228301878604624,0.999159637424681,0.5633802816901409,0.5079587887043541,0.5633802816901409,0.5156574366835935,0.7383419458554052,-0.011873787704389738,1.8335544599427118,5.276006711853875
83,2,0.2203183968861898,1.0096700257725186,0.5633802816901409,0.4754687253672068,0.5633802816901409,0.4960886768277596,0.733577665740587,-0.0010017587118156257,1.772406796614329,4.985621584786309
83,3,0.21939826094441944,1.020756655269199,0.5598591549295775,0.5063378522885564,0.5598591549295775,0.5091917574212719,0.7412680642797445,-0.007912950718468093,1.7589110136032104,4.928940481609768
83,4,0.23097115010023117,1.006603740983539,0.545774647887324,0.5013667077872234,0.545774647887324,0.5140421087325159,0.7450143443254456,-0.020243394588988606,1.8382231725586786,5.347947385576036
84,1,0.22951398375961515,1.0165632267793019,0.5704225352112676,0.489113329343198,0.5704225352112676,0.5038651892406968,0.7352465194927218,-0.004161904723377852,1.845666726430257,5.275696423318651
84,2,0.2182966387934155,0.9731888605488671,0.5721830985915493,0.5204685873214636,0.5721830985915493,0.5131707219413021,0.7561809109942106,-0.01247304434079477,1.778136670589447,5.003278480635749
84,3,0.21918414367569816,1.0034604138798184,0.5404929577464789,0.48207639635706967,0.5404929577464789,0.48245893216345737,0.7546183560060519,-0.03184889271539282,1.7679061227374606,4.96213252014584
84,4,0.23161434878905615,1.01664024260309,0.5475352112676056,0.49672168815361295,0.5475352112676056,0.5046342780699423,0.7269485260302644,-0.020651627314321575,1.8390035563045077,5.345916642083062
85,1,0.22894191328022215,1.002004603544871,0.5827464788732394,0.5173878720620957,0.5827464788732394,0.5299034503050265,0.7536252822585406,-0.007853758524358545,1.8428454200426738,5.290955768691169
85,2,0.22328768836127388,1.0214316447575886,0.5686619718309859,0.5248216587425547,0.5686619718309859,0.512870573783873,0.7387612923045649,-0.015459711773325058,1.7871879604127672,5.057113395796882
85,3,0.2161967009305954,1.0026761260297563,0.5616197183098591,0.5089159710245601,0.5616197183098591,0.49231432647374157,0.7465002488686743,-0.019613272664608106,1.7441711756918166,4.86442690425449
85,4,0.23127042088243696,1.0192647410763636,0.5422535211267606,0.49702935925411623,0.5422535211267606,0.5107524018397517,0.7330568176244855,-0.021000366110994984,1.8361517786979675,5.328313377168444
86,1,0.22714602781666648,0.978051397535536,0.5633802816901409,0.5109118251173709,0.5633802816901409,0.5229170945278512,0.7600023722964376,-0.01516075176867826,1.8437963326772053,5.286859260665046
86,2,0.2195578482415941,0.9898863997724321,0.5686619718309859,0.5050627145960338,0.5686619718309859,0.5081807677749666,0.7414023019250685,-0.0127629262705653,1.7775837779045105,5.0062216652764215
86,3,0.2183100316259596,1.0022588173548381,0.5704225352112676,0.5189080821173625,0.5704225352112676,0.5114696058264929,0.7546878537135762,-0.02521323844570622,1.7640106280644734,4.935926927460565
86,4,0.22883940074178907,0.9798199335734049,0.5633802816901409,0.5241324069242598,0.5633802816901409,0.5338964979024081,0.764241282338725,-0.01867887750003483,1.837756699985928,5.339283082220289
87,1,0.22667492843336529,0.982788066069285,0.573943661971831,0.5125409578940986,0.573943661971831,0.5251155281588832,0.7565494476384678,-0.004292044559922603,1.836512181493971,5.259903603129917
87,2,0.2180774129099316,0.9710952275329165,0.5704225352112676,0.5167094272249025,0.5704225352112676,0.5141817099194279,0.7515052733697046,-0.011413772160663305,1.7775129543410406,5.000845273335774
87,3,0.21780196246173647,1.0035262637668185,0.5387323943661971,0.4882124158549848,0.5387323943661971,0.49241030272974307,0.7519415304049799,-0.018190095811124518,1.755795611275567,4.915942748387654
87,4,0.2331138691968388,1.025764697127872,0.5580985915492958,0.5110956854200415,0.5580985915492958,0.5262347467695814,0.7374764801400182,0.0012052059771727741,1.8422610097461276,5.374311685562134
88,1,0.22814218368795183,0.9938073853651682,0.5757042253521126,0.5111748091313923,0.5757042253521126,0.5196470947677759,0.7490053807773975,-0.0063794290716314705,1.8454231090015836,5.283165706528558
88,2,0.22041258215904236,0.9962278207143148,0.551056338028169,0.523347531058557,0.551056338028169,0.49835654306629773,0.7568002270268936,0.005411359595507426,1.7769324051009283,5.019809365272522
88,3,0.21848329901695251,1.0288792120085821,0.5563380281690141,0.4931950773267053,0.5563380281690141,0.5075642178847092,0.7483990533790771,-0.010586676461569633,1.7472835580507915,4.879310382737054
88,4,0.23131305558813942,0.9886565473344591,0.5774647887323944,0.6059991448580213,0.5774647887323944,0.5445669985945396,0.761774966130125,-0.019074389618662035,1.848733213212755,5.40129460228814
89,1,0.22822852349943584,0.9963617655966017,0.5915492957746479,0.541731740223635,0.5915492957746479,0.5530490317681594,0.7600327732279846,-0.016697222751006935,1.8446838392151728,5.279986116621229
89,2,0.2193953659799364,0.9610378775331709,0.5897887323943662,0.5244211692638481,0.5897887323943662,0.5317693760413944,0.766222624032435,-0.015573069332994072,1.7895581589804754,5.06799836953481
89,3,0.21582854953077105,0.9976427687538995,0.5475352112676056,0.48634434814012284,0.5475352112676056,0.49988110481068226,0.7531221572370955,-0.008940784363379306,1.7427221934000652,4.863749795489841
89,4,0.23244598342312706,1.0046463012695312,0.5404929577464789,0.49411456492839956,0.5404929577464789,0.5021819086190362,0.7578764177883004,-0.02394755651305891,1.8515139155917697,5.401371094915602
90,1,0.22603638304604423,0.9742205871476067,0.5809859154929577,0.5234562305876529,0.5809859154929577,0.5331633895616853,0.7608050482264599,0.00027392432803619027,1.8376718560854595,5.258794201744927
90,2,0.21899013138479656,0.9823208815521665,0.5651408450704225,0.5096272392594413,0.5651408450704225,0.5130517295523307,0.7507253948145611,-0.011772946844748278,1.7762519849671259,5.0049081510967675
90,3,0.21457536932494906,0.960920535855823,0.5633802816901409,0.4985960188700914,0.5633802816901409,0.5123393151849164,0.7822368633154461,-0.02705124461727504,1.764747334851159,4.907997369766235
90,4,0.22732079277435938,0.9508611857891083,0.5862676056338029,0.5372163446546437,0.5862676056338029,0.5468450609103951,0.7806811310653954,-0.013553157889517387,1.8443663782543607,5.356299877166748
91,1,0.2277555043498675,0.9864065216647254,0.5440140845070423,0.4685183674546465,0.5440140845070423,0.4952382696086125,0.7556908153344165,-0.013896766445314235,1.8396166231897142,5.28734995259179
91,2,0.22114749749501547,0.9857732190026177,0.573943661971831,0.524226073495235,0.573943661971831,0.5206950545296661,0.7552658567652346,-0.009189818351493129,1.7872566779454548,5.068267835511102
91,3,0.21409365700350869,0.9655054012934366,0.573943661971831,0.5206560067475561,0.573943661971831,0.5188529003980068,0.765366649260073,0.0038983173470975574,1.749255703555213,4.880673011144002
91,4,0.22747846444447836,0.9675913022624122,0.5933098591549296,0.552223573662585,0.5933098591549296,0.5559254125290652,0.7747125642445689,-0.01163943541296919,1.832690417766571,5.321827292442322
92,1,0.2258382812142372,0.9655740029282041,0.5845070422535211,0.5299106205820309,0.5845070422535211,0.5523965027601977,0.7711707262824891,-0.009052065219842476,1.841713461611006,5.272088832325405
92,2,0.21805573172039455,0.9675165547264947,0.5774647887323944,0.516130744114629,0.5774647887323944,0.5254318272639416,0.7623968039585011,-0.01901454216446319,1.7802780734168158,5.0079227685928345
92,3,0.21403876112567055,0.9658505651685927,0.5669014084507042,0.5051581452539526,0.5669014084507042,0.5140031063095793,0.7630014338381037,-0.012011678079690835,1.7498670750194125,4.878128422631158
92,4,0.22923839588960013,0.9714180827140808,0.5651408450704225,0.5313607497256265,0.5651408450704225,0.5409511674640625,0.7694484779305852,-0.015074380433955037,1.8445435298813715,5.371572693188985
93,1,0.22656804819901785,0.9667966630723741,0.5862676056338029,0.5278970260629059,0.5862676056338029,0.5400841597695325,0.7490949593016817,-0.020332470211889664,1.847431030538347,5.293252441618177
93,2,0.2164068329665396,0.9551549851894379,0.5686619718309859,0.499834974469066,0.5686619718309859,0.5113540741543151,0.7773008626858833,0.0006408615320466771,1.7781884140438504,4.981825762324863
93,3,0.21792536725600561,0.9935137232144674,0.5633802816901409,0.5205238013638253,0.5633802816901409,0.5261129565982152,0.7653400688607288,-0.013991586264413769,1.7617178426848517,4.942752030160692
93,4,0.23110869278510413,0.9742220573955112,0.5827464788732394,0.5453970472271281,0.5827464788732394,0.5589460509242665,0.7703517028615567,-0.021414432832020935,1.8561924298604329,5.42783784866333
94,1,0.22909118235111237,1.0056664513217077,0.5862676056338029,0.5771376651598131,0.5862676056338029,0.5332232358840039,0.7426639335590751,0.005909725261067034,1.843873679637909,5.2868138154347735
94,2,0.220027856528759,0.9920856356620789,0.573943661971831,0.5233914802053338,0.573943661971831,0.5162519185847012,0.7559739059510415,-0.021733734139699257,1.7788145343462627,5.016692731115553
94,3,0.2145259752869606,0.9576664103402032,0.579225352112676,0.5208529264929029,0.579225352112676,0.5434009025511498,0.7921874690620823,-0.01662212990745915,1.7690455317497253,4.913798146777683
94,4,0.2308462386329969,0.9420950280295478,0.6091549295774648,0.559981220680155,0.6091549295774648,0.5724580957931878,0.7774753792552855,-0.02490341366086657,1.8629220989015367,5.493859397040473
95,1,0.22358729359176424,0.9342152443197038,0.5897887323943662,0.5187933050596018,0.5897887323943662,0.539884207749182,0.7820358210587868,0.005821342753773995,1.8405028581619263,5.269993450906542
95,2,0.21753452552689445,0.9524151219262017,0.5845070422535211,0.5280574379642495,0.5845070422535211,0.5345819601851428,0.7619857040536282,-0.01462592718759348,1.7833702895376418,5.025746769375271
95,3,0.2152442013223966,0.9811010956764221,0.5809859154929577,0.5342309478113106,0.5809859154929577,0.5392751446764676,0.7593404287395564,-0.0054838875056526515,1.7496667901674907,4.882341305414836
95,4,0.23073719110753801,1.0026238626903958,0.5528169014084507,0.502393014825399,0.5528169014084507,0.5197751932396696,0.7552362905279377,-0.032562594662014055,1.8392363720470004,5.3486474884880915
96,1,0.22437331246005165,0.9414879083633423,0.5809859154929577,0.5885672400675462,0.5809859154929577,0.5402544298046342,0.7753475985766715,0.0162661552508353,1.8409814834594727,5.278933101230198
96,2,0.21916554288731682,0.9751053419378068,0.5897887323943662,0.5364925429983748,0.5897887323943662,0.5318995457578711,0.7578360094693171,-0.02276536645367888,1.783182852798038,5.027482085757786
96,3,0.2169420396288236,0.9816971090104845,0.5651408450704225,0.5166874586925528,0.5651408450704225,0.5292590527383573,0.7629502280659191,-0.013625705048373238,1.7570935752656724,4.937513695822822
96,4,0.22824652906921175,0.96546052230729,0.5721830985915493,0.5322048099635037,0.5721830985915493,0.5407762987119152,0.7763487387303492,-0.024966686527564175,1.839557495382097,5.3529495133294
97,1,0.2240522164437506,0.9282095200485654,0.6056338028169014,0.5489006131084755,0.6056338028169014,0.5656302176387151,0.7817506452684374,-0.023606649873650243,1.848030083709293,5.299482809172736
97,2,0.21888464192549387,0.9724990328152975,0.5862676056338029,0.5323286897971754,0.5862676056338029,0.5373291515334624,0.7567195850429373,-0.011356475078236894,1.782286524772644,5.023887369367811
97,3,0.21674610674381256,0.986985100640191,0.5704225352112676,0.5162627820278988,0.5704225352112676,0.5240051419628884,0.7609677505044808,-0.033404208762817245,1.7596516278054979,4.918990823957655
97,4,0.23026265452305475,0.9856376018789079,0.5492957746478874,0.5098341004571342,0.5492957746478874,0.5228956467396542,0.7598769028559809,-0.014165268299841438,1.8465626041094463,5.372744056913588
98,1,0.22516138272153008,0.9595112734370761,0.5686619718309859,0.5036842431661496,0.5686619718309859,0.5198069911378524,0.761773838836408,-0.005454982284149201,1.8378963735368516,5.263371613290575
98,2,0.21809270895189709,0.9663896991146935,0.579225352112676,0.5217101553560808,0.579225352112676,0.5331090062211439,0.781947379048004,-0.02909765584744406,1.7809137569533453,5.01175578435262
98,3,0.21554101672437456,0.9781965149773492,0.596830985915493,0.547493187757498,0.596830985915493,0.5527635878729155,0.7666380384782742,0.006398240468136529,1.7532529764705234,4.898802439371745
98,4,0.22707362390226787,0.959353529744678,0.5669014084507042,0.5248073733863358,0.5669014084507042,0.5357696722637042,0.76912487070678,-0.013450700571700613,1.836256464322408,5.327767385376824
99,1,0.2281091014544169,0.9997100267145369,0.5598591549295775,0.4905765056065956,0.5598591549295775,0.5153637315681144,0.7557305102072738,-0.003078440842603225,1.8361199630631342,5.2680487897661
99,2,0.2187641461690267,0.9521509144041274,0.5809859154929577,0.5124152339086183,0.5809859154929577,0.5274861020481149,0.7824412349927294,-0.009302021516605308,1.789501468340556,5.0674519538879395
99,3,0.21291221926609674,0.9509950909349654,0.573943661971831,0.5212705927216504,0.573943661971831,0.525645969689959,0.7817339006384535,-0.015357459831420783,1.744358605808682,4.875055313110352
99,4,0.22923667397763994,0.9643568959501054,0.5721830985915493,0.5317587641117053,0.5721830985915493,0.5453476445861036,0.7708725370618493,-0.0008488925191090235,1.8463811808162265,5.388129088613722
100,1,0.2246743705537584,0.9569646782345242,0.5880281690140845,0.5741912843240856,0.5880281690140845,0.5378114312619086,0.7717806175963856,-0.014731650800130947,1.8396064043045044,5.25319774945577
100,2,0.21847860597901875,0.9598708318339454,0.5897887323943662,0.5377730468632692,0.5897887323943662,0.5327994965095739,0.7752082328542014,-0.009829533605797192,1.7843033870061238,5.040133701430427
100,3,0.21377375308010313,0.9506611062420739,0.5862676056338029,0.5261168281296824,0.5862676056338029,0.5237174021540822,0.7869460245714576,-0.020813169527393427,1.7498141924540203,4.904212249649896
100,4,0.22878082510497835,0.9622757799095578,0.5915492957746479,0.5510900488709791,0.5915492957746479,0.5573801834010442,0.7632428493834186,-0.012497167933174014,1.8439489470587835,5.377886109881931
101,1,0.22465306437677807,0.9471604923407236,0.596830985915493,0.5341118690961368,0.596830985915493,0.5568090402882411,0.7678700146278676,-0.004780729841205256,1.8413316210110982,5.275466481844584
101,2,0.2160007862581147,0.9360693527592553,0.6267605633802817,0.5696266146324581,0.6267605633802817,0.5807997556814025,0.7769068631112623,-0.00986106022081068,1.7768728733062744,5.01266078154246
101,3,0.2128580609957377,0.9436560935444303,0.579225352112676,0.5244117303718936,0.579225352112676,0.5259121354069891,0.7771498571284556,-0.006125940636120486,1.7497838139533997,4.8903637992011175
101,4,0.22627955012851292,0.948673814535141,0.596830985915493,0.53712477377796,0.596830985915493,0.5513372847022846,0.77724599112679,-0.01425268168714,1.835245238410102,5.325751569535997
102,1,0.2240629725986057,0.9463333222601149,0.6003521126760564,0.6131402777449371,0.6003521126760564,0.5671769633911171,0.7708106015458172,0.009670002075531703,1.838794297642178,5.257343583636814
102,2,0.21712269302871492,0.9482502672407362,0.5880281690140845,0.5452126419256059,0.5880281690140845,0.5372356511721034,0.765344010694573,-0.007650481985019608,1.7821592688560486,5.021516693962945
102,3,0.2123094548781713,0.9490626388125949,0.5774647887323944,0.5236248225063469,0.5774647887323944,0.5316818087910157,0.7734938389103703,-0.009689236176332772,1.7440432575013902,4.8594906197653875
102,4,0.22478770464658737,0.9188205732239617,0.6091549295774648,0.568138089364814,0.6091549295774648,0.5806541600483388,0.7870055610960924,-0.02256276757421749,1.838571912712521,5.345599359936184
103,1,0.22363305340210596,0.9413930012120141,0.5985915492957746,0.5419913612395642,0.5985915492957746,0.557907764807421,0.7937723262580608,-0.025945286387070388,1.8362079395188227,5.254711455769009
103,2,0.21516504055923885,0.9288096692827013,0.6144366197183099,0.5694305257054227,0.6144366197183099,0.5687665732201745,0.7791138293057905,-0.017477371805161734,1.7794587347242568,5.001535839504665
103,3,0.21270695411496693,0.9372248616483476,0.5809859154929577,0.5349958629149055,0.5809859154929577,0.5419886923829124,0.7818604869502369,-0.013259390677169858,1.754870937930213,4.90032246377733
103,4,0.22737733109129799,0.9262266523308225,0.6197183098591549,0.5696422435238703,0.6197183098591549,0.5868929095077369,0.7888105917849854,-0.018239220252722177,1.8519387907452054,5.4144794543584185
104,1,0.2250679781039556,0.9391490585274167,0.5704225352112676,0.5055040611146053,0.5704225352112676,0.5298153202312555,0.7708143539423397,-0.016782145067821386,1.8494080768691168,5.307576258977254
104,2,0.2167073902156618,0.9292423559559716,0.5862676056338029,0.5356393955549928,0.5862676056338029,0.5484740140187531,0.7802684536427775,-0.00588498531052295,1.7881303562058344,5.051513433456421
104,3,0.21520949486229154,0.947342207034429,0.6126760563380281,0.561533879663423,0.6126760563380281,0.5624627865204438,0.7759164077961358,-0.02631179844803233,1.7671077251434326,4.959918922848171
104,4,0.22990015397469202,0.9535931282573276,0.5721830985915493,0.5261577177099975,0.5721830985915493,0.539878598436509,0.7838163047229136,-0.01915869592462771,1.852526519033644,5.435418287913005
105,1,0.22379440234767067,0.9405439462926652,0.5915492957746479,0.5335266352421851,0.5915492957746479,0.5578519425777336,0.7847315891790048,-0.014076677502278256,1.8404524856143527,5.261842807133992
105,2,0.2160760677523083,0.9328889714346992,0.6091549295774648,0.5455565292642266,0.6091549295774648,0.5615899468795489,0.783553113997573,-0.01824351972439686,1.7805163595411513,5.022301236788432
105,3,0.2143460305200683,0.9602765705850389,0.5774647887323944,0.5316722599312194,0.5774647887323944,0.5447708835850366,0.7788533218469251,0.017490100145259202,1.7507424619462755,4.9010736677381725
105,4,0.22925089796384177,0.9518379535939958,0.596830985915493,0.5545279763532774,0.596830985915493,0.5732990613434773,0.7921711732457963,-0.02109031338661893,1.8517380091879103,5.417608817418416
106,1,0.2228593412372801,0.9255118237601386,0.5985915492957746,0.5297040246254898,0.5985915492957746,0.5453133953574972,0.7848243036982259,-0.022748999239660117,1.841340912712945,5.265671716796027
106,2,0.21600107186370426,0.9363712039258745,0.6179577464788732,0.565043379888909,0.6179577464788732,0.5669872211444223,0.7733535596592989,-0.030939096810116862,1.7805217305819194,5.01166750325097
106,3,0.2129974307285415,0.9212164282798767,0.5933098591549296,0.5416807427134942,0.5933098591549296,0.562847608328171,0.7903658946948479,-0.0025910024905402285,1.7699895766046312,4.9469700654347735
106,4,0.22546964138746262,0.9206071164872911,0.6056338028169014,0.5564279177979307,0.6056338028169014,0.5700359255542413,0.8011104659298849,-0.010152520130759068,1.8454615539974637,5.364348676469591
107,1,0.22339793046315512,0.9246616264184316,0.596830985915493,0.5362655827757091,0.596830985915493,0.5535329824214268,0.7838233711166688,0.00010734481002150353,1.8479788899421692,5.285588661829631
107,2,0.21726709521479076,0.9592326051659055,0.5862676056338029,0.527353164131957,0.5862676056338029,0.5468431423359729,0.7679359536870829,-0.022338132978253267,1.7767833007706537,5.000661955939399
107,3,0.21506512661774954,0.9526555571291182,0.573943661971831,0.5160518012318945,0.573943661971831,0.5394235346074111,0.7748501869990702,0.0027059773600817127,1.7634119788805644,4.942214979065789
107,4,0.22592106461524963,0.9290967252519395,0.5897887323943662,0.5506515750680492,0.5897887323943662,0.5635279106688126,0.795188129211134,-0.004738327738806891,1.839881956577301,5.359310719701979
108,1,0.2257845476269722,0.9454870654477013,0.5950704225352113,0.6164360165066739,0.5950704225352113,0.5579178623097937,0.7789221783496165,-0.017086150125994903,1.8493431939019098,5.316916002167596
108,2,0.2174603980448511,0.954380085070928,0.6126760563380281,0.549132996489379,0.6126760563380281,0.5673998969673413,0.7627004322912065,-0.017969075188744466,1.7807130614916484,5.018202318085565
108,3,0.21286040130588743,0.9281222720940908,0.5950704225352113,0.5392298314200075,0.5950704225352113,0.5512480665756059,0.7982098750216398,-0.01497824392815117,1.758732067214118,4.925615191459656
108,4,0.22585452596346536,0.9344175656636556,0.5985915492957746,0.5872056968677739,0.5985915492957746,0.5662258698873204,0.7909891713943018,-0.01675508584983776,1.8329729106691148,5.344772259394328
109,1,0.2238239132695728,0.9273015393151177,0.5915492957746479,0.5302405832039627,0.5915492957746479,0.5549392598247389,0.789955946607696,-0.014541901399713897,1.8436647057533264,5.29350213209788
109,2,0.2146364210380448,0.9206187228361765,0.602112676056338,0.5442819709785198,0.602112676056338,0.5495660756809543,0.7821041064367639,-0.007177331218178873,1.7762382626533508,5.002998312314351
109,3,0.21000009112887913,0.9218898415565491,0.6056338028169014,0.5673977392727793,0.6056338028169014,0.5733529955693887,0.7928025740464733,-0.00930817192813227,1.7443338102764554,4.845701429578993
109,4,0.22757734689447615,0.9483976695272658,0.5809859154929577,0.5539991994170607,0.5809859154929577,0.5576059284975512,0.7849151361326081,-0.005734365778570227,1.853377593888177,5.369367162386577
110,1,0.2254786574178272,0.9468903044859568,0.6003521126760564,0.536136144833455,0.6003521126760564,0.5558761011581141,0.7758304823619218,-0.017225099041952907,1.8493505385186937,5.3031991720199585
110,2,0.21410982641908857,0.9229805436399248,0.5915492957746479,0.5482443872078147,0.5915492957746479,0.5459335934693924,0.7892636305185714,-0.007772331337826843,1.7748603092299566,4.980091505580479
110,3,0.21092687961128023,0.9107568197780185,0.5985915492957746,0.5363044899406213,0.5985915492957746,0.551330450541473,0.7930754283862724,-0.018213431536851843,1.7554897136158414,4.902319590250651
110,4,0.22586357262399462,0.913068155447642,0.6126760563380281,0.5682626975870249,0.6126760563380281,0.5817983695714863,0.7903500484468795,-0.01306367353779514,1.8463735845353868,5.395026683807373
111,1,0.22516612708568573,0.9446065823237101,0.6091549295774648,0.543350204297902,0.6091549295774648,0.5672299849029283,0.7852126307803631,-0.0032137719419369493,1.8472702834341261,5.297768301433987
111,2,0.21408036351203918,0.898559398121304,0.6285211267605634,0.5705226317511138,0.6285211267605634,0.5895086216439374,0.7885660141480939,-0.01496986965165048,1.7877219782935247,5.03550906976064
111,3,0.2121691894200113,0.926460560825136,0.5915492957746479,0.5329234480565995,0.5915492957746479,0.5465989232693673,0.7889761415872385,-0.030905082284522045,1.7548662953906589,4.90740332338545
111,4,0.22457758585611978,0.91567505730523,0.6109154929577465,0.5693015042124404,0.6109154929577465,0.5840966172228788,0.7972930838151492,-0.0005992790834279393,1.8333872689141169,5.346229169103834
112,1,0.22171829640865326,0.9159415198696984,0.6003521126760564,0.5384452531817475,0.6003521126760564,0.5591857141329374,0.7864201221218879,-0.011909868676148738,1.8371384541193645,5.249767687585619
112,2,0.21687962528732088,0.9548331234190199,0.579225352112676,0.5236006508079243,0.579225352112676,0.5429608176592129,0.7828812934110501,-0.0158664831736679,1.7782262629932828,4.997929798232184
112,3,0.21304502338171005,0.926471643977695,0.6179577464788732,0.5663599021856135,0.6179577464788732,0.5777429703681143,0.7894170503709581,0.0014951278252256506,1.7629425062073603,4.936248633596632
112,4,0.22645904454920027,0.9187967777252197,0.6126760563380281,0.5799723630825828,0.6126760563380281,0.5887899942052444,0.796343749968792,-0.02429168399416959,1.8509323729409113,5.401052607430352
113,1,0.22535478406482273,0.932023309999042,0.5915492957746479,0.5288333783324527,0.5915492957746479,0.5487636752080077,0.7894526779106312,-0.014163235625694437,1.8528437283304002,5.333347029156155
113,2,0.2115966926018397,0.893722845448388,0.6144366197183099,0.5431760666992712,0.6144366197183099,0.5588893873153427,0.7905068871074569,-0.0016948274007575481,1.768960131539239,4.964293426937527
113,3,0.21232381711403528,0.935057885117001,0.5862676056338029,0.5375559409722552,0.5862676056338029,0.5538634775696991,0.780895300665876,-0.0250388651478215,1.751324388715956,4.892292420069377
113,4,0.22802523771921793,0.9653456807136536,0.5845070422535211,0.5428673656373186,0.5845070422535211,0.5592204139470972,0.7815514329328015,-0.003394558533798664,1.8409921129544575,5.3446310891045465
114,1,0.22315366566181183,0.9135612580511305,0.5845070422535211,0.5186673475970325,0.5845070422535211,0.5371138946062878,0.7879761863999478,-0.004258587680437298,1.8461818099021912,5.303479300604926
114,2,0.21561241812176174,0.9277116689417098,0.5950704225352113,0.5963660600834193,0.5950704225352113,0.5555469289611851,0.7853825731163266,-0.02453909549839084,1.7805231544706557,5.0188254250420465
114,3,0.21269327898820242,0.9287846783796946,0.6003521126760564,0.6118769817766184,0.6003521126760564,0.5640705281990785,0.7922909083987205,-0.01052215942782464,1.7592995166778564,4.919134431415134
114,4,0.22671237919065687,0.9420105152659946,0.6003521126760564,0.5639300828378307,0.6003521126760564,0.5787860083557079,0.7877421262006474,-0.01395192335552653,1.8448610835605197,5.355397131707933
115,1,0.22421680390834808,0.9350626998477511,0.5880281690140845,0.5303846865518457,0.5880281690140845,0.5500656859651206,0.7857002197056422,-0.007611393534731281,1.8433828552563984,5.288679639498393
115,2,0.2149456035759714,0.9252022438579135,0.6144366197183099,0.5514128645914935,0.6144366197183099,0.5679219913986968,0.7852820066562516,-0.0329753325658515,1.7791681753264532,5.002662512991163
115,3,0.21220868329207102,0.928535391887029,0.596830985915493,0.5542962669619994,0.596830985915493,0.5490418493873718,0.7953933572757863,-0.01102624268754826,1.7509610255559285,4.9032983382542925
115,4,0.2249455170498954,0.9237542284859551,0.6073943661971831,0.5599292190415763,0.6073943661971831,0.5752933689143829,0.7895704972881294,-0.0041384887912689905,1.8373064266310797,5.33973405096266
116,1,0.2206337476770083,0.885889447397656,0.6091549295774648,0.6346952017267927,0.6091549295774648,0.5938265721984987,0.8075172199032722,-0.007083232200305156,1.8440511690245733,5.283772216902839
116,2,0.21617961840497124,0.9287797941101922,0.6073943661971831,0.5669385102792316,0.6073943661971831,0.5557170339918428,0.7772253676468721,-0.018877649820322917,1.7829011612468295,5.0352572202682495
116,3,0.20908490237262514,0.890698813729816,0.6073943661971831,0.6195060292363882,0.6073943661971831,0.5667270263072649,0.8090749319908664,0.0008249015303557483,1.7483539183934529,4.887839780913459
116,4,0.2259687003162172,0.9357661041948531,0.6073943661971831,0.5622750281991357,0.6073943661971831,0.5702908414983808,0.8014862339376824,-0.021900209418039607,1.840082910325792,5.345315893491109
117,1,0.22206245279974407,0.894695520401001,0.6161971830985915,0.5548323276338103,0.6161971830985915,0.5794908979642277,0.7978232237535425,-0.02045216372890435,1.8488147722350226,5.310461892022027
117,2,0.2141145740946134,0.892247435119417,0.6214788732394366,0.5585277149974247,0.6214788732394366,0.580343698308196,0.7922879078242501,-0.011051213433095786,1.7918237646420796,5.051743242475721
117,3,0.21174980948368707,0.9126847022109561,0.5897887323943662,0.5427356116037623,0.5897887323943662,0.5432625741121732,0.8005615222178953,-0.00429654855488093,1.7601784732606676,4.924837311108907
117,4,0.22544728385077584,0.9066190818945566,0.602112676056338,0.5630492760484476,0.602112676056338,0.579784985174583,0.8070614437368111,-0.01078738810503821,1.847599983215332,5.3955896033181086
118,1,0.22374815411037868,0.9135326080852084,0.6056338028169014,0.5503194470372935,0.6056338028169014,0.5663819990742393,0.7921951847192894,-0.03331929771116182,1.8540452321370442,5.323234889242384
118,2,0.2129864055249426,0.8984230657418569,0.6126760563380281,0.5694023113037197,0.6126760563380281,0.57147976398178,0.8037856948063311,-0.01302313391692933,1.7755465176370409,4.9997062948015
118,3,0.20858996858199438,0.8739754259586334,0.6038732394366197,0.5549884196783309,0.6038732394366197,0.5724857028590872,0.8142748462015557,-0.011213955569499223,1.7526300681961908,4.910079823599921
118,4,0.22605357567469278,0.9099358154667748,0.596830985915493,0.6276434533124674,0.596830985915493,0.575771065254455,0.8038409845254514,-0.01573529847019217,1.8556651804182265,5.4080005619261
119,1,0.22058377580510247,0.9071026974254184,0.6197183098591549,0.6415205692542915,0.6197183098591549,0.5950352283143777,0.7918893325004517,-0.0022879232506201053,1.8362373179859586,5.232241789499919
119,2,0.21574804600742128,0.9325527515676286,0.5950704225352113,0.5505129765386491,0.5950704225352113,0.5466885971442318,0.7791848005976024,-0.010381898222663555,1.7785544859038458,5.012101266119215
119,3,0.21305653866794375,0.9306228028403388,0.6091549295774648,0.5544674707429011,0.6091549295774648,0.5633284523502851,0.7893088287785216,-0.008222487742345796,1.7587191661198933,4.926069392098321
119,4,0.2279690975944201,0.9614125059710609,0.5669014084507042,0.5284153825206588,0.5669014084507042,0.546004845965606,0.776049607018362,0.00026510724391548557,1.8407668603791132,5.352250549528334
120,1,0.2214974280860689,0.9068061510721842,0.6126760563380281,0.5544666469657203,0.6126760563380281,0.5777122882220861,0.7952684739956755,-0.009301277501548189,1.8446569177839491,5.263887498113844
120,2,0.2174969580438402,0.9323570297824012,0.6197183098591549,0.5652709497642247,0.6197183098591549,0.5766415583651578,0.7832124378607985,-0.006461328252248322,1.7888222734133403,5.070246564017402
120,3,0.21546060509151882,0.9293148219585419,0.6179577464788732,0.5696516812040806,0.6179577464788732,0.587637149304223,0.7727998590442796,-0.04503298828806379,1.7716523673799303,5.009893298149109
120,4,0.23055717762973574,0.9416803850067986,0.5915492957746479,0.5466416561347736,0.5915492957746479,0.5651542282947092,0.7821382232627261,-0.009258813009077382,1.8668495350413852,5.483753032154507
121,1,0.22487420009242165,0.9370547731717428,0.6003521126760564,0.6136792480546649,0.6003521126760564,0.5588741151816309,0.7953175713263723,-0.01821063354983643,1.8476616938908894,5.3052254517873125
121,2,0.21263651384247673,0.8943326340781318,0.6214788732394366,0.5700313086069789,0.6214788732394366,0.5779314771673129,0.7940246696853785,-0.00603249837267672,1.7760433091057672,4.997250556945801
121,3,0.2118650103608767,0.914671434296502,0.602112676056338,0.553500480337301,0.602112676056338,0.5728915378348888,0.8035799261957468,0.004755622320567365,1.7609665393829346,4.9241850641038685
121,4,0.22490489565663868,0.9257436063554552,0.6179577464788732,0.638620143642983,0.6179577464788732,0.5917125537263322,0.8003537599855892,-0.010521642608074755,1.8375750051604376,5.333342128329807
122,1,0.22000756363073984,0.8872750401496887,0.6302816901408451,0.5749375861236593,0.6302816901408451,0.5921734842120017,0.8115705867376416,-0.005908469363336444,1.8379642632272508,5.259037401941088
122,2,0.2128642209702068,0.8788692851861318,0.6338028169014085,0.5797526049363159,0.6338028169014085,0.5922695628594288,0.8100017938070371,-0.00011836610253412871,1.7870516975720723,5.040920376777649
122,3,0.21112326863739225,0.9143349859449599,0.5933098591549296,0.5448928279336681,0.5933098591549296,0.5564846877643346,0.8030382603464901,-0.00742795672415042,1.752331535021464,4.900033328268263
122,4,0.2269367484582795,0.9273888435628679,0.5915492957746479,0.5456324554617826,0.5915492957746479,0.5591100594820976,0.7990718027863573,-0.017073952616361243,1.8520612716674805,5.396841976377699
123,1,0.22250666469335556,0.9019702176253,0.6302816901408451,0.5739706280763704,0.6302816901408451,0.5948685394922146,0.8075373165394948,-0.01287985396329705,1.8513102001614041,5.308659036954244
123,2,0.21166488031546274,0.8727070755428739,0.6408450704225352,0.5919030490992023,0.6408450704225352,0.6072541144044578,0.8154219100772363,-0.0032719970173582524,1.7759151193830702,5.015276802910699
123,3,0.21329637202951643,0.9451962775654263,0.6091549295774648,0.5620619904312153,0.6091549295774648,0.567489090486275,0.7835143606151985,-0.01717143685711786,1.749701029724545,4.900381830003527
123,4,0.22556624395979774,0.8874647352430556,0.5880281690140845,0.6106577708994098,0.5880281690140845,0.5595439914449865,0.8031434581459218,-0.019257541678064927,1.8663639161321852,5.443899393081665
124,1,0.222201998035113,0.8984823822975159,0.6161971830985915,0.5536263200698569,0.6161971830985915,0.5772551841907595,0.7932973764115951,-0.014571783762942214,1.8447787298096552,5.306423319710626
124,2,0.21445883065462112,0.9051456650098165,0.6302816901408451,0.5753531382719846,0.6302816901408451,0.5913582008040544,0.7918538261762721,-0.011835281757008653,1.78311777777142,5.032726592487759
124,3,0.21074894070625305,0.8863035705354478,0.6214788732394366,0.5719668000727772,0.6214788732394366,0.5847418063476463,0.8052950992176875,0.0104088699455821,1.7626754972669814,4.952724099159241
124,4,0.2204238689608044,0.8753387629985809,0.625,0.5921278600492332,0.625,0.5982639128595655,0.8138587254718821,-0.0025907937106595114,1.831251581509908,5.3014059861501055
125,1,0.22298551930321586,0.9172102908293406,0.5915492957746479,0.5312529020275498,0.5915492957746479,0.5551444711630216,0.7988799506560333,-0.017053531347470008,1.8438026044103835,5.2885269853803845
125,2,0.2128513761692577,0.9040856295161777,0.6214788732394366,0.5679014432679867,0.6214788732394366,0.5826002357095698,0.7965332636974465,-0.0018012064432924024,1.7769759363598294,4.980933652983771
125,3,0.21164216018385357,0.9091453154881796,0.6144366197183099,0.5621380723364577,0.6144366197183099,0.5809175138444397,0.8003433898039014,-0.01590522539290573,1.7563039263089497,4.9289870791965065
125,4,0.22460502882798514,0.8992071880234612,0.5862676056338029,0.5787681154802116,0.5862676056338029,0.563957620344705,0.8067204241622307,0.0016895780736566612,1.8461996383137174,5.384607248836094
126,1,0.2179638793071111,0.8605267736646864,0.625,0.572286414556425,0.625,0.5933160160243974,0.8102259570784014,-0.007782018782959144,1.8450783093770344,5.253299117088318
126,2,0.21459580792321098,0.9010778367519379,0.5950704225352113,0.5430287114212876,0.5950704225352113,0.5624837397016921,0.7891595340149742,-0.026622375720843694,1.784790986114078,5.046243323220147
126,3,0.21254448841015497,0.9219157728883955,0.6161971830985915,0.5623725820531655,0.6161971830985915,0.5809076469657235,0.7976203125462499,-0.013094883891656472,1.7589137421713934,4.92927348613739
126,4,0.2230700362059805,0.8638786872227987,0.6091549295774648,0.5695646997283033,0.6091549295774648,0.5833220492188721,0.8124666687282336,-0.015407445355059224,1.8467431863149006,5.415330131848653
127,1,0.2236817106604576,0.9066253138913049,0.602112676056338,0.5480289154756297,0.602112676056338,0.568251241544499,0.795574370215832,-0.01774374741377782,1.8525107502937317,5.3363409704632225
127,2,0.21241794692145455,0.885648144616021,0.6179577464788732,0.5626233146951205,0.6179577464788732,0.5798367657371063,0.807336806217164,-0.014063402551007131,1.7824135820070903,5.01014440589481
127,3,0.20989297992653316,0.8900270462036133,0.6197183098591549,0.5675285978573971,0.6197183098591549,0.5850259618467104,0.8147551063697767,0.009675114334261936,1.7564963036113315,4.915301932228936
127,4,0.22372808969683117,0.8980007006062402,0.5985915492957746,0.5557308428514335,0.5985915492957746,0.5657211082409238,0.8109666106776091,-0.01078390731484058,1.8459192050827875,5.35821537176768
128,1,0.22447076605425942,0.9438615242640177,0.5827464788732394,0.5184891802192622,0.5827464788732394,0.543872069239639,0.7879672051188948,-0.0048802734791970614,1.8407584693696764,5.275726384586758
128,2,0.21153746876451704,0.8596626255247328,0.6355633802816901,0.5807037017422945,0.6355633802816901,0.6017929839441383,0.8141541497797042,-0.0020533433775313803,1.780328028731876,5.041412870089213
128,3,0.208588484260771,0.8653959367010329,0.6408450704225352,0.5929497515620654,0.6408450704225352,0.6043800342542233,0.8176766923506049,-0.013605612011568846,1.755088335937924,4.92959479490916
128,4,0.2212070334288809,0.872327682044771,0.625,0.5816427310393723,0.625,0.5980095122108483,0.8219791831633045,-0.014147809607262474,1.8334482842021518,5.333695597118801
129,1,0.22171057015657425,0.9166463977760739,0.602112676056338,0.5482852884105855,0.602112676056338,0.5711614281440156,0.7924527030688024,-0.006393296315856389,1.8339530494478014,5.247194475597805
129,2,0.2132765609357092,0.8999728163083395,0.6144366197183099,0.5660133245806784,0.6144366197183099,0.5827636984658675,0.8018376224396336,-0.007247984137289443,1.7761216693454318,5.005018379953173
129,3,0.20969800651073456,0.8888077139854431,0.6109154929577465,0.5664835175534128,0.6109154929577465,0.5753306992747882,0.8140012174208533,-0.019548203381840157,1.7544253667195637,4.911604126294454
129,4,0.22384027888377508,0.9095410903294882,0.6144366197183099,0.641650382692007,0.6144366197183099,0.5890566276505037,0.8049899026156847,-0.008406680828667357,1.835667908191681,5.334431635008918
130,1,0.2205145615670416,0.8810214334064059,0.6197183098591549,0.5632742242868203,0.6197183098591549,0.5867638949875086,0.8125728638079364,-0.01893034199099386,1.843830903371175,5.291084117359585
130,2,0.208720234533151,0.8537568549315134,0.6426056338028169,0.5907820036854867,0.6426056338028169,0.5993740729299727,0.8189224081052036,0.008872096403137797,1.7679723898569744,4.960668484369914
130,3,0.20709153678682116,0.8644197020265791,0.6197183098591549,0.5791343283214289,0.6197183098591549,0.5864342017864275,0.8189827116355421,-0.011273715357108527,1.7507152226236131,4.881970842679341
130,4,0.2248680881328053,0.899437020222346,0.6144366197183099,0.6504220125950508,0.6144366197183099,0.5943187847910895,0.8105124398635766,-0.004796619183293549,1.8495360215504963,5.392789191669888
131,1,0.22331215689579645,0.9241137339009179,0.5915492957746479,0.5351852005053775,0.5915492957746479,0.5554948089987348,0.7829422123021262,-0.011826466836686311,1.846511549419827,5.283199866612752
131,2,0.20878208925326666,0.8440232045120664,0.6338028169014085,0.5644077363628549,0.6338028169014085,0.5846619687752761,0.8153905641221166,-0.005586363502980696,1.7770875758594937,4.985740489429897
131,3,0.20660527381632063,0.847299165195889,0.6320422535211268,0.5799536240737712,0.6320422535211268,0.5971871501685702,0.8234122844217198,-0.016177059639788327,1.7532188892364502,4.905201580789354
131,4,0.22292601068814596,0.8946284850438436,0.6038732394366197,0.5646339069076161,0.6038732394366197,0.5780505410149931,0.8068410413367698,-0.01580406162929404,1.8331827256414626,5.339040027724372
132,1,0.22074520091215769,0.8964549965328641,0.6144366197183099,0.6246461449168778,0.6144366197183099,0.5802280905226057,0.8120988059240476,-0.011270084786874746,1.8394465645154316,5.261923154195149
132,2,0.21110772589842478,0.8586520287725661,0.6426056338028169,0.5866803935963962,0.6426056338028169,0.6035963141684093,0.808723084222363,-0.008183302231958844,1.7810787558555603,5.029462562666999
132,3,0.20655167433950636,0.8724767698182,0.6197183098591549,0.5645398688334422,0.6197183098591549,0.5751975339884575,0.8070884956616292,0.005655904697741243,1.7404452231195238,4.8451434638765125
132,4,0.22405990378724205,0.8966221312681834,0.5915492957746479,0.5861027077594322,0.5915492957746479,0.570524886749274,0.8047670783260357,-0.004828913773437193,1.84533871544732,5.371711413065593
133,1,0.2200226891371939,0.8795460826820798,0.6126760563380281,0.5953937703152002,0.6126760563380281,0.5870140104959057,0.8036236132458197,-0.017326891962772484,1.8405055734846327,5.277205122841729
133,2,0.21458018819491068,0.8833017978403304,0.6338028169014085,0.5753786471350769,0.6338028169014085,0.5892243005038532,0.8093476290173595,-0.00447926333018378,1.7924669914775424,5.087519672181871
133,3,0.2106521295176612,0.8880356086624993,0.6109154929577465,0.5527723428874407,0.6109154929577465,0.5711408429263276,0.8174906731279661,-0.01560264863151839,1.7576537595854864,4.945543991194831
133,4,0.22252748161554337,0.8976744645171695,0.6091549295774648,0.5648274139265528,0.6091549295774648,0.5774211502605436,0.8119663814779721,0.006129809685770371,1.8346101707882352,5.318647040261163
134,1,0.22162811954816183,0.8815837336911095,0.6073943661971831,0.633035950050156,0.6073943661971831,0.5867164535093363,0.8074339320397443,-0.044218494006677656,1.8574402001168993,5.326145092646281
134,2,0.21149467097388375,0.8833709822760688,0.6126760563380281,0.5594078248074589,0.6126760563380281,0.5768870679645703,0.8093037786265092,0.011460527635294482,1.77296378215154,4.984039333131578
134,3,0.20973245551188788,0.8927292591995664,0.6003521126760564,0.546366698169758,0.6003521126760564,0.5670510661598193,0.8151124721325151,0.01030290877083373,1.7563688026534185,4.904138551818
134,4,0.2239678982231352,0.8753421339723799,0.6285211267605634,0.5878682170166613,0.6285211267605634,0.6011719760348374,0.8225844938195148,-0.011581249119328119,1.8579667939080133,5.418655514717102
135,1,0.21800974094205433,0.8448416325781081,0.6338028169014085,0.5808410840861836,0.6338028169014085,0.6002031266065783,0.8207809799813812,-0.010527578678533267,1.844829585817125,5.291808684666951
135,2,0.20771419505278269,0.8104687598016527,0.670774647887324,0.6306450675995536,0.670774647887324,0.6382898033473955,0.8296631055984603,-0.020549535440130162,1.7758767008781433,5.02823003133138
135,3,0.20745999448829228,0.8599637779924605,0.6338028169014085,0.5831260751444611,0.6338028169014085,0.5949360181620985,0.8268885118192575,-0.010947864803432461,1.7529182434082031,4.903506729337904
135,4,0.22071133388413322,0.8428406020005544,0.625,0.6569283156014009,0.625,0.6042270820937716,0.8310043536771372,-0.008348267436316448,1.8467125097910564,5.385823567708333
136,1,0.21873080150948632,0.8569273849328359,0.6232394366197183,0.610687398145769,0.6232394366197183,0.5985955919623065,0.8140297077936238,-0.03857127764490431,1.8431964053048029,5.286779814296299
136,2,0.2107081264257431,0.8613540132840475,0.6161971830985915,0.5606259211303956,0.6161971830985915,0.5804485779770282,0.8127573144666332,-0.008080739719919405,1.7814237078030903,5.008851753340827
136,3,0.21413235117991766,0.9284486869970957,0.5845070422535211,0.5637979372314618,0.5845070422535211,0.5504619508565293,0.796836545379713,-0.026511850211877963,1.7723373505804274,4.966732078128391
136,4,0.229247128797902,0.8953836891386244,0.6161971830985915,0.6119822743077692,0.6161971830985915,0.5953081733255984,0.8147052249815325,-0.04418728136270955,1.8816911578178406,5.547704325781928
137,1,0.22232175121704736,0.8551243940989176,0.6214788732394366,0.5672359434462383,0.6214788732394366,0.5834762918613677,0.81704863172042,-0.0483107719646072,1.8591304355197482,5.411068015628391
137,2,0.21095689717266294,0.8396492997805277,0.6566901408450704,0.6675403661639256,0.6566901408450704,0.6213745823067803,0.8278822750846251,0.0034458547449233157,1.7797741558816698,5.068430132336086
137,3,0.20863086150752175,0.8732691903909048,0.6144366197183099,0.5651638834328724,0.6144366197183099,0.5811968788527,0.8155090520026675,0.004526975054570004,1.7603766189681158,4.912806550661723
137,4,0.2237272767557038,0.8924705816639794,0.6091549295774648,0.5749278355115385,0.6091549295774648,0.5877850470648389,0.812647324085721,-0.009465139589337923,1.845402267244127,5.370506021711561
138,1,0.21944057361947167,0.8643259737226698,0.6267605633802817,0.5787506258285626,0.6267605633802817,0.6004394251688995,0.8172399788551035,-0.023268878370646506,1.84684423605601,5.293761716948615
138,2,0.21137743526034886,0.8564848734272851,0.6390845070422535,0.5854516259356206,0.6390845070422535,0.6036381965563125,0.8143602560967693,0.005601653261869011,1.7865321569972568,5.042641202608745
138,3,0.20754586574104097,0.8636589381429884,0.6232394366197183,0.5681260698866333,0.6232394366197183,0.5855686737350606,0.8228731563372697,-0.01665577322433398,1.7562435004446242,4.8982588979932995
138,4,0.2205964500705401,0.8491318921248118,0.6302816901408451,0.6245953828252471,0.6302816901408451,0.6063509806499608,0.8228951253097315,-0.006818315393539498,1.8429831332630582,5.3677290015750465
139,1,0.21772023869885337,0.8439424799548255,0.653169014084507,0.6013028472352623,0.653169014084507,0.6217576864475697,0.8251825988039418,-0.004964395397301979,1.8433351516723633,5.282556056976318
139,2,0.20838749574290383,0.8425756825341119,0.6408450704225352,0.5951101635841655,0.6408450704225352,0.6098377473908375,0.8209612794094371,-0.009799427835758934,1.7753079930941265,4.975432687335545
139,3,0.2090541140900718,0.8657576806015439,0.6285211267605634,0.6092640408474672,0.6285211267605634,0.5922242528837758,0.823637947903199,-0.02231710983257762,1.764869021044837,4.943313108550178
139,4,0.2244261751572291,0.9027669396665361,0.6091549295774648,0.6021720367387466,0.6091549295774648,0.5859955259371242,0.7999984202868098,-0.019865148872968197,1.844979292816586,5.369886928134495
140,1,0.2173590213060379,0.842583417892456,0.6214788732394366,0.63920422115209,0.6214788732394366,0.5894892955015739,0.821272906045246,-0.013175401558048305,1.8442407382859125,5.27496251795027
140,2,0.20809946954250336,0.8416103886233436,0.6320422535211268,0.6401500916674153,0.6320422535211268,0.5975451144789928,0.822922654107826,0.007280913910853504,1.7732526461283367,4.96813256210751
140,3,0.20706563774082395,0.8610252075725131,0.6144366197183099,0.5610436985259384,0.6144366197183099,0.5797915808926782,0.8220924813756938,-0.006769710598778067,1.7532221410009596,4.88813579082489
140,4,0.22095679822895262,0.8637252615557777,0.6038732394366197,0.6012294124024717,0.6038732394366197,0.5838872542986954,0.8241476844613329,-0.02365805396814169,1.8388852609528437,5.345338662465413
141,1,0.21936448994610044,0.8670877483155992,0.596830985915493,0.6124330363799436,0.596830985915493,0.5666372365128446,0.8102350897885231,-0.020999850834675593,1.8431643446286519,5.283616476588779
141,2,0.2108799691001574,0.8723533418443468,0.6179577464788732,0.5684960982034946,0.6179577464788732,0.5900782999686742,0.8077909906733198,-0.006920950549740512,1.7745901213751898,4.989288528760274
141,3,0.21028199046850204,0.900442467795478,0.5985915492957746,0.5432169003933655,0.5985915492957746,0.5620963079795109,0.8052977742538002,-0.01479822912767026,1.753901137246026,4.903952810499403
141,4,0.22150491426388422,0.8603300982051425,0.6443661971830986,0.6008236140057327,0.6443661971830986,0.6151797649984682,0.8290591545247684,-0.018581768429001277,1.846887316968706,5.370976633495754
142,1,0.2224839139315817,0.8929077287515005,0.6126760563380281,0.622991528676029,0.6126760563380281,0.576448240992554,0.8032859662401901,-0.020578841472447706,1.8454759915669758,5.3281274106767444
142,2,0.2110718794994884,0.8785406251748403,0.6197183098591549,0.6222253374518043,0.6197183098591549,0.5798490793986321,0.8125852713033745,-0.005844101491897069,1.7747786773575678,4.980954315927294
142,3,0.20578746166494158,0.8499410384231143,0.6214788732394366,0.5648696886880296,0.6214788732394366,0.582392736362359,0.8154591933020036,-0.021899873954314364,1.7487652964062161,4.871459629800585
142,4,0.2218389477994707,0.8570278916094038,0.625,0.6519888398185725,0.625,0.6002749616881348,0.8269315036078126,-0.01787521821864768,1.8462479379442003,5.389882180425856
143,1,0.219118385679192,0.8695263299677107,0.6267605633802817,0.5754374455023229,0.6267605633802817,0.5983075633494578,0.8247302562707903,-0.019148310878618346,1.8490331106715732,5.270501454671224
143,2,0.20799649755160013,0.8370037178198496,0.6426056338028169,0.647615509411284,0.6426056338028169,0.5976499889859114,0.8363873614830537,-0.003304922679312927,1.77013764778773,4.975376553005642
143,3,0.2061280682682991,0.8424903717305925,0.6214788732394366,0.6276428679269711,0.6214788732394366,0.5802550917469892,0.8286457547322184,-0.00925871449176463,1.750602490372128,4.900479250484043
143,4,0.21995165116257137,0.8423055344157748,0.6320422535211268,0.6438453054511515,0.6320422535211268,0.6136947464115845,0.829298116232922,-0.009520138845485304,1.8481819894578722,5.361717793676588
144,1,0.21709218124548593,0.8463437921471066,0.6302816901408451,0.6487550686815269,0.6302816901408451,0.6055005687450289,0.8234040638803168,-0.00021773319675921776,1.8410358495182462,5.257276972134908
144,2,0.21025526606374317,0.8512415356106229,0.6338028169014085,0.6354772962096905,0.6338028169014085,0.5927620744346421,0.8175634013102816,-0.01588648951650984,1.781809303495619,5.017145951588948
144,3,0.2080402688847648,0.8676651848687066,0.6197183098591549,0.5732919058044957,0.6197183098591549,0.5910936170440816,0.8217652590725061,-0.010215807449740266,1.75189118915134,4.905158387290107
144,4,0.22214162349700928,0.8653512630197737,0.6197183098591549,0.6201211602090075,0.6197183098591549,0.595796404867561,0.8209224170238947,0.0019839176544173,1.8394421471489801,5.380375186602275
145,1,0.2194090411067009,0.8565177751912011,0.6373239436619719,0.5856190144507855,0.6373239436619719,0.6066668203016289,0.826990288268557,-0.013187257737981462,1.85024098555247,5.310037586424086
145,2,0.2055903606944614,0.8105108439922333,0.6584507042253521,0.6009777443301186,0.6584507042253521,0.6189966945202169,0.8373845869805914,-0.012244864253643684,1.7699334290292528,4.955875078837077
145,3,0.20696215745475557,0.8432139721181657,0.6267605633802817,0.5726697428043054,0.6267605633802817,0.5923636187355709,0.8332489946712007,-0.015611449874845196,1.7597265508439806,4.926577859454685
145,4,0.21804854770501456,0.8287806444697909,0.6302816901408451,0.5906644285711157,0.6302816901408451,0.6082840287666696,0.8346310745909997,0.0203962868752412,1.8343370689286127,5.329220281706916
146,1,0.21624967538648182,0.8272894753350152,0.6285211267605634,0.5709937217978277,0.6285211267605634,0.590027936732317,0.8299139234020041,-0.007845321739739619,1.8416317171520658,5.273063050376044
146,2,0.20923369212283027,0.8525772160953946,0.6566901408450704,0.6366160944492882,0.6566901408450704,0.626896377824683,0.8228754696292084,-0.008267788943339127,1.775204645262824,4.979822397232056
146,3,0.20736470570166907,0.8661251101228926,0.6232394366197183,0.578752861015288,0.6232394366197183,0.5939300525915296,0.8165298794832727,-0.015421862613769655,1.7551989754041035,4.886092729038662
146,4,0.22238489157623714,0.8918409744898478,0.6091549295774648,0.5832427029921633,0.6091549295774648,0.5921678392060896,0.8106238793956054,-0.004953364979636721,1.8399895628293355,5.326516376601325
147,1,0.21736018111308417,0.8522996935579512,0.6302816901408451,0.576093061277628,0.6302816901408451,0.5991301834009403,0.8181922131332178,-0.010284626640620242,1.8385000692473517,5.251532567871942
147,2,0.21051609930064943,0.8634837733374702,0.625,0.5691715476780285,0.625,0.5856474044642173,0.8149754353406156,-0.01937218044135891,1.7770163019498189,4.997529400719537
147,3,0.20689115424950918,0.8442231780952878,0.6109154929577465,0.5678605213369771,0.6109154929577465,0.5806403193542624,0.8339769253691164,-0.008987246763961121,1.75960859325197,4.921086880895826
147,4,0.22218638161818186,0.8621779845820533,0.6232394366197183,0.6161693499028836,0.6232394366197183,0.6000759359760368,0.8255722035958013,-0.00913797774314462,1.849433163801829,5.389515784051683
148,1,0.21502742419640222,0.8165404200553894,0.6302816901408451,0.6104676038494411,0.6302816901408451,0.5983509420683216,0.8312358690819813,0.010543494530540043,1.8403269317415025,5.257420698801677
148,2,0.2089858262075318,0.8442118896378411,0.6285211267605634,0.5818157205268532,0.6285211267605634,0.5791750331323877,0.8327636383538954,-0.0008294884068722475,1.7769081195195515,4.991120338439941
148,3,0.20557845797803667,0.8357753786775801,0.625,0.6472263773032201,0.625,0.6010090555600274,0.830469539488909,-0.010479614520071623,1.7549515432781644,4.8976223601235285
148,4,0.2191751499970754,0.8335066636403402,0.6408450704225352,0.6374586351650794,0.6408450704225352,0.6213354753187954,0.8358725227780849,-0.012654610625524976,1.8376544449064467,5.355762587653266
149,1,0.21622485915819803,0.8177563216951158,0.6214788732394366,0.5825752784519421,0.6214788732394366,0.6004385940197824,0.8341127411432326,-0.015995053250804192,1.8439523180325825,5.2944150765736895
149,2,0.20799733118878472,0.8159728414482541,0.6496478873239436,0.633331602889485,0.6496478873239436,0.6185797674266178,0.8432896191254693,-0.01485256474262342,1.7789098819096882,5.024024618996514
149,3,0.21045678440067503,0.9062275257375505,0.6056338028169014,0.5563038704409722,0.6056338028169014,0.5692666670024918,0.800824350203449,-0.014676418975266836,1.7514047159088983,4.894877036412557
149,4,0.2218315468894111,0.8823094566663107,0.6161971830985915,0.5992611525301308,0.6161971830985915,0.5937092427716404,0.8247889610854225,-0.01833511171324398,1.839239650302463,5.3305827379226685
150,1,0.21823402576976353,0.8594131006134881,0.6443661971830986,0.6334184642166726,0.6443661971830986,0.613277847273119,0.8146913641804673,-0.007911741969195862,1.8405154281192355,5.26398597823249
150,2,0.2056370046403673,0.7953974670834012,0.6725352112676056,0.6262634314305338,0.6725352112676056,0.6426889483799654,0.8417267337057583,-0.01193150148055988,1.7709942857424419,4.99278708299001
150,3,0.20487179855505624,0.8296190831396315,0.6144366197183099,0.5596499143538782,0.6144366197183099,0.5809701999249287,0.8328672250186882,-0.018843310099600608,1.7477665808465745,4.887860404120551
150,4,0.22113580339484745,0.8624700506528219,0.6267605633802817,0.5868971739017852,0.6267605633802817,0.6011113441547091,0.8257143872532836,-0.007260095509258768,1.8475088212225173,5.353681100739373
