epoch,fold,total_loss,cross_entropy_loss,accuracy,precision,recall,f1_score,auc,r2_score,mae_loss,mse_loss
1,1,31.715142885843914,1.3874510659111872,0.25528169014084506,0.29979566556097564,0.25528169014084506,0.20142683785729762,0.4900598779881815,-18.52900073192662,9.834559228685167,102.47975413004558
1,2,25.48173787858751,1.3242587844530742,0.3926056338028169,0.3320334785235113,0.3926056338028169,0.3156569359660789,0.5202784098881557,-15.363057348403736,8.663889090220133,81.84918636745877
1,3,18.270631525251602,1.2914241287443373,0.3961267605633803,0.29074234833731416,0.3961267605633803,0.3296714227127214,0.5500575372600258,-10.80201464630378,7.199259042739868,57.888778898451065
1,4,12.125300513373482,1.2771891355514526,0.4137323943661972,0.3065392397785725,0.4137323943661972,0.3506028004094523,0.5361432412541666,-5.96638218787324,5.595206605063544,37.437558809916176
2,1,6.858094877666897,1.2502217822604709,0.41725352112676056,0.30977025085838417,0.41725352112676056,0.35534706212986417,0.5328527328263524,-2.785022041629762,3.900417619281345,19.94313128789266
2,2,3.950090421570672,1.23757799466451,0.4119718309859155,0.3011669176596004,0.4119718309859155,0.3479195335408958,0.5342948677443485,-1.1100476258907328,2.6781807608074613,10.279285669326782
2,3,2.885253217485216,1.2456014156341553,0.3996478873239437,0.28114187844458055,0.3996478873239437,0.3256160307050554,0.5465818161509849,-0.3400715618777348,2.0976046986050076,6.711107121573554
2,4,2.715949217478434,1.22562837600708,0.43309859154929575,0.30933521549718734,0.43309859154929575,0.3588024415511384,0.5598153657237357,-0.17066102021518414,1.9908723963631525,6.193364209598965
3,1,2.7036056915918985,1.2290819419754877,0.42077464788732394,0.3038896250667665,0.42077464788732394,0.33516331227628626,0.5436838548877314,-0.1945429101020395,1.9969246453709073,6.144160893228319
3,2,2.6646704342630176,1.2278812461429172,0.4278169014084507,0.3093854572470282,0.4278169014084507,0.3546135598123949,0.5306404260776386,-0.2269770837551004,1.9529719816313849,6.017178455988566
3,3,2.448451187875536,1.2391973336537678,0.3996478873239437,0.2784560706084099,0.3996478873239437,0.3169395849183816,0.5537121936432654,-0.08159841645100685,1.8312426805496216,5.270043320126003
3,4,2.6520340177747936,1.2352922095192804,0.4278169014084507,0.2994870351188609,0.4278169014084507,0.33349705565840315,0.5300444739297732,-0.07385811683658283,1.9433926675054762,5.957764691776699
4,1,2.574396424823337,1.2261499563852947,0.45422535211267606,0.3434085785693717,0.45422535211267606,0.36392132541645567,0.5323899497700199,-0.1198957561049574,1.9175532393985324,5.7203046215905085
4,2,2.4972967637909784,1.2278123961554632,0.38380281690140844,0.2708834496946601,0.38380281690140844,0.306319009737437,0.5435051193327736,-0.09043020106863753,1.8520680401060317,5.459426747428046
4,3,2.545554061730703,1.2546384533246357,0.3908450704225352,0.2735038332833883,0.3908450704225352,0.3163580218030929,0.4964315578918214,-0.14722060980658225,1.8792710370487637,5.557690329021877
4,4,2.608012537161509,1.2275136378076341,0.43838028169014087,0.31201070677458415,0.43838028169014087,0.35276561965815106,0.562842593219213,-0.042175457471438804,1.9287735488679674,5.829176505406697
5,1,2.580264104737176,1.2218032744195726,0.4242957746478873,0.31468999979850487,0.4242957746478873,0.3308066840279838,0.5626597861906394,-0.12288680333130508,1.9238228466775682,5.750006013446384
5,2,2.449277467197842,1.2241872217920091,0.40492957746478875,0.2921020906450244,0.40492957746478875,0.330925477535647,0.5384709736111414,-0.06677292790419309,1.8490069508552551,5.307821141348945
5,3,2.4005687634150186,1.2349504431088765,0.4102112676056338,0.28964596632992684,0.4102112676056338,0.32420477378850215,0.5433724011681311,-0.06465261949397805,1.8015770713488262,5.1203446123335095
5,4,2.527410818470849,1.2322517037391663,0.4278169014084507,0.3023665568635187,0.4278169014084507,0.3476066548875708,0.5468733832036078,-0.04428524703079861,1.8779573904143438,5.549448569615682
6,1,2.470187591181861,1.2273385392294989,0.426056338028169,0.31458481709787933,0.426056338028169,0.3406058891831553,0.5140670345771217,-0.06967033787260024,1.8671396772066753,5.370168579949273
6,2,2.404761791229248,1.2243967453638713,0.44366197183098594,0.32525593720161333,0.44366197183098594,0.3573169093122145,0.5213300322763876,-0.01206506515461725,1.8057314157485962,5.158946686320835
6,3,2.4107427067226834,1.2474762598673503,0.397887323943662,0.27994195882289,0.397887323943662,0.3157168898651564,0.5444863389394754,-0.08642544658081897,1.7993210421668158,5.125030914942424
6,4,2.491498178905911,1.2306215233272977,0.42077464788732394,0.2967328968128243,0.42077464788732394,0.34130229367826065,0.5538837365376298,-0.03163320059183494,1.8623779482311673,5.433543456925286
7,1,2.478514399793413,1.217878176106347,0.44014084507042256,0.3212276412424888,0.44014084507042256,0.35026639179808194,0.5539570783460754,-0.06212577102209327,1.8710487021340265,5.41999876499176
7,2,2.3887826667891607,1.2230207787619696,0.4084507042253521,0.28928010814085325,0.4084507042253521,0.3193235657476966,0.5450581607790428,-0.04936204419592616,1.8002386490503948,5.1088936063978405
7,3,2.3796494139565363,1.2404062416818407,0.3996478873239437,0.2841926849408417,0.3996478873239437,0.3284004087547183,0.5281511615697017,-0.04274487653453862,1.7835087577501934,5.037883308198717
7,4,2.4951535860697427,1.2229783468776279,0.45422535211267606,0.3231663450147618,0.45422535211267606,0.3727108959307894,0.5518249079268092,-0.020641482561796876,1.8671319550938077,5.4635623296101885
8,1,2.491822792424096,1.2192511492305331,0.43485915492957744,0.3191087606237039,0.43485915492957744,0.3439194493073878,0.5429153301952616,-0.03670424440741793,1.874875220987532,5.461156368255615
8,2,2.3832505212889776,1.2225936717457242,0.43309859154929575,0.316912214343565,0.43309859154929575,0.3491186644734613,0.5448669433659813,-0.03492295622571606,1.7965643141004775,5.091449724303351
8,3,2.3709447582562766,1.2221362988154094,0.45774647887323944,0.32658025727328643,0.45774647887323944,0.37523336699545146,0.5543441028779197,-0.06526150857383373,1.7852594984902277,5.051497605111864
8,4,2.479220575756497,1.2162838379542034,0.4612676056338028,0.329862354012714,0.4612676056338028,0.3819514957662995,0.583318635141548,-0.013572960435576764,1.8513026701079474,5.426072756449382
9,1,2.455646197001139,1.209526042143504,0.448943661971831,0.3299843453242821,0.448943661971831,0.36372563991119355,0.5715509829282446,-0.026958412734883863,1.8587620324558682,5.363259752591451
9,2,2.3710349202156067,1.2210449112786188,0.4137323943661972,0.2933918922873082,0.4137323943661972,0.3302262962644607,0.5534652332932962,-0.0018373710085115569,1.7884785996543036,5.0543447732925415
9,3,2.391010946697659,1.236808756987254,0.40316901408450706,0.28394490391210137,0.40316901408450706,0.32271447311318896,0.5468444704252547,-0.06487859436310806,1.7993122670385573,5.084149161974589
9,4,2.506018797556559,1.231113890806834,0.41725352112676056,0.2961632135564469,0.41725352112676056,0.3441819646614609,0.5408595412174477,-0.02600303506028312,1.8580221732457478,5.480796853701274
10,1,2.467185801929898,1.2102685968081157,0.43661971830985913,0.31790468087295853,0.43661971830985913,0.3599213518805008,0.5663450955451583,-0.02021488524685222,1.8661931223339505,5.399992373254564
10,2,2.383653415573968,1.219817492696974,0.4154929577464789,0.2970360352479152,0.4154929577464789,0.33666355103075624,0.563216968399634,-0.029674529281815465,1.7942621376779344,5.099270423253377
10,3,2.3720220923423767,1.231765243742201,0.41901408450704225,0.2985174018878698,0.41901408450704225,0.3436732462068251,0.5451041410748728,-0.03095708412805398,1.7859308918317158,5.032621251212226
10,4,2.489763187037574,1.2225724127557542,0.4295774647887324,0.30540484606961216,0.4295774647887324,0.3546653412588118,0.5594804476645141,-0.044919127081817445,1.8595370186699762,5.446541362338596
11,1,2.448755204677582,1.2133722967571683,0.43661971830985913,0.31633457789607283,0.43661971830985913,0.34695167150964196,0.579193995655281,-0.011591033613132184,1.8476130498780146,5.331315146552192
11,2,2.3605460855695934,1.2171694901254442,0.43133802816901406,0.31340537302259097,0.43133802816901406,0.36041496765156017,0.5570370385370074,-0.029759738368763555,1.783480664094289,5.0284245941374035
11,3,2.3433403968811035,1.2282965580622356,0.4225352112676056,0.3004968049266095,0.4225352112676056,0.34856880493420583,0.5518577980080439,-0.028491537027584446,1.7609553072187636,4.945109181933933
11,4,2.4790925118658276,1.2241864999135335,0.4278169014084507,0.3052240197758425,0.4278169014084507,0.35321651264999715,0.560179688572946,-0.02680716421043483,1.8498978482352362,5.407206482357449
12,1,2.4566345744662814,1.2105896208021376,0.44014084507042256,0.3185672327425478,0.44014084507042256,0.3567152331932706,0.5620436391829096,-0.025474732846511916,1.8634600440661113,5.364072720209758
12,2,2.361413280169169,1.2081981301307678,0.4454225352112676,0.3225651003219139,0.4454225352112676,0.37171640956852225,0.5544743166950217,-0.03073888192627594,1.7914202610651653,5.052248491181268
12,3,2.347840494579739,1.2306124303076003,0.43838028169014087,0.31066582404905213,0.43838028169014087,0.3595294919562013,0.5477098535069671,-0.006027449006768437,1.7650682462586298,4.954705860879686
12,4,2.497485041618347,1.2203900814056396,0.4154929577464789,0.2938079622774817,0.4154929577464789,0.33950784478953494,0.5566704168401131,-0.013226220361779228,1.8684659335348341,5.477373123168945
13,1,2.458755784564548,1.2066029641363356,0.44366197183098594,0.32170313915988397,0.44366197183098594,0.36684493550825215,0.5756648189151591,-0.013989579501699323,1.8639427622159321,5.380445493592156
13,2,2.365005671977997,1.2144141130977206,0.41901408450704225,0.30344220495386115,0.41901408450704225,0.35066556536276067,0.5787408011009072,0.006146994117195881,1.7922994295756023,5.049719121721056
13,3,2.341231107711792,1.2251688838005066,0.40316901408450706,0.2849128118097624,0.40316901408450706,0.3332887979620036,0.5645045279285067,-0.021298965011062654,1.765508963002099,4.94537619749705
13,4,2.4750168455971613,1.2291700310177274,0.40492957746478875,0.28693442881417275,0.40492957746478875,0.3340840886905592,0.5447061988032529,-0.020984374996082744,1.8489614990022447,5.381992512279087
14,1,2.454139941268497,1.2175666292508442,0.44190140845070425,0.31886543440948995,0.44190140845070425,0.36148004819652585,0.5497136038506573,-0.04205404099633836,1.8554396364423964,5.339477565553453
14,2,2.381813903649648,1.211881975332896,0.41901408450704225,0.30488564264413337,0.41901408450704225,0.3522705645007803,0.5763952820233937,-0.024805947785683458,1.796216991212633,5.1116549306445656
14,3,2.361785113811493,1.2211702399783664,0.4225352112676056,0.298855474356255,0.4225352112676056,0.34836090236349737,0.5815915722934337,-0.00015435049297796155,1.7752386861377292,5.023219717873467
14,4,2.462325188848707,1.2035798695352342,0.448943661971831,0.321743431933987,0.448943661971831,0.37321760495541784,0.59823950430717,-0.01719227276331381,1.8531197640630934,5.399397359953986
15,1,2.4538033405939736,1.2054117520650227,0.4225352112676056,0.30598401536031034,0.4225352112676056,0.34913017076611524,0.5777500311722292,-0.023461889645641998,1.8565982381502788,5.366716755761041
15,2,2.3554746309916177,1.1976191335254245,0.4647887323943662,0.34000698990001893,0.4647887323943662,0.3927114125685336,0.5846883256522653,-0.008550105249768736,1.7899279726876154,5.057137383355035
15,3,2.341801000965966,1.2256589068306818,0.43661971830985913,0.3085215420966164,0.43661971830985913,0.3589806451061042,0.5694309947989898,-0.011450004123548796,1.764444821410709,4.946132342020671
15,4,2.473557902706994,1.2113315794203017,0.43309859154929575,0.31532056113772416,0.43309859154929575,0.3649329916553956,0.5765813968072924,-0.0281623552502015,1.8544604976971943,5.418752471605937
16,1,2.4375512401262918,1.2088978224330478,0.4471830985915493,0.32372662184903184,0.4471830985915493,0.3645455967553935,0.5635737582767312,-0.0006130046603809447,1.8504155079523723,5.304408987363179
16,2,2.3666824963357715,1.2120631999439664,0.4735915492957746,0.34460350285262376,0.4735915492957746,0.3962804605410239,0.5519967320124929,-0.022424143500844318,1.7883246607250638,5.060794115066528
16,3,2.327410982714759,1.2242597606447008,0.4102112676056338,0.28956344885016977,0.4102112676056338,0.33835379567324425,0.5684846413770159,0.004858079603071941,1.7544714874691434,4.9014303419325085
16,4,2.483447915977902,1.2138048476643033,0.43485915492957744,0.3210984314663043,0.43485915492957744,0.3681751330708712,0.5651467533834199,-0.03570134752232135,1.862288945251041,5.445948176913792
17,1,2.4480861160490246,1.196419682767656,0.4735915492957746,0.34796269885761255,0.4735915492957746,0.3968271617503037,0.5719722918187937,-0.009375010715834353,1.8565002613597446,5.36864091290368
17,2,2.368274145656162,1.2107910447650485,0.44190140845070425,0.3216968819969027,0.44190140845070425,0.3704734820163738,0.5693789342284372,-0.0175398753999203,1.7950069440735712,5.0690678358078
17,3,2.345033440324995,1.230939507484436,0.3961267605633803,0.27814701045896556,0.3961267605633803,0.325234056944901,0.5718532835219674,-0.009623183924792889,1.7630591524971857,4.944585786925422
17,4,2.4623367653952704,1.2002456585566204,0.43309859154929575,0.3167680280787367,0.43309859154929575,0.3658273247224365,0.593028905495878,-0.019894648259865644,1.8507980638080173,5.407215767436558
18,1,2.4474152591493397,1.1941713558302984,0.4507042253521127,0.32735773940123153,0.4507042253521127,0.3708361278783814,0.5663510948307462,-0.026132395297282507,1.8567885160446167,5.371650960710314
18,2,2.3676754434903464,1.2159841126865811,0.4225352112676056,0.3075037278813125,0.4225352112676056,0.355517106959444,0.5611580595320641,-0.007480469473540197,1.7910540302594502,5.054955032136705
18,3,2.3533524341053433,1.2144160336918302,0.4454225352112676,0.31637877335019454,0.4454225352112676,0.36970675346985843,0.5769920452192151,-0.027281498948813043,1.7756847871674433,5.0108705626593695
18,4,2.466854559050666,1.1982514792018466,0.4471830985915493,0.3295745743115409,0.4471830985915493,0.3787365341578891,0.5858400536982252,-0.0033534819288307816,1.856549362341563,5.426928175820245
19,1,2.4370681974622936,1.2035413980484009,0.43309859154929575,0.3163157981170892,0.43309859154929575,0.3636858746463744,0.5641152100446238,-0.004368464716939524,1.8542511264483135,5.315297100279066
19,2,2.363292137781779,1.199095414744483,0.448943661971831,0.32744631339498154,0.448943661971831,0.37845572561300705,0.5826840826432098,-0.014242147155999474,1.790087925063239,5.079751054445903
19,3,2.3252110282580056,1.2154797050688002,0.4278169014084507,0.30416323538983553,0.4278169014084507,0.35532247005222445,0.563505767209662,-0.021897013686611677,1.7595095303323534,4.914583987659878
19,4,2.460489100880093,1.1938248938984342,0.44014084507042256,0.33131074268489163,0.44014084507042256,0.3747678803087708,0.5870770580209389,-0.023473399150051533,1.8530324233902826,5.416038698620266
20,1,2.4345092177391052,1.1879760556750827,0.4524647887323944,0.32954640788603323,0.4524647887323944,0.3748374221774348,0.5821425066055878,-0.029102223030560648,1.8544734915097554,5.34308644135793
20,2,2.337050861782498,1.1937072939342923,0.43485915492957744,0.3195808623671856,0.43485915492957744,0.3683309991279761,0.588387140115292,-0.013956215082337131,1.7764879398875766,5.004852294921875
20,3,2.3373880916171603,1.2021584113438923,0.4119718309859155,0.2957808689593391,0.4119718309859155,0.34398863057865264,0.5749360853940546,-0.022856025546700076,1.7663214140468173,4.986257208718194
20,4,2.4776629077063665,1.195996059311761,0.43485915492957744,0.3229552985035899,0.43485915492957744,0.36934998007309355,0.5879379734031422,-0.018090594194243526,1.857971688111623,5.468218697441949
21,1,2.431517779827118,1.1927014523082309,0.44366197183098594,0.32327811306085746,0.44366197183098594,0.37197363223972757,0.5941400464655628,-0.011222973736448205,1.850128087732527,5.322089062796699
21,2,2.3414800564448037,1.1799774037467108,0.4753521126760563,0.3495760633452456,0.4753521126760563,0.4026832216214255,0.6010262519461161,-0.011967988253058337,1.7909977104928758,5.051652709643046
21,3,2.313330199983385,1.2034936745961506,0.42077464788732394,0.3018567787685584,0.42077464788732394,0.35089848158810716,0.5782646762671686,-0.0028412147474778937,1.7536127236154344,4.902948591444227
21,4,2.461209019025167,1.1917039619551764,0.4471830985915493,0.32787953683640303,0.4471830985915493,0.37813951101875365,0.6007847822034945,-0.02500888367489984,1.8561021751827664,5.423387315538195
22,1,2.4211228357421026,1.1782767838901944,0.4507042253521127,0.3281712466829965,0.4507042253521127,0.37403839848697673,0.5812959004565238,-0.025661348197772105,1.850858920150333,5.321096817652385
22,2,2.3416169616911144,1.1872271564271715,0.43485915492957744,0.3184497292594759,0.43485915492957744,0.36765990493057693,0.5821727175977288,-0.018134810489610853,1.789564159181383,5.035193045934041
22,3,2.340075863732232,1.204095979531606,0.43133802816901406,0.30599444316305663,0.43133802816901406,0.3577584975181078,0.6020126738812511,-0.03066301287365758,1.7802768283420138,4.990695450041029
22,4,2.446257770061493,1.184669276078542,0.44190140845070425,0.33053739101274315,0.44190140845070425,0.3759014770273076,0.6061016748578921,-0.02346017549743018,1.8510117729504902,5.3899639579984875
23,1,2.4231512546539307,1.189320597383711,0.4471830985915493,0.3266683180450708,0.4471830985915493,0.37480375953198175,0.573492559484418,-0.020982110322056213,1.8420760101742215,5.302089346779717
23,2,2.3417596220970154,1.1835965249273512,0.45422535211267606,0.3326516071937482,0.45422535211267606,0.3840466871624296,0.5794327515503573,-0.018828921321352166,1.7855504353841145,5.044140087233649
23,3,2.3225509060753717,1.1936886707941692,0.43309859154929575,0.32232704688606795,0.43309859154929575,0.3633752348347998,0.5848915741145522,-0.035769418283265075,1.7643127706315782,4.956562717755635
23,4,2.441947023073832,1.1749171747101679,0.4595070422535211,0.345126524336055,0.4595070422535211,0.3904791281493831,0.6066840728973363,-0.00985788275566657,1.8498747613694932,5.398349748717414
24,1,2.403121590614319,1.1691882875230577,0.4612676056338028,0.33823882968508245,0.4612676056338028,0.38963625245096734,0.5904418282795678,-0.004985433655161353,1.8470351232422724,5.282299200693767
24,2,2.3567763699425592,1.1874274876382616,0.45422535211267606,0.33210496943927714,0.45422535211267606,0.38364984227631194,0.5993324611982436,-0.010069366752332165,1.7952256931198969,5.085256973902385
24,3,2.299767745865716,1.1802368693881564,0.4753521126760563,0.3392318552128081,0.4753521126760563,0.3959041348693909,0.5971936195191275,-0.0074952194761317426,1.7547247012456257,4.912006325191921
24,4,2.454508834415012,1.1868985162840948,0.4524647887323944,0.3418947839112017,0.4524647887323944,0.3855967302768392,0.5932439132647733,-0.007417658511254421,1.851435316933526,5.4122660557429
25,1,2.395896931489309,1.1571175654729207,0.46830985915492956,0.34357448872803387,0.46830985915492956,0.3955771277763472,0.6205428120856569,-0.00025762201577661514,1.8452394604682922,5.286381973160638
25,2,2.343864427672492,1.1731191608640883,0.4524647887323944,0.3324472603162837,0.4524647887323944,0.3831950426763206,0.6063775831826963,-0.024060485428482714,1.790821651617686,5.075603193706936
25,3,2.298174023628235,1.1858851379818387,0.4225352112676056,0.30993715457300763,0.4225352112676056,0.35498200500410015,0.5999310385047556,-0.01612101063701865,1.7544241613811917,4.8935146066877575
25,4,2.4605903956625195,1.1817363037003412,0.43485915492957744,0.32462955917594344,0.43485915492957744,0.37031756199672444,0.6041561606034322,-0.028343710189838056,1.8554010258780584,5.444583031866285
26,1,2.4123908744917975,1.1518218848440382,0.49119718309859156,0.3601766210321799,0.49119718309859156,0.4151803050826032,0.6265002670883885,-0.026183268444144314,1.8524053759045072,5.35371830728319
26,2,2.3344910674624972,1.1711506578657362,0.448943661971831,0.3356575122303239,0.448943661971831,0.3819589783233089,0.6089593760217112,-0.007785975315153459,1.7903493775261774,5.048951824506124
26,3,2.284262888961368,1.1701121197806463,0.4595070422535211,0.3375148661008321,0.4595070422535211,0.3841257610995466,0.605736984202595,-0.009326251883934544,1.749065597852071,4.883947915501064
26,4,2.4171264833874173,1.1696227656470404,0.4647887323943662,0.3540665976353243,0.4647887323943662,0.3966040161658315,0.6287673194744053,-0.00714851909116776,1.8355898194842868,5.327968186802334
27,1,2.4113979736963906,1.163907481564416,0.4894366197183099,0.3629874946612449,0.4894366197183099,0.416535876474029,0.6177730599391795,-0.011478491269268032,1.8496565288967557,5.322208934360081
27,2,2.317399024963379,1.1638895637459226,0.4471830985915493,0.33421899780487546,0.4471830985915493,0.38048040323423094,0.6134602990158655,-0.009685060891893471,1.7769942747222052,5.008921000692579
27,3,2.2981157501538596,1.1724679072697957,0.4630281690140845,0.34145497542454817,0.4630281690140845,0.3867759319931236,0.6255941003320523,-0.024931606881111623,1.7560793823666043,4.9246271583769055
27,4,2.4150448706414966,1.1589307122760348,0.47183098591549294,0.35467687045118645,0.47183098591549294,0.40230895770891867,0.6112862619124926,-0.006668698433589748,1.8410746852556865,5.3459776639938354
28,1,2.4030263556374445,1.1373829676045313,0.4788732394366197,0.3598748869262737,0.4788732394366197,0.40904302789121316,0.6299503231430879,-0.04594083694134876,1.860245062245263,5.356194098790486
28,2,2.3328584829966226,1.1632161570919886,0.47007042253521125,0.3445774735937505,0.47007042253521125,0.39764968036733467,0.6162517147117859,-0.01691860354750463,1.7847065528233845,5.062023745642768
28,3,2.296365976333618,1.1645402941438887,0.4753521126760563,0.34447623349017076,0.4753521126760563,0.3979733836312332,0.6122916780252439,-0.02473232036727646,1.762350771162245,4.937292416890462
28,4,2.418207665284475,1.159764654106564,0.45774647887323944,0.3586858474720079,0.45774647887323944,0.3928457545894635,0.6232913234582228,-0.02956393719065109,1.8384770486089919,5.354574349191454
29,1,2.3894221716456943,1.1318305664592319,0.5052816901408451,0.37857963754750723,0.5052816901408451,0.4313306152705708,0.642857765395624,-0.012836218832310342,1.8499092260996501,5.323802404933506
29,2,2.3080018758773804,1.1617280807760026,0.477112676056338,0.35975483308504874,0.477112676056338,0.40630319736321774,0.6069022074122348,-0.015201929936765612,1.7709196474817064,4.982640504837036
29,3,2.314182553026411,1.1691668298509386,0.45774647887323944,0.3404868666423022,0.45774647887323944,0.38516495699746345,0.6316967397942909,-0.007423485845121869,1.7651450369093153,4.985885752571954
29,4,2.4193900558683605,1.1577649613221486,0.49471830985915494,0.37785375040943336,0.49471830985915494,0.42279946043639316,0.6393516011565341,-0.010060638218580609,1.841361145178477,5.363181829452515
30,1,2.397709184222751,1.137594911787245,0.5035211267605634,0.3800127689212196,0.5035211267605634,0.42930264513912747,0.6383559560699752,-0.024925842095254502,1.8567771116892497,5.33797566095988
30,2,2.3323985271983676,1.1526564160982768,0.45598591549295775,0.33880557651464344,0.45598591549295775,0.38753358742050065,0.6053114007106574,-0.012350671597575191,1.7918124397595723,5.08512994978163
30,3,2.288421173890432,1.1546619004673428,0.4876760563380282,0.3519516629434301,0.4876760563380282,0.40739000090579053,0.6309784246623327,-0.017034518902176554,1.7588739726278517,4.933859295315212
30,4,2.4187025162908764,1.1482825809054904,0.4876760563380282,0.38381944141629964,0.4876760563380282,0.41756794832510946,0.6381875798653245,-0.007112879629592728,1.8482802245352004,5.383015513420105
31,1,2.3926673663987055,1.1425622602303822,0.49471830985915494,0.37288072524504773,0.49471830985915494,0.4233047632441592,0.6564235147175197,-0.013186836285441261,1.851594242784712,5.309579226705763
31,2,2.3159611423810325,1.1481459438800812,0.4788732394366197,0.35955151885686554,0.4788732394366197,0.4072089530839186,0.641465113216911,0.0027916474879268183,1.7857664359940424,5.040863063600328
31,3,2.2823438379499645,1.1440603269471064,0.48063380281690143,0.3509798285511388,0.48063380281690143,0.40180252205665556,0.6428240042818195,-0.02182575938771847,1.7640775905715094,4.938338610861036
31,4,2.4400995042588978,1.1656902564896479,0.4612676056338028,0.36115404928443534,0.4612676056338028,0.39399261941078534,0.6308668505763333,-0.00618342065793942,1.8508356346024408,5.413720872667101
32,1,2.3767284750938416,1.1355573700533972,0.4823943661971831,0.35788399551538086,0.4823943661971831,0.4106590962780733,0.6508179762087,-0.01569599298972979,1.8464004397392273,5.272794193691677
32,2,2.2936001088884144,1.13485496573978,0.477112676056338,0.3558703290172309,0.477112676056338,0.40596600435949026,0.6530071588007594,-0.0033302338996530345,1.781938201851315,4.997338679101732
32,3,2.2727435164981418,1.1343176232443914,0.49471830985915494,0.36460122523760446,0.49471830985915494,0.41504222842251015,0.6662361691347145,0.0001462038783995867,1.7626869413587782,4.929070393244426
32,4,2.4336824814478555,1.1498340633180406,0.4841549295774648,0.38659696926308007,0.4841549295774648,0.41556443926718206,0.6452390211536748,-0.03970325735950819,1.8582987321747675,5.429328706529406
33,1,2.3944622808032565,1.131090372800827,0.4982394366197183,0.37703872256665993,0.4982394366197183,0.4260170113381161,0.6504445164726065,-0.0332827727764935,1.8568520545959473,5.342329952451918
33,2,2.2941444052590265,1.1247571607430775,0.4876760563380282,0.36746123475373016,0.4876760563380282,0.41595662181530785,0.6510955838453721,-0.042071662210656724,1.7790784239768982,5.022714389695062
33,3,2.2791177233060202,1.1499055160416498,0.4753521126760563,0.45312872972682583,0.4753521126760563,0.40004434566590347,0.6492274646969364,-0.01013391980103373,1.7587029337882996,4.9139459530512495
33,4,2.396010809474521,1.131239891052246,0.5035211267605634,0.3870381787580831,0.5035211267605634,0.43040018996503604,0.6674640466561153,-0.008899433823344793,1.8432552085982428,5.347142802344428
34,1,2.3695651160346136,1.1148544649283092,0.4964788732394366,0.36983230317154725,0.4964788732394366,0.42314604472714423,0.6565969011723507,-0.015463950179730013,1.8482030762566461,5.297223183843824
34,2,2.313876317607032,1.132725265291002,0.49295774647887325,0.3763810760906905,0.49295774647887325,0.4201349525934043,0.6513482864500388,-0.013427919899235308,1.7890175183614094,5.069895307223002
34,3,2.2758873303731284,1.1267780562241871,0.49471830985915494,0.36155440708768743,0.49471830985915494,0.4141972701835883,0.6719459601633594,-0.0061454100810653944,1.7622574037975736,4.957142180866665
34,4,2.3911728395356073,1.1257643732759688,0.4964788732394366,0.38322512716047835,0.4964788732394366,0.42445097437262347,0.6589650318401052,-0.0033506289969051917,1.8380138079325359,5.343792372279697
35,1,2.365411619345347,1.120320783721076,0.5158450704225352,0.3840818214370971,0.5158450704225352,0.4398485932815248,0.6694090494559506,-0.01157786187033727,1.8395810657077365,5.270623392528957
35,2,2.2824467685487537,1.1249392562442355,0.4894366197183099,0.3637648303959153,0.4894366197183099,0.41568184193525937,0.6501883221359209,-0.002815964751232247,1.7746103935771518,4.983297506968181
35,3,2.255595624446869,1.1152142849233415,0.5123239436619719,0.5060999420393627,0.5123239436619719,0.4371425930672716,0.6700785909604459,-0.013943894352032471,1.7630536490016513,4.9164853360917835
35,4,2.371239470110999,1.0996332863966625,0.5017605633802817,0.4370233010082352,0.5017605633802817,0.4379444237474492,0.6928084381581553,0.011061110277773012,1.8406450417306688,5.338320414225261
36,1,2.363408863544464,1.1147578722900815,0.49471830985915494,0.4065390111011667,0.49471830985915494,0.42724758562170595,0.6701904250016533,-0.018290617235472872,1.8395774099561903,5.276927669843038
36,2,2.3173298703299627,1.1357265677716997,0.4753521126760563,0.560133606071407,0.4753521126760563,0.4066041166676948,0.6451691533577928,-0.02048022095693458,1.7884593937132094,5.074403948254055
36,3,2.2618398865063987,1.1224064826965332,0.5105633802816901,0.3688542323593302,0.5105633802816901,0.4268592924003649,0.6711260817494896,-0.001852322644591231,1.760126531124115,4.920517736011082
36,4,2.4138461616304188,1.1216119428475697,0.4894366197183099,0.4580564467888412,0.4894366197183099,0.4331755129520359,0.6752222125526812,-0.019932954562460026,1.8572290009922452,5.4290592140621605
37,1,2.3623174164030285,1.0983974172009363,0.5316901408450704,0.40563845116906055,0.5316901408450704,0.456562906852882,0.6779906541863197,-0.0033164974446520112,1.8524611923429701,5.311463899082607
37,2,2.292016214794583,1.1052811741828918,0.4894366197183099,0.36368672092277443,0.4894366197183099,0.4161717314567694,0.6735338587712739,-0.03259273798284279,1.79327878024843,5.061064587699042
37,3,2.268912242518531,1.1158739493952856,0.5017605633802817,0.4503824385315328,0.5017605633802817,0.42542475178331385,0.6759678859108031,-0.019249696433253582,1.7678134044011433,4.959334903293186
37,4,2.4024492104848227,1.1246595713827345,0.49119718309859156,0.4732202583693884,0.49119718309859156,0.43842945978150855,0.6695864283234232,-0.027259690670673686,1.8431735171212091,5.383958352936639
38,1,2.3577529986699424,1.0997719466686249,0.522887323943662,0.45661253799370627,0.522887323943662,0.4491761807799165,0.6660706739599023,-0.018966313370149868,1.8477767705917358,5.293042010731167
38,2,2.2694134049945407,1.1006180908944871,0.5017605633802817,0.3714515253628765,0.5017605633802817,0.4262054307828956,0.6819494202419016,-0.005892414760798159,1.7773046228620741,4.996602296829224
38,3,2.2744556532965765,1.1383845739894443,0.4753521126760563,0.3847757755567195,0.4753521126760563,0.4028362801594393,0.6505755372374891,-0.006351296163218834,1.7604245940844219,4.925287961959839
38,4,2.398465520805783,1.1328101456165314,0.5,0.4354303874007161,0.5,0.4470507705647522,0.6667353466568848,-0.022732997694493662,1.8416418896781073,5.351661258273655
39,1,2.3728758891423545,1.1143845385975308,0.5316901408450704,0.3973682276306239,0.5316901408450704,0.4542271050798652,0.6749855409869865,-0.026814660123018585,1.843704104423523,5.309355563587612
39,2,2.284969131151835,1.1217649678389232,0.5070422535211268,0.5839544611610913,0.5070422535211268,0.43436591708786343,0.6711752474268758,-0.008350973191236122,1.7785930169953241,4.999112076229519
39,3,2.259172002474467,1.1117531193627253,0.5176056338028169,0.447673249162268,0.5176056338028169,0.4361015885908233,0.674820175847181,-0.0174038189152963,1.7626161111725702,4.936482561959161
39,4,2.3624234000841775,1.0753592749436696,0.5387323943661971,0.48743256314132594,0.5387323943661971,0.4741638072324185,0.7134475752981311,-0.011772940053099923,1.8447925315962896,5.365572902891371
40,1,2.3393778138690524,1.0787852240933313,0.528169014084507,0.4584804978412635,0.528169014084507,0.46520732002314724,0.6905148377958438,-0.011381016783281961,1.8444474008348253,5.280760314729479
40,2,2.286882691913181,1.1104170315795474,0.528169014084507,0.502533238032945,0.528169014084507,0.45657969552185107,0.6710255788643484,-0.010589120656748552,1.7862928708394368,5.03196903069814
40,3,2.2429238425360785,1.1024939219156902,0.5052816901408451,0.4536985168587281,0.5052816901408451,0.4365031167488852,0.6853409527666704,-0.01767443479192443,1.7558503415849473,4.903926849365234
40,4,2.3824400901794434,1.0866432156827714,0.5369718309859155,0.4742556946029643,0.5369718309859155,0.4782915470754502,0.6983032529273611,-0.007794977696744976,1.844251725408766,5.4059659242630005
41,1,2.3380065891477795,1.0918303661876254,0.5352112676056338,0.4742409059127322,0.5352112676056338,0.47369249727368806,0.7005254080064889,-0.014701577442199687,1.8423982527520921,5.245750930574205
41,2,2.2657807336913214,1.1007127596272364,0.5035211267605634,0.45440756236860075,0.5035211267605634,0.43341960826497855,0.6788032149300418,-0.005721858606180685,1.7764909797244601,4.984272585974799
41,3,2.259018494023217,1.1153292953968048,0.5193661971830986,0.5089225190716491,0.5193661971830986,0.4425293784807055,0.6746679458883609,-0.017706619083014408,1.7583259211646185,4.927626424365574
41,4,2.3562252720197043,1.0641763574547238,0.5352112676056338,0.48225763304660185,0.5352112676056338,0.47588126204581205,0.7227668572523399,-0.015485455411749394,1.8440726465649075,5.371005879508124
42,1,2.3592860566245184,1.083987017472585,0.5334507042253521,0.4416287717101533,0.5334507042253521,0.46699505874945935,0.6879165978204229,-0.02517584639079984,1.8596047361691792,5.334983772701687
42,2,2.2896393537521362,1.108734796444575,0.5316901408450704,0.49431112627321017,0.5316901408450704,0.45631990139032397,0.6635788381522527,-0.02189710782966081,1.7870193322499592,5.045083085695903
42,3,2.2203013234668307,1.0633841123845842,0.528169014084507,0.4545473805528721,0.528169014084507,0.44766926670180585,0.7140270805280029,-0.006920551323867485,1.7538633479012384,4.919774691263835
42,4,2.353051039907667,1.0638089345561133,0.5387323943661971,0.4678728717787418,0.5387323943661971,0.4795957328664709,0.7227895031975924,-0.0035728838143702646,1.840856413046519,5.361282441351149
43,1,2.319742990864648,1.0565868251853519,0.5422535211267606,0.45158598806231265,0.5422535211267606,0.4778535636776578,0.7207399563459334,-0.007941672843356784,1.8382279210620456,5.267107221815321
43,2,2.2551160123613148,1.0617647767066956,0.5352112676056338,0.4481551214059675,0.5352112676056338,0.4629907338769459,0.7094407717713005,-0.021666852800162895,1.7831411692831252,5.03960206773546
43,3,2.234617041216956,1.093938582473331,0.5176056338028169,0.4410118116104032,0.5176056338028169,0.4534471959827067,0.6874568587772154,-0.02308132850794231,1.753632578584883,4.8961999548806086
43,4,2.3524156279034085,1.0779574347866907,0.522887323943662,0.4468640609252664,0.522887323943662,0.4675298518069564,0.7123508438716288,-0.0031897911146572255,1.832821289698283,5.326151251792908
44,1,2.3214891950289407,1.0578862097528245,0.551056338028169,0.44869797670960526,0.551056338028169,0.4783477411942334,0.7116100206447837,-0.0035426870853778603,1.8410139679908752,5.269895911216736
44,2,2.232452313105265,1.0582368903689914,0.522887323943662,0.43720364245959675,0.522887323943662,0.45412759210861886,0.707774189785006,0.008252178861009818,1.776915066772037,4.972288171450297
44,3,2.2509800063239203,1.0867413183053334,0.5264084507042254,0.44313320676162476,0.5264084507042254,0.4516857261752895,0.7065420960863522,-0.02702371336786169,1.7723610401153564,4.967536780569288
44,4,2.3546981546613903,1.0610917376147375,0.5387323943661971,0.4792620044108065,0.5387323943661971,0.4829631612043144,0.7242393500767602,-0.008032191682008527,1.8454069097836812,5.373112916946411
45,1,2.350450052155389,1.0642779370148976,0.5369718309859155,0.44655892027487926,0.5369718309859155,0.46718356542721795,0.7102894089529523,-0.011769617479288952,1.858138084411621,5.3515181806352405
45,2,2.2393635710080466,1.0598943531513214,0.5264084507042254,0.44948792649056735,0.5264084507042254,0.4535712898160428,0.718974817853621,-0.013542108310424794,1.7741109132766724,4.991458177566528
45,3,2.2099523742993674,1.065272804763582,0.5563380281690141,0.4818482655190402,0.5563380281690141,0.47292887419448376,0.7108516675890225,-0.007531445020142691,1.7505267527368333,4.880871136983235
45,4,2.346103641721937,1.0610931780603197,0.5475352112676056,0.49573785481513216,0.5475352112676056,0.497915497620508,0.726941807479136,-0.014859199396020761,1.8403188520007663,5.344461215866937
46,1,2.3329614400863647,1.0511340300242107,0.5686619718309859,0.47012319341119735,0.5686619718309859,0.500524497173883,0.7155593664336675,-0.008581193136303567,1.8423126008775499,5.323891825146145
46,2,2.2439486185709634,1.0806421438852947,0.5422535211267606,0.47893714682876026,0.5422535211267606,0.4639315930854693,0.6926369000164654,-0.020315914551575,1.7671780122650995,4.958330247137281
46,3,2.222329960929023,1.0578196578555636,0.5246478873239436,0.4147434676261937,0.5246478873239436,0.4506374440753442,0.7058438203637021,-0.004248954626113743,1.7632755637168884,4.939520531230503
46,4,2.3617753121587963,1.0533356070518494,0.5404929577464789,0.49695297596759114,0.5404929577464789,0.4773055365505414,0.7299271491344934,-0.007247149593880842,1.8490410049756367,5.4148011737399635
47,1,2.338408635722266,1.0540045102437336,0.5352112676056338,0.43293820228310237,0.5352112676056338,0.4633180760757413,0.7232302024371934,-0.020332441785543942,1.8545732431941562,5.335351493623522
47,2,2.243685715728336,1.0433945059776306,0.5580985915492958,0.46989574512036875,0.5580985915492958,0.4830545032003042,0.7118967081553411,-0.025485412457935563,1.7852955791685317,5.044364968935649
47,3,2.2360614803102283,1.0586882597870297,0.5422535211267606,0.4298509532516261,0.5422535211267606,0.4576085535410476,0.7174821019492582,-0.0363481551597542,1.7654848164982266,4.983265572124058
47,4,2.3657652139663696,1.0546398195955489,0.5563380281690141,0.5301376763338846,0.5563380281690141,0.49914636482289754,0.7332525892635597,-0.027176187738012336,1.8503951629002888,5.42505759663052
48,1,2.324494308895535,1.0484867559538946,0.5492957746478874,0.43718674143893754,0.5492957746478874,0.47359412305201615,0.7175482084163927,-0.002354247135879728,1.8477938373883565,5.301844994227092
48,2,2.2643727593951755,1.057460520002577,0.5492957746478874,0.45462046499866404,0.5492957746478874,0.4736645376132766,0.713762017532865,-0.02451225197050677,1.7869982851876154,5.080501079559326
48,3,2.2141613496674433,1.049077143271764,0.5404929577464789,0.452580948480124,0.5404929577464789,0.47038581612635494,0.7285743750247815,-0.0011270683995616704,1.7597273853090074,4.932691017786662
48,4,2.3312628004286022,1.0328859587510426,0.551056338028169,0.48951937830768827,0.551056338028169,0.493971047039941,0.7428828233195462,-0.012981688033445238,1.8404747446378071,5.360808478461371
49,1,2.340558542145623,1.0481194588873122,0.5633802816901409,0.4638403579370963,0.5633802816901409,0.49018030508753313,0.711611937821502,-0.007162718429526871,1.851650555928548,5.356249690055847
49,2,2.245363063282437,1.0174858172734578,0.5492957746478874,0.49295823015013157,0.5492957746478874,0.4837210177488683,0.7472527788472929,-0.026305265784255516,1.8036990099483066,5.1104098955790205
49,3,2.20815067158805,1.0524389048417409,0.5352112676056338,0.43039210463944266,0.5352112676056338,0.4650381665462356,0.7360354094951512,-0.0019289381273204231,1.754954265223609,4.904811329311794
49,4,2.352626476022932,1.0565000772476196,0.528169014084507,0.46294427261010035,0.528169014084507,0.48470979019419874,0.7226234229565707,0.0002307128213723253,1.8477269543541803,5.37692125638326
50,1,2.3123406171798706,1.0317078762584262,0.5651408450704225,0.4802359149679127,0.5651408450704225,0.505189441956863,0.7339182847361911,0.0024640270339567616,1.8478867279158697,5.300483478440179
50,2,2.234155582057105,1.0389327241314783,0.5545774647887324,0.4131734015621297,0.5545774647887324,0.47341982767819035,0.725003009376448,-0.01776931961401118,1.7814491854773626,5.0230087174309626
50,3,2.196470399697622,1.0352382726139493,0.551056338028169,0.47159567302305877,0.551056338028169,0.47897866307344755,0.7363963877826815,-0.02997933765365879,1.7543925841649373,4.906011806594001
50,4,2.3387577401267157,1.0384896563159094,0.5704225352112676,0.5199516328741681,0.5704225352112676,0.5085685702471537,0.7311544944777606,-0.002441222053885639,1.8416407770580716,5.372716387112935
51,1,2.296332915623983,1.0216002530521817,0.5528169014084507,0.4613970314431684,0.5528169014084507,0.4834503088217544,0.7339089749438317,-0.0015721250722122715,1.837555660141839,5.270708971553379
51,2,2.213679472605387,1.0186711019939847,0.5616197183098591,0.5225180842980476,0.5616197183098591,0.5048948429250315,0.7416054288284747,-0.003932230026572947,1.7744286391470168,5.0020321475134955
51,3,2.187403996785482,1.0222781830363803,0.5598591549295775,0.4872345386185727,0.5598591549295775,0.49457860277669063,0.7448675333367228,-0.02429818743728629,1.7585691213607788,4.906030694643657
51,4,2.3177585535579257,1.0177181098196242,0.5616197183098591,0.5097000832989126,0.5616197183098591,0.5227395825154773,0.7549153526843886,-0.004287272225594663,1.842570463816325,5.3511860900455055
52,1,2.3039458658960132,1.0305795470873516,0.5827464788732394,0.5195625854866732,0.5827464788732394,0.5303367128263127,0.7411155953919797,-0.0070766246432343305,1.8405982454617817,5.275133821699354
52,2,2.2109157774183483,1.018090648783578,0.5598591549295775,0.4998221702006913,0.5598591549295775,0.492650651079336,0.7385633283259045,-0.006236272962975242,1.777262012163798,4.994174162546794
52,3,2.218922005759345,1.026592191722658,0.5580985915492958,0.503152470343186,0.5580985915492958,0.5061941682384291,0.745979409122839,-0.014423737444907214,1.7758783962991502,5.001024762789409
52,4,2.3531859384642706,1.0189469787809584,0.5827464788732394,0.5133493889132567,0.5827464788732394,0.535624515561934,0.7564794962453772,-0.04669166484506859,1.858501414457957,5.4664099084006414
53,1,2.298947188589308,1.018309132920371,0.5492957746478874,0.47230560054722015,0.5492957746478874,0.4946572401509299,0.7451988563964506,-0.008436155298493953,1.8462567263179355,5.287102513843113
53,2,2.2142237424850464,1.0157465007570055,0.5721830985915493,0.5228073156429792,0.5721830985915493,0.5139742558568692,0.7481521956257753,-0.010376457840664433,1.7810405757692125,5.01067042350769
53,3,2.1965988079706826,1.0232406258583069,0.5704225352112676,0.5289552382789889,0.5704225352112676,0.5103684957911214,0.7445719664716903,-0.005495992673396177,1.756803399986691,4.934434360928005
53,4,2.3145086566607156,1.000332428349389,0.5757042253521126,0.5240455893254262,0.5757042253521126,0.5422281431275019,0.7623659559199956,-0.012762100652193187,1.8434811035792034,5.380919641918606
54,1,2.3127155237727695,1.0044430196285248,0.5827464788732394,0.49375351829250475,0.5827464788732394,0.5129409004275806,0.7466562000496335,-0.01806994741420942,1.8549815681245592,5.3653510676489935
54,2,2.1699696911705866,0.9586896863248613,0.5880281690140845,0.5313593254335268,0.5880281690140845,0.5279198349325631,0.7698483230532693,-0.02390101841053216,1.7817135320769415,4.996289491653442
54,3,2.166195478704241,0.9777661992443932,0.5862676056338029,0.5168264436883224,0.5862676056338029,0.5301964692731757,0.7660758981510725,-0.012862972776124026,1.765393939283159,4.939196917745802
54,4,2.3301451404889426,1.0269251234001584,0.5598591549295775,0.5135956747729014,0.5598591549295775,0.5180356812306504,0.7546829902765984,0.00611985069258647,1.848121636443668,5.370991547902425
55,1,2.283234543270535,0.9967649082342783,0.5757042253521126,0.5052759326888205,0.5757042253521126,0.5209244309164077,0.7454926643719797,-0.015431916188788142,1.8472934166590373,5.284996734725104
55,2,2.1834374401304455,0.9890093704064687,0.5845070422535211,0.511502888005808,0.5845070422535211,0.5184161958090076,0.7552342599161659,-0.0001608424240600037,1.775411393907335,4.970436056454976
55,3,2.169221129682329,0.9942045907179514,0.5545774647887324,0.4833309472217923,0.5545774647887324,0.50415226001535,0.7614053155934327,-0.012494813540923966,1.7591579688919916,4.910926315519545
55,4,2.2952920463350086,0.9735441042317284,0.5950704225352113,0.5329761667534502,0.5950704225352113,0.5506592452080367,0.7797045972567245,-0.013484114918259626,1.8448072539435492,5.379370411237081
56,1,2.2485939462979636,0.9589553144243028,0.6003521126760564,0.528535764833355,0.6003521126760564,0.547630818020707,0.7685471280076916,-0.0061890687632724095,1.8384940889146593,5.257750550905864
56,2,2.162823544608222,0.9522046115663316,0.5880281690140845,0.5039943382239143,0.5880281690140845,0.5166357021066914,0.7833168225888921,-0.014477869168349589,1.7740700840950012,4.987600869602627
56,3,2.1736665500534906,0.9999594953325059,0.5880281690140845,0.5330616664243425,0.5880281690140845,0.5491954924194559,0.7603549115748087,-0.013705772191105359,1.7496493657430012,4.912316136889988
56,4,2.317082941532135,0.969413462612364,0.596830985915493,0.5406276450995011,0.596830985915493,0.5576172610416703,0.7781727959366054,-0.017022329535546277,1.8597564895947774,5.461644861433241
57,1,2.294584188196394,0.9967334436045753,0.5633802816901409,0.4961971952189541,0.5633802816901409,0.5126009357390796,0.7491423200238598,-0.011398163777632364,1.8443881339497037,5.322902374797398
57,2,2.179722136921353,0.9720625281333923,0.579225352112676,0.5186413195828974,0.579225352112676,0.5133132715190278,0.7721379555185367,7.341285651396579e-05,1.776884463098314,4.9975943432913885
57,3,2.172932061884138,1.0025755895508661,0.5580985915492958,0.5027341930593524,0.5580985915492958,0.5236754136950968,0.7481369623719105,-0.021402748940790195,1.755360225836436,4.903763678338793
57,4,2.2911494970321655,0.9722417129410638,0.5809859154929577,0.5184575550458553,0.5809859154929577,0.5384207705740127,0.7736211358743654,-0.024377522072284386,1.8439913789431255,5.368600752618578
58,1,2.261905974811978,0.9773633347617255,0.5809859154929577,0.4917833956044839,0.5809859154929577,0.5164674807134687,0.7587193375816095,-0.006787503515525595,1.8394044240315754,5.259171936247084
58,2,2.1791754364967346,0.9690062039428287,0.5862676056338029,0.5045403471418547,0.5862676056338029,0.5213104955590679,0.7755564409712848,-0.0018039885223184449,1.7801237569914923,5.0029035276836815
58,3,2.1260006030400596,0.9240150021182166,0.596830985915493,0.550551226171648,0.596830985915493,0.5491089348713797,0.7893169318938689,-0.01072485858737271,1.759845985306634,4.930633558167352
58,4,2.2966078188684254,0.987264398071501,0.5774647887323944,0.5178780523682036,0.5774647887323944,0.5379714018438279,0.7708978699140552,-0.009669947820004632,1.8374324308501349,5.351742254363166
59,1,2.2648907436264887,0.9775381982326508,0.5809859154929577,0.5122022419919358,0.5809859154929577,0.5337892161034673,0.7695377878113133,-0.014136258002194868,1.8398076362080045,5.268713222609626
59,2,2.1528941061761646,0.9490781989362505,0.5862676056338029,0.5258833134105989,0.5862676056338029,0.5273223864259955,0.773683551040089,-0.005828032584637377,1.7698494262165494,4.961797833442688
59,3,2.1455146405431957,0.9560073581006792,0.5897887323943662,0.5284991197183099,0.5897887323943662,0.5408089167903793,0.7780836593606336,5.537173108993709e-05,1.7609641684426203,4.921031475067139
59,4,2.280048350493113,0.9484451346927218,0.602112676056338,0.547400352199682,0.602112676056338,0.5666234795263441,0.7921624302829477,-0.019313324765058537,1.8484419120682611,5.387122445636326
60,1,2.270542469289568,0.9902255203988817,0.5721830985915493,0.5137362208574748,0.5721830985915493,0.5323522946510795,0.7610596661801297,-0.015115351450105674,1.8379232221179538,5.2579483720991345
60,2,2.195545256137848,0.9521761371029748,0.579225352112676,0.5372776756137843,0.579225352112676,0.5245928831821175,0.7779488278419566,-0.0163903765406348,1.8016129202312894,5.096739755736457
60,3,2.130577716562483,0.9390208721160889,0.6056338028169014,0.5425642871221686,0.6056338028169014,0.5581549424190423,0.7882928951125314,-0.003836955907073669,1.749942229853736,4.910876843664381
60,4,2.2932361695501537,0.9764308929443359,0.5880281690140845,0.5328431435576818,0.5880281690140845,0.546083468525763,0.7881223629621238,-0.0065937494207748415,1.83694326877594,5.365781704584758
61,1,2.2737573120329113,0.9499335388342539,0.5704225352112676,0.5130795791304801,0.5704225352112676,0.538131219092449,0.7812227258940816,-0.011714873837516793,1.8588869505458407,5.3626792430877686
61,2,2.1626829703648887,0.9339615537060632,0.5950704225352113,0.5335055246352668,0.5950704225352113,0.5379873167220878,0.7821098088551792,0.010895466225878558,1.7816219329833984,5.029699325561523
61,3,2.120117074913449,0.9301711850696139,0.5933098591549296,0.5321050297162473,0.5933098591549296,0.5443115875902025,0.7913841693781483,-0.030950283103956755,1.7496940427356296,4.896657374170092
61,4,2.293519377708435,0.9499540825684866,0.602112676056338,0.5572034543892979,0.602112676056338,0.5689162477971053,0.7834981301197717,-0.013142144172635817,1.850935935974121,5.42850497033861
62,1,2.258651700284746,0.9490616155995263,0.5774647887323944,0.5076831243438434,0.5774647887323944,0.5279801928350633,0.7778115615068139,-0.021900357677150817,1.8471396764119465,5.314361810684204
62,2,2.145820783244239,0.9247455894947052,0.602112676056338,0.5353059346333207,0.602112676056338,0.5435683865716114,0.7890149449275616,-0.008163940223567812,1.7771978709432814,4.99499609735277
62,3,2.14747734202279,0.9511432184113396,0.5669014084507042,0.5075708087824907,0.5669014084507042,0.5257814827318449,0.7839623754255278,-0.014332582166074692,1.7601680358250935,4.938923491372003
62,4,2.26226849688424,0.9325698845916324,0.5950704225352113,0.5458429912153496,0.5950704225352113,0.5614988311369099,0.791011813590907,-0.01004763221325522,1.8437302973535326,5.364898535940382
63,1,2.239925887849596,0.9293864203823937,0.6038732394366197,0.5325537817979747,0.6038732394366197,0.5520387264453152,0.7862422495475616,-0.002943432379646227,1.8485726449224684,5.297851191626655
63,2,2.162152197625902,0.9453797572188907,0.6267605633802817,0.572381405515741,0.6267605633802817,0.579563355809119,0.7887617768679998,-0.009614742163586376,1.7721794644991558,5.001287672254774
63,3,2.113088766733805,0.9319887558619181,0.5933098591549296,0.5324060615970049,0.5933098591549296,0.5381651467947469,0.7908671180088059,0.006162713048964208,1.7480408681763544,4.86898868613773
63,4,2.272533529334598,0.9233807656500075,0.596830985915493,0.5528702917070385,0.596830985915493,0.5633069027271451,0.7889475443908451,-0.030438918420705896,1.8482369184494019,5.420556465784709
64,1,2.2302475704087152,0.9322421583864424,0.6038732394366197,0.5437473012044884,0.6038732394366197,0.5671945804133273,0.7884492512707922,0.0032885026652522686,1.8406237827406988,5.258926603529188
64,2,2.160430259174771,0.9289264049794939,0.6179577464788732,0.5797712130626899,0.6179577464788732,0.5582179928093736,0.7938872320713837,-0.012845422821060382,1.7816810144318476,5.03393903043535
64,3,2.1487967239485846,0.9498688909742568,0.573943661971831,0.5313873595198926,0.573943661971831,0.5268467195320987,0.7848341322672225,0.0034207375942503226,1.764280100663503,4.946294877264235
64,4,2.2403883006837635,0.9125211271974776,0.5915492957746479,0.5449950758871718,0.5915492957746479,0.564805879961453,0.8075129694429091,-0.0010456819637962855,1.8426895538965862,5.338744892014398
65,1,2.217110368940565,0.9085398647520277,0.6232394366197183,0.5573046945490455,0.6232394366197183,0.5767203395129609,0.7946905819253339,-0.0122749962106532,1.8371411628193326,5.27044137318929
65,2,2.134208447403378,0.8957487940788269,0.6197183098591549,0.5754072342285834,0.6197183098591549,0.5633903276301875,0.8093158556416431,-0.014312618277610989,1.7812958757082622,5.023947517077128
65,3,2.1004938350783453,0.9063439302974277,0.6056338028169014,0.5583841041587521,0.6056338028169014,0.5625936838843327,0.8069317015197064,-0.0008451035854322164,1.7533136010169983,4.88684340318044
65,4,2.232920249303182,0.8863270348972745,0.6056338028169014,0.5590008739304514,0.6056338028169014,0.5712415546970566,0.8205789993429491,-0.012581158533809367,1.8472974300384521,5.3749709659152565
66,1,2.245604091220432,0.916633215215471,0.5897887323943662,0.5352719133743417,0.5897887323943662,0.5472872668421579,0.7965204939772377,-0.030395194502460976,1.8530762526724074,5.346535868114895
66,2,2.1146303878890143,0.8637387884987725,0.6390845070422535,0.604516497435001,0.6390845070422535,0.5935393432281192,0.8192268438138668,-0.014759400779725151,1.782819026046329,5.033377223544651
66,3,2.0901450448566012,0.8610643645127615,0.6161971830985915,0.566343610010939,0.6161971830985915,0.5796048431461444,0.8198931411789478,-0.009374687791065206,1.762595772743225,4.9579998254776
66,4,2.2319608132044473,0.8840505116515689,0.6126760563380281,0.5629878383137901,0.6126760563380281,0.5853518141596783,0.8197472382192501,-0.017516069609443186,1.8429436749882169,5.377084705564711
67,1,2.2117726935280695,0.887089318699307,0.625,0.567585303385203,0.625,0.5891725187125695,0.8126341627405409,-0.0024724135612079756,1.8478418986002605,5.302700307634142
67,2,2.140425536367628,0.9030007620652517,0.6161971830985915,0.5626216973028727,0.6161971830985915,0.5638450613775666,0.7930602699496339,-0.011911159894731904,1.7827726933691237,5.02774981657664
67,3,2.0793237686157227,0.8795299960507287,0.6003521126760564,0.5443378759682211,0.6003521126760564,0.5611440024166383,0.8141456341069386,-0.011217784028211275,1.748880472448137,4.878842486275567
67,4,2.2471845547358194,0.8865300152036879,0.6003521126760564,0.5541623225298375,0.6003521126760564,0.5701365834333205,0.8198790383930163,-0.014551699555441777,1.8502177728546991,5.422044926219517
68,1,2.2312994731797113,0.9328744610150655,0.6038732394366197,0.6046340775013493,0.6038732394366197,0.5631862738908551,0.7963675086804937,-0.01996485974738449,1.8401531510882907,5.260957532458836
68,2,2.1065312955114575,0.8588620821634928,0.6073943661971831,0.5692032023993846,0.6073943661971831,0.559083623035464,0.8292242780988988,-0.02494409329774161,1.7857871386739943,5.017759217156304
68,3,2.09683315621482,0.8762349916829003,0.6320422535211268,0.5811071927954184,0.6320422535211268,0.5859136078456801,0.8197733253982296,-0.01344710621329015,1.7658093041843839,4.944895360204908
68,4,2.192751493718889,0.832307712899314,0.625,0.6066964684512998,0.625,0.5901848575224202,0.8370646815580133,-0.018138909465046593,1.8474168909920587,5.36712023946974
69,1,2.2355313499768577,0.9143683612346649,0.5880281690140845,0.5308943061743489,0.5880281690140845,0.5536553684581762,0.7887062862001228,-0.029478010623622763,1.8479894929462009,5.318244907591078
69,2,2.1213505731688604,0.8829793963167403,0.6161971830985915,0.5694575507212915,0.6161971830985915,0.5802818593583208,0.8143252425854559,-0.04054620793854702,1.7750994828012254,5.0108831193712025
69,3,2.0827351212501526,0.8633833196428087,0.6091549295774648,0.5616551574178329,0.6091549295774648,0.5824116138205327,0.8190985265283537,-0.0006309676668743158,1.758976764149136,4.927889108657837
69,4,2.1907114916377597,0.8473546107610067,0.6320422535211268,0.6538218192613436,0.6320422535211268,0.6081773809003431,0.8319672876390962,-0.0023532235490348885,1.8346571723620098,5.325210677252875
70,1,2.1907454133033752,0.87368001209365,0.6320422535211268,0.6145630870241693,0.6320422535211268,0.5921059405047036,0.8194165736825946,0.008184278860254968,1.8398612803883023,5.263897776603699
70,2,2.090340322918362,0.8138727876875136,0.6549295774647887,0.6669969787795751,0.6549295774647887,0.6170284963257348,0.8344734194968186,-0.01399571650467113,1.791347583134969,5.068764395183987
70,3,2.0483547978931003,0.8163295984268188,0.6443661971830986,0.6021845011098294,0.6443661971830986,0.6003674637639546,0.8432247109279027,-0.014929986999685951,1.7564954095416598,4.923080073462592
70,4,2.18913111421797,0.834392186668184,0.6338028169014085,0.5836929676908442,0.6338028169014085,0.6066905736432141,0.8423097233773651,-0.004218509107333901,1.8391946421729193,5.350188467237684
71,1,2.179903593328264,0.8515206906530592,0.6091549295774648,0.5763293791868246,0.6091549295774648,0.5846882010337362,0.829248020119463,-0.011211327631201806,1.8400980830192566,5.279463582568699
71,2,2.088601370652517,0.8432953622606065,0.6373239436619719,0.6248225009995589,0.6373239436619719,0.5963281512268895,0.8265729514506289,-0.012568262985002354,1.775785207748413,4.994315200381809
71,3,2.0649637248780994,0.8418937888410356,0.647887323943662,0.6317705498441509,0.647887323943662,0.6199612310243428,0.8314496893274683,-0.006767919416228008,1.75746265384886,4.918793506092495
71,4,2.196115427547031,0.8329684866799248,0.6496478873239436,0.6313874591288058,0.6496478873239436,0.6246423632912863,0.8394440993606243,0.009309980564000231,1.8476240701145596,5.376791477203369
72,1,2.1977558732032776,0.8763738142119514,0.6144366197183099,0.5899811831059186,0.6144366197183099,0.5837492698124228,0.8114186778190605,-0.015147505687035823,1.840142481856876,5.280980494287279
72,2,2.093071930938297,0.8342723151048025,0.670774647887324,0.6561451368880576,0.670774647887324,0.6387407852385829,0.8277550120984809,-0.02121783324176696,1.7814018925031025,5.03027085463206
72,3,2.071024841732449,0.8608506553702884,0.6338028169014085,0.6143309557597115,0.6338028169014085,0.6083381028482009,0.8180198900545441,-0.0037365172909804567,1.7512514524989657,4.894764290915595
72,4,2.197160449292925,0.8358903957737817,0.6161971830985915,0.6060726810663176,0.6161971830985915,0.5860229716296735,0.839670030102138,-0.022108290759926597,1.8484496474266052,5.373457140392727
73,1,2.2137242489390903,0.869844956530465,0.6355633802816901,0.6033610045581876,0.6355633802816901,0.6121371401576363,0.8184707055630245,-0.024245091298422672,1.8582879437340631,5.349442468749152
73,2,2.1105252305666604,0.8689296742280325,0.6461267605633803,0.6588663938518328,0.6461267605633803,0.6084397517874812,0.8033593627422451,-0.01037716824400059,1.776284721162584,5.007581247223748
73,3,2.0745579600334167,0.8536182873778873,0.5950704225352113,0.6092377524333622,0.5950704225352113,0.5703485627409216,0.8224649454478364,-0.011051411150957424,1.7580808069970872,4.923417025142246
73,4,2.1763602561420865,0.8297977083259158,0.6390845070422535,0.6399992251414226,0.6390845070422535,0.6068191582610899,0.8437240271138111,-0.0064307441473359095,1.8337720235188801,5.318339281611973
74,1,2.1925818655225964,0.866271091832055,0.6232394366197183,0.5922977453583074,0.6232394366197183,0.5858195441117872,0.8090579012291553,-0.020564451321485322,1.849061734146542,5.287306878301832
74,2,2.066774434513516,0.8027334908644358,0.6566901408450704,0.659379987147218,0.6566901408450704,0.6245150234946278,0.8486430922616895,-0.000683519765532381,1.7806237406200833,5.016203098826939
74,3,2.057218160894182,0.8353705604871114,0.625,0.595138219544371,0.625,0.5961407554299117,0.8280877173303038,-0.012418165441216766,1.7592277593082852,4.908195760515001
74,4,2.193119843800863,0.825525744093789,0.6320422535211268,0.6219225815374335,0.6320422535211268,0.6120964444373743,0.8437603951120236,-0.012257722050985409,1.8464622563785977,5.384172532293531
75,1,2.1538776887787714,0.825995471742418,0.6338028169014085,0.610751276665843,0.6338028169014085,0.6041920387455086,0.8307060227755705,-0.01978300051095827,1.8365575538741217,5.252269334263271
75,2,2.052041788895925,0.7843181424670749,0.6619718309859155,0.6375774263340624,0.6619718309859155,0.6361366243797503,0.8478597672658847,-0.01886300129325691,1.7785539759529962,5.010063502523634
75,3,2.0693432490030923,0.8680025769604577,0.6056338028169014,0.5929146531842369,0.6056338028169014,0.5762364098501672,0.8193724295119457,-0.00205921246723606,1.7484605709711711,4.872471332550049
75,4,2.2211808959643045,0.8268675241205428,0.6373239436619719,0.6446689297440107,0.6373239436619719,0.6157144428012734,0.8417468722949777,-0.02231599912393989,1.858160714308421,5.47457852628496
76,1,2.1657938294940524,0.8029066754711999,0.6285211267605634,0.5993567605402795,0.6285211267605634,0.6016883802816901,0.8401783600100765,-0.017615759205588555,1.8571054339408875,5.345863554212782
76,2,2.088699698448181,0.8121558758947585,0.653169014084507,0.619987235543179,0.653169014084507,0.6264699572989254,0.8434411635952246,-0.011358550918649124,1.789613750245836,5.067301816410488
76,3,2.031886617342631,0.8097980055544112,0.6584507042253521,0.633091766603013,0.6584507042253521,0.6329253652471953,0.8419804276890902,-0.0037404439111399235,1.7528377837604947,4.883426494068569
76,4,2.157546752028995,0.785295565923055,0.6461267605633803,0.6346134608904459,0.6461267605633803,0.6196030073311234,0.8570101709766691,-0.023325614353045365,1.8436649905310736,5.35946590370602
77,1,2.1501755780643887,0.810788459248013,0.625,0.5963963867123476,0.625,0.6024411795605376,0.8405250071090709,-0.018383022734406396,1.8410131798850164,5.275411950217353
77,2,2.0294788810941906,0.7532278862264421,0.6778169014084507,0.6608432500693106,0.6778169014084507,0.6505117756385949,0.8581111750924993,-0.004639630949648144,1.7809439500172932,5.007397757636176
77,3,2.0570463008350797,0.8163454499509599,0.6320422535211268,0.6180402103012864,0.6320422535211268,0.6113093543957557,0.8408906730217826,-0.0299085533167589,1.7590390510029263,4.952014764149983
77,4,2.14767101738188,0.7857874366972182,0.6496478873239436,0.6425216252123347,0.6496478873239436,0.6259187487570981,0.8570640967215009,-0.01606522789368725,1.8334922790527344,5.325399213367039
78,1,2.1174241304397583,0.765064044131173,0.6637323943661971,0.613516489885817,0.6637323943661971,0.6289458715857901,0.8577100785518177,-0.02565947021153092,1.843140463034312,5.272930820782979
78,2,2.065180149343279,0.8047597143385146,0.6637323943661971,0.6422736442122784,0.6637323943661971,0.6406899296489834,0.851122696148259,0.005053836405273682,1.7750928004582722,5.00616094801161
78,3,2.0534066955248513,0.8198959761195712,0.6566901408450704,0.6526878085685978,0.6566901408450704,0.6318408121619572,0.836449741228444,-0.004697368297997828,1.7619063191943698,4.931598199738397
78,4,2.159844391875797,0.7784085637993283,0.670774647887324,0.6580932413092037,0.670774647887324,0.6536688970504039,0.854897079747154,-0.01821862869204205,1.847330821885003,5.383194446563721
79,1,2.1508328451050653,0.8057675460974375,0.6584507042253521,0.6236270670618695,0.6584507042253521,0.6281006705569574,0.8375765873320278,-0.008689331928462884,1.8411275015936956,5.289318336380853
79,2,2.042915940284729,0.7804444068007999,0.6795774647887324,0.6614990004556818,0.6795774647887324,0.6493148835566892,0.844739845971373,0.005010192947572101,1.771672202481164,4.988682720396254
79,3,2.021340502632989,0.7890277240011427,0.6320422535211268,0.6250002314048119,0.6320422535211268,0.614969450797764,0.846612868614077,-0.01292295515838715,1.7449084056748285,4.896736780802409
79,4,2.1593830386797586,0.7823746436172061,0.647887323943662,0.6156982493250098,0.647887323943662,0.6253071653796023,0.8530429914014537,-0.02353938540893541,1.840287493334876,5.372402442826165
80,1,2.126002093156179,0.7643037372165256,0.6654929577464789,0.6410657109959224,0.6654929577464789,0.6413728407673579,0.8533817049294803,-0.023358607939841125,1.845844758881463,5.303298009766473
80,2,2.00894914733039,0.7323305772410499,0.6690140845070423,0.6349015592237904,0.6690140845070423,0.6412749467953339,0.8681330144053,0.0020647209515095577,1.77467499838935,4.987725641992357
80,3,2.0149483217133417,0.7759384446673923,0.6373239436619719,0.6101986556921025,0.6373239436619719,0.6141423028564533,0.8520545772682262,-0.014078653200960467,1.7562807997067769,4.905971195962694
80,4,2.166270123587714,0.8072962098651462,0.6584507042253521,0.6514504089930331,0.6584507042253521,0.644507612025487,0.8594283771411546,0.009244179961024557,1.8398637109332614,5.337209065755208
81,1,2.144331455230713,0.7694889538817935,0.676056338028169,0.6618527437679621,0.676056338028169,0.6470021737305501,0.8574058019531299,-0.018137477592421236,1.8540273639890883,5.352297067642212
81,2,2.017507599459754,0.7241513364844852,0.7077464788732394,0.6914234103289488,0.7077464788732394,0.6841779631023416,0.87071496352172,-0.020375078306084538,1.7827550967534382,5.035338666703966
81,3,2.0153664681646557,0.7693758143319024,0.6443661971830986,0.6288948028222587,0.6443661971830986,0.6277034944537724,0.8581036740054613,0.004235231295029673,1.7563298013475206,4.922677781846788
81,4,2.199453698264228,0.8136953281031715,0.6408450704225352,0.6259699471211962,0.6408450704225352,0.626587405249283,0.8449085464163335,-0.02333512512598901,1.8544483847088284,5.432889646954006
82,1,2.1678432093726263,0.7987843983703189,0.6654929577464789,0.6533313880045458,0.6654929577464789,0.6509953037017604,0.8433153622301832,-0.030613339561664565,1.8650534881485834,5.36231353547838
82,2,2.018617252508799,0.7570136603381898,0.6883802816901409,0.6985491393444446,0.6883802816901409,0.6683064527518365,0.8604605980725544,0.0032297006668950967,1.76858432425393,4.9623588058683605
82,3,2.014770381980472,0.7754873004224565,0.6690140845070423,0.6650914263387886,0.6690140845070423,0.6454424982123165,0.8616656005062135,-0.012452604597236627,1.7514309419525995,4.906430721282959
82,4,2.1523603399594626,0.7942529138591554,0.6461267605633803,0.624413902824573,0.6461267605633803,0.6306723552582941,0.8482288895781827,-0.004672749231057871,1.8250552150938246,5.321277459462483
83,1,2.1128149297502308,0.7383464177449545,0.6971830985915493,0.6747600395648996,0.6971830985915493,0.6770192154162277,0.8711430913684597,-0.01922815499056485,1.8562119669384427,5.319907890425788
83,2,2.0209487875302634,0.7339243292808533,0.6971830985915493,0.6802200891784459,0.6971830985915493,0.6720319422961637,0.86599293933673,-0.015003536458404909,1.7800529268052843,5.024005624983046
83,3,1.9733307891421847,0.7242568035920461,0.6672535211267606,0.6461950502881315,0.6672535211267606,0.642741067113924,0.8746303337432495,0.021405177219244176,1.7498280604680378,4.887836575508118
83,4,2.1120133731100292,0.7210695577992333,0.6654929577464789,0.6499776532574328,0.6654929577464789,0.6477799621761605,0.8726456256334373,-0.01467451904875361,1.8341555727852716,5.357548687193129
84,1,2.08909809589386,0.7247958415084415,0.6848591549295775,0.6601199338072907,0.6848591549295775,0.6640736852618887,0.8691065110296162,0.0029772414190335494,1.8438435528013442,5.272469878196716
84,2,2.0049601594607034,0.7249553054571152,0.6883802816901409,0.6888018618275488,0.6883802816901409,0.6722211331561854,0.8717601335084817,-0.021093224554903367,1.7801072266366746,4.991637945175171
84,3,1.9779350360234578,0.7090723498000039,0.6830985915492958,0.668421095655258,0.6830985915492958,0.6688585177059045,0.8765722117806765,-0.00606134771572564,1.7584654026561313,4.938614421420628
84,4,2.0926754673322043,0.6944679021835327,0.7112676056338029,0.6914949597333374,0.7112676056338029,0.6935707252095532,0.8840564554075739,-0.008925813833648988,1.8358407153023615,5.355159574084812
85,1,2.086370918485853,0.7190040548642477,0.670774647887324,0.6582184890389704,0.670774647887324,0.6547058110478428,0.8604420711008686,-0.02059167300725928,1.8440975546836853,5.276893470022413
85,2,2.027448501851824,0.7409732374880049,0.6778169014084507,0.6588744383923418,0.6778169014084507,0.6548195617810235,0.8668628728270433,-0.02470531492576189,1.7787362270885043,5.029223932160272
85,3,1.9936662250094943,0.7281958841615253,0.6901408450704225,0.6761318160427934,0.6901408450704225,0.6749956154770606,0.8744285685874669,0.003171611153093945,1.7600226336055331,4.946430166562398
85,4,2.1409010224872165,0.7669055693679385,0.6619718309859155,0.6541161585397863,0.6619718309859155,0.6480610335977868,0.8636832000183797,-0.013538338661311933,1.8383641574117873,5.346890224350823
86,1,2.0753626028696694,0.7067075702879164,0.6848591549295775,0.6749770240468865,0.6848591549295775,0.6675023754723303,0.877952387676231,-0.0047859093714974765,1.8381277322769165,5.26889091067844
86,2,1.9679962595303853,0.6985984361833997,0.6919014084507042,0.6832765084891157,0.6919014084507042,0.6713943595534229,0.8750079783353131,-0.00221245756187205,1.764841099580129,4.929924302630955
86,3,1.990930351946089,0.7452866037686666,0.6795774647887324,0.6554729350808076,0.6795774647887324,0.6564067381252183,0.8581064913894763,-0.01096400712773149,1.7527000374264188,4.897432261043125
86,4,2.1342247194714017,0.7636857397026486,0.6566901408450704,0.655275519656768,0.6566901408450704,0.6509321586454,0.8650029248806088,-0.018230915764679168,1.8307742807600234,5.332148710886638
87,1,2.140064451429579,0.8142503400643667,0.6584507042253521,0.6395288397048959,0.6584507042253521,0.639718871554351,0.8347914542051689,0.004026218317415675,1.8350336419211493,5.233630604214138
87,2,2.0013299650616116,0.7197415596908994,0.6813380281690141,0.6638858796293475,0.6813380281690141,0.6582220932635476,0.875033905956399,-0.01918071600656246,1.7784128785133362,4.99170278178321
87,3,2.0137120882670083,0.7566513584719764,0.6690140845070423,0.6651007849240119,0.6690140845070423,0.6549270297551042,0.8676619554239191,-0.021649643889784853,1.7626013093524509,4.946853650940789
87,4,2.134122782283359,0.7386368612448374,0.676056338028169,0.6769844155873459,0.676056338028169,0.6627388850891739,0.8697905788483945,0.0021768430685402684,1.8453785445955064,5.390256391631232
88,1,2.089472081926134,0.709509594572915,0.7059859154929577,0.6844557432341283,0.7059859154929577,0.6839497532700227,0.8728579036243311,-0.00869484146024857,1.8491486377186246,5.3093845049540205
88,2,1.9738812777731154,0.6683927625417709,0.7130281690140845,0.6962769402512953,0.7130281690140845,0.6926381748778034,0.8950325654088291,-0.019423717892898207,1.776290820704566,5.020020948515998
88,3,1.9994305041101244,0.7270112666818831,0.6883802816901409,0.6667914325576098,0.6883802816901409,0.6727071203075519,0.8711694750148886,-0.016245524671315126,1.760993050204383,4.96840853161282
88,4,2.0941245688332453,0.7010355028841231,0.6971830985915493,0.6909141401438935,0.6971830985915493,0.6844003588453599,0.882290001805708,-0.006534369447730226,1.8374805980258517,5.344665540589227
89,1,2.081903119881948,0.7176550593641069,0.6901408450704225,0.674420985926657,0.6901408450704225,0.6762779509417506,0.8744837698578105,-0.013711196440211015,1.8414249817530315,5.265148361523946
89,2,1.9945962031682332,0.6935477521684434,0.6936619718309859,0.6837859553184109,0.6936619718309859,0.6839618438967049,0.8819313379197442,-0.0038975247012758008,1.7809706926345825,5.030375798543294
89,3,1.9886083205540974,0.7261627680725522,0.6602112676056338,0.6495659028094551,0.6602112676056338,0.6360129296770158,0.8682970737066871,-0.0054218683310149896,1.7636963195270963,4.934314356909858
89,4,2.0935850739479065,0.6851168175538381,0.7095070422535211,0.7139720814170425,0.7095070422535211,0.703967599714378,0.8870847467419564,-0.010421825954726405,1.8483100533485413,5.380010790295071
90,1,2.112056612968445,0.7393521269162496,0.6866197183098591,0.6701999412421363,0.6866197183098591,0.6718487231911845,0.8666114771479054,-0.014159560253558912,1.8511288563410442,5.315033515294393
90,2,2.026552829477522,0.7313615828752518,0.6919014084507042,0.6763540609282596,0.6919014084507042,0.670764636620503,0.8608094645505442,-0.019266014984331115,1.78906829489602,5.048665470547146
90,3,1.9346318708525763,0.6698914335833656,0.7112676056338029,0.7056109437789345,0.7112676056338029,0.6922236627471148,0.8945580101709902,-0.011655156973164216,1.7513772580358717,4.885692728890313
90,4,2.101817270119985,0.6789946622318692,0.698943661971831,0.6908715745736627,0.698943661971831,0.6856918468343741,0.8890277480543476,-0.00291532287912899,1.8514674769507513,5.421736531787449
91,1,2.061835640006595,0.6699974089860916,0.7130281690140845,0.7012915791101548,0.7130281690140845,0.7033783076157898,0.8874774376161507,-0.014208469935332202,1.8479628165562947,5.309457964367336
91,2,1.9955220222473145,0.6777011487219069,0.7007042253521126,0.6855423363430612,0.7007042253521126,0.6824167757809266,0.8836237409571546,-0.012119064790102385,1.7951038810941908,5.070437245898777
91,3,1.9554398788346186,0.675540061460601,0.7095070422535211,0.6847712940576125,0.7095070422535211,0.6866073332083898,0.8873169174541558,0.0010211691197500317,1.7588123149342008,4.941872609986199
91,4,2.1307106945249767,0.7459428475962745,0.6848591549295775,0.6965218650732478,0.6848591549295775,0.676988486201003,0.8755493035936952,-0.007609118096079781,1.8404057092136807,5.361835519472758
92,1,2.0688054694069757,0.6957797408103943,0.6971830985915493,0.679029899680534,0.6971830985915493,0.6837084877021912,0.8763788579706371,-0.007698967055681072,1.8434487250116136,5.272531999482049
92,2,1.936206943458981,0.6340800507201089,0.7306338028169014,0.713396891109852,0.7306338028169014,0.7182800804874088,0.897416366969353,-0.014957386815981577,1.7757502595583599,4.974502828386095
92,3,1.9314972029791937,0.6654025448693169,0.7112676056338029,0.6963724380894318,0.7112676056338029,0.6949076134187011,0.8905150571749101,-0.009034664823612815,1.7482113242149353,4.885717895295885
92,4,2.0930905209647284,0.701803896162245,0.7007042253521126,0.7181641125787998,0.7007042253521126,0.6901775119687243,0.8842232172868894,0.0043055880835944915,1.8360111448499892,5.339425802230835
93,1,2.0672659741507635,0.7061036477486292,0.7024647887323944,0.687467092574114,0.7024647887323944,0.6904337399205548,0.8818727610088314,-0.014214619476265344,1.8328679005304973,5.243311206499736
93,2,1.9817498723665874,0.6750286353958977,0.7253521126760564,0.7205089068539396,0.7253521126760564,0.7175446310546384,0.8874406897518741,-0.012139397107385541,1.7848239011234708,5.030765877829658
93,3,1.9637334214316473,0.7236251317792468,0.6778169014084507,0.6528147980113046,0.6778169014084507,0.6609071276393876,0.8681372305951744,-0.010328470333382356,1.7448087202178106,4.857319209310743
93,4,2.1067678795920477,0.7155537406603495,0.6725352112676056,0.6799881664159421,0.6725352112676056,0.6629781176146932,0.8814172948037816,0.00142758948716315,1.8380406233999464,5.352933896912469
94,1,2.090991927517785,0.7448747985892825,0.6742957746478874,0.6500569589221963,0.6742957746478874,0.6557208495546458,0.8659966035302942,-0.016880201084797042,1.831748452451494,5.23193163341946
94,2,1.954339047273,0.6561368604501089,0.7147887323943662,0.6990700345971931,0.7147887323943662,0.7018598412606747,0.8954817258653662,0.012929125628073912,1.7756200432777405,4.9834772613313465
94,3,1.936466309759352,0.6615995234913297,0.6883802816901409,0.6704473096198448,0.6883802816901409,0.6719410134117015,0.8942559030756534,-0.008728128889046394,1.751173072391086,4.911155316564772
94,4,2.0984408259391785,0.7211476531293657,0.7007042253521126,0.6942304842792663,0.7007042253521126,0.6897300387434063,0.8789666357917275,0.008113217918153448,1.8307445247968037,5.312124742401971
95,1,2.0398060546980963,0.6636695216099421,0.7165492957746479,0.7111404668083458,0.7165492957746479,0.7017702652423431,0.8905000566426835,-0.002490626850012667,1.835705558458964,5.250791205300225
95,2,1.9599009950955708,0.6363205264012018,0.7306338028169014,0.7161954335097532,0.7306338028169014,0.7155116860996542,0.8970867720959923,-0.009852466892136036,1.7864806652069092,5.048255364100139
95,3,1.971220976776547,0.6943903333610959,0.6971830985915493,0.6923914466417964,0.6971830985915493,0.6880563893378486,0.880298562211752,-0.0022309778036375683,1.7628787159919739,4.950492236349318
95,4,2.0779330597983465,0.6819972660806444,0.7165492957746479,0.7191654616923047,0.7165492957746479,0.7117863384759523,0.8898558667259404,-0.016537151462128863,1.8329191207885742,5.335116306940715
96,1,2.027884562810262,0.6588115261660682,0.7200704225352113,0.7011174187985053,0.7200704225352113,0.7061362724340438,0.8864873302096024,-0.000812681479484878,1.832248588403066,5.222388254271613
96,2,1.9341549277305603,0.6314176486598121,0.7200704225352113,0.70474300216099,0.7200704225352113,0.701766430540937,0.8988597353578924,-0.02170884862872846,1.7685209181573656,4.973875019285414
96,3,1.9598850276735094,0.6926871670616997,0.676056338028169,0.6713639513007752,0.676056338028169,0.6625690196631249,0.879928375080038,-0.023378674904176666,1.7555321388774447,4.91667988565233
96,4,2.039405994945102,0.6230488700999154,0.698943661971831,0.6849487725904037,0.698943661971831,0.6876105358774878,0.8988782360029874,-0.012116959313430042,1.8380453520350986,5.344238996505737
97,1,2.0338455306159124,0.6491746389203601,0.7288732394366197,0.7191407096722026,0.7288732394366197,0.7161977585034494,0.889636363133645,-0.0025631545212505547,1.8414863348007202,5.264744109577602
97,2,1.9453234275182087,0.6245590282811059,0.7235915492957746,0.7103112373200794,0.7235915492957746,0.708924908563197,0.8960638542212633,-0.0073930981592753575,1.7803632352087233,5.027106894387139
97,3,1.911664326985677,0.6330228232675128,0.727112676056338,0.7161786801293333,0.727112676056338,0.7157707168011559,0.898443304000571,-0.0011596105939961632,1.7527531716558669,4.89516097969479
97,4,2.0584355857637195,0.6652092834313711,0.7200704225352113,0.7174915700949386,0.7200704225352113,0.7118069463707234,0.8954268930255775,0.004756603268899595,1.8343386054039001,5.309296766916911
98,1,2.028853495915731,0.6534819089704089,0.704225352112676,0.6919474172656506,0.704225352112676,0.6949598604068462,0.8891922726949213,-0.0047002981571730995,1.834309246804979,5.238053758939107
98,2,1.9441277583440144,0.6258928742673662,0.7288732394366197,0.7123742522248177,0.7288732394366197,0.7108079605394276,0.8991414130294932,-0.033220714462627976,1.7798224687576294,5.020009001096089
98,3,1.9253218505117629,0.6472515331374274,0.7059859154929577,0.7002712444857357,0.7059859154929577,0.7005889281616773,0.8979864977311972,-0.0015793831600749986,1.7543556226624384,4.90748577647739
98,4,2.047880536980099,0.6413539499044418,0.7183098591549296,0.715739991313556,0.7183098591549296,0.7093519815339807,0.8981296138861546,-0.003508518753034151,1.828736404577891,5.329775704277886
99,1,2.033829907576243,0.6432147820790609,0.7059859154929577,0.698466724545116,0.7059859154929577,0.697874010589294,0.892950353548713,-0.008397602649639957,1.8400972419314914,5.278598295317756
99,2,1.950949079460568,0.6500565509001414,0.7077464788732394,0.697321214277456,0.7077464788732394,0.7011028069809639,0.8987930423517755,-0.005601898806593564,1.7768951190842524,4.986364814970228
99,3,1.9203273124165006,0.6512995958328247,0.704225352112676,0.6801553100326165,0.704225352112676,0.6848583276333469,0.8856488601278177,-0.028231029801066176,1.7480843000941806,4.8813918961419
99,4,2.0555950933032565,0.6418135182725059,0.7200704225352113,0.7214769846460546,0.7200704225352113,0.717050503253357,0.8977410913365098,-0.01299815452611952,1.8458294537332323,5.3544185691409645
100,1,2.0328808890448675,0.6329980194568634,0.7130281690140845,0.70211779634752,0.7130281690140845,0.7057317014537641,0.8979270044518325,-0.009049089079061545,1.8429513374964397,5.29927400747935
100,2,1.9257860448625352,0.596676939063602,0.7429577464788732,0.7291545040879109,0.7429577464788732,0.7275300495756202,0.906180338290258,-0.00446183411712453,1.7768943839603,5.027040388849047
100,3,1.917511522769928,0.6481595271163516,0.7007042253521126,0.7026673154381174,0.7007042253521126,0.6951228784190687,0.8962049799602078,-0.013728416520220943,1.755232082472907,4.8793326748742
100,4,2.0473566982481213,0.6430584738651911,0.704225352112676,0.6939874607569575,0.704225352112676,0.6950671926897646,0.8942606537415984,-0.013876402418975475,1.8366007208824158,5.324052333831787
101,1,2.0525059700012207,0.6646512730254067,0.7077464788732394,0.6983308135069599,0.7077464788732394,0.6953041201694834,0.8862413844885948,-0.0025071638045566225,1.8420877854029338,5.2908334202236595
101,2,1.9012656741672092,0.5835835436979929,0.7429577464788732,0.7317622502712985,0.7429577464788732,0.7231027541434515,0.9140951953758414,-0.010905946926969445,1.7738007307052612,4.975857112142775
101,3,1.9208266999986436,0.6487791173987918,0.7359154929577465,0.7365560528522028,0.7359154929577465,0.7281078195091688,0.9065174618734744,-0.014897011606911148,1.7537037597762213,4.888937473297119
101,4,2.071147229936388,0.637803230020735,0.7394366197183099,0.735588140064185,0.7394366197183099,0.7323390889226071,0.9051195687196493,-0.016399807693491697,1.8550806641578674,5.415616353352864
102,1,2.0208219091097512,0.6181060191657808,0.7200704225352113,0.7196722588333261,0.7200704225352113,0.716968057466826,0.8996337927880884,-0.005685606752271699,1.8481549289491441,5.293825546900432
102,2,1.9583060807651944,0.6647727555698819,0.7077464788732394,0.6965223427546093,0.7077464788732394,0.6954088971357756,0.8866121003497107,-0.014072322158105832,1.7659167117542691,4.9765504068798485
102,3,1.8974953095118205,0.6293184045288298,0.7306338028169014,0.7201307289638468,0.7306338028169014,0.7233505052106113,0.9058890562973505,-0.004247730166354158,1.7418818473815918,4.85657458835178
102,4,2.036565211084154,0.6414309607611762,0.7253521126760564,0.7083789501716179,0.7253521126760564,0.7136080048788437,0.902174208116053,-0.006648746914915016,1.8240791625446744,5.291878249910143
103,1,2.016279333167606,0.6125911772251129,0.727112676056338,0.7171211778759433,0.727112676056338,0.7180099630991992,0.9051576930525453,0.011343313875767813,1.8455271985795763,5.2915516297022505
103,2,1.900107781092326,0.5751242107815213,0.7658450704225352,0.75604995762901,0.7658450704225352,0.7499922133819891,0.9193302039737566,-0.011668855049077997,1.7773910164833069,4.991735961702135
103,3,1.8927412496672735,0.6159128298362097,0.7376760563380281,0.7422546240905166,0.7376760563380281,0.7274352054904699,0.9031455326261117,-0.0037619296734778818,1.7456975645489163,4.8720074362225
103,4,2.016228179136912,0.5837973240349028,0.7447183098591549,0.734616769133988,0.7447183098591549,0.7354606010462026,0.9159927137808243,-0.007888131103838791,1.8408422072728474,5.358566641807556
104,1,2.042609360482958,0.6656546228461795,0.7024647887323944,0.690180363696934,0.7024647887323944,0.6910959558174267,0.8874723333580009,0.00014169432667288095,1.8292551438013713,5.255503561761644
104,2,1.9109789199299283,0.5786487625704871,0.75,0.7479079313584379,0.75,0.7397759936980529,0.9083245855424485,0.0015009466553529416,1.774683462248908,5.019749085108439
104,3,1.877919163968828,0.5983205238978068,0.7288732394366197,0.7214141139519962,0.7288732394366197,0.7206332244465773,0.9132163377843977,-0.011631196160189816,1.7466519408755832,4.863649090131124
104,4,2.0354469219843545,0.6367140826251771,0.7112676056338029,0.7042201826153368,0.7112676056338029,0.7028259076431156,0.901993850397519,-0.0035033087842757382,1.8288904229799907,5.299156612820095
105,1,1.9850622283087835,0.590022979511155,0.7200704225352113,0.7012068585609046,0.7200704225352113,0.7067094093657702,0.9057639019524284,-0.011536560872542623,1.8339629107051425,5.240153604083591
105,2,1.9202467534277174,0.5944251351886325,0.7323943661971831,0.7151848784172143,0.7323943661971831,0.722231854941704,0.9127792765504334,-0.003454892694103373,1.7762082285351224,5.01383035712772
105,3,1.8658430775006611,0.5735558519760767,0.7429577464788732,0.73288219431669,0.7429577464788732,0.7350938189467657,0.9140373759756221,-0.0012337615908821764,1.7531913585133023,4.881179730097453
105,4,1.9971999790933397,0.5658653097020255,0.7570422535211268,0.753310282337361,0.7570422535211268,0.749506053862498,0.9183562179438445,-0.009175027912214473,1.8323869175381131,5.336980740229289
106,1,2.0035218795140586,0.5773113121589025,0.7235915492957746,0.7192648350480819,0.7235915492957746,0.7197960956940964,0.906814019502166,-0.02077825737213823,1.8538345164722867,5.331346352895101
106,2,1.936828785472446,0.5927940491173003,0.7376760563380281,0.729785088435426,0.7376760563380281,0.7252828937661437,0.9042144243299125,-0.021392973725455677,1.788812392287784,5.072909659809536
106,3,1.8621371255980597,0.5617546306716071,0.7341549295774648,0.7226873592768462,0.7341549295774648,0.719772192214698,0.9124329124103481,-0.024561611888779034,1.7624317275153265,4.896362794770135
106,4,2.048880226082272,0.6068120847145716,0.7077464788732394,0.7075082041860977,0.7077464788732394,0.7057593037225475,0.9025796052336341,-0.0036105019403400718,1.8594042128986783,5.413705627123515
107,1,1.9988194240464106,0.5763044125503964,0.7535211267605634,0.7508549728413111,0.7535211267605634,0.7517020733437558,0.913481118552004,-0.02860985870317312,1.8506912920210097,5.318020900090535
107,2,1.9096600280867682,0.5908703058958054,0.75,0.7406526671938537,0.75,0.7363217663682711,0.9006039125652779,-0.006832383283146282,1.7790044811036851,4.986835890346104
107,3,1.8936039076911078,0.6055605510870615,0.7359154929577465,0.7269623575854102,0.7359154929577465,0.7270839170773852,0.909206236834593,-0.0018540784302663038,1.7506992883152432,4.899038169119093
107,4,2.0164869692590504,0.6069518592622545,0.7183098591549296,0.722435585458362,0.7183098591549296,0.7103553206945153,0.9089141164147124,-0.010598936705353612,1.831897987259759,5.305402119954427
108,1,2.005773617161645,0.6112235006358888,0.704225352112676,0.6985497987044975,0.704225352112676,0.6974385442658987,0.897512867700053,-0.005829135174058475,1.8399661978085835,5.259723769293891
108,2,1.895367403825124,0.5624510563082166,0.7464788732394366,0.7338803573625062,0.7464788732394366,0.7373943416279174,0.9174887737140516,-0.00907742260407196,1.7812034951315985,5.0055052571826515
108,3,1.9059319429927402,0.6018956204255422,0.7376760563380281,0.7310355325514294,0.7376760563380281,0.7275907135948391,0.9014545724931946,-0.01396955813684908,1.761602713002099,4.948683208889431
108,4,2.0100549194547863,0.559537316362063,0.7429577464788732,0.7497836856393043,0.7429577464788732,0.7374048217506682,0.9225432322945132,-0.011121876238067152,1.8444917798042297,5.3945958614349365
109,1,1.9904386930995517,0.5740809258487489,0.727112676056338,0.7222872427358824,0.727112676056338,0.7182102599827387,0.9131892025144233,-0.01076544598726037,1.8394808371861775,5.295273330476549
109,2,1.8914724787076314,0.555698412987921,0.7676056338028169,0.7565621546892505,0.7676056338028169,0.7561490499253639,0.916560710865783,-0.005002584396395893,1.7763372593455844,5.008278422885471
109,3,1.8866981930202908,0.6034347696436776,0.7411971830985915,0.7348511069300269,0.7411971830985915,0.7347795277451046,0.916407903658208,-0.022902640078259484,1.749568952454461,4.880979365772671
109,4,1.996294915676117,0.5543976873159409,0.7359154929577465,0.7295282654426503,0.7359154929577465,0.7267160720737279,0.9226539385124697,-0.01085437521237953,1.8383767075008817,5.360721601380242
110,1,1.9815936088562012,0.5565733230776257,0.7605633802816901,0.7518297092779348,0.7605633802816901,0.7476062111741412,0.9157937100123336,-0.019922703564069,1.8453249269061618,5.30664066473643
110,2,1.9154889782269795,0.5677707840998968,0.7323943661971831,0.7246976171704179,0.7323943661971831,0.7271940667482268,0.9097197916880733,-0.015619715086941932,1.7983928653928969,5.060164610544841
110,3,1.8977966573503282,0.6103497677379184,0.7288732394366197,0.7115264367856646,0.7288732394366197,0.7147439741921371,0.9092731928352706,-0.009450540228895576,1.7587965395715501,4.901839203304714
110,4,2.012779050403171,0.607633693350686,0.727112676056338,0.7160826835052214,0.727112676056338,0.715522739967799,0.9106206984699053,-0.0014244256859345938,1.8275061514642503,5.291451401180691
111,1,2.003576980696784,0.6110906551281611,0.7306338028169014,0.7315991219352227,0.7306338028169014,0.7284113879865811,0.9078409952961841,-0.0005674753763633689,1.8421656290690105,5.252711587482029
111,2,1.8822486400604248,0.5423620045185089,0.7658450704225352,0.7567893595206705,0.7658450704225352,0.7583507262364413,0.9236053829482213,-0.006130208464026454,1.7758555346065097,5.008650541305542
111,3,1.8498590522342258,0.5424361775318781,0.7640845070422535,0.7566964824970406,0.7640845070422535,0.75451919717015,0.9245150852487625,0.00209799751669415,1.754201935397254,4.900512244966295
111,4,1.9962076081169977,0.581927670372857,0.7306338028169014,0.7336744812923497,0.7306338028169014,0.7274296606855573,0.9143706403340247,0.010455971671593844,1.8299357228808932,5.29619398381975
112,1,1.9940788480970595,0.5869938615295622,0.7429577464788732,0.7329324859447881,0.7429577464788732,0.7353010291720518,0.910115486145324,-0.007955221780353794,1.8346011241277058,5.277276939815945
112,2,1.9176685876316495,0.5898776435189776,0.7411971830985915,0.7326120654090261,0.7411971830985915,0.7339698288573946,0.915374589443997,-0.007121991193475896,1.7810169789526198,5.015847272343105
112,3,1.8888694908883836,0.607076045539644,0.721830985915493,0.7163951591948767,0.721830985915493,0.7139054856425565,0.9099841255641005,-0.003323623748068716,1.751802126566569,4.8797206613752575
112,4,2.0341939859920077,0.6127249598503113,0.7376760563380281,0.7313112319879617,0.7376760563380281,0.73043983216758,0.90991620645233,0.0025035747839412537,1.839556786749098,5.350954837269253
113,1,1.997829304801093,0.5978073328733444,0.7341549295774648,0.7215886515874909,0.7341549295774648,0.7248162307412336,0.9121900691629331,0.004037372689216112,1.8323351740837097,5.264546990394592
113,2,1.871935486793518,0.5479133841064241,0.7552816901408451,0.745509256901941,0.7552816901408451,0.7468390796722093,0.9223012603047718,-0.017134551325031167,1.758662806616889,4.961320228046841
113,3,1.8592076003551483,0.5631705257627699,0.7535211267605634,0.750193887019264,0.7535211267605634,0.7462359106092867,0.9168269398729996,0.0025870015866004126,1.744903604189555,4.883293986320496
113,4,1.9850019547674391,0.5336015224456787,0.7746478873239436,0.7818585297834145,0.7746478873239436,0.7681654061577687,0.9274423504044985,-0.006422067074483007,1.8317652609613206,5.371602720684475
114,1,1.9668323265181646,0.5725123683611552,0.7411971830985915,0.725862676385403,0.7411971830985915,0.7299619200603767,0.9113869730960289,-0.006165827962156811,1.8312916689448886,5.220245308346218
114,2,1.8884317874908447,0.546703545583619,0.7570422535211268,0.752962390975145,0.7570422535211268,0.7433072991572324,0.9221958521552839,-0.018082471344123885,1.7798249456617568,5.019130852487352
114,3,1.8291525575849745,0.5253978653086556,0.7834507042253521,0.783481675098014,0.7834507042253521,0.7772354826528501,0.9327269977395967,-0.00011207370838373087,1.74650772412618,4.871246761745876
114,4,1.9943691624535456,0.5626110633214315,0.772887323943662,0.7674815664126772,0.772887323943662,0.7683067505178615,0.9250082508766364,-0.013018385199605076,1.8321602940559387,5.3351379368040295
115,1,1.9563324848810832,0.5572192817926407,0.7570422535211268,0.7501254257571573,0.7570422535211268,0.749725098229148,0.9180947389911613,0.00646835366391052,1.8305312792460124,5.220929741859436
115,2,1.8749067452218797,0.5617080827554067,0.7552816901408451,0.7514671210607865,0.7552816901408451,0.7475918074179596,0.9177297394847435,0.0005312987299016525,1.7655453284581502,4.939036846160889
115,3,1.8691652682092454,0.5561242252588272,0.75,0.743880967614514,0.75,0.7429697572911488,0.9201503731065085,-0.01124231961713229,1.7572996218999226,4.932927555508083
115,4,2.0022485852241516,0.5718049390448464,0.7323943661971831,0.7387901623597616,0.7323943661971831,0.7284950729767449,0.9159721332767269,-0.02055598942678616,1.837996482849121,5.339950177404615
116,1,1.9462646709548101,0.5334479378329383,0.7411971830985915,0.7292747298218188,0.7411971830985915,0.7308649922303607,0.923030616919576,-0.00012385462468156305,1.8345191015137567,5.24283680650923
116,2,1.8612387511465285,0.5381916248136096,0.7746478873239436,0.7697861148441736,0.7746478873239436,0.7701547277758133,0.9218127912650367,0.012154943854988054,1.76565154393514,4.948348575168186
116,3,1.8479591012001038,0.5494310276375877,0.7711267605633803,0.7718926977870488,0.7711267605633803,0.7639199960327129,0.9257667506348042,-0.0009486203712374408,1.752858771218194,4.877857751316494
116,4,1.9921783473756578,0.5433105594582028,0.7640845070422535,0.7626938533839358,0.7640845070422535,0.7598644760082074,0.9259424231335611,-0.003328933699309422,1.8422866066296895,5.372869637277391
117,1,1.9407799045244853,0.5254655281702677,0.7535211267605634,0.748024626950026,0.7535211267605634,0.7484152143934764,0.9220684596857727,-0.0031916983583748504,1.837441537115309,5.243179930580987
117,2,1.900189843442705,0.546580981877115,0.7605633802816901,0.7497976184271984,0.7605633802816901,0.7520327346355544,0.9233025521228556,-0.01624254632780775,1.7833318710327148,5.058610359827678
117,3,1.8571994635793898,0.5361657523446612,0.7711267605633803,0.7658637336508815,0.7711267605633803,0.765256799347488,0.9225278425139136,-0.012149349458517866,1.7608166866832309,4.9396112892362805
117,4,2.0087596244282193,0.5751203513807721,0.7288732394366197,0.7251993056448502,0.7288732394366197,0.7245817237014421,0.9164117428948162,0.002342865153888929,1.8385880721939936,5.353917664951748
118,1,1.987126499414444,0.571773327059216,0.7447183098591549,0.7377140747187416,0.7447183098591549,0.7388682916099972,0.9121114344546277,0.003362373243196548,1.8455910219086542,5.289617035124037
118,2,1.8489026890860663,0.512058350774977,0.772887323943662,0.7640023784353874,0.772887323943662,0.7654294123136463,0.9271896969608207,-0.006459687440751649,1.7664075824949477,4.96820596853892
118,3,1.8742919498019748,0.6063763333691491,0.7323943661971831,0.7287454083412568,0.7323943661971831,0.7281324733715762,0.910340797360159,0.010397617559944505,1.741277966234419,4.832761499616835
118,4,1.9762116538153753,0.537774395611551,0.7640845070422535,0.7695273386657074,0.7640845070422535,0.7619494548231788,0.9294466923818074,-0.005427653925613285,1.8400451408492193,5.332564963234796
119,1,1.9599570102161832,0.5193742050064935,0.7570422535211268,0.7501241952418175,0.7570422535211268,0.7503775170569557,0.9233921272093752,-0.01675489565256627,1.8503702812724643,5.321316758791606
119,2,1.8694771726926167,0.5271593315733804,0.778169014084507,0.7726008293349843,0.778169014084507,0.7742779605326362,0.9251895950758596,-0.007151643307787392,1.7768686082628038,5.0015518930223255
119,3,1.8217130965656705,0.5186980432934232,0.7623239436619719,0.7587768528346003,0.7623239436619719,0.7568256114613184,0.9254954864417433,0.0007305545532340085,1.7470179001490276,4.862081395255195
119,4,2.0046825872527227,0.5601401891973283,0.772887323943662,0.7719954729107849,0.772887323943662,0.7653252664971465,0.9277084725835436,-0.02042265746869054,1.8439119855562847,5.375281320677863
120,1,1.9513618151346843,0.5229689909352196,0.7623239436619719,0.757708229348853,0.7623239436619719,0.7575339324630633,0.9239520889009625,-0.0019201037497387219,1.8377518720097012,5.284278220600552
120,2,1.8654960658815172,0.5159151703119278,0.7588028169014085,0.7515325892875674,0.7588028169014085,0.7543766902366708,0.9290448234424288,-0.004382795202116929,1.7813997864723206,5.014517943064372
120,3,1.8515017098850675,0.5554680509699715,0.7447183098591549,0.740374387752799,0.7447183098591549,0.7407993882227681,0.919582688809718,0.0032351569828144022,1.749990787771013,4.875579992930095
120,4,1.9851400719748602,0.541237998339865,0.75,0.7467040648870599,0.75,0.746584903655637,0.9228342806513,-0.0003242067622468703,1.8393755952517192,5.354244669278462
121,1,1.9586759077178106,0.5558690114153756,0.7376760563380281,0.7356634907949303,0.7376760563380281,0.7327867164835123,0.9171837811518084,-0.004481455139947688,1.8399981326527066,5.2318918042712745
121,2,1.8605448140038385,0.5173705899053149,0.7852112676056338,0.774360963992791,0.7852112676056338,0.775076199366036,0.9250361016421986,-0.018077871486515296,1.7754215465651617,4.994617806540595
121,3,1.8292911052703857,0.5264209906260172,0.7588028169014085,0.7554499398501127,0.7588028169014085,0.7522548919780735,0.9270942263996731,-0.006542962062856095,1.747677054670122,4.869321193959978
121,4,1.967353602250417,0.5303759061627917,0.7570422535211268,0.7560375696171606,0.7570422535211268,0.7538513530651215,0.9227814765658684,0.012430541533209216,1.8357616199387445,5.320301387045118
122,1,1.942257245381673,0.5122198032008277,0.7411971830985915,0.7360818474808292,0.7411971830985915,0.737983618908118,0.9248490605412806,-0.017446462615690495,1.835846119456821,5.2790111435784235
122,2,1.8945558667182922,0.5757935676309798,0.7570422535211268,0.7502347417840376,0.7570422535211268,0.7491318101078359,0.9120062553160996,0.011898786870499944,1.7673798004786174,4.971667673852709
122,3,1.8281248013178508,0.5054398857884936,0.772887323943662,0.7679535253193812,0.772887323943662,0.7674715312474077,0.9319066078225111,-0.005575700028247255,1.756005929576026,4.914389424853855
122,4,1.963441338804033,0.5271511889166303,0.7658450704225352,0.7644158043054204,0.7658450704225352,0.7620681828029344,0.9286857579401246,-0.001997456927469221,1.8341947661505804,5.314784699016148
123,1,1.9552405675252278,0.5447536673810747,0.7588028169014085,0.7555774051376439,0.7588028169014085,0.7558181266295821,0.921447418193675,-0.00024271986957757896,1.8391866352823045,5.246376540925768
123,2,1.8927962316407099,0.5348681608835856,0.7605633802816901,0.7518022559487687,0.7605633802816901,0.7508551896826778,0.928819629257496,-0.02556430185808134,1.779493014017741,5.061294913291931
123,3,1.84971864355935,0.5279559244712194,0.7341549295774648,0.7293622848200312,0.7341549295774648,0.728027740785264,0.9252847804098137,-0.01961054644865179,1.753305799431271,4.933831466568841
123,4,1.9710437059402466,0.5368941393163469,0.7429577464788732,0.7452994276070236,0.7429577464788732,0.7419224569984154,0.9237954727112931,0.004107087752124761,1.8347338438034058,5.317392494943407
124,1,1.937245832549201,0.505408869849311,0.7746478873239436,0.7637903093140166,0.7746478873239436,0.7652173566713216,0.9263756538856616,-0.010168916927001614,1.8380508290396795,5.278198533587986
124,2,1.8362589942084417,0.49383168584770626,0.7834507042253521,0.7791222954151739,0.7834507042253521,0.7778121663572668,0.936672794423068,0.0035137028329486064,1.7721142106586032,4.968589199913873
124,3,1.8350083099471197,0.5196784337361654,0.7570422535211268,0.7519331738089389,0.7570422535211268,0.7515599083414509,0.929230311331586,-0.010666541886044767,1.7509761585129633,4.904111160172357
124,4,1.9452057679494221,0.5005346073044671,0.778169014084507,0.7836724738671599,0.778169014084507,0.7787769761572361,0.9362585065649048,-0.005733551408723336,1.8402860826916165,5.316104968388875
125,1,1.9579833481046889,0.5471539580159717,0.772887323943662,0.7658337426681209,0.772887323943662,0.7669110304382835,0.9253668989207341,-0.006098611999912462,1.8407993846469455,5.24991840786404
125,2,1.844925218158298,0.504244926902983,0.7711267605633803,0.7651495923163408,0.7711267605633803,0.766153452126868,0.9341359040113613,-0.007345749858936879,1.7710721227857802,4.97317910194397
125,3,1.8198240995407104,0.5111520257261064,0.7640845070422535,0.7627168185150003,0.7640845070422535,0.7585891245384556,0.9242393506803763,0.002251106558188831,1.7481346726417542,4.873392118348016
125,4,1.9651116397645738,0.5234626647498872,0.7693661971830986,0.7701080462616726,0.7693661971830986,0.7666547729135407,0.9295302254842808,-0.009672512510318976,1.8355544010798137,5.328959027926127
126,1,1.9739519092771742,0.5489266282982297,0.7588028169014085,0.7481816403471333,0.7588028169014085,0.750521671272193,0.9222384855721566,-0.0007166953934640841,1.84056423107783,5.299010687404209
126,2,1.8253620200686984,0.4587897178199556,0.7992957746478874,0.7900336459686389,0.7992957746478874,0.79324610373177,0.9400576879793024,-0.006355688748107546,1.7782028781043158,5.0140306154886884
126,3,1.7859415544403925,0.472466164165073,0.7887323943661971,0.7837969826945436,0.7887323943661971,0.785364674575564,0.9357903099363261,-0.008869110323854734,1.741522987683614,4.850717239909702
126,4,1.95363536145952,0.49552928407986957,0.7535211267605634,0.7516170056597851,0.7535211267605634,0.74735449462607,0.9288780806437698,-0.009985400104426834,1.8393065200911627,5.355882750617133
127,1,1.9088942342334323,0.4912322759628296,0.7904929577464789,0.7863106378699634,0.7904929577464789,0.7852755770166342,0.9274689002473129,0.013745852869149866,1.8348865045441523,5.216771894031101
127,2,1.8523849381340876,0.49177541666560703,0.7746478873239436,0.7674507551611535,0.7746478873239436,0.7694221090616412,0.9373713542254263,-0.008820294467265954,1.7788218590948317,5.0271403259701195
127,3,1.825415723853641,0.5198689368036058,0.7535211267605634,0.7480215314563844,0.7535211267605634,0.7494103097099842,0.9217947970412327,-0.011997053286798343,1.7515083021587796,4.871691465377808
127,4,1.9530582759115431,0.5018334802654054,0.7658450704225352,0.7667459651526178,0.7658450704225352,0.7641451764068949,0.9354766532709482,-0.0058596987671528655,1.8414554728402033,5.339249200291103
128,1,1.9706650310092502,0.5102366507053375,0.7764084507042254,0.7730246533299031,0.7764084507042254,0.7719434685518696,0.9279402717536449,-0.039766887738081014,1.856255246533288,5.378331025441487
128,2,1.8582849966155157,0.4966970483462016,0.778169014084507,0.7737068590527579,0.778169014084507,0.7721703111631169,0.9338856396477553,0.004012354518049932,1.7878991762797039,5.03532342116038
128,3,1.7944250835312738,0.4861347907119327,0.7640845070422535,0.757578853636777,0.7640845070422535,0.7572772165158919,0.9342306598695984,-0.007344606276584065,1.7451997664239671,4.847102257940504
128,4,1.9222560856077406,0.5001515762673484,0.7693661971830986,0.7682448839374661,0.7693661971830986,0.765587334750189,0.9332274257265099,0.008357782916226242,1.8155675331751506,5.2404997613694935
129,1,1.9582636091444228,0.5328412933482064,0.7640845070422535,0.763501584639814,0.7640845070422535,0.7611085051315059,0.9206362683169453,0.0027235825846205763,1.8462440371513367,5.28424874941508
129,2,1.869992196559906,0.5237070437934663,0.7764084507042254,0.7650435299239345,0.7764084507042254,0.7655313334471722,0.9296890908056304,-0.00983466894124474,1.7832290132840474,5.011324061287774
129,3,1.8217424286736383,0.5127704590559006,0.7658450704225352,0.7564335290010289,0.7658450704225352,0.7568572080539463,0.9318584985198254,-0.011728694667077821,1.7497857809066772,4.8760101265377465
129,4,1.9631421830919054,0.5175098677476248,0.7799295774647887,0.7796270057713016,0.7799295774647887,0.7720955865301242,0.9318783302777347,-0.007350654230169118,1.8402571611934238,5.336284054650201
130,1,1.9006778068012662,0.49472427037027145,0.772887323943662,0.7661729578040017,0.772887323943662,0.7672152287774295,0.9304655373659719,0.005231389636298878,1.8245405223634508,5.181235843234592
130,2,1.8296130763159857,0.4883003450102276,0.7799295774647887,0.772459339947095,0.7799295774647887,0.7751082978159684,0.9345786462260101,0.007445187024196054,1.7686752809418573,4.959342492951287
130,3,1.8422076039844089,0.5307138446304533,0.7623239436619719,0.7566745996400007,0.7623239436619719,0.7570544699416373,0.9243448671930988,-0.0038550763343521144,1.7538904084099665,4.902359512117174
130,4,1.9784441656536527,0.5543542015883658,0.7552816901408451,0.7613132003986808,0.7552816901408451,0.7478892367793506,0.9258288429246143,-0.0045835023222899896,1.8221643964449565,5.301320632298787
131,1,1.9173835052384272,0.5027030093802346,0.7834507042253521,0.7796167255552124,0.7834507042253521,0.7800991131977046,0.9348981113442661,0.008509788056895062,1.8252581689092848,5.218304488393995
131,2,1.841723812950982,0.45334385997719234,0.8133802816901409,0.8087924818378599,0.8133802816901409,0.8087529717838116,0.9418224430046658,-0.015858121855513607,1.7932398517926533,5.081276880370246
131,3,1.808710018793742,0.4794811076588101,0.7887323943661971,0.7872357759009034,0.7887323943661971,0.7840132704958405,0.9382124769302482,-0.0055089909570089635,1.7523798015382555,4.910244001282586
131,4,1.937653707133399,0.4915720886654324,0.7693661971830986,0.7699476343740547,0.7693661971830986,0.763395089647304,0.937725910861781,0.0053698258356877915,1.8355903228123982,5.311843951543172
132,1,1.9284510480033026,0.5039396070771747,0.7482394366197183,0.7384049811571934,0.7482394366197183,0.7422560647393903,0.9294726550629208,-0.01482579139850082,1.841292507118649,5.252310964796278
132,2,1.8721561299429998,0.5381263941526413,0.772887323943662,0.769051418886338,0.772887323943662,0.7681831843550018,0.9246747633216488,0.015490679326379708,1.7786402304967244,4.984891944461399
132,3,1.8144953317112393,0.4927486876646678,0.801056338028169,0.8017640716765624,0.801056338028169,0.7980091646067679,0.9378177975930595,0.001189893049482471,1.755630029572381,4.898570630285475
132,4,1.9389501147800021,0.4995559900999069,0.778169014084507,0.7732152752893031,0.778169014084507,0.774020116052168,0.9341060694864256,0.0075364839512603865,1.8281767037179735,5.297536280420092
133,1,1.915871500968933,0.4931786093446944,0.7992957746478874,0.7965871245700481,0.7992957746478874,0.7972507110137862,0.9360320017429893,-0.003082352368668939,1.8333027561505635,5.2354879644181995
133,2,1.8357895678944058,0.48849662641684216,0.778169014084507,0.7712437534542544,0.778169014084507,0.7690565265207224,0.9334184154988889,-0.017357741642456626,1.7784749799304538,4.9794728888405695
133,3,1.8024411731296115,0.47145351933108437,0.801056338028169,0.8054245797751358,0.801056338028169,0.7941865736533906,0.9380736198176877,0.008967495247979684,1.7576908999019198,4.908078829447429
133,4,1.930324137210846,0.4569508267773522,0.7746478873239436,0.772153196959535,0.7746478873239436,0.7716632048950598,0.9395787250440462,-0.021931889813331162,1.8352475033866034,5.368195003933376
134,1,1.9193336102697585,0.4719695929023955,0.801056338028169,0.7962986739120235,0.801056338028169,0.796891056849497,0.9406604265698784,-0.011735722473117827,1.8449927104843988,5.296516180038452
134,2,1.813746107949151,0.43767988516224754,0.8028169014084507,0.797275790208752,0.8028169014084507,0.7983389885333565,0.9464294303056902,0.0029340415215917126,1.773558411333296,5.02456710073683
134,3,1.7861620386441548,0.4772999518447452,0.7922535211267606,0.7882037673831918,0.7922535211267606,0.7889221791108674,0.9340210664595838,0.0023141680962477373,1.7383163041538663,4.840173376931085
134,4,1.955011831389533,0.5065401842196783,0.7711267605633803,0.7702635652797191,0.7711267605633803,0.7677968719946844,0.9333399916628228,-0.007882899028367918,1.8371029297510784,5.33477881219652
135,1,1.943233503235711,0.536093446943495,0.7640845070422535,0.7597683304003291,0.7640845070422535,0.7596920760993996,0.9263363239564691,0.0021631809743791752,1.8306688997480605,5.226560261514452
135,2,1.8209417594803705,0.4607603864537345,0.7922535211267606,0.7872482671513953,0.7922535211267606,0.7875216571087333,0.9415023842396035,-0.004618114287638253,1.7802545693185594,4.994698113865322
135,3,1.8140445682737563,0.4907541225353877,0.7640845070422535,0.7549709060136318,0.7640845070422535,0.7581990624050515,0.9343860222217326,-0.012761522775593948,1.7513415151172214,4.901722060309516
135,4,1.9327140384250217,0.47454941603872514,0.7799295774647887,0.7909970201836392,0.7799295774647887,0.7765057999314667,0.9394235848366862,-0.019797190803171327,1.827288309733073,5.335097948710124
136,1,1.9142555130852594,0.5016629960801866,0.7711267605633803,0.7653287461426188,0.7711267605633803,0.766933036100278,0.931947187703352,0.01077900807545673,1.828086449040307,5.210304472181532
136,2,1.8207982447412279,0.46621789203749764,0.7904929577464789,0.7861983869026121,0.7904929577464789,0.7844819354696253,0.9399179128383066,0.0021045246147002317,1.7726800971561008,4.9814855390124855
136,3,1.8033189442422655,0.4873997817436854,0.7640845070422535,0.7548694903955901,0.7640845070422535,0.7578214720950869,0.9352907986444017,-0.012457395375270464,1.7554053399297926,4.873796820640564
136,4,1.9282311664687262,0.4821142057577769,0.7940140845070423,0.7918450135799315,0.7940140845070423,0.7911966609334248,0.9368913462530211,0.012894912696270522,1.8305650154749553,5.3025038374794855
137,1,1.9230250848664179,0.48577192591296303,0.7869718309859155,0.7875807269770626,0.7869718309859155,0.7838700116036662,0.9339023087397706,0.00961334438978556,1.8440462549527485,5.276615487204658
137,2,1.7889979547924466,0.4334334118498696,0.7992957746478874,0.7951148408771137,0.7992957746478874,0.794377751279827,0.9440174026420917,-0.010182342637388153,1.7606666949060228,4.951981703440349
137,3,1.8310804234610663,0.5043946041001214,0.7834507042253521,0.7762130088145002,0.7834507042253521,0.7757014390369171,0.9333280631620552,-0.002330369998650994,1.7592023942205641,4.926680458916558
137,4,1.8991634713278875,0.4284101691510942,0.8098591549295775,0.812618530166514,0.8098591549295775,0.8084153727075686,0.9481539946652916,-0.003680557391464667,1.8329826129807367,5.330920987659031
138,1,1.8829540080494351,0.45723390413655174,0.7799295774647887,0.7788382973806005,0.7799295774647887,0.7776034384366642,0.9405231974559769,-0.012019763277700601,1.8198785053359137,5.209634105364482
138,2,1.8065642681386735,0.43835612303680843,0.7887323943661971,0.7857533098550713,0.7887323943661971,0.7835869204998829,0.9486984208503503,0.005517401829715829,1.7695183753967285,4.999049690034655
138,3,1.7885740001996357,0.4802885154883067,0.7904929577464789,0.7854918840834333,0.7904929577464789,0.7866391714129168,0.9386985252210489,0.00878505856819134,1.741564671198527,4.841239929199219
138,4,1.9053855339686077,0.4651963777012295,0.7834507042253521,0.7823563464725919,0.7834507042253521,0.7822289450552625,0.9426875110224391,-0.015378409607785803,1.8227863245540195,5.265826768345303
139,1,1.9061279031965468,0.4909987565543916,0.7746478873239436,0.7714567145081682,0.7746478873239436,0.7722510060172846,0.9336374389023065,0.011179415284440553,1.8295274376869202,5.208095722728306
139,2,1.8206865323914423,0.4645507534344991,0.801056338028169,0.798265721004692,0.801056338028169,0.7979659962642719,0.9421468621068187,0.004730518429340913,1.7768619524108038,4.9850031402375965
139,3,1.8076983624034457,0.5208195845286051,0.7623239436619719,0.7617267389182486,0.7623239436619719,0.7578892235101511,0.9290602199857868,0.009386508024108897,1.7404697272512648,4.810415347417195
139,4,1.920259177684784,0.4515620668729146,0.801056338028169,0.8008417779403695,0.801056338028169,0.798475668849586,0.9430024784941233,-0.008485964056635042,1.8383790188365512,5.3472190035714044
140,1,1.8947562906477187,0.4688359349966049,0.7834507042253521,0.7767411396270596,0.7834507042253521,0.7768061428465128,0.9371027417595272,-0.001396190638256023,1.8322716620233324,5.221903483072917
140,2,1.7960012952486675,0.4368904166751438,0.8080985915492958,0.8064098240840192,0.8080985915492958,0.7993463499739044,0.9467536927502,0.0015322289364216868,1.770929561720954,4.9672598706351385
140,3,1.7647532688246832,0.4525621169143253,0.7852112676056338,0.7932145274452371,0.7852112676056338,0.7827128694663072,0.9400478765133745,0.010178217014482294,1.7393951151106093,4.826532469855414
140,4,1.9266939957936604,0.4859919043050872,0.7746478873239436,0.7704601960609716,0.7746478873239436,0.7678477595999266,0.9336037178792214,0.009626990205669705,1.827872355779012,5.2883320517010155
141,1,1.8853794071409438,0.4544222868151135,0.7887323943661971,0.7838363952690504,0.7887323943661971,0.7847717515946281,0.9343364466401516,-0.011357725998818458,1.8314603235986497,5.224279218249851
141,2,1.8053834901915655,0.42278559919860625,0.7992957746478874,0.7964765605125003,0.7992957746478874,0.7945431323885307,0.9472492239593892,-0.015336202143402922,1.7689595222473145,5.031445026397705
141,3,1.7827264534102545,0.45539489057328963,0.8063380281690141,0.8047370404871751,0.8063380281690141,0.8019862693939633,0.943500412884464,0.01794906233595739,1.7433791094356113,4.879833300908406
141,4,1.9445262021488614,0.4881345116429859,0.7940140845070423,0.8012177587982036,0.7940140845070423,0.7898357080121025,0.9406116409961987,-0.008274372282680353,1.8337871101167467,5.342773331536187
142,1,1.9303701917330425,0.4811694050828616,0.7640845070422535,0.7590567193171464,0.7640845070422535,0.7601092755303174,0.9347367753040188,0.017739844254744397,1.8435804181628757,5.311838534143236
142,2,1.7872378031412761,0.43610501537720364,0.8028169014084507,0.7962648959857799,0.8028169014084507,0.7970264695375145,0.9473807539273549,0.009093399918807199,1.759441355864207,4.939880741967095
142,3,1.78629289733039,0.4458509965075387,0.8063380281690141,0.8023033735902695,0.8063380281690141,0.8018945815833664,0.9422946183996495,-0.0018140800974100202,1.7558670904901292,4.913990457852681
142,4,1.963224881225162,0.49660807185702854,0.7869718309859155,0.7887533435161308,0.7869718309859155,0.7809525340586282,0.937350766209468,-0.010549133775137776,1.8340471453136868,5.385330518086751
143,1,1.913954840766059,0.4874442285961575,0.7975352112676056,0.7948600324055237,0.7975352112676056,0.7928739077976309,0.9348270590306395,0.0017339900089680116,1.8386806779437594,5.242479496532017
143,2,1.8128719859653049,0.4631282024913364,0.7940140845070423,0.7898309659714396,0.7940140845070423,0.7878050176207886,0.9403520941246242,-0.0038998500400915237,1.7690519955423143,4.9622739685906305
143,3,1.7977420886357625,0.4829123483763801,0.7746478873239436,0.7689246085249516,0.7746478873239436,0.7697019885194584,0.9392181560766064,-0.009927593140481195,1.7495988806088765,4.865677939520942
143,4,1.9433343278037176,0.5091234776708815,0.7623239436619719,0.773673007533293,0.7623239436619719,0.7599030976625024,0.9313656264201076,-0.005423188846929161,1.825422313478258,5.289826154708862
144,1,1.916609479321374,0.46076615817017025,0.801056338028169,0.7985369652843245,0.801056338028169,0.7981551786966232,0.9444340185821858,-0.011516697190057323,1.850660827424791,5.313576989703709
144,2,1.8099324769443936,0.4732637455066045,0.801056338028169,0.7989288700237956,0.801056338028169,0.795085647987542,0.9382842337673325,0.011861899660983277,1.7577264706293743,4.9288259744644165
144,3,1.786421709590488,0.4595392561621136,0.7799295774647887,0.7702017368430023,0.7799295774647887,0.7723174970095732,0.941566920514858,-0.007505598988429396,1.7460923261112637,4.882480502128601
144,4,1.9088751541243658,0.44023870262834763,0.8045774647887324,0.8025398715824359,0.8045774647887324,0.8008142092649134,0.945901863512993,-0.003786655250961335,1.8301066093974643,5.335693465338813
145,1,1.9252054823769464,0.4851753893825743,0.7834507042253521,0.785334369671338,0.7834507042253521,0.781665403231487,0.9337315760711037,0.005995529956851264,1.8416575988133748,5.285275485780504
145,2,1.8009366790453594,0.4524519609080421,0.801056338028169,0.7960762801963913,0.801056338028169,0.7959442444925262,0.9388939083927892,0.004736603812592222,1.7720909979608324,4.947400834825304
145,3,1.8076449169052973,0.5013972951306237,0.7640845070422535,0.7596504099372561,0.7640845070422535,0.7598915067780656,0.935148465522405,-0.007887087701460738,1.7498160534434848,4.855555839008755
145,4,1.9145123428768582,0.46759563353326583,0.7904929577464789,0.7969813926036167,0.7904929577464789,0.787253877205149,0.9415585224931694,0.013604933749784553,1.8246667716238234,5.290651043256124
146,1,1.872988886303372,0.41003146602047813,0.8133802816901409,0.8116069090089939,0.8133802816901409,0.8091562607570463,0.948381395903396,-0.015309215102929263,1.8360808889071147,5.286555912759569
146,2,1.8024385306570265,0.43421877092785305,0.8257042253521126,0.8205871759243059,0.8257042253521126,0.8199049358400815,0.9476170548751448,-0.005992877016085307,1.7786857618225946,4.9949511422051325
146,3,1.7516616185506184,0.4412490965591537,0.795774647887324,0.7906769368531738,0.795774647887324,0.7917093959043592,0.9465156614751966,0.01405418781947032,1.738240381081899,4.809290647506714
146,4,1.9196171032057867,0.4385510211189588,0.8116197183098591,0.8113732180736969,0.8116197183098591,0.8080905446323746,0.9458895514807248,-0.017622859427755433,1.840221345424652,5.375437683529324
147,1,1.914986213048299,0.4626768645313051,0.7799295774647887,0.775374648173944,0.7799295774647887,0.7765879142558612,0.9386040819250763,-0.02880086077862609,1.8549610906177096,5.303707785076565
147,2,1.7690973944134183,0.4261396469341384,0.7992957746478874,0.7971803192196938,0.7992957746478874,0.7939333816782251,0.9471305596409738,0.014847031454781168,1.7542048692703247,4.902665323681301
147,3,1.7907079988055759,0.4443024968107541,0.8098591549295775,0.8116358715725122,0.8098591549295775,0.8081508418584825,0.9464492432150932,-0.021709680492415284,1.7568069696426392,4.932320674260457
147,4,1.9255221353636847,0.4512955910629696,0.7904929577464789,0.7890070260856586,0.7904929577464789,0.785409745367883,0.9433382469564708,0.01645817680230066,1.8409612112575107,5.36538388994005
148,1,1.9143246346049838,0.46373384942611057,0.7816901408450704,0.7753164360290923,0.7816901408450704,0.7771574261145169,0.9345661396539862,-0.0036085860254855273,1.8491447303030226,5.299036330646938
148,2,1.776234918170505,0.3983776834275987,0.823943661971831,0.8184849877815689,0.823943661971831,0.8170937612054058,0.9501285705993239,-0.005326383865430051,1.7720315721299913,4.991234964794582
148,3,1.7946864896350436,0.47202374206648934,0.7975352112676056,0.7896170791731344,0.7975352112676056,0.7871212188896733,0.9361992730879567,-0.004606044473987936,1.7470740146107144,4.880899442566766
148,4,1.9252369536293878,0.45062555952204597,0.8063380281690141,0.80210289514867,0.8063380281690141,0.799889101785129,0.946796386402107,-0.012984677427469338,1.8403631846110027,5.365996691915724
149,1,1.8663071129057143,0.4143492016527388,0.8080985915492958,0.8089919002275573,0.8080985915492958,0.8074807567635807,0.949315546935368,-0.006029308138042255,1.8428431153297424,5.2542087237040205
149,2,1.7837198442882962,0.4143234259552426,0.823943661971831,0.8211080766826029,0.823943661971831,0.8209779791464556,0.948091295912645,-0.008478220948765713,1.7669867210918002,4.978977958361308
149,3,1.7426883180936177,0.42088935275872547,0.8045774647887324,0.8057052520527025,0.8045774647887324,0.8013032165338524,0.947405321470642,0.008464405147914356,1.7393804060088263,4.826885806189643
149,4,1.9006352027257283,0.4460175434748332,0.7992957746478874,0.8005073454013379,0.7992957746478874,0.7964205302206725,0.9467582332831438,-0.0029305681218827484,1.8285115493668451,5.294742888874477
150,1,1.8783233563105266,0.45483870638741386,0.8028169014084507,0.8000403170093522,0.8028169014084507,0.7993971089220558,0.9388159947596336,0.012523415122667081,1.8286395006709628,5.199787298838298
150,2,1.7861376139852736,0.4157775516311328,0.8274647887323944,0.8250300149559564,0.8274647887323944,0.8244690356842046,0.9493824339547098,-0.0038015969227476187,1.7816133830282423,4.983644154336718
150,3,1.7748822304937575,0.45179036839140785,0.7904929577464789,0.7862057686914856,0.7904929577464789,0.7858491450495084,0.9420480039557768,0.0014534196909635755,1.739592174688975,4.862096309661865
150,4,1.8923872643046908,0.4135756939649582,0.8028169014084507,0.8072644882011456,0.8028169014084507,0.8016541523016568,0.9488026911286656,0.0004288588267180593,1.84097421169281,5.342947456571791
