epoch,fold,total_loss,cross_entropy_loss,accuracy,precision,recall,f1_score,auc,r2_score,mae_loss,mse_loss
1,1,1.9056077665752835,1.3700402180353801,0.2323943661971831,0.3242588474817757,0.2323943661971831,0.19199989331832817,0.5323656830953993,-17.617635827093743,9.577782471974691,97.17987484402127
1,2,1.3715180224842496,1.2732697195476956,0.3767605633802817,0.23431716737204836,0.3767605633802817,0.2409154652840908,0.4910930706353781,-11.672673457730312,7.550917016135322,62.55357106526693
1,3,0.9206034243106842,1.2723297874132793,0.3626760563380282,0.16148065931822822,0.3626760563380282,0.2055861835230825,0.4801603840305346,-5.969220680098885,5.351204355557759,33.698412365383575
1,4,0.658112926615609,1.2734434405962627,0.4154929577464789,0.17367165958715255,0.4154929577464789,0.244954803447551,0.4943525583929368,-2.1335180358487804,3.5546998845206366,16.613436222076416
2,1,0.5149056977695889,1.2602251172065735,0.4084507042253521,0.2767366737296938,0.4084507042253521,0.24023369232099992,0.49445484171913595,-0.4520251303477507,2.282651709185706,7.697576403617859
2,2,0.48229146665996975,1.2509273687998455,0.40492957746478875,0.2978705566733736,0.40492957746478875,0.25829072909443074,0.5175773626261538,-0.040346528378377045,1.8360843923356798,5.241398639149136
2,3,0.48381634222136605,1.260466131899092,0.375,0.2618662107714372,0.375,0.303469110681349,0.5124443179313948,-0.010722924157545943,1.7683049307929144,4.956402712398106
2,4,0.4876513448026445,1.263414442539215,0.4014084507042254,0.28181784267135,0.4014084507042254,0.32411113555321114,0.5354276886300899,-0.0029273618320830863,1.8478690253363714,5.39208906226688
3,1,0.47604964011245304,1.259243859185113,0.4137323943661972,0.29314171292194763,0.4137323943661972,0.30366280619667424,0.5355469692993018,-0.010317588167346292,1.8485924336645339,5.29273537794749
3,2,0.4773463424709108,1.2470697628127203,0.375,0.28198815584339076,0.375,0.31985538439785394,0.5344629235904473,-0.0006094971590282494,1.7846836116578844,5.0453190671073065
3,3,0.48077171709802413,1.2660562727186415,0.4014084507042254,0.2884632355536729,0.4014084507042254,0.3072406468300233,0.5587232588623565,-0.008832899278964357,1.7618399063746135,4.944077677196926
3,4,0.4822273949782054,1.2590364350212946,0.43485915492957744,0.31935790908349404,0.43485915492957744,0.3676970553479608,0.5385348143007661,-0.013716999226457194,1.8565203812387254,5.446966714329189
4,1,0.4615115953816308,1.2342154483000438,0.45422535211267606,0.33256484485142146,0.45422535211267606,0.3830460496197956,0.60161665027823,-0.0018468525640895628,1.8525551358858745,5.346173365910848
4,2,0.46868353254265255,1.2199859652254317,0.45598591549295775,0.34838531321463906,0.45598591549295775,0.38859546165884196,0.5937932836269226,-0.007632029639980553,1.8045166201061673,5.119691756036547
4,3,0.456442278292444,1.243922299808926,0.43133802816901406,0.30733957673473056,0.43133802816901406,0.3589247665463638,0.5975187156401696,0.00047681118117548493,1.7839885155359905,5.053392516242133
4,4,0.44975149465931785,1.2087959448496501,0.45598591549295775,0.3616309033409449,0.45598591549295775,0.3903618992840206,0.6170913559133229,-0.010234093116260778,1.880926291147868,5.582735670937432
5,1,0.44109958079126144,1.2173550095823076,0.4753521126760563,0.36189093277274537,0.4753521126760563,0.40632171473825907,0.6203578088196695,-0.027907825840253198,1.8594340350892808,5.380790829658508
5,2,0.4458013011349572,1.241438455051846,0.46830985915492956,0.36705505020865936,0.46830985915492956,0.3999279787876536,0.598827282562371,-0.023739698539740894,1.7893965244293213,5.0678212775124445
5,3,0.4258058120807012,1.1811924974123638,0.4876760563380282,0.37049419916937526,0.4876760563380282,0.40975003253996356,0.6492463918166297,-0.016327535619334865,1.7626098857985601,4.958989646699694
5,4,0.42990349729855853,1.201541821161906,0.4612676056338028,0.36958036645165065,0.4612676056338028,0.3978474493795788,0.6606334627449367,0.005237786661063115,1.8472246262762282,5.384685450130039
6,1,0.42380611929628587,1.224135975042979,0.49119718309859156,0.3881935271863847,0.49119718309859156,0.42283539292434774,0.6338819750460432,-0.013895795028454394,1.8472404811117384,5.29590466287401
6,2,0.4490947988298204,1.2705499827861786,0.4753521126760563,0.38101294832785054,0.4753521126760563,0.40718672515577475,0.6170958184889791,-0.004625476333872003,1.7810278667343988,5.014758268992106
6,3,0.4222223162651062,1.195770690838496,0.49119718309859156,0.3673116328534624,0.49119718309859156,0.41385947623089575,0.6487251258466801,-0.01431273817442591,1.7608227398660448,4.940831184387207
6,4,0.4258805513381958,1.2096504933304257,0.5017605633802817,0.40591341344154314,0.5017605633802817,0.43105519981108786,0.6624372940313238,-0.013465954431259197,1.8427441252602472,5.37831531630622
7,1,0.4208151549100876,1.210819747712877,0.49295774647887325,0.3839936655264794,0.49295774647887325,0.42361969337023625,0.6510509403875797,0.009226713617886961,1.852174162864685,5.324599411752489
7,2,0.4264865782525804,1.2139961984422472,0.5070422535211268,0.39494454961149006,0.5070422535211268,0.4327938668214028,0.6397770874419538,-0.0043792145412406835,1.7795493072933621,4.998300472895305
7,3,0.3993978665934669,1.1684135331047907,0.5211267605633803,0.3979456332009149,0.5211267605633803,0.43916782448397673,0.6886076482493573,-0.035108557096608095,1.7587233318222895,4.923050377104017
7,4,0.421866806017028,1.194787664545907,0.5035211267605634,0.3977645207636431,0.5035211267605634,0.4329122131197743,0.6864485291046762,0.011178099949602394,1.85136702325609,5.404996792475383
8,1,0.40434513489405316,1.1801136997010973,0.5176056338028169,0.595067109586956,0.5176056338028169,0.4480926536758612,0.67521537961708,-0.019484095730703643,1.8444879717297025,5.279603574011061
8,2,0.40873948567443424,1.1852976348665025,0.528169014084507,0.48089880049160644,0.528169014084507,0.4630422557442222,0.6508058125272436,-0.018583975744247416,1.7925098339716594,5.074473023414612
8,3,0.3952120393514633,1.1645805140336354,0.5316901408450704,0.39846254397131087,0.5316901408450704,0.4474747491429903,0.6770777616100013,-0.004679617235711309,1.7612985769907634,4.939270946714613
8,4,0.4131832818190257,1.1904396878348456,0.5070422535211268,0.42050627457100437,0.5070422535211268,0.4401500784435262,0.6951120663196971,-0.02366758642593303,1.8602609170807733,5.447868625322978
9,1,0.4000476631853316,1.1472041143311396,0.5316901408450704,0.493719806763285,0.5316901408450704,0.4629053687688103,0.6957113217315638,-0.01749723247519608,1.8485310408804152,5.299995568063524
9,2,0.4067639973428514,1.1512587434715695,0.5140845070422535,0.47233326171380025,0.5140845070422535,0.44637102193890366,0.684369988644645,-0.005428077104497664,1.7833776937590704,5.015805390146044
9,3,0.3753514124287499,1.1090381741523743,0.5299295774647887,0.5520391999694645,0.5299295774647887,0.4520444161179196,0.6935878050388917,-0.01956299445969467,1.7567190395461187,4.916807095209758
9,4,0.4027544773287243,1.1887560553020902,0.5176056338028169,0.41343824555898967,0.5176056338028169,0.4459629190499147,0.6931044623048743,-0.03506410024249096,1.8473158081372578,5.403075324164496
10,1,0.39924713638093734,1.1765816973315344,0.5246478873239436,0.47306566007422385,0.5246478873239436,0.46223444966562177,0.7009991133825113,-0.013312949807395835,1.8562956982188754,5.352862265374926
10,2,0.40378957490126294,1.184780137406455,0.5176056338028169,0.4830169788032192,0.5176056338028169,0.4545612143768728,0.661871358051954,0.005315166265522087,1.7839404675695631,5.019333706961738
10,3,0.38142360415723586,1.1336697704262204,0.5352112676056338,0.5062807381290146,0.5352112676056338,0.46518094013372857,0.6962535471116276,-0.020476719822975387,1.760083297888438,4.939704378445943
10,4,0.3989134546783235,1.177059468295839,0.5017605633802817,0.44649283566537085,0.5017605633802817,0.44334756959002386,0.6963479799338752,-0.025690554294103052,1.842633048693339,5.36713265048133
11,1,0.3953998022609287,1.1793494522571564,0.522887323943662,0.4701375154488398,0.522887323943662,0.4643914702296804,0.6893617562743691,0.005732251869677518,1.853888750076294,5.329087257385254
11,2,0.39946379595332676,1.1724852820237477,0.5158450704225352,0.4908677363582694,0.5158450704225352,0.4678139227588464,0.6823683874205195,-0.051719636771030864,1.7847919199201796,5.041801280445522
11,3,0.37849779261483085,1.1455316444238026,0.5369718309859155,0.49875905700935164,0.5369718309859155,0.4712093178146158,0.7221180755193498,0.006503918769756423,1.756282005045149,4.913346807161967
11,4,0.3947727547751533,1.149505701329973,0.5440140845070423,0.5140705763781969,0.5440140845070423,0.5004136692458685,0.7060016431217204,-0.038625561968350874,1.8567772971259222,5.428361919191149
12,1,0.39530030224058366,1.170286410384708,0.5352112676056338,0.47658923391234725,0.5352112676056338,0.48049843054031927,0.690366419412566,-0.0019375935160046431,1.8404362400372822,5.28797189394633
12,2,0.38625191814369625,1.1330144107341766,0.5440140845070423,0.5313168100901365,0.5440140845070423,0.4901367862168008,0.7077850264147925,-0.03641271797322809,1.7893157005310059,5.066985249519348
12,3,0.37416964603794944,1.1259507338205974,0.5299295774647887,0.4825219754098007,0.5299295774647887,0.47795123047982097,0.724754631842728,-0.03361435012261804,1.7696263591448467,4.9827006260554
12,4,0.37980543076992035,1.1104867855707805,0.5422535211267606,0.49680570645955985,0.5422535211267606,0.5100679936719689,0.7242860790662341,-0.01792664025991675,1.8460287186834548,5.385830574565464
13,1,0.3659067816204495,1.1127877467208438,0.5633802816901409,0.5102308986861074,0.5633802816901409,0.5138706381446093,0.7227599575112078,-0.040105128282375,1.8498091962602403,5.304498023456997
13,2,0.3866748842928145,1.1779625117778778,0.5334507042253521,0.49618165099568246,0.5334507042253521,0.48038829038133146,0.7121786157377781,-0.024622797937282392,1.782543957233429,5.022854487101237
13,3,0.3698524766498142,1.1025158829159207,0.5246478873239436,0.48467584057126517,0.5246478873239436,0.48997108002395073,0.7322825223626535,0.0017140792270977645,1.76355332798428,4.933093243175083
13,4,0.38714229895008934,1.1618037786748674,0.5440140845070423,0.5013024264784829,0.5440140845070423,0.49816493150851565,0.7284306375571574,-0.030620316604541564,1.8555487791697185,5.410706334643894
14,1,0.3737146688832177,1.1091252730952368,0.5580985915492958,0.5250456500760047,0.5580985915492958,0.510940705045552,0.718209035529366,-0.02047756826069902,1.8458636932902865,5.284719652599758
14,2,0.36783211595482296,1.1069506870375738,0.5563380281690141,0.5156077842378418,0.5563380281690141,0.5161428929833269,0.7338850461871691,-0.024144187029285114,1.7843341098891363,5.052945494651794
14,3,0.3712158732944065,1.122530632548862,0.545774647887324,0.4941026312666183,0.545774647887324,0.5108826269436249,0.7193951125655594,-0.02331256675451332,1.7608930733468797,4.930743681059943
14,4,0.38749779264132184,1.1840269433127508,0.5264084507042254,0.5000740718133303,0.5264084507042254,0.49029640103353633,0.7206710169675518,-0.014034777775774554,1.85869304339091,5.47013439072503
15,1,0.3724408513969845,1.1538859042856429,0.5598591549295775,0.512155858480114,0.5598591549295775,0.519554666103841,0.7200207954894058,-0.04185931993029146,1.858986172411177,5.372776415612963
15,2,0.37735073102845085,1.143781112300025,0.5246478873239436,0.4826731218121838,0.5246478873239436,0.49695270695861815,0.7088515261275625,0.004730848758960682,1.7840363317065768,5.0452622175216675
15,3,0.37348024050394696,1.1386977268589868,0.5299295774647887,0.4871900821243241,0.5299295774647887,0.4893321008119456,0.7226880897544918,-0.03720103286300458,1.7523992988798354,4.909059842427571
15,4,0.36681030028396183,1.0845562352074518,0.5369718309859155,0.5162817137659921,0.5369718309859155,0.5023156411926958,0.7449967574348666,-0.018277877433112488,1.8591352701187134,5.421689007017347
16,1,0.3759612523847156,1.1750943495167627,0.5369718309859155,0.4820866011327962,0.5369718309859155,0.4947799742014239,0.7233754259388301,-0.022454676479601643,1.850577023294237,5.320878346761067
16,2,0.3613581243488524,1.0733165972762637,0.5651408450704225,0.5315196530967761,0.5651408450704225,0.5173056328466386,0.7414897563050347,-0.028761404617640984,1.7863360974523756,5.0401853455437555
16,3,0.37516219748391044,1.1677501168515947,0.5352112676056338,0.49753601971770217,0.5352112676056338,0.4995261887824289,0.7121319676157901,-0.04237599076263043,1.7700180212656658,4.99538889196184
16,4,0.3682839804225498,1.1037225193447537,0.5422535211267606,0.494022265929344,0.5422535211267606,0.5023940643363703,0.7364783610165161,0.0022296407568777044,1.8445176879564922,5.376243074735005
17,1,0.3690514763196309,1.156126191218694,0.5669014084507042,0.5185804813736642,0.5669014084507042,0.5216519599341457,0.7146368277565367,-0.009519536534749129,1.8419580393367343,5.2894784741931495
17,2,0.3663201696342892,1.0657265318764582,0.5492957746478874,0.5118293768058487,0.5492957746478874,0.5259072163739128,0.7295842172138491,-0.004930186519823021,1.7850863205062018,5.020579404301113
17,3,0.35323863393730587,1.0961768627166748,0.5686619718309859,0.5095845740655458,0.5686619718309859,0.50921259532644,0.7529237695900883,-0.025157205690498508,1.7712346447838678,4.991143001450433
17,4,0.3558519151475694,1.1039740608798132,0.5440140845070423,0.5073025125862463,0.5440140845070423,0.519520281399366,0.74142544029464,-0.01563914695713753,1.8470734159151714,5.396974682807922
18,1,0.34133102827601963,1.043962644206153,0.5721830985915493,0.5054217366991338,0.5721830985915493,0.52810193433237,0.7606460423128542,0.02168439499201258,1.8450516329871283,5.295846806632148
18,2,0.3672824071513282,1.127467777993944,0.5616197183098591,0.5099882953192675,0.5616197183098591,0.521530813417001,0.7371628021573362,-0.05483569216778261,1.7910725408130221,5.083410448498196
18,3,0.35218298849132323,1.129010733630922,0.545774647887324,0.49327059332114653,0.545774647887324,0.49734831473724156,0.721571031185532,-0.0027987549949168855,1.7596465680334303,4.922714471817017
18,4,0.36055146157741547,1.0915680362118616,0.5369718309859155,0.5068027035481516,0.5369718309859155,0.5137637434953517,0.750264304789898,-0.018250646246765756,1.8475099802017212,5.387219667434692
19,1,0.343308644162284,1.0864315728346507,0.5897887323943662,0.5421682833166773,0.5897887323943662,0.5516585421447187,0.7519133048176042,0.001955559778342386,1.8495617376433477,5.321095175213284
19,2,0.3440314580996831,1.070367803176244,0.5563380281690141,0.5126024542805316,0.5563380281690141,0.5227175350143797,0.7373838503973983,-0.0023166359999062802,1.784656008084615,5.037918210029602
19,3,0.3563496967156728,1.1146730548805661,0.5545774647887324,0.5115143155423849,0.5545774647887324,0.5068735117859868,0.7372003900627395,-0.05951511760609196,1.7663659387164645,4.972087767389086
19,4,0.3417791906330321,1.0271814597977533,0.573943661971831,0.5331875901762613,0.573943661971831,0.5460350375977899,0.7695653786417008,0.013160183313450036,1.8563966287506952,5.4348503483666315
20,1,0.34104502035511863,1.0613859991232555,0.5669014084507042,0.5048908250260578,0.5669014084507042,0.5278822146946877,0.7630276952527966,-0.030638182087678656,1.852521498998006,5.332556141747369
20,2,0.34495139949851567,1.0478369096914928,0.573943661971831,0.5178766498529999,0.573943661971831,0.5235517901128933,0.7589451056505225,-0.03794735209309508,1.792994651529524,5.071117692523533
20,3,0.33570675055185956,1.0733195510175493,0.579225352112676,0.534547439842953,0.579225352112676,0.5398043219990023,0.7560305168249759,0.002167204633521269,1.7558675010999043,4.926575064659119
20,4,0.3464143027861913,1.076988657315572,0.5686619718309859,0.5193432410711274,0.5686619718309859,0.5381781809975491,0.7648965538380867,-0.029010950710752992,1.8540222975942824,5.433409346474542
21,1,0.3293672601381938,1.0567249357700348,0.5827464788732394,0.5387517760968542,0.5827464788732394,0.5508570665646397,0.7538644300700216,0.0014728078183344762,1.8478019171290927,5.315870457225376
21,2,0.3389546540048387,1.0648070971171062,0.5880281690140845,0.5528926971891022,0.5880281690140845,0.5582477971988088,0.752436298775121,-0.03723909987860119,1.7896441022555034,5.048919982380337
21,3,0.3342444168196784,1.064066853788164,0.5862676056338029,0.5328145961765257,0.5862676056338029,0.5334983990693636,0.7690305142393176,-0.002848583060743426,1.7654596832063463,4.956932173834907
21,4,0.34926334685749477,1.0844000710381403,0.5880281690140845,0.5545616717676047,0.5880281690140845,0.5572284831760639,0.7654203554872123,-0.032699863603295576,1.8515731162495084,5.421838243802388
22,1,0.3364090455902947,1.0356279114882152,0.6144366197183099,0.5636935893033036,0.6144366197183099,0.5818195335117312,0.7654846710629418,-0.01398058887810083,1.8522118396229215,5.327240573035346
22,2,0.323981165058083,0.9880547953976525,0.596830985915493,0.5501713627539699,0.596830985915493,0.5616625523456195,0.7850247794190338,0.0028501768576754127,1.776060163974762,4.994259662098354
22,3,0.31435297263993156,1.0193321936660342,0.5933098591549296,0.553619898640262,0.5933098591549296,0.5560902296610665,0.7668410934615021,-0.00817808996049152,1.7659907076093886,4.9653251965840655
22,4,0.32933320932918125,1.0426912440194025,0.5950704225352113,0.551007534339114,0.5950704225352113,0.5608855116354972,0.7781193908904366,-0.027279391470954595,1.8494457470046148,5.380271275838216
23,1,0.3444650537437863,1.09128118885888,0.5616197183098591,0.5148718421597103,0.5616197183098591,0.5336275988778418,0.764342440545379,-0.03449857146539803,1.8601428469022114,5.370948685540093
23,2,0.3445788025856018,1.068450176053577,0.551056338028169,0.5073610698779846,0.551056338028169,0.5173448917059116,0.7592133559066799,-0.0334099070167333,1.7818311121728685,5.020475467046102
23,3,0.31910953256818986,0.9989272587829165,0.5809859154929577,0.5316145095726489,0.5809859154929577,0.5399424937951286,0.7793705188496063,0.026160592829923113,1.768312434355418,4.960073676374224
23,4,0.3259313396281666,1.0265820523103077,0.5880281690140845,0.5489064125025731,0.5880281690140845,0.5524308823725911,0.7882402546416203,-0.02435179482098704,1.8487971358829074,5.413478533426921
24,1,0.328397230969535,1.069871296485265,0.5880281690140845,0.5421389373219876,0.5880281690140845,0.5611629440508598,0.7627846605123657,-0.014040397402055982,1.8498137129677668,5.321581919987996
24,2,0.32426965567800736,1.020738164583842,0.5862676056338029,0.5349366118145461,0.5862676056338029,0.5462442848426182,0.7751424696060468,0.0048597003160858465,1.7786325679885016,5.019903368420071
24,3,0.32343897720177966,1.011333144373364,0.5880281690140845,0.5436698898699993,0.5880281690140845,0.5594428945219505,0.7766225144779835,-0.014212085043859402,1.7598741054534912,4.923602806197272
24,4,0.3274748565422164,1.0324667096138,0.5757042253521126,0.5366742941307978,0.5757042253521126,0.5336054509382134,0.7868516069665447,0.0022789306482939864,1.8473059733708699,5.383970644738939
25,1,0.31023337609238094,0.9878399968147278,0.5809859154929577,0.5399146857913772,0.5809859154929577,0.5572872441444062,0.7842420549476642,-0.024422356230742848,1.850202136569553,5.3105992741054955
25,2,0.31150127698977786,0.96904147333569,0.6056338028169014,0.5566902465342046,0.6056338028169014,0.5691547444005998,0.7874939486143604,-0.010834903529635342,1.782166924741533,5.027792943848504
25,3,0.3152424527539147,1.0230453742874994,0.5950704225352113,0.5449992625578469,0.5950704225352113,0.5524306634023004,0.7961373753300106,-0.009722833696518052,1.7610432439380221,4.940933836830987
25,4,0.33116793798075783,1.060177183813519,0.5827464788732394,0.5479733683171005,0.5827464788732394,0.5594560477224644,0.7854757778451682,-0.037282769201593347,1.8490665555000305,5.413726369539897
26,1,0.3312413758701748,1.0572522746192083,0.5845070422535211,0.519062234585885,0.5845070422535211,0.54281075811226,0.7568259691905803,-0.010483538059365305,1.8501808842023213,5.329360604286194
26,2,0.31796637922525406,0.9672463105784522,0.6214788732394366,0.5715902553969868,0.6214788732394366,0.5861345164210969,0.7847624982509779,0.005820575897057756,1.7860621876186795,5.041007359822591
26,3,0.2988242672549354,0.9638960758845011,0.5809859154929577,0.5373431905989929,0.5809859154929577,0.5461824927518623,0.7900231507006295,-0.023712634422603074,1.7594659725824993,4.939271291097005
26,4,0.31534623603026074,0.9915144973331027,0.6126760563380281,0.5672496259780793,0.6126760563380281,0.5840909020448507,0.8026597207714132,-0.013006181034125541,1.847966942522261,5.402665853500366
27,1,0.29487674021058613,0.942820088730918,0.6144366197183099,0.5716538569378563,0.6144366197183099,0.5891027491219479,0.8089494084897908,0.009068381959076,1.8489112257957458,5.3060440222422285
27,2,0.3017309308052063,0.963787231180403,0.6285211267605634,0.5802510570534454,0.6285211267605634,0.5970258954315424,0.7977027235156953,-0.02766841135653597,1.7895024220148723,5.0765831338034735
27,3,0.29779038661056095,0.9788550304041969,0.6161971830985915,0.5752837507286924,0.6161971830985915,0.5871481454177869,0.7923911531340763,-0.0041574890484872284,1.7629847394095526,4.952631115913391
27,4,0.3028547465801239,0.9958541923099093,0.596830985915493,0.5525625692147551,0.596830985915493,0.567762374537663,0.8087925646667093,-0.0406643865182541,1.84834486246109,5.39853298664093
28,1,0.30979035298029584,0.9888509280151792,0.6091549295774648,0.5666157982083972,0.6091549295774648,0.5803119727494102,0.7994798256151509,-0.03321279468040328,1.850231369336446,5.320239199532403
28,2,0.30529700054062736,0.9469642043113708,0.6232394366197183,0.5799775338434737,0.6232394366197183,0.5903104402302382,0.7978430814252322,0.00035202698892955464,1.7939274907112122,5.072477208243476
28,3,0.2897045256363021,0.9107270439465841,0.6144366197183099,0.5782252619688875,0.6144366197183099,0.5879650515239366,0.816835157929418,0.006738634912018648,1.7551396952735052,4.9289347065819635
28,4,0.3016379591491487,0.9534557229942746,0.6214788732394366,0.5890250903618958,0.6214788732394366,0.5965704238687966,0.8212431076907174,-0.0379939680383814,1.8448285659154255,5.372862339019775
29,1,0.30581968194908565,0.9700566894478269,0.6144366197183099,0.566081974073298,0.6144366197183099,0.5854796683421901,0.8066843193987017,-0.026077640858010787,1.8590019279056125,5.359642359945509
29,2,0.29941117184029686,0.9199350939856635,0.6232394366197183,0.5712085596423085,0.6232394366197183,0.5946549499613097,0.8017454088806435,-0.004607452007969304,1.797130028406779,5.098897430631849
29,3,0.3063029282622867,1.014733827776379,0.5845070422535211,0.5326846275732848,0.5845070422535211,0.5421582925527192,0.7954137908087142,-0.01764817789755524,1.7693691187434726,5.007393611801995
29,4,0.3050924688577652,0.9762875636418661,0.6161971830985915,0.5817440170236051,0.6161971830985915,0.5880681906533708,0.8100986993958301,-0.022568312780795186,1.8516238729159038,5.430776211950514
30,1,0.29793984774086213,0.9692377944787344,0.6267605633802817,0.5799468784353565,0.6267605633802817,0.5982408770751881,0.8051384726339899,-0.035084709703522066,1.849074403444926,5.31719175974528
30,2,0.2992750232418378,0.9345164895057678,0.6214788732394366,0.5764600099249488,0.6214788732394366,0.5826824702536554,0.798187349632457,0.01309171668433895,1.780635933081309,5.019040743509929
30,3,0.30690085060066646,0.9781355063120524,0.602112676056338,0.5569503563350022,0.602112676056338,0.5683649924036936,0.8050226259307431,-0.013257186428122791,1.7565292914708455,4.946206318007575
30,4,0.31398778822686935,0.9779321584436629,0.6003521126760564,0.5601669826652221,0.6003521126760564,0.5719682038884918,0.8007051017818981,-0.04013080666293867,1.8492758009168837,5.397699197133382
31,1,0.29854560477866066,0.9614037407769097,0.6214788732394366,0.5696342221707792,0.6214788732394366,0.5926290593681425,0.8095656887447937,-0.011527112384141835,1.8511834806866116,5.313059780332777
31,2,0.2734408527612686,0.843506568007999,0.6320422535211268,0.5837751686277538,0.6320422535211268,0.5940445632685878,0.8218845596208273,-0.018190728952149904,1.7869482305314806,5.031033039093018
31,3,0.26863370256291497,0.9016618529955546,0.6232394366197183,0.5802074857253003,0.6232394366197183,0.5829700933884615,0.8155678257040611,0.0011914681561693286,1.7624882459640503,4.9483433034684925
31,4,0.2948732020126449,0.9502712753083971,0.596830985915493,0.6314465704222813,0.596830985915493,0.576149568807645,0.8148225334490958,-0.01485095415371429,1.846478071477678,5.377443446053399
32,1,0.289317293299569,0.9463912977112664,0.6197183098591549,0.6373431473738835,0.6197183098591549,0.5933183196397045,0.8198581075660192,-0.02181718110165831,1.8539627260631986,5.347279601626926
32,2,0.28737323068910176,0.8824622829755148,0.6373239436619719,0.6240295937192357,0.6373239436619719,0.606254453390801,0.824038944498396,-0.011509782171248206,1.7927589019139607,5.081836475266351
32,3,0.2835811169611083,0.9530516895982954,0.6161971830985915,0.5652920309723791,0.6161971830985915,0.5764155154036346,0.8081654405924754,-0.03728802393605246,1.75580405526691,4.933142463366191
32,4,0.2842837944626808,0.8977176381482018,0.6267605633802817,0.5831949827265558,0.6267605633802817,0.6012567689478342,0.8227713096342126,-0.005069255046852739,1.861271275414361,5.4389044178856745
33,1,0.28684356725878185,0.9398440155718062,0.6373239436619719,0.6580079266785995,0.6373239436619719,0.6021094768423796,0.814901091095587,-0.009238636430527247,1.8460034992959764,5.299169792069329
33,2,0.29022197011444306,0.9083392355177138,0.6338028169014085,0.5851963207722187,0.6338028169014085,0.5888597678056111,0.8160486942436734,-0.025682986447716827,1.7939138611157734,5.062706311543782
33,3,0.2693543392750952,0.9000347852706909,0.6073943661971831,0.5617187685979625,0.6073943661971831,0.5777290194635497,0.8227052842672422,0.02486531396487701,1.761130498515235,4.948494129710728
33,4,0.2747916926940282,0.8895342035426034,0.6267605633802817,0.6237847528135547,0.6267605633802817,0.5918257097112782,0.8256039518349031,-0.04062097501594919,1.8440351088841755,5.367681728469001
34,1,0.27759500592947006,0.8800742957327101,0.6232394366197183,0.5759936392548841,0.6232394366197183,0.5979155698470571,0.829586413610655,0.003836527027917258,1.8510012494193182,5.313303960694207
34,2,0.27408963027927613,0.8966581192281511,0.6267605633802817,0.648789479691635,0.6267605633802817,0.5980253480871683,0.8172233900182257,-0.02527871743474619,1.7877159780926175,5.053468518786961
34,3,0.29621929344203735,0.9864909648895264,0.6126760563380281,0.5912817441565302,0.6126760563380281,0.5719765116349201,0.7947287580026959,-0.025692112662308197,1.757878111468421,4.91768401198917
34,4,0.261513438489702,0.830594367451138,0.647887323943662,0.6049812446561491,0.647887323943662,0.6160986073902724,0.839979888430518,-0.0023299473957874017,1.8556421332889133,5.433814949459499
35,1,0.2947147347860866,0.9473584493001302,0.6161971830985915,0.5629302759015956,0.6161971830985915,0.5840025877702983,0.814693896566992,-0.0146177082497847,1.8564373585912917,5.338996503088209
35,2,0.26784152454800075,0.8612022565470802,0.653169014084507,0.6698542183268519,0.653169014084507,0.6207374170934064,0.8360784724509652,0.012083156220184632,1.7851356665293376,5.037338720427619
35,3,0.2809894225663609,0.9235782126585642,0.6355633802816901,0.5811602246713102,0.6355633802816901,0.5943750623185554,0.829857123189483,-0.05458592312014088,1.7652998963991802,4.948945694499546
35,4,0.27577186955346,0.8932292494508955,0.6232394366197183,0.6269169772676241,0.6232394366197183,0.6022219135950116,0.8321701128096873,-0.01606411411273756,1.8532466093699138,5.40611649884118
36,1,0.2818276319238875,0.8900831242402395,0.6161971830985915,0.5941741199474133,0.6161971830985915,0.5869621400079449,0.8313727837048156,-0.02650460356562867,1.8523816929923163,5.3395684825049505
36,2,0.2660554216967689,0.838095936510298,0.6461267605633803,0.6066888613851743,0.6461267605633803,0.6212765720940917,0.8437142539500606,0.00018443171514248569,1.7799956401189168,5.001845651202732
36,3,0.2977394544416004,0.9793549726406733,0.6144366197183099,0.5913967908779388,0.6144366197183099,0.5844122380129683,0.8148345423510975,-0.05165105620622357,1.7591940098338656,4.936783883306715
36,4,0.27226757672097945,0.8669564061694675,0.6355633802816901,0.6132804553977552,0.6355633802816901,0.6146022663478107,0.8280824301311529,-0.001540286306239702,1.8378416895866394,5.34164645936754
37,1,0.28383680681387585,0.9443531466854943,0.6091549295774648,0.5622149667123174,0.6091549295774648,0.5811477949037627,0.8175245124512309,0.007949546743569624,1.8504359324773152,5.331879006491767
37,2,0.25779878348112106,0.8226871656046973,0.653169014084507,0.680346749940454,0.653169014084507,0.6177069176055541,0.8379574236530759,-0.042099128734543134,1.7813292741775513,5.021087355083889
37,3,0.25639745758639443,0.8326948251989152,0.6408450704225352,0.5928302658421868,0.6408450704225352,0.6123590456155353,0.8462803305566711,-0.003350691583896115,1.7556193868319194,4.917602486080593
37,4,0.30564113623566097,0.9965119858582815,0.6126760563380281,0.584655680313702,0.6126760563380281,0.5884333341281022,0.8159147398865108,-0.01580959978049057,1.8402218288845487,5.371071365144518
38,1,0.27749677581919563,0.905310806300905,0.6232394366197183,0.6421268785180205,0.6232394366197183,0.602182092148631,0.8289685130639448,-0.04176007856427377,1.8507370154062908,5.346383836534288
38,2,0.2729734058181445,0.8644975390699174,0.647887323943662,0.6659324510906405,0.647887323943662,0.6184293719504986,0.8318624187332682,-0.006472946536536739,1.7778509656588237,5.0116318464279175
38,3,0.27342502772808075,0.9160641034444174,0.6214788732394366,0.6064102450792699,0.6214788732394366,0.5926216213568819,0.8142500611267641,0.0018958380873607128,1.7560163471433852,4.901528358459473
38,4,0.28895249631669784,0.9387232694360945,0.6232394366197183,0.5725990961441093,0.6232394366197183,0.5890724427763817,0.8268532826307823,-0.03660669095463942,1.8497115307384067,5.399036473698086
39,1,0.2797818084557851,0.8889018562104967,0.6285211267605634,0.5920135316233766,0.6285211267605634,0.6081180898522448,0.8358130892545688,0.020367323936204662,1.8556905190149944,5.319819821251763
39,2,0.26099592364496654,0.8148011432753669,0.6461267605633803,0.6239984800472519,0.6461267605633803,0.6165073112139797,0.8537008137392744,-0.047897406625860395,1.7916475335756938,5.083106623755561
39,3,0.24247422069311142,0.8139461047119565,0.6408450704225352,0.632488803648894,0.6408450704225352,0.608289418782073,0.839035842540109,0.036630699493997665,1.7607832484775119,4.94784316751692
39,4,0.2683821924858623,0.8925027946631113,0.6355633802816901,0.6333143091990782,0.6355633802816901,0.6105030981553219,0.8407858659816976,-0.041899492075427425,1.8455930285983615,5.374760296609667
40,1,0.2604452156358295,0.8207662403583527,0.6637323943661971,0.6275580849964653,0.6637323943661971,0.6361626849841477,0.8460816080783187,-0.007001602541899299,1.8463555839326646,5.310846858554417
40,2,0.28888358506891465,0.9447001318136851,0.6355633802816901,0.6465076059786264,0.6355633802816901,0.5997387806073252,0.8253835251557279,-0.03340199774413799,1.7804156343142192,5.005940039952596
40,3,0.26323478917280835,0.8496609396404691,0.6320422535211268,0.5991276486925785,0.6320422535211268,0.6002538269923994,0.828179028114425,-0.00666824613997985,1.765977230336931,4.969582345750597
40,4,0.2721288527051608,0.885392255253262,0.6461267605633803,0.6367037430052517,0.6461267605633803,0.6190380567991071,0.8373021863640971,-0.015948009195230872,1.8462505804167852,5.394927011595832
41,1,0.26655927217668957,0.8706286913818784,0.6302816901408451,0.5789314634928385,0.6302816901408451,0.5967419529855074,0.8334706475354889,-0.016126631897587673,1.8533767461776733,5.331453031963772
41,2,0.27376479572719997,0.8895132508542802,0.6426056338028169,0.6558782355481504,0.6426056338028169,0.6093995933021235,0.8401497795827254,-0.02456324965029455,1.7812422050370111,5.008883807394239
41,3,0.2567540787988239,0.8239163176880943,0.6602112676056338,0.6776871617725954,0.6602112676056338,0.6425881073887396,0.8519453466084287,-0.02470718218919732,1.7657831576135423,4.96330385737949
41,4,0.2724311318662431,0.8961627648936378,0.6338028169014085,0.6461297182462531,0.6338028169014085,0.6255285356172323,0.8376064784699488,-0.04074846684054556,1.8525128364562988,5.412083559566074
42,1,0.26088522540198433,0.8343493772877587,0.6390845070422535,0.6252649619604271,0.6390845070422535,0.6086318750022287,0.8389284170074441,-0.011455673411761902,1.8629635506206088,5.367515709665087
42,2,0.2444615529643165,0.7943256398042043,0.6795774647887324,0.6625241039204701,0.6795774647887324,0.662439582928084,0.848141216535673,-0.03701521522667206,1.7922309173478022,5.057754476865132
42,3,0.2535073185960452,0.851258902086152,0.6302816901408451,0.6133812486075277,0.6302816901408451,0.6074930594645264,0.8340282437032719,-0.041750596290417,1.760553929540846,4.917173359129164
42,4,0.2695395093825128,0.8487523231241438,0.6443661971830986,0.6267373230741883,0.6443661971830986,0.6186537206261434,0.8453906084353491,0.005601320217661021,1.8552473386128743,5.419363127814399
43,1,0.26783690932724213,0.893147693739997,0.653169014084507,0.659029781796532,0.653169014084507,0.626762647971685,0.8275005664140145,-0.01853356320251698,1.8497089478704665,5.328213175137837
43,2,0.2518904151188003,0.799824994471338,0.6584507042253521,0.6539146418021392,0.6584507042253521,0.632400232653468,0.8414911359534122,-0.02995912887316532,1.787508209546407,5.03622485531701
43,3,0.25684253954225117,0.8466051750712924,0.6566901408450704,0.6478945384920785,0.6566901408450704,0.6333904189629691,0.8367954307841482,-0.0037386063304793993,1.7621438834402297,4.924871656629774
43,4,0.25303661409351563,0.8199166059494019,0.6566901408450704,0.6658233176515542,0.6566901408450704,0.6418839438465085,0.8500891387337954,-0.04628371490944949,1.8433544569545322,5.371268815464443
44,1,0.2665163709057702,0.8707500762409635,0.6338028169014085,0.59646690329883,0.6338028169014085,0.6059395735778997,0.8306080513079898,0.005803233575688238,1.8457660277684529,5.301705837249756
44,2,0.23574455579121908,0.7402279261085722,0.6690140845070423,0.6828998231815133,0.6690140845070423,0.6346410391480009,0.8571265973702222,0.0036941565048786984,1.7783593071831598,4.9923378361596
44,3,0.24540051486757067,0.8182818194230398,0.6390845070422535,0.6187421255683131,0.6390845070422535,0.6055110952585998,0.8466339317930173,-0.015551044319369378,1.7619402938418918,4.931213127242194
44,4,0.24934034877353245,0.8092985881699456,0.6637323943661971,0.6645197198991287,0.6637323943661971,0.6471270100478344,0.8569165728310555,-0.02352747886522888,1.843692911995782,5.384251938925849
45,1,0.25598495536380345,0.8192541069454617,0.647887323943662,0.634964320430663,0.647887323943662,0.6298004440260148,0.8540821545079955,0.00912353914825026,1.8469869560665555,5.311533663007948
45,2,0.24178902639283073,0.7729430860943265,0.6672535211267606,0.6764332753176446,0.6672535211267606,0.6406970978012512,0.8570738325791376,-0.01227084472103801,1.7884559962484572,5.059813578923543
45,3,0.22729123135407767,0.7567790895700455,0.6795774647887324,0.6689317892650017,0.6795774647887324,0.6582057321346764,0.8570108872718081,-0.018111746742089263,1.7661498255199857,4.969669646686977
45,4,0.24909612039724985,0.8349590864446428,0.6426056338028169,0.6385026657390528,0.6426056338028169,0.6263614379185767,0.8512862490864921,-0.029855218189718036,1.8511613872316148,5.410677790641785
46,1,0.26185684237215257,0.8603087001376681,0.625,0.6005769722161721,0.625,0.6019672805789594,0.8471975669103282,-0.015131888850668629,1.8445847365591261,5.30604006184472
46,2,0.23209465046723685,0.7540809015432993,0.6725352112676056,0.6622816397073049,0.6725352112676056,0.6476288699902932,0.8613940363663191,-0.008521004758733186,1.7853372560607061,5.0375445816251965
46,3,0.2473636195063591,0.8243704636891683,0.6584507042253521,0.6546894008350246,0.6584507042253521,0.6403024910985923,0.850451828605421,-0.0060274197811061025,1.7596336404482524,4.937653713756138
46,4,0.26208364301257664,0.8599840965535905,0.6461267605633803,0.6326618138239932,0.6461267605633803,0.6306697519567245,0.8491297919522287,-0.009390371540058062,1.8437570465935602,5.368226541413201
47,1,0.2422338045305676,0.7890009466144774,0.6690140845070423,0.6601979337455306,0.6690140845070423,0.6362181634557166,0.8508330296987638,0.0034332166179958934,1.8609387940830655,5.356829934649998
47,2,0.24601565963692135,0.792059428162045,0.6742957746478874,0.6775055622638113,0.6742957746478874,0.654787492125785,0.8562312891938061,-0.020116103599078006,1.7819916208585103,5.003318680657281
47,3,0.2441403799586826,0.8125295523140166,0.6514084507042254,0.6555381884344843,0.6514084507042254,0.6340708586107566,0.8511035535495538,-0.01110439119849671,1.753190404838986,4.906581481297811
47,4,0.25288743525743484,0.8245559599664476,0.6549295774647887,0.6600619819093453,0.6549295774647887,0.6407374927067414,0.8562048124989738,-0.007849959045449495,1.851589600245158,5.400929689407349
48,1,0.24259513202640745,0.8020093275441064,0.653169014084507,0.6269749588348331,0.653169014084507,0.6275086305415224,0.8473442308860617,0.004873396485447157,1.8411524891853333,5.2778908014297485
48,2,0.24161575900183785,0.8086997154686186,0.6619718309859155,0.666725352112676,0.6619718309859155,0.6466094796666463,0.8443434085191781,-0.04519217149602106,1.7852602336141798,5.023389683829413
48,3,0.24617914193206364,0.828050348493788,0.6443661971830986,0.6359531713565645,0.6443661971830986,0.6210075575556661,0.8465831019925933,-0.02313440120579968,1.7623187171088324,4.951743880907695
48,4,0.2282636132505205,0.7399991899728775,0.6619718309859155,0.6440025118060158,0.6619718309859155,0.6427601904005068,0.870017770463333,0.02121523206775433,1.8437003758218553,5.365444262822469
49,1,0.25013162195682526,0.829497378733423,0.6443661971830986,0.6117274666894755,0.6443661971830986,0.6197296761842245,0.8514157719942693,-0.04328081334016476,1.8431230584780376,5.277506523662144
49,2,0.24703507125377655,0.8143764485915502,0.6584507042253521,0.6488555493559622,0.6584507042253521,0.6220673078456632,0.8433785055536969,-0.004988097727224083,1.794369810157352,5.0941585302352905
49,3,0.2492846805188391,0.8310314185089536,0.6267605633802817,0.6108710234937165,0.6267605633802817,0.5914575638675365,0.8392381480210612,-0.011028736663534211,1.762159029642741,4.950771941079034
49,4,0.2423569220635626,0.7752216325865852,0.670774647887324,0.6719645728781691,0.670774647887324,0.6442612606115072,0.8645774973047665,-0.037465572940695635,1.8500851194063823,5.418774313396877
50,1,0.2575594286123912,0.8147005438804626,0.6496478873239436,0.6512634844321771,0.6496478873239436,0.6438560361009366,0.8581834792942842,-0.01131012325038716,1.8542387617958918,5.340245869424608
50,2,0.2246846564941936,0.7132451501157548,0.6619718309859155,0.6336430149027957,0.6619718309859155,0.6398117409839457,0.8697396502280237,-0.019662879183278914,1.806445684697893,5.14126914077335
50,3,0.2245597259865867,0.7535151243209839,0.6742957746478874,0.675422908365708,0.6742957746478874,0.649946633884707,0.8710587661361775,-0.01240292229262785,1.7590759992599487,4.924513538678487
50,4,0.25257133278581834,0.7941231462690566,0.6672535211267606,0.6755248187894702,0.6672535211267606,0.6542280779282166,0.8614157321197349,-0.01071034870999199,1.8347860376040142,5.324350105391608
51,1,0.23998948683341345,0.7851153777705299,0.6566901408450704,0.6454085183251352,0.6566901408450704,0.6399949705727285,0.8631251990145294,-0.0009894897805389213,1.8548882206281025,5.350785639550951
51,2,0.24759603043397269,0.798898278011216,0.6901408450704225,0.6755939134478345,0.6901408450704225,0.6667788826494181,0.8554806349190293,-0.04249894420573441,1.783082107702891,5.018176555633545
51,3,0.24994316697120667,0.8618708716498481,0.6602112676056338,0.6391891097307942,0.6602112676056338,0.6323404786240917,0.8448301354034236,0.01303699824799398,1.7526717450883653,4.907206177711487
51,4,0.24445125377840465,0.8189103768931495,0.6390845070422535,0.6389267198777282,0.6390845070422535,0.6279977677856045,0.8518826246317919,-0.006352261029778594,1.8466424345970154,5.374143309063381
52,1,0.24485291788975397,0.8138039078977373,0.670774647887324,0.6679113423229436,0.670774647887324,0.6408398759816,0.8602635221822102,-0.048573894935917794,1.8443113565444946,5.279310875468784
52,2,0.23536655720737246,0.7593997402323617,0.6901408450704225,0.6839785887313105,0.6901408450704225,0.6783974823053012,0.8650632482649404,-0.01640256026652942,1.7921442919307284,5.062098224957784
52,3,0.24006341894467673,0.802036292023129,0.6672535211267606,0.6636676884742533,0.6672535211267606,0.6480658103423443,0.8563258223579377,0.0012837019059978028,1.7562336259418063,4.900991479555766
52,4,0.24150045795573127,0.8044533216291003,0.6549295774647887,0.6498104046333347,0.6549295774647887,0.6382986885943516,0.8625649809045376,-0.023964024807882955,1.842814842859904,5.35390387641059
53,1,0.24844924526082146,0.8264127009444766,0.6514084507042254,0.6391069966207981,0.6514084507042254,0.6338287346078196,0.8494471019395807,-0.025021542842465383,1.854462246100108,5.337602323955959
53,2,0.2487556743952963,0.8013853662543826,0.6566901408450704,0.6564454361829895,0.6566901408450704,0.6360197390717214,0.856862558681311,-0.02812975471161283,1.7842838764190674,5.047249330414666
53,3,0.2370040805803405,0.8179493182235293,0.6848591549295775,0.6715545085528067,0.6848591549295775,0.6667394119816598,0.8554343084148796,-0.019980443651215207,1.7653840316666498,4.942387501398723
53,4,0.23244096007612017,0.7710831529564328,0.6742957746478874,0.6685107096479587,0.6742957746478874,0.6598150103514755,0.8700328823505645,-0.00019958431990230174,1.8387182752291362,5.336028191778395
54,1,0.2319076789749993,0.7824481361442142,0.6690140845070423,0.6535471775408123,0.6690140845070423,0.6495176672974385,0.8610541886750231,-0.020304718274540612,1.8401577472686768,5.28206663661533
54,2,0.22346866296397316,0.7170317620038986,0.6830985915492958,0.6776425283368058,0.6830985915492958,0.6668343631977536,0.8605417331359667,0.008719523737714452,1.7851390507486131,5.028972771432665
54,3,0.22472936163345972,0.765783503651619,0.6619718309859155,0.6449985762733488,0.6619718309859155,0.6402800673949411,0.8632565454275423,-0.019716221876845408,1.7572653028700087,4.9123165474997625
54,4,0.22957459009355968,0.7592592189709345,0.6848591549295775,0.6939682229334032,0.6848591549295775,0.6784732461166191,0.8687203838470832,0.006883596272566961,1.847713741991255,5.376452777120802
55,1,0.22169899774922264,0.7203708853986528,0.6936619718309859,0.6819887540534522,0.6936619718309859,0.6763151717321473,0.8669436852106465,-0.04133319750225595,1.8528700868288677,5.343337032530043
55,2,0.21402719699674183,0.7028848826885223,0.6619718309859155,0.6512532089731684,0.6619718309859155,0.6440939087985005,0.8735439436154093,0.02100471157258299,1.7834270397822063,5.01794073316786
55,3,0.22463313821289274,0.7601068086094327,0.6813380281690141,0.696470901312648,0.6813380281690141,0.6574795479074971,0.8610620945894589,-0.0061759864999153535,1.7565008600552876,4.906355420748393
55,4,0.2439236061440574,0.7786325712998708,0.676056338028169,0.6722110656261028,0.676056338028169,0.6686539451700972,0.8750528640118329,-0.04902662899357746,1.8541460633277893,5.446571588516235
56,1,0.22679663863446978,0.7434303479062186,0.6725352112676056,0.6558842798909504,0.6725352112676056,0.653984332180638,0.868769232711116,0.016049299446393106,1.8426387045118544,5.2643073134952125
56,2,0.21825768798589706,0.7283574822876189,0.6883802816901409,0.683069856704079,0.6883802816901409,0.6778842482625645,0.8750351568170602,-0.00571461723500688,1.7877147793769836,5.042342060142094
56,3,0.2248645449678103,0.760957164896859,0.6813380281690141,0.695593849741475,0.6813380281690141,0.655503485651541,0.870826703551763,-0.03378293338574068,1.7637957599427965,4.944254636764526
56,4,0.22933819600277477,0.7670527100563049,0.6778169014084507,0.6713045954048525,0.6778169014084507,0.6696128970220374,0.8772804185637098,0.0071539667995982326,1.8494730061954923,5.390404913160536
57,1,0.23150852736499575,0.7713145265976588,0.6549295774647887,0.6329204567888974,0.6549295774647887,0.6306611137140327,0.85924357295762,0.00036112954972367106,1.8395374880896673,5.281322095129225
57,2,0.2259583208296034,0.7656427356931899,0.6742957746478874,0.6657446957308486,0.6742957746478874,0.6606001914044513,0.8678102272551178,-0.04572113732887306,1.78688555293613,5.041252666049534
57,3,0.2310285121202469,0.7929850949181451,0.6426056338028169,0.6447092285057079,0.6426056338028169,0.6336066335551175,0.855003957772884,-0.018886883624208872,1.758667614724901,4.912807259294722
57,4,0.25301775750186706,0.8026370224025514,0.6566901408450704,0.651189761928809,0.6566901408450704,0.6404750704173943,0.8657759045149862,9.148379037193788e-05,1.864533695909712,5.434952086872524
58,1,0.21908432162470287,0.7084608789947298,0.6830985915492958,0.6707138056697918,0.6830985915492958,0.6711497610033982,0.8746190395438099,-0.017577689790032824,1.8408752083778381,5.286697083049351
58,2,0.21343457450469336,0.704474045170678,0.6936619718309859,0.6974562726529453,0.6936619718309859,0.676463192244184,0.8768007098903334,-0.025013273748369924,1.780225349797143,5.009374287393358
58,3,0.20883406533135307,0.7205663588311937,0.6919014084507042,0.6847472536353044,0.6919014084507042,0.6786673006469778,0.8718036904272224,-0.024227232665483323,1.757560584280226,4.925370825661553
58,4,0.2344193292988671,0.7512567953930961,0.6901408450704225,0.7071170687653417,0.6901408450704225,0.6782215556315252,0.8751590713025575,-0.003935037881899861,1.8464022676150005,5.389001369476318
59,1,0.2099684841103024,0.7080230961243311,0.6954225352112676,0.684848492336845,0.6954225352112676,0.6708283288899709,0.8652082707597311,-0.011859406904961567,1.8402618368466694,5.266485134760539
59,2,0.2353283456630177,0.7702781624264188,0.6936619718309859,0.6762249042500618,0.6936619718309859,0.6798163668661987,0.8645161098918421,-0.013670686855137282,1.7854008343484666,5.025814215342204
59,3,0.22279973990387386,0.7499661081367068,0.7059859154929577,0.6894760051883565,0.7059859154929577,0.6868460057514597,0.8744066196786102,0.021924246822023097,1.7589129540655348,4.944481584760878
59,4,0.23657203217347464,0.7738941692643695,0.6866197183098591,0.688943027015442,0.6866197183098591,0.671066025627739,0.8742801748295271,-0.043538177749529394,1.8491161465644836,5.395526700549656
60,1,0.2293517059750027,0.7489371316300498,0.6778169014084507,0.663884378610521,0.6778169014084507,0.6593418967930877,0.8710820287478198,-0.005027495861461784,1.8471009532610576,5.3161796066496105
60,2,0.23692839758263695,0.7494501454962624,0.6866197183098591,0.6726032863849766,0.6866197183098591,0.6670737326061392,0.8703607661593188,-0.014762358805807674,1.767181224293179,4.975716908772786
60,3,0.21851066996653876,0.7465593367815018,0.6936619718309859,0.680217908759748,0.6936619718309859,0.6819706341338182,0.878511136877004,0.01799766708399686,1.7556260095702276,4.892320685916477
60,4,0.22972562577989367,0.7501842197444704,0.6919014084507042,0.6999082520384055,0.6919014084507042,0.6769814192051172,0.8760325824316201,-0.02899434528765199,1.843438658449385,5.367747783660889
61,1,0.2304260109861692,0.7643907252285216,0.6619718309859155,0.6647795627934272,0.6619718309859155,0.6488313396298377,0.8683608982407807,-0.011738634340083154,1.842985451221466,5.299830582406786
61,2,0.210561979148123,0.6843654645813836,0.698943661971831,0.714324911669782,0.698943661971831,0.6777306566445819,0.8830968239384405,-0.026492502885528735,1.7849969996346369,5.0214049683676825
61,3,0.22193495432535806,0.7578042662805982,0.670774647887324,0.6580632617710234,0.670774647887324,0.6605249279649483,0.8669306600706583,-0.031307772024882,1.7698671685324774,4.977021243837145
61,4,0.25222114225228626,0.8278260578711828,0.6725352112676056,0.67438436946225,0.6725352112676056,0.6517499578839918,0.8668763932410702,-0.004078842685341089,1.850376261605157,5.400205426745945
62,1,0.22763301680485407,0.732798319723871,0.6778169014084507,0.6731314787564524,0.6778169014084507,0.663698595097655,0.8694839342546933,0.0015371671636444928,1.8478624357117548,5.31088564130995
62,2,0.2324766301446491,0.7660861810048422,0.698943661971831,0.6915532093539243,0.698943661971831,0.6833251778653977,0.864867755785685,-0.0271986092366987,1.7892618046866522,5.071284121937222
62,3,0.2242501883043183,0.7567379905117882,0.6795774647887324,0.6750839633762169,0.6795774647887324,0.6659600365822298,0.8682208337416604,0.02047680107583194,1.7493611772855122,4.876405980851915
62,4,0.22310435523589453,0.7593014637629191,0.6954225352112676,0.7065272597290481,0.6954225352112676,0.6825913728449335,0.8795627537989132,-0.03848624187259997,1.847075793478224,5.400811513264974
63,1,0.20924845337867737,0.6771959612766901,0.7059859154929577,0.6988378240433474,0.7059859154929577,0.6949893408173847,0.8863255367848552,-0.00658628201494027,1.8496359586715698,5.318262868457371
63,2,0.21742417332198885,0.7086076736450195,0.7077464788732394,0.6993898647918273,0.7077464788732394,0.6896708619614743,0.8766289944104121,0.005748678750442493,1.7813466522428725,5.001796431011623
63,3,0.2029810125629107,0.6818132085932626,0.7024647887323944,0.6923544358861456,0.7024647887323944,0.6892127659986618,0.8813496704158035,-0.00922694020377901,1.7662425107426114,4.949763059616089
63,4,0.21855973286761177,0.7070036662949456,0.6954225352112676,0.7012335427157319,0.6954225352112676,0.6822103510240917,0.8879475138474721,-0.021487442855641747,1.852429986000061,5.406468351682027
64,1,0.21523801237344742,0.6854101353221469,0.7059859154929577,0.7087426089371586,0.7059859154929577,0.6873239633112932,0.8796026595848332,-0.0045830598184779525,1.8399119443363614,5.281616833474901
64,2,0.20831264638238484,0.6938422421614329,0.7112676056338029,0.7077995904225786,0.7112676056338029,0.6996764614861047,0.8818374464266233,-0.008055538288088249,1.7851275867886014,5.0213570727242365
64,3,0.20889138016435835,0.6802981694539388,0.6919014084507042,0.6765804819712505,0.6919014084507042,0.67639224590157,0.8927298776376023,-0.018043367237845498,1.7673791315820482,4.993343194325765
64,4,0.22542941487497753,0.7593826121754117,0.6725352112676056,0.6757090367880794,0.6725352112676056,0.6596801450676749,0.8779449972172759,-0.0049537993585175855,1.8613212373521593,5.454763743612501
65,1,0.21719699849685034,0.7063695225450728,0.704225352112676,0.6949662719909198,0.704225352112676,0.6862975533779796,0.8799165466276807,-0.017074595883896038,1.8447668817308214,5.302142355177137
65,2,0.19682056539588505,0.6106804129150178,0.7306338028169014,0.7212250490241952,0.7306338028169014,0.7169059140542257,0.8935226717757514,-0.015515730622044588,1.7779933479097154,5.002393788761562
65,3,0.20003973692655563,0.6999612831407123,0.698943661971831,0.6950555176587285,0.698943661971831,0.6822699747120697,0.8798941421750629,-0.007812629368419755,1.7505873839060466,4.8940632873111305
65,4,0.23049764417939717,0.8050979839430915,0.6971830985915493,0.6969005681078548,0.6971830985915493,0.6910316590482573,0.868423460106842,-0.004487264809210023,1.8326731125513713,5.322081009546916
66,1,0.23145225395758948,0.7522869126664268,0.7095070422535211,0.705481036263116,0.7095070422535211,0.6835030997122399,0.87278087875605,-0.0010550775706752447,1.8472364677323236,5.314167949888441
66,2,0.2071614439288775,0.665327681435479,0.7376760563380281,0.7444746604627767,0.7376760563380281,0.7273346898243289,0.8921385212709394,-0.01798380578295955,1.7841799789004855,5.027572472890218
66,3,0.2150458792845408,0.7485997792747285,0.7007042253521126,0.681811552445378,0.7007042253521126,0.6780098314475813,0.8692242127727858,-0.019577229658917172,1.7561688423156738,4.905308246612549
66,4,0.2066191029217508,0.6684600528743532,0.7130281690140845,0.7139510629618651,0.7130281690140845,0.7003775658006565,0.891902096669,0.012369593272377855,1.848541835943858,5.3790254725350275
67,1,0.20694089349773195,0.6775483969185088,0.704225352112676,0.7003608578154017,0.704225352112676,0.6898498756665172,0.8738850255401778,-0.02068784922424305,1.844724138577779,5.272814061906603
67,2,0.1902509563499027,0.629574813776546,0.7447183098591549,0.7452871575379334,0.7447183098591549,0.7313007372030297,0.8991013272922902,-0.010469714834952404,1.7817810244030423,5.035295989778307
67,3,0.20602851692173216,0.6975486245420244,0.698943661971831,0.6935854980309207,0.698943661971831,0.6873859018675753,0.8736424688706217,0.008156018508399532,1.7602207991811964,4.945965819888645
67,4,0.21486337979634604,0.7518095688687431,0.6936619718309859,0.7046116596401372,0.6936619718309859,0.673891306258178,0.8844736561431694,0.01518479100330461,1.841636644469367,5.348418050342136
68,1,0.2353446880976359,0.8075844198465347,0.6901408450704225,0.6912539738803415,0.6901408450704225,0.6810774903653122,0.860905905170796,-0.033372733507180063,1.858185589313507,5.356977595223321
68,2,0.21787316600481668,0.7062759432527754,0.704225352112676,0.7074911844757831,0.704225352112676,0.6809932371925563,0.8776033679413529,-0.00959820219265417,1.7836916777822707,5.029536392953661
68,3,0.20618738482395807,0.7119253443347083,0.6936619718309859,0.6890402744171084,0.6936619718309859,0.6782626834101305,0.8756783112704651,-0.011854143271857298,1.7566044396824307,4.912839916017321
68,4,0.22174708214071062,0.7280667655997806,0.6901408450704225,0.692734549238611,0.6901408450704225,0.6815340954870774,0.8823644613277537,-0.017910068347456454,1.8388153844409518,5.34720582432217
69,1,0.22987953904602262,0.791415693031417,0.6954225352112676,0.6830189735436155,0.6954225352112676,0.6786757677277135,0.8682066409801725,-0.014468301017114715,1.8471950027677748,5.301540361510383
69,2,0.20684396599729857,0.6835730059279336,0.7095070422535211,0.6979906723014762,0.7095070422535211,0.6977115239805799,0.8806521195531964,0.009804378840911454,1.7790822850333319,5.021482666333516
69,3,0.20280571944183773,0.7048196411795087,0.6795774647887324,0.6722107376881611,0.6795774647887324,0.6646965371741317,0.8807444424847273,-0.018064381545467523,1.7502075831095378,4.917639851570129
69,4,0.21900656736559337,0.7321682870388031,0.6813380281690141,0.6679340047884649,0.6813380281690141,0.6689790362545646,0.8827555058889363,-0.008368306104963752,1.8414971629778545,5.364031129413181
70,1,0.19511588166157404,0.6407540655798383,0.7077464788732394,0.6914857764790742,0.7077464788732394,0.6948388133433707,0.8848374121961978,-0.0014580001940578402,1.8358968165185716,5.256563835673862
70,2,0.2018248662352562,0.690680432650778,0.6971830985915493,0.6874625007621021,0.6971830985915493,0.6670557026644194,0.8834739467423364,-0.01649331354345751,1.7772581577301025,4.981151143709819
70,3,0.22684331817759407,0.7747271756331126,0.6954225352112676,0.6877207454902194,0.6954225352112676,0.6874757224474215,0.863796433587765,-0.029748841497004852,1.7560799254311457,4.927098088794285
70,4,0.21897648523251215,0.7146841353840299,0.6936619718309859,0.6970364428060942,0.6936619718309859,0.6771574593190209,0.8795399766651565,0.014002232449079721,1.8533663882149591,5.449646618631151
71,1,0.20714722987678316,0.7174810651275847,0.6901408450704225,0.6828146624707907,0.6901408450704225,0.6782619338246598,0.8820000670910519,-0.05037476949070019,1.8468852440516155,5.302424497074551
71,2,0.2059501732389132,0.6735690501001146,0.7394366197183099,0.7321560802457739,0.7394366197183099,0.7253736973276084,0.8818158060751227,0.02952027074719621,1.7723400990168254,4.985246751043531
71,3,0.19097942941718632,0.6528180340925852,0.7095070422535211,0.7028431670796123,0.7095070422535211,0.690555696213436,0.8888115452070702,0.01635874139056004,1.7505538198682997,4.8895702891879615
71,4,0.2073814645409584,0.69544132384989,0.7112676056338029,0.7104636594063937,0.7112676056338029,0.7047215537629893,0.8962176008104703,0.010858257167484564,1.8378266824616327,5.351963824696011
72,1,0.2166865211394098,0.7407048261827893,0.6883802816901409,0.6774726257407038,0.6883802816901409,0.6644123940993683,0.8704595769230594,-0.027341935214761026,1.8426902029249403,5.28905106915368
72,2,0.22333011113935047,0.6976357450087866,0.6901408450704225,0.6782205709329706,0.6901408450704225,0.6753640353308987,0.8804540872774397,-0.0007750395070753591,1.788036823272705,5.051439894570245
72,3,0.19895683725674948,0.6840130256281959,0.6919014084507042,0.6827095029597393,0.6919014084507042,0.6823318715671502,0.8826977138919355,-0.026658562521364004,1.755129290951623,4.912626120779249
72,4,0.19366631491316688,0.6368667831023535,0.7323943661971831,0.7261944646982653,0.7323943661971831,0.718653492504628,0.9024779568406351,0.0022131289839638635,1.8426257570584614,5.338671750492519
73,1,0.208289488322205,0.7253371410899692,0.704225352112676,0.7046584324387933,0.704225352112676,0.6879663587267947,0.8783480868374494,0.011683826196435487,1.835895127720303,5.262308610810174
73,2,0.19726426816648907,0.6303028927909003,0.7341549295774648,0.7212456109204246,0.7341549295774648,0.7237183880622328,0.8984772312065068,-0.013884622489978904,1.7795154982142978,5.005911999278599
73,3,0.1996721691555447,0.6995368864801195,0.7024647887323944,0.7078347458230134,0.7024647887323944,0.6885591364965534,0.8789317560369608,0.02950941947572483,1.7548870775434706,4.930856704711914
73,4,0.1924967629214128,0.6512189308802286,0.7235915492957746,0.731916301458555,0.7235915492957746,0.7217636195802136,0.8980850300400006,-0.021478315295603068,1.8363982968860202,5.371575898594326
74,1,0.206534249915017,0.7203564279609256,0.6954225352112676,0.6805549745792091,0.6954225352112676,0.6814809912104204,0.873726980123594,-0.011730248861755888,1.8451958894729614,5.286872890260485
74,2,0.1830342130528556,0.5934910360309813,0.7376760563380281,0.7416382315141309,0.7376760563380281,0.7272185644287091,0.8993198959350968,-0.0001740241287977451,1.783967090977563,5.028157472610474
74,3,0.1956394679016537,0.7012475215726428,0.7007042253521126,0.6881322668485006,0.7007042253521126,0.684179126190635,0.8787678872122688,-0.002856651447405323,1.7517405814594693,4.897759331597222
74,4,0.20155570407708487,0.6656017833285861,0.7059859154929577,0.7106498687276079,0.7059859154929577,0.7005370349830183,0.8970353972336407,0.02282487510246567,1.8430330289734735,5.36424896452162
75,1,0.18683279967970318,0.6264837069643868,0.6971830985915493,0.6837177614366411,0.6971830985915493,0.6833186676211809,0.8965301109098167,-0.0010446597726299078,1.8355533083279927,5.247900552219814
75,2,0.1794403460290697,0.5896429783768125,0.7341549295774648,0.7195035937413311,0.7341549295774648,0.7196572506382108,0.9061488651920747,-0.020059552809652326,1.778659873538547,4.985524786843194
75,3,0.19843691918585035,0.6933799998627769,0.7130281690140845,0.7077577190750215,0.7130281690140845,0.7044609407609056,0.8887622213477837,0.008312855471958258,1.7615530888239543,4.929093307918972
75,4,0.19843676769071156,0.6615597539477878,0.7059859154929577,0.7040054577580243,0.7059859154929577,0.6970403416757265,0.8969286154153098,0.016887775726122323,1.8568372660213046,5.41024551126692
76,1,0.2095865880449613,0.6990071336428324,0.7165492957746479,0.7044939445557644,0.7165492957746479,0.7015040056428266,0.8838733016598108,-0.029050551087761223,1.8430797788831923,5.275291085243225
76,2,0.2063954629831844,0.6784332162804074,0.7147887323943662,0.7081349993871225,0.7147887323943662,0.6941844519497941,0.8894768256771031,-0.0024429593583337184,1.782856696181827,5.024016115400526
76,3,0.20062060240242216,0.682355081041654,0.6936619718309859,0.6854274952935542,0.6936619718309859,0.6857679847987285,0.8849257923766638,-0.01544857288867596,1.7554221947987874,4.913105620278253
76,4,0.24580652680661944,0.793772406048245,0.6813380281690141,0.6710724566814947,0.6813380281690141,0.6667721796415013,0.8772276357755028,0.02858169128425203,1.8542576962047153,5.404781460762024
77,1,0.20665929300917518,0.6908078425460391,0.7112676056338029,0.7088325485309684,0.7112676056338029,0.7047924043165409,0.8808991742356951,-0.022709953912583458,1.8423829674720764,5.280527883105808
77,2,0.1948987932668792,0.6009798662530051,0.7306338028169014,0.7294342984730526,0.7306338028169014,0.714762357245757,0.9042311817532103,0.004259629930436382,1.7704962491989136,4.96215624279446
77,3,0.20471784472465515,0.7333596911695268,0.670774647887324,0.6640201430738534,0.670774647887324,0.6577139703864606,0.8694925441465718,-0.0025971530817967547,1.7500080400043063,4.868266569243537
77,4,0.2001789253618982,0.6648478408654531,0.7165492957746479,0.7154859497758825,0.7165492957746479,0.6995869492512934,0.9041461200461456,0.0057587430274380624,1.8454341954655118,5.378119283252293
78,1,0.19504210518466103,0.6295052584674623,0.7183098591549296,0.7151923857058022,0.7183098591549296,0.7112789585475209,0.8978272475762049,-0.03384982114228108,1.8532420595486958,5.332970009909736
78,2,0.18759190373950535,0.6316006696886487,0.7183098591549296,0.7090209901133012,0.7183098591549296,0.7082187525359557,0.8909109036654335,0.005883076234199369,1.77631409962972,5.000621358553569
78,3,0.18811816308233473,0.6401082078615824,0.7535211267605634,0.7541739244569637,0.7535211267605634,0.7416331112022599,0.9010152448738491,-0.008738947683672782,1.7603605720731947,4.921598407957289
78,4,0.19800817718108496,0.67240196135309,0.7165492957746479,0.7164702426691943,0.7165492957746479,0.7105376699074295,0.8956174654032363,-0.004454302619187223,1.8386907908651564,5.337080121040344
79,1,0.1984154697921541,0.6635232816139857,0.7183098591549296,0.7071325373224229,0.7183098591549296,0.7072536207305261,0.8951940240707421,-0.023987034693033316,1.8364616632461548,5.256741629706489
79,2,0.1828450875149833,0.6198993937836753,0.7341549295774648,0.7236197851695364,0.7341549295774648,0.7140453728060965,0.8972425211576253,0.011862772131657762,1.7821077307065327,5.039015571276347
79,3,0.19499927428033617,0.6697855359978147,0.6901408450704225,0.6809359630002236,0.6901408450704225,0.6767566590365881,0.8795672509244018,-0.003902461442303995,1.75663556655248,4.958794169955784
79,4,0.2060597480999099,0.69518524242772,0.7007042253521126,0.699178613659103,0.7007042253521126,0.6939876850913799,0.8931488624237982,0.004113638349427795,1.8304467399915059,5.332256423102485
80,1,0.19738359335396025,0.6574796156750785,0.704225352112676,0.6847197769953052,0.704225352112676,0.6810254873365448,0.8869447020742854,-0.023906705636772996,1.8395683566729228,5.277184618843926
80,2,0.19456453207466337,0.6627344025505914,0.7077464788732394,0.7040059535030503,0.7077464788732394,0.6996708570731257,0.8899081038103075,0.008387226284226834,1.7770632637871637,4.996999051835802
80,3,0.21794956839746898,0.7227214111222161,0.7394366197183099,0.7293760974866962,0.7394366197183099,0.7210848263958035,0.884719519144366,0.007730255472388703,1.765580243534512,4.957168022791545
80,4,0.1899286781748136,0.6395511809322569,0.7200704225352113,0.731210529578198,0.7200704225352113,0.7116900727801452,0.8990622265191557,-0.013455737280978042,1.8520742058753967,5.455371128188239
81,1,0.20972126556767356,0.7192738999923071,0.7130281690140845,0.7086249060918297,0.7130281690140845,0.7034740864876854,0.8778943430584287,-0.024617282273945218,1.8513349294662476,5.3086074988047285
81,2,0.20653079946835837,0.6729512843820784,0.7288732394366197,0.7202579976833553,0.7288732394366197,0.7143732043486208,0.8928317220410102,0.005189934337943125,1.7809529436959162,5.035115851296319
81,3,0.19706234501467812,0.6997499763965607,0.704225352112676,0.6986011653079276,0.704225352112676,0.6905306565112289,0.8887968556187557,0.001894638399391635,1.7515652643309698,4.878894395298428
81,4,0.21741387165255016,0.6987693823046155,0.7059859154929577,0.7009475789431319,0.7059859154929577,0.6950775793417813,0.8925301103830385,-0.010562249995121897,1.8402500814861722,5.362490508291456
82,1,0.22745087991158167,0.7644183784723282,0.6883802816901409,0.6810786001795895,0.6883802816901409,0.6745781996718844,0.8779545122493715,-0.005717152583999852,1.8457816905445523,5.281529280874464
82,2,0.1815242465171549,0.6317701240380605,0.7165492957746479,0.6983405709651327,0.7165492957746479,0.6981461229838783,0.8928904063325375,-0.012311808561463078,1.7767259942160711,4.997837371296352
82,3,0.19085494925578436,0.6553941071033478,0.7095070422535211,0.7005634713194586,0.7095070422535211,0.6973938942059865,0.883107995731849,-0.03278022888656795,1.7522030141618516,4.909545342127482
82,4,0.19022311435805428,0.6366244968440797,0.7288732394366197,0.7280332576688605,0.7288732394366197,0.7220685422720932,0.8979999409842416,0.01743715317886152,1.839645312892066,5.338564210467869
83,1,0.1926503082116445,0.6166897084977891,0.7253521126760564,0.7179530201808003,0.7253521126760564,0.7167731329741475,0.9040397784268399,-0.008616781074754387,1.8499602211846247,5.305813021130032
83,2,0.19283402214447656,0.6431580732266108,0.7147887323943662,0.7055848508047597,0.7147887323943662,0.7057351018049922,0.8914819748673688,-0.028889162288602055,1.790072990788354,5.061619242032369
83,3,0.19867808702919218,0.7028533377581172,0.7095070422535211,0.7030396074513722,0.7095070422535211,0.7024016624437052,0.8897506902612347,0.01017270398697323,1.7582911319202847,4.946348375744289
83,4,0.20767349087529713,0.6957782804965973,0.7235915492957746,0.7208247779701825,0.7235915492957746,0.7127742327545624,0.9022223995205838,0.008157887173793954,1.8328001234266493,5.31811621454027
84,1,0.1901387804084354,0.6347483065393236,0.7165492957746479,0.6977304673354522,0.7165492957746479,0.70072902127256,0.8977483307466273,-0.018682752293331273,1.844243049621582,5.262423912684123
84,2,0.19704771166046461,0.6554484069347382,0.7341549295774648,0.7315140212956615,0.7341549295774648,0.7264648075737136,0.8943746398476005,-0.019494128741056382,1.7815329167577956,5.004876176516215
84,3,0.1818642947408888,0.6121075318919288,0.7376760563380281,0.7293486290918654,0.7376760563380281,0.724976158759224,0.9013804704410546,0.0005704383508060573,1.751384629143609,4.907669789261288
84,4,0.19260184549623066,0.6259164843294356,0.7306338028169014,0.729472109314778,0.7306338028169014,0.7235749926651293,0.90593376434206,0.001098711687918863,1.8379577994346619,5.3375118838416205
85,1,0.18860135310226017,0.6435625602801641,0.7235915492957746,0.7251217408860559,0.7235915492957746,0.717468356330151,0.893558834329698,-0.03263984965024358,1.8394405312008328,5.275806175337897
85,2,0.19568151401148903,0.6568112174669901,0.7077464788732394,0.6973570540737212,0.7077464788732394,0.6890811289655946,0.8955675417668951,0.028246558725744775,1.7769003444247775,4.984275235070123
85,3,0.20165571487612194,0.7142099522882037,0.698943661971831,0.6913540061117256,0.698943661971831,0.689094340763705,0.887054657142291,-0.028517341365777327,1.7563128007782831,4.916349689165751
85,4,0.18404487272103628,0.605545805560218,0.7112676056338029,0.708043972961527,0.7112676056338029,0.6991761136436656,0.9061102976644962,-0.007218997603414712,1.8533763156996832,5.445489843686421
86,1,0.18763837383853066,0.6413557380437851,0.7253521126760564,0.7282174315806471,0.7253521126760564,0.7184239940518853,0.8938244299416078,0.02531279111117779,1.8446817066934373,5.309588021702236
86,2,0.1760769970715046,0.5984651529126697,0.7306338028169014,0.7242705003900742,0.7306338028169014,0.7217304271729242,0.9013884705881148,-0.02564866523240439,1.7853352427482605,5.033527308040195
86,3,0.17880010397897828,0.6038240310218599,0.7394366197183099,0.7367816675695197,0.7394366197183099,0.7285016300294895,0.9031865693875045,-0.06769060601380383,1.7744505802790325,5.008643746376038
86,4,0.1967716564734777,0.6469255255328284,0.7376760563380281,0.7432088186151148,0.7376760563380281,0.7356614700919197,0.9068692136085887,0.021632543375688762,1.8449975517061021,5.345454202757941
87,1,0.17116881037751833,0.5645098073614968,0.7411971830985915,0.7371677074787962,0.7411971830985915,0.7258108724946454,0.9057191659783621,-0.011715753749998559,1.8474380373954773,5.29232198662228
87,2,0.17129493256409964,0.5531940427091386,0.7464788732394366,0.7404911263307051,0.7464788732394366,0.7372262846759443,0.9160623943413626,-0.01878926490199162,1.7720882892608643,4.982743779818217
87,3,0.16801005684667164,0.6055175984899203,0.721830985915493,0.7152046599019563,0.721830985915493,0.7130252638151389,0.9048545552081694,-0.0047389665136252646,1.7556256122059293,4.935775624381171
87,4,0.19977094108859697,0.6420754839976629,0.721830985915493,0.7174978109771377,0.721830985915493,0.7111711742029616,0.9066388982581348,-0.009990558874255706,1.8409987754291959,5.353621986177233
88,1,0.19362512313657337,0.657330248090956,0.7130281690140845,0.6952376522004656,0.7130281690140845,0.6925220595493388,0.891702045485931,-0.022209146457740525,1.8352864450878568,5.314475178718567
88,2,0.1863378853433662,0.6224987804889679,0.7165492957746479,0.7077673868844964,0.7165492957746479,0.7056248930831954,0.8913514022729401,0.055947323893562606,1.7781771421432495,5.038893342018127
88,3,0.1974516192244159,0.6907170547379388,0.7024647887323944,0.7015285187693596,0.7024647887323944,0.6971070999777768,0.8868444781227438,-0.01217801753092096,1.766069922182295,4.927267657385932
88,4,0.18194741010665894,0.5799537640478876,0.7306338028169014,0.7355265912580177,0.7306338028169014,0.7197582487247547,0.9133500212240441,0.01695644683009534,1.8518878552648756,5.407902664608425
89,1,0.17857957300212648,0.5946507934066985,0.7147887323943662,0.7034288142806472,0.7147887323943662,0.7039980062709684,0.9018277372178448,-0.016254896883047376,1.8413389656278822,5.270614597532484
89,2,0.18579032230708334,0.63723510172632,0.7235915492957746,0.7231574481192473,0.7235915492957746,0.7150342330203693,0.8996364966229431,0.011025246277788336,1.7709053224987454,4.976940419938829
89,3,0.18628721104727852,0.6495905336406496,0.7183098591549296,0.7151675702824761,0.7183098591549296,0.7005649460835042,0.9007408827931188,-0.0005894677837603446,1.748052676518758,4.921262860298157
89,4,0.20552004211478764,0.6850762814283371,0.7024647887323944,0.7074340201947393,0.7024647887323944,0.6986196958375359,0.897335265152364,-0.009712998329547862,1.8491381141874526,5.401175962554084
90,1,0.1808223327000936,0.602036671506034,0.7323943661971831,0.7275459972604529,0.7323943661971831,0.7106655911501242,0.8992279500886876,0.010258310414209104,1.8442836668756273,5.2900589439604015
90,2,0.1858120933175087,0.5985780192746056,0.7482394366197183,0.7396362399097463,0.7482394366197183,0.7359175567731011,0.9124454094063013,-0.00873907221642356,1.775565418932173,4.983392106162177
90,3,0.17361189011070463,0.6132745030853484,0.75,0.7435065372631608,0.75,0.7395812894139852,0.9030060504975483,0.023775118882694124,1.7493369314405653,4.867930346065098
90,4,0.187203554643525,0.6196485492918227,0.7429577464788732,0.7340291787033019,0.7429577464788732,0.7340720666365265,0.9130588426670303,-4.0423842824655054e-05,1.83468359708786,5.322872718175252
91,1,0.19136443320247862,0.6474620484643512,0.7394366197183099,0.7296950980597944,0.7394366197183099,0.7243427723201956,0.8928372158527391,-0.02599415271770411,1.835448529985216,5.252113395267063
91,2,0.19161812216043472,0.6403371393680573,0.7376760563380281,0.7388766072699499,0.7376760563380281,0.7291019559973461,0.9037575608600847,0.02135755402251116,1.7618532843059964,4.914186278978984
91,3,0.18391440394851896,0.6351599444945654,0.7288732394366197,0.7317211964987865,0.7288732394366197,0.7229804067485907,0.9022754764987029,0.020364284380992248,1.7589932547675238,4.953067806031969
91,4,0.19304186933570439,0.6527138716644711,0.7341549295774648,0.7225535736758149,0.7341549295774648,0.7238624774420546,0.9038584293034206,-0.010450720332895624,1.837603794203864,5.32822056611379
92,1,0.17830289155244827,0.5919090360403061,0.7464788732394366,0.7378072090431311,0.7464788732394366,0.7375663741965034,0.9008151619622723,0.00448754993529088,1.8428014318148296,5.287242028448317
92,2,0.18397250109248692,0.5863200310203764,0.727112676056338,0.7200027351918789,0.727112676056338,0.7119528820831581,0.9180676526657863,-0.01499385115294416,1.7712867723570929,4.972065104378594
92,3,0.17744186768929163,0.6246688150697284,0.7411971830985915,0.7386809297674062,0.7411971830985915,0.7361192633412426,0.8975786882947611,0.011343190468976916,1.7497992714246113,4.840367833773295
92,4,0.19043491946326363,0.6491967621776793,0.7394366197183099,0.742191169836309,0.7394366197183099,0.7212840899541807,0.8998935391729161,-0.025028788789514422,1.837052623430888,5.362968431578742
93,1,0.2175878050426642,0.7335693455404706,0.7112676056338029,0.7008830363811838,0.7112676056338029,0.7022012164565851,0.8722557204591876,-0.01754290861477914,1.846908450126648,5.296697351667616
93,2,0.17964121285412046,0.6105941534042358,0.7323943661971831,0.7255751136936546,0.7323943661971831,0.7187797838253916,0.9001360176934561,0.047249235692969016,1.777471039030287,4.991240514649285
93,3,0.17765582890974152,0.6312654382652707,0.721830985915493,0.7184588166087276,0.721830985915493,0.7160444978765984,0.8954457393782991,-0.024839269495778415,1.7558324138323467,4.918419784969753
93,4,0.18128641115294564,0.5911539925469292,0.7411971830985915,0.7355995611456911,0.7411971830985915,0.7335540957959024,0.9125478807887387,0.037338900868332914,1.83523827791214,5.320189581976996
94,1,0.19128680229187012,0.6425633529822031,0.7235915492957746,0.7241560552861644,0.7235915492957746,0.7160082011704129,0.9045653448728439,-0.01867135786726859,1.8366604050000508,5.24419383207957
94,2,0.1795037587483724,0.5737819307380252,0.7552816901408451,0.7500635651515934,0.7552816901408451,0.7449931813601087,0.9212067390028387,0.0008716071824665939,1.7800098061561584,5.050814270973206
94,3,0.1790386765367455,0.6346065120564567,0.7323943661971831,0.730063508860302,0.7323943661971831,0.7263897682289203,0.9008428607556316,0.019238308124534087,1.7609415849049885,4.910550965203179
94,4,0.18756768107414246,0.6369824525382783,0.7306338028169014,0.7393507825400912,0.7306338028169014,0.7264653237877542,0.9030977340288926,0.024001510813584148,1.8507189949353535,5.3577682044770985
95,1,0.18057395848962995,0.6167086081372367,0.7640845070422535,0.7495772976764576,0.7640845070422535,0.7511936324586738,0.9067212297794278,-0.04719629755719179,1.8534219198756747,5.3253372642729015
95,2,0.18293992802500725,0.6094849010308584,0.7288732394366197,0.7211271367521367,0.7288732394366197,0.7208884447134308,0.8982389892080123,0.013430893688513246,1.7793686257468329,5.027492351002163
95,3,0.16814550633231798,0.5717639591958787,0.7447183098591549,0.7435046816282853,0.7447183098591549,0.7376270654441972,0.9134944450960427,0.004188769988667684,1.7571554316414728,4.92032073603736
95,4,0.17741680352224243,0.6172969937324524,0.7359154929577465,0.7342461652506129,0.7359154929577465,0.7223225187749374,0.9042959561821421,-0.02965546068089675,1.8514640265040927,5.423688371976216
96,1,0.1926338266995218,0.6347893923521042,0.7411971830985915,0.751142226558977,0.7411971830985915,0.737356799869634,0.9058277789692227,-0.01352200729761277,1.8265458080503676,5.211730228530036
96,2,0.17988726331128013,0.6028483675585853,0.7570422535211268,0.7543827612137471,0.7570422535211268,0.7484332341629577,0.9148417888578865,0.014861298824780156,1.77537422047721,5.01386390791999
96,3,0.1767228353354666,0.6081425862179862,0.721830985915493,0.7080621578650302,0.721830985915493,0.711943559307885,0.9068363826466559,-0.0016085831913250637,1.755240884092119,4.914367000261943
96,4,0.19547704193327162,0.6773149321476618,0.721830985915493,0.7100526010608583,0.721830985915493,0.711103799101746,0.8908178357076934,-0.01240189982864881,1.8380295303132799,5.36824017100864
97,1,0.16516410062710443,0.552963881029023,0.7447183098591549,0.738294474108346,0.7447183098591549,0.7347536026367723,0.9100998138083444,0.009969166798784013,1.840890606244405,5.287765661875407
97,2,0.1768990365995301,0.5742419577307172,0.7552816901408451,0.7512724235653558,0.7552816901408451,0.7483503101733059,0.9130213941669989,-0.02446706904753304,1.789382603433397,5.043632758988275
97,3,0.18346352668272126,0.6372165183226267,0.7288732394366197,0.7164526748671576,0.7288732394366197,0.7169893538731991,0.905611460983448,0.00890079348244166,1.7650028003586664,4.947516149944729
97,4,0.1701839185423321,0.5628279364771314,0.7482394366197183,0.7402136214588109,0.7482394366197183,0.7397460876836179,0.9184991063332473,0.006297431215517291,1.836726188659668,5.331161949369642
98,1,0.18517363568147024,0.6006522609127892,0.7552816901408451,0.7491064376691473,0.7552816901408451,0.7491734928109849,0.907668683389618,-0.027118236069169077,1.8473439415295918,5.3239216804504395
98,2,0.16460531743036377,0.535373768872685,0.7640845070422535,0.769103063385553,0.7640845070422535,0.7551572241903437,0.9193826768596166,0.036905494201891376,1.7744967871242099,4.976661973529392
98,3,0.17654832245575058,0.6319879442453384,0.7394366197183099,0.7245314690226076,0.7394366197183099,0.7273547335118102,0.9006189808603565,-0.013071275992744491,1.7440401977962918,4.851835529009501
98,4,0.18357139370507664,0.6084874520699183,0.7394366197183099,0.7532089510363794,0.7394366197183099,0.7355244778346286,0.913635128358685,-0.00043631312723868554,1.8482272691196866,5.40206253528595
99,1,0.17253507135642898,0.575370290213161,0.7464788732394366,0.7436292448616393,0.7464788732394366,0.7372262546323429,0.9096372076693421,-0.02035535677844824,1.853039112355974,5.310189485549927
99,2,0.17224401980638504,0.5712635368108749,0.7517605633802817,0.7411898322983448,0.7517605633802817,0.7408733692185298,0.9068903132388548,-0.010209832276201203,1.781547983487447,5.014388230111864
99,3,0.16593385943108135,0.5866230295764076,0.7411971830985915,0.7299580310143691,0.7411971830985915,0.7294162359149421,0.9114473936730649,0.03854517530593715,1.7497721513112385,4.861504740185207
99,4,0.1724865540034241,0.5592883626619974,0.7411971830985915,0.7476905833910567,0.7411971830985915,0.7401105248527393,0.9209039099089691,0.0017222642980196934,1.837105605337355,5.353846761915419
100,1,0.1816919959253735,0.6152507066726685,0.7288732394366197,0.7174261645523258,0.7288732394366197,0.7170911634752327,0.9064983279840151,-0.013423646313724058,1.8446065253681607,5.313274688190884
100,2,0.16873972655998337,0.571292551027404,0.7658450704225352,0.7560846419440106,0.7658450704225352,0.7564986836904857,0.9137953256215569,0.0018663708711089688,1.7810329000155132,5.039765583144294
100,3,0.1712701775961452,0.6009886645608478,0.7323943661971831,0.7259106335891213,0.7323943661971831,0.7206457791973756,0.8958891571488746,0.016759371756845276,1.7610057327482436,4.959452443652683
100,4,0.16437596993313897,0.5286859770615896,0.7535211267605634,0.7453503818568566,0.7535211267605634,0.7426563326895285,0.9202782673939152,-0.019398836425891464,1.8492079840766058,5.410809291733636
101,1,0.18126207838455835,0.6146235664685568,0.7359154929577465,0.737934239220236,0.7359154929577465,0.7333067478342432,0.9084696791305287,0.012817607902756989,1.843830360306634,5.297422885894775
101,2,0.1717762988474634,0.5772586580779817,0.7376760563380281,0.7237731825606373,0.7376760563380281,0.72682027056371,0.9172132841605141,-0.028344579136637682,1.769771224922604,4.946192410257128
101,3,0.17477195958296457,0.5902703785234027,0.7323943661971831,0.717405557074618,0.7323943661971831,0.7214585667396526,0.9095761584264561,0.02707741049416279,1.7521730528937445,4.883126417795817
101,4,0.17377936384744114,0.560742179552714,0.7482394366197183,0.7514319491944605,0.7482394366197183,0.7423515058259186,0.9186340287235205,0.006998623017558936,1.8421084814601474,5.347657852702671
102,1,0.16759564644760555,0.5513489097356796,0.7552816901408451,0.7559093540327012,0.7552816901408451,0.7472389933211858,0.9209356726013296,-0.01568851884098965,1.823145416047838,5.2245420879787865
102,2,0.17196392971608374,0.5605828414360682,0.7623239436619719,0.7600700814334249,0.7623239436619719,0.7564391951397363,0.9152002660094598,-0.00856892284323929,1.776426785522037,4.995328995916578
102,3,0.15674769712818992,0.5533983657757441,0.7376760563380281,0.7254106914396586,0.7376760563380281,0.7251140483907649,0.9122887078368275,0.025857225606984224,1.747151619858212,4.83554924858941
102,4,0.1998393005794949,0.6717007938358519,0.721830985915493,0.7122245544502246,0.721830985915493,0.710889438673099,0.9031699981325256,-0.0016241589011425361,1.835514439476861,5.329653633965386
103,1,0.16121726151969698,0.5431016468339496,0.7447183098591549,0.7433383548278545,0.7447183098591549,0.7362299721091085,0.9178141615157137,0.009118704213392781,1.8358241187201605,5.2349901464250355
103,2,0.15561602181858486,0.5043868935770459,0.772887323943662,0.7734307005991775,0.772887323943662,0.7648814643000963,0.9296292628373393,-0.06000544245070727,1.772945715321435,4.993515928586324
103,3,0.16806899425056246,0.6003285497426987,0.7429577464788732,0.7299502223191252,0.7429577464788732,0.7294286727523946,0.8988397459993279,0.046072408041466395,1.7488386034965515,4.889048808150822
103,4,0.1787201509707504,0.6148438470231162,0.7235915492957746,0.7201710986165303,0.7235915492957746,0.7139240997711211,0.9111668711935568,0.025141549438760458,1.837836139731937,5.342972106403774
104,1,0.175516862836149,0.5843413025140762,0.7623239436619719,0.7617431153813621,0.7623239436619719,0.7530984559921412,0.9139594355263825,-0.025868252781207746,1.8494861788219876,5.325984491242303
104,2,0.1603550894392861,0.5313111792008082,0.7764084507042254,0.7727241124712068,0.7764084507042254,0.7663727880676601,0.9127249845518198,0.014661599497971967,1.7879243890444438,5.081066396501329
104,3,0.15197438870867094,0.5233888410859637,0.75,0.742351614141175,0.75,0.740416374358295,0.9233271871107744,-0.01259364530534901,1.7487327853838603,4.868889239099291
104,4,0.16865362558099958,0.5425993187559975,0.7623239436619719,0.7577681482108117,0.7623239436619719,0.7536614973237158,0.9241665009667019,0.017657752250380243,1.8400187359915838,5.330356438954671
105,1,0.1723655660947164,0.5954968184232712,0.7235915492957746,0.7243851374361083,0.7235915492957746,0.7186137311812423,0.9078291857288187,0.01716291872233311,1.837979257106781,5.273296104537116
105,2,0.15279671922326088,0.5031433635287814,0.7676056338028169,0.7614790595424399,0.7676056338028169,0.760069380913516,0.9225805229232851,-0.010966820966197499,1.7754454149140253,4.961930526627435
105,3,0.15940504686699974,0.5742502990696166,0.7588028169014085,0.7421285258513596,0.7588028169014085,0.7446139127012777,0.9115292522214926,0.00263382242300092,1.7491174340248108,4.862048930592007
105,4,0.16645905748009682,0.5430477145645354,0.7623239436619719,0.764873850820237,0.7623239436619719,0.7530423095888723,0.9220306800624924,-0.006811405481218502,1.838520930873023,5.318170454767015
106,1,0.16281377068824238,0.5470874284704527,0.7623239436619719,0.7628073805444014,0.7623239436619719,0.7591432018172476,0.9187646214337111,0.003964617646482815,1.8427579601605732,5.240031984117296
106,2,0.16447274262706438,0.5601556946833929,0.7605633802816901,0.7674347980194863,0.7605633802816901,0.7437196676212863,0.9107642668791762,0.03144700069276951,1.7728115320205688,4.967596186531915
106,3,0.1570129133760929,0.5587828093104892,0.7676056338028169,0.7674317595243286,0.7676056338028169,0.7643413233422064,0.912131611691972,0.00270464360605982,1.7457412481307983,4.854690101411608
106,4,0.15780180195967355,0.5037457512484657,0.7711267605633803,0.786997034033308,0.7711267605633803,0.7602329114006243,0.9348439602546463,0.006537111278451357,1.838616086377038,5.356235928005642
107,1,0.16337363421916962,0.5611406051450305,0.7429577464788732,0.735736828775263,0.7429577464788732,0.7360799873281174,0.9104231533522897,-0.0177463570804397,1.8440689775678847,5.297776566611396
107,2,0.16532898652884695,0.5553984840710958,0.7517605633802817,0.7452538811883219,0.7517605633802817,0.7406422059119097,0.9168788981446446,0.006941218362699675,1.776672038767073,4.9779491954379615
107,3,0.1599227579103576,0.5671062817176183,0.7517605633802817,0.7421447220585693,0.7517605633802817,0.7442587959718624,0.9059955526879,-0.03538695922840929,1.7637472814983792,4.930406808853149
107,4,0.15628772932622167,0.5454580982526144,0.7588028169014085,0.7565347970173985,0.7588028169014085,0.7466158995439943,0.9238508898248766,0.027006975949784517,1.8361620836787753,5.327759239408705
108,1,0.16754751569694942,0.5752719375822279,0.7535211267605634,0.7428627846870182,0.7535211267605634,0.7451716069964345,0.9133436429175392,0.004404804495019676,1.8345311548974779,5.227516598171658
108,2,0.16538430253664652,0.5425057212511698,0.7640845070422535,0.7624033166032284,0.7640845070422535,0.7589106066940022,0.9208535091841255,0.0018541281540674914,1.7743864523039923,4.973202228546143
108,3,0.16732116002175543,0.5636924472120073,0.7429577464788732,0.7316828181698131,0.7429577464788732,0.7326993882841409,0.9089401150098039,-0.01551032079081538,1.7537517944971721,4.9072234233220415
108,4,0.19376827859216267,0.6748416109217538,0.7464788732394366,0.740784273823577,0.7464788732394366,0.7344953495949522,0.9014322623793438,0.00846922138527928,1.8452647063467238,5.392901447084215
109,1,0.1687420859105057,0.5625382016102473,0.7411971830985915,0.7368550633560594,0.7411971830985915,0.733656039600634,0.9130054712988361,0.01835109138307167,1.8362635241614447,5.286702473958333
109,2,0.15221821061438984,0.48963353368971085,0.778169014084507,0.7733375013822973,0.778169014084507,0.766954437369429,0.9299713091689705,-0.031302466895342995,1.7771436836984422,4.96789276599884
109,3,0.16561861377623346,0.5845113065507677,0.7323943661971831,0.7260761364125816,0.7323943661971831,0.725439750269515,0.9103631458375097,0.006116544207020569,1.7524711555904813,4.8932245175043745
109,4,0.18020674462119737,0.5771317366096709,0.7640845070422535,0.7633551700447309,0.7640845070422535,0.7548497744376061,0.9184399988281342,-0.00034315635517900844,1.8347909847895305,5.351909942097134
110,1,0.17187033676438862,0.555896110004849,0.7605633802816901,0.7602920018700454,0.7605633802816901,0.7522567688929326,0.9216018504239277,-0.029137495716988093,1.8459195693333943,5.30280786090427
110,2,0.16138752384318245,0.5332032624218199,0.7588028169014085,0.7509402326716847,0.7588028169014085,0.7511226748465079,0.9218208462257285,0.0206265529507218,1.772286766105228,4.983724408679539
110,3,0.15711448838313422,0.5559093422359891,0.7623239436619719,0.7688073846796003,0.7623239436619719,0.753189900012009,0.9147817197050913,-0.007137326729914184,1.7548384335305955,4.912315315670437
110,4,0.15292011408342254,0.49849673443370396,0.7693661971830986,0.7661218716687195,0.7693661971830986,0.7626473371861215,0.9327282947836272,0.010412673418470964,1.8336260053846571,5.335899564954969
111,1,0.1593837071624067,0.531150640712844,0.7517605633802817,0.753409432830916,0.7517605633802817,0.7439314087427307,0.9202139111511266,-0.028103022974306224,1.8380652533637152,5.273059884707133
111,2,0.17125040002995068,0.5999486578835381,0.7411971830985915,0.7363765265815299,0.7411971830985915,0.7351137760240282,0.9090487552918401,0.05779012155883001,1.7717359529601202,4.968641029463874
111,3,0.15170520378483665,0.5310630136066012,0.7588028169014085,0.7512646724494703,0.7588028169014085,0.7476758668667981,0.9119578907515575,-0.024253768834655354,1.749818464120229,4.89434376027849
111,4,0.1487378291785717,0.48151325351662105,0.801056338028169,0.8005302970857755,0.801056338028169,0.795323001902394,0.9310070793303657,0.005297648846116054,1.8508692582448323,5.3931261036131115
112,1,0.16478097894125515,0.5482121755679449,0.7517605633802817,0.7462579681316294,0.7517605633802817,0.7412312104078549,0.9187435321148966,-0.011944120418297954,1.852095643679301,5.326266156302558
112,2,0.15194996943076453,0.535662387808164,0.7464788732394366,0.7385610869177184,0.7464788732394366,0.7366330017336274,0.9186563804926886,-0.0027305914396034137,1.7782527671919928,5.054449995358785
112,3,0.16158514304293525,0.5615569535228941,0.75,0.7418399471335195,0.75,0.7434857804180907,0.9189449032420125,0.01564287544700038,1.7641979952653248,4.966625617610084
112,4,0.16078024523125756,0.550222247838974,0.7623239436619719,0.7622579338382632,0.7623239436619719,0.7574929893529573,0.9259026740210851,-0.025416774872938808,1.8296550578541226,5.32273092534807
113,1,0.169478393263287,0.5824351145161523,0.7535211267605634,0.7404551974980309,0.7535211267605634,0.7429598558683392,0.9057409640023654,0.01255804709149122,1.8347415857844882,5.259349915716383
113,2,0.17484457583891022,0.5938138845894072,0.7588028169014085,0.7532884549217096,0.7588028169014085,0.7464910379626708,0.9097537873780496,-0.005610041192628534,1.7896399166848924,5.042481674088372
113,3,0.15751411765813828,0.5369012951850891,0.772887323943662,0.7670356786811149,0.772887323943662,0.7637219000996177,0.9230507291132733,0.01120324062063005,1.756328781445821,4.909826636314392
113,4,0.17395238164398405,0.5921310070488188,0.7482394366197183,0.7520251451907549,0.7482394366197183,0.7452540447858642,0.9159007131354961,-0.008452328935014464,1.8464020556873746,5.379155953725179
114,1,0.1639753965040048,0.5618283003568649,0.7517605633802817,0.7488885221938237,0.7517605633802817,0.7453704559477079,0.9130489851916351,-0.021529302820522345,1.8443772262997098,5.294939319292705
114,2,0.157186691959699,0.543302403555976,0.7517605633802817,0.7474659188534422,0.7517605633802817,0.7464968177727924,0.9175737478613822,0.013074532584989695,1.7682461142539978,4.983741998672485
114,3,0.16282004117965698,0.5446221298641629,0.7693661971830986,0.7642664996803175,0.7693661971830986,0.7630752356602526,0.92633987868317,-0.022747041408887947,1.7561504046122234,4.912603669696384
114,4,0.16375005741914114,0.5558814207712809,0.7482394366197183,0.7479403403882786,0.7482394366197183,0.7401079024064794,0.9171555001037606,0.02449190141069313,1.8345935146013896,5.314333862728542
115,1,0.16007230223880875,0.5479124519560072,0.7552816901408451,0.745520030176042,0.7552816901408451,0.7442678594087044,0.9128408949002629,-0.022982801941840547,1.8501178556018405,5.328752226299709
115,2,0.14843944501545694,0.5033446864949332,0.7746478873239436,0.7686068896917139,0.7746478873239436,0.7673954543092975,0.92606867563609,0.008862281577168507,1.7857545283105638,5.0571414364708795
115,3,0.15088874225815138,0.5276487204763625,0.7552816901408451,0.7537048360532346,0.7552816901408451,0.7492031765337567,0.9194395179146723,0.002966962108294835,1.755186312728458,4.900012307696873
115,4,0.1645719777378771,0.5550622310903337,0.7517605633802817,0.7552342062203824,0.7517605633802817,0.7471494480994814,0.9216823093647079,0.005412032678592804,1.8474852906333075,5.3682078917821245
116,1,0.1652008800043,0.5622100896305509,0.7517605633802817,0.7393865853721523,0.7517605633802817,0.7420517513757351,0.9087046366116354,-0.04233548936764708,1.844535768032074,5.297689239184062
116,2,0.14998633993996513,0.48501570522785187,0.7799295774647887,0.7745339548156449,0.7799295774647887,0.7717844117925323,0.9308207292380208,0.03819056415347766,1.7834873663054571,5.067505439122518
116,3,0.14957902166578504,0.512634245885743,0.7887323943661971,0.7756627101841416,0.7887323943661971,0.7767860278811816,0.9250633599050854,-0.052326031011404206,1.7606735560629103,4.931024392445882
116,4,0.15919115849667126,0.5427889029184977,0.7552816901408451,0.7491738162967916,0.7552816901408451,0.7482910626279599,0.9229536360457549,0.042788324100732966,1.8452596598201327,5.362806267208523
117,1,0.16553605099519095,0.5706069436338213,0.7535211267605634,0.7504963653942389,0.7535211267605634,0.7450409301801303,0.9125966615822612,-0.013496411984160739,1.8386993606885274,5.278253515561421
117,2,0.14172214973304006,0.45939723816182876,0.8045774647887324,0.8016943717242213,0.8045774647887324,0.7993313656598152,0.9325020926605654,0.018775348929444102,1.7815546062257555,5.024303767416212
117,3,0.1434046323928568,0.5057788756158617,0.7852112676056338,0.7806087252362076,0.7852112676056338,0.7760542571251247,0.932875807695068,-0.027109021803150002,1.7588368389341567,4.889430536164178
117,4,0.15023910709553295,0.48879652056429124,0.7940140845070423,0.7996646162764396,0.7940140845070423,0.7933419752395611,0.9387884188282035,0.030558513469786996,1.8392991291152105,5.34826139609019
118,1,0.15019075489706463,0.5074096322059631,0.795774647887324,0.7925750861853893,0.795774647887324,0.7878178339624757,0.9240483107708855,-0.01188734199678243,1.8300243152512445,5.245778984493679
118,2,0.15404167233241928,0.5198398298687406,0.7799295774647887,0.7736347964663705,0.7799295774647887,0.7748594365781545,0.922982432065561,-0.013178497956586321,1.7865147921774123,5.033888035350376
118,3,0.1755163570245107,0.6231743444999059,0.7447183098591549,0.7543335561450416,0.7447183098591549,0.7361218814467415,0.9065377241307376,0.03240338883331084,1.7474850482410855,4.867951989173889
118,4,0.1743624545633793,0.5767300426959991,0.7482394366197183,0.7462222251600472,0.7482394366197183,0.7390248737436911,0.9178693934663649,-0.04147578113470396,1.8453875713878207,5.390149672826131
119,1,0.15950068831443787,0.5535332991017236,0.75,0.7498104722295481,0.75,0.7446126186741974,0.9138038142554129,0.04028356348279449,1.8287768496407404,5.216807007789612
119,2,0.14802691050701672,0.4920299036635293,0.7799295774647887,0.7752224081982029,0.7799295774647887,0.7736542957205118,0.9216481500723512,-0.015254571317859789,1.7882772617869906,5.0065767367680865
119,3,0.1449270960357454,0.5050072421630224,0.7693661971830986,0.7632362635866746,0.7693661971830986,0.7631202802478086,0.9250891292010269,0.02010043690738883,1.7559532788064744,4.9193746778700085
119,4,0.1600947276585632,0.5324745120273696,0.7693661971830986,0.7708052120048305,0.7693661971830986,0.7638078138006519,0.9235505404764823,-0.01721681241928663,1.8391158978144329,5.358461896578471
120,1,0.14578975033428934,0.49541999565230477,0.795774647887324,0.7919900411135052,0.795774647887324,0.7841204092421686,0.9244907845926205,0.026108287884200942,1.8428527845276728,5.28598231739468
120,2,0.13704262715246943,0.46632153623633915,0.772887323943662,0.7645573300446503,0.772887323943662,0.7660388421068935,0.9281021534729799,-0.027580354201308666,1.7743365963300068,5.006154166327582
120,3,0.14549335878756312,0.5073185314734777,0.7658450704225352,0.7642934715644488,0.7658450704225352,0.7583252814531278,0.9302414506478923,0.01976897181824744,1.7546632554796007,4.898327747980754
120,4,0.17178874090313911,0.577206489112642,0.7640845070422535,0.7701450474003898,0.7640845070422535,0.7575106261187126,0.920564179720013,0.011955046340091258,1.8485776384671528,5.437101907200283
121,1,0.16087662966714966,0.5549669928020902,0.7535211267605634,0.7474654222237311,0.7535211267605634,0.747681122054762,0.9183954102846628,-0.03545493372865671,1.8293330603175693,5.221544477674696
121,2,0.13555486500263214,0.44472703172100914,0.7799295774647887,0.7746552875331433,0.7799295774647887,0.7740939306843171,0.9350673396038116,-0.017871026924305644,1.7705644567807515,4.983653518888685
121,3,0.15787170372075504,0.5572731561130948,0.7588028169014085,0.7574985792313012,0.7588028169014085,0.7542206524787164,0.9198832574439506,0.018828778322492412,1.7413659029536777,4.851952115694682
121,4,0.1542925193077988,0.5109963069359461,0.7764084507042254,0.7818079674969366,0.7764084507042254,0.7734249304953116,0.9311419123808259,-0.020673500543036516,1.8495403793123033,5.417590512169732
122,1,0.15887778542108005,0.5501100917657217,0.7535211267605634,0.7483962675899716,0.7535211267605634,0.7378485162174688,0.9151707127523163,0.0024946575985026476,1.8348002897368536,5.23858908812205
122,2,0.15072453849845463,0.5061111715104845,0.772887323943662,0.7730394897193864,0.772887323943662,0.7682351743482784,0.9267451943290607,0.0010639360985355006,1.7838087677955627,5.0680895116594105
122,3,0.14681870117783546,0.505251975523101,0.7746478873239436,0.7700899952061611,0.7746478873239436,0.7656477797790124,0.9257061778209918,0.03598097566550784,1.748863571219974,4.880469666586982
122,4,0.15245324828558499,0.5293666240241792,0.7535211267605634,0.7511884974710121,0.7535211267605634,0.7460737233316439,0.924544998006915,-0.006025170412120362,1.8373415138986375,5.305891195933024
123,1,0.14392197877168655,0.48704794049263,0.7640845070422535,0.7510114713540814,0.7640845070422535,0.7507129077828701,0.9244061006577569,-0.040904449244835384,1.8361146317587957,5.297375493579441
123,2,0.1424892068737083,0.45340551601515877,0.8028169014084507,0.7964725206712587,0.8028169014084507,0.7952771523298787,0.9407220492003943,0.02985255317619584,1.781369474199083,4.977479471100701
123,3,0.15055492975645596,0.521012051237954,0.7746478873239436,0.774931119413301,0.7746478873239436,0.7673426339390489,0.923847903063465,0.020016787004092818,1.760830561319987,4.976018044683668
123,4,0.1626854431298044,0.5410375263955858,0.7623239436619719,0.7632856746368576,0.7623239436619719,0.7600119621065051,0.9262361985345947,0.00017129937312510002,1.864566935433282,5.444830351405674
124,1,0.1728795518477758,0.5859074029657576,0.7676056338028169,0.7706443049244491,0.7676056338028169,0.7617442551198201,0.9158775659606808,-0.03188514453830549,1.8566595845752292,5.33424108558231
124,2,0.14387535345223215,0.4960843092865414,0.7658450704225352,0.7573463608417232,0.7658450704225352,0.7559293977378619,0.9232742598656046,0.04161363134101581,1.7786189847522311,4.967505693435669
124,3,0.1580683630373743,0.5503126184145609,0.7658450704225352,0.76147874566238,0.7658450704225352,0.7612258923147533,0.9182861181159361,-0.005830331899169483,1.754755397637685,4.90691504213545
124,4,0.15723749995231628,0.5059563633468416,0.7693661971830986,0.7712197372878242,0.7693661971830986,0.7634480689725617,0.9283413290111826,0.0034773735016558893,1.8402509821785822,5.306358244684008
125,1,0.15580780597196686,0.5130289701951875,0.7711267605633803,0.7675425730044059,0.7711267605633803,0.7574833007894893,0.9254350693382413,0.014855352926195997,1.8395086725552876,5.228336148791843
125,2,0.1605007184876336,0.5545843525065316,0.7552816901408451,0.7495246389034147,0.7552816901408451,0.7472712979501916,0.9140247023084115,0.028500757651005793,1.776005122396681,4.992223660151164
125,3,0.16292196388045946,0.598310735490587,0.7394366197183099,0.7328596306235349,0.7394366197183099,0.729737413973238,0.9069124247217563,0.026575739997040215,1.741403387652503,4.853654397858514
125,4,0.1511358954012394,0.492947099937333,0.7922535211267606,0.7907250463352802,0.7922535211267606,0.7819861649389024,0.9329228157919172,-0.042186777473576687,1.8324716687202454,5.328612857394749
126,1,0.15268754296832615,0.5267252723375956,0.7852112676056338,0.783036512537133,0.7852112676056338,0.7811320268974087,0.921953816301267,0.02763262454992943,1.842153979672326,5.2892394463221235
126,2,0.1632602218952444,0.5526253481705984,0.7623239436619719,0.7616424920218147,0.7623239436619719,0.7564653163914975,0.9218196876667055,-0.03709267632977986,1.775194591946072,5.016139639748467
126,3,0.15642434358596802,0.5729086216953065,0.7447183098591549,0.741720022073725,0.7447183098591549,0.7416114623752489,0.9196675141800137,0.05775431659052588,1.7519489261839125,4.884473297331068
126,4,0.16033260648449263,0.5278540237082375,0.778169014084507,0.7694600068253842,0.778169014084507,0.768816890647371,0.9289178226331833,-0.02413407786702826,1.8261493576897516,5.350751188066271
127,1,0.17037161108520296,0.585438514749209,0.7623239436619719,0.7517615209219624,0.7623239436619719,0.7532446814238791,0.9089885452748023,-0.01876300214706239,1.8449977702564664,5.266801834106445
127,2,0.1501316304008166,0.5125274260838827,0.772887323943662,0.7655298601956567,0.772887323943662,0.7604043266406281,0.9253101108561365,0.05456698653996861,1.7728477517763774,4.986112144258287
127,3,0.1410791062646442,0.49926794071992237,0.7570422535211268,0.7592024166130272,0.7570422535211268,0.7490727850720069,0.9247495701487443,-0.022106018212711298,1.7548812495337591,4.926943553818597
127,4,0.15370185756021076,0.5118429975377189,0.7588028169014085,0.765674253574779,0.7588028169014085,0.7577812832383007,0.9312111864439765,-0.0003571628414853478,1.8430855141745672,5.351919253667195
128,1,0.15850187672509086,0.543909932176272,0.7640845070422535,0.7585655639728368,0.7640845070422535,0.7531753898343372,0.9176202314495112,-0.006628408962226162,1.8492054276996188,5.303140799204509
128,2,0.14240848355823094,0.4880228117108345,0.7887323943661971,0.782896221797723,0.7887323943661971,0.7814806048109092,0.9334200226050958,0.0447042828322205,1.771938939889272,4.9814748366673784
128,3,0.1408740190996064,0.5022848496834437,0.7588028169014085,0.7571885387337411,0.7588028169014085,0.7526457630090329,0.9267617980492382,-0.010594224309922629,1.7483137249946594,4.848734193378025
128,4,0.1533391632967525,0.5150667859448327,0.7482394366197183,0.7442583198099126,0.7482394366197183,0.7328733439829312,0.927257078661365,0.018374681013773264,1.8377266658676996,5.338900287946065
129,1,0.14798819149533907,0.49701009690761566,0.778169014084507,0.7747815699663195,0.778169014084507,0.7740636346957144,0.9327953350619769,0.003049771028660553,1.8328887224197388,5.225776698854235
129,2,0.15662018002735245,0.5328692222634951,0.7869718309859155,0.7852234623895921,0.7869718309859155,0.7819250875522086,0.922314930067136,-0.00021856429164635038,1.775926457511054,5.0134204096264305
129,3,0.15229599798719087,0.5373113022910224,0.7570422535211268,0.7508567198501651,0.7570422535211268,0.7462417286789812,0.9205781654256142,-0.01598134268593432,1.763368997308943,4.933827373716566
129,4,0.16622006272276243,0.5523049334685007,0.7517605633802817,0.7554699325740873,0.7517605633802817,0.7446558632042144,0.9196421393427373,-0.008394631336407166,1.853086484803094,5.450027015474108
130,1,0.15825132694509295,0.5288217729992337,0.7640845070422535,0.7646436601600682,0.7640845070422535,0.7581948669336052,0.9258579602457278,-0.002520841029198584,1.8504062692324321,5.296546406216091
130,2,0.1493879755338033,0.5013077308734258,0.7693661971830986,0.761677296758128,0.7693661971830986,0.7603255741186228,0.923859848954692,-0.04563622871084716,1.7745382719569736,5.001228915320502
130,3,0.14355738999115097,0.5129550298055013,0.7640845070422535,0.7599231710877106,0.7640845070422535,0.7591011499576481,0.9192736372366614,0.05956822890536373,1.7570938732888963,4.898056917720371
130,4,0.15279541288812956,0.5218579073747,0.7588028169014085,0.7651510059948549,0.7588028169014085,0.7500637366512674,0.9294570463923271,-0.044153176188824084,1.8411747813224792,5.376410563786824
131,1,0.1694470304581854,0.5717585136493047,0.7359154929577465,0.7296461510177819,0.7359154929577465,0.7298063318114905,0.9110790835060011,0.03952970447797932,1.8293805850876703,5.207257813877529
131,2,0.17179770312375492,0.5786578738027148,0.7658450704225352,0.7672317103071508,0.7658450704225352,0.7586806293960083,0.9190099658396249,0.007489861946968879,1.767722851700253,4.951352702246772
131,3,0.16778849686185518,0.5885551389720705,0.7676056338028169,0.7593336561900156,0.7676056338028169,0.7587339087751332,0.9160997235367079,0.004406279014367076,1.7487507926093206,4.910030855072869
131,4,0.1481882884270615,0.473177679710918,0.7869718309859155,0.7924257470129211,0.7869718309859155,0.7834595543627396,0.9417073277740104,-0.011321314379958647,1.8414154118961759,5.381879806518555
132,1,0.1622716569238239,0.5673660006788042,0.7517605633802817,0.7467203706491686,0.7517605633802817,0.7429446696872329,0.9161116986008107,-0.013848426387045532,1.8524650401539273,5.332574248313904
132,2,0.1441881520052751,0.47941967513826156,0.7887323943661971,0.7926247556959309,0.7887323943661971,0.7819833579338688,0.9342385232373452,-0.0005447620649665641,1.7845474282900493,4.997340122858684
132,3,0.1482449455393685,0.5446026027202606,0.7693661971830986,0.7607015347759412,0.7693661971830986,0.7619784718753081,0.9212814597855896,-0.005687509512068756,1.7558534807629056,4.917165080706279
132,4,0.15155590077241263,0.5051320037908025,0.7640845070422535,0.7769910579482772,0.7640845070422535,0.7619930318776005,0.9306635067866951,0.00850791763648251,1.8153876264890034,5.245060827996996
133,1,0.1495366199976868,0.533822312951088,0.7658450704225352,0.7644448144425904,0.7658450704225352,0.7540307828246249,0.9169476655424739,-0.02440232544533072,1.8502721521589491,5.344242334365845
133,2,0.14025191134876674,0.48796526425414616,0.7799295774647887,0.7792049748420659,0.7799295774647887,0.7730550836912872,0.9282564266567949,0.0327576531212993,1.7660922871695623,4.953985121515062
133,3,0.1430053665406174,0.46899114300807315,0.7852112676056338,0.7825480390433215,0.7852112676056338,0.7808021334513361,0.9334518260750824,0.003316458329420402,1.744525048467848,4.8960804674360485
133,4,0.14660028864940008,0.5081444912486606,0.75,0.7503636191451944,0.75,0.7398423506091858,0.9240522629120913,-0.007349290062817815,1.8347595665189955,5.342865281634861
134,1,0.147067967388365,0.49921413759390515,0.7764084507042254,0.7827343564413607,0.7764084507042254,0.7648385903923265,0.9247505065291582,0.033380846565449374,1.8427752984894648,5.271425432629055
134,2,0.12507267917195955,0.4243936174445682,0.8080985915492958,0.8102391495157684,0.8080985915492958,0.8031722252124269,0.939706446378167,0.014651775699222602,1.7666071785820856,4.910108009974162
134,3,0.1351405998898877,0.49185299542215133,0.7693661971830986,0.7697458926438407,0.7693661971830986,0.7609396882769154,0.9284935398487268,0.030559095663923785,1.7483601106537714,4.902736001544529
134,4,0.16966671703590286,0.5475838465823067,0.7711267605633803,0.7731210950945664,0.7711267605633803,0.7631850408647974,0.924958393407901,-0.011167326322386595,1.8356770541932848,5.336716161833869
135,1,0.15281707876258427,0.5357502897580465,0.7623239436619719,0.7576833866446543,0.7623239436619719,0.7572698230204333,0.919837979113019,0.018935733860709347,1.8324309918615553,5.202760510974461
135,2,0.15224904442826906,0.5510357171297073,0.7764084507042254,0.7722041939096457,0.7764084507042254,0.7695647027140259,0.9165456005707141,-0.011932078666429202,1.7684734463691711,4.934528019693163
135,3,0.1338431913819578,0.47351788894997704,0.7535211267605634,0.7459557671353447,0.7535211267605634,0.7485065643084938,0.9275872510250316,-0.0007727437385680602,1.7526330086919997,4.901856435669793
135,4,0.16005659931235844,0.5374779949585596,0.7693661971830986,0.7732139014704177,0.7693661971830986,0.7616488543613436,0.930085948591679,0.04202565280485793,1.829198996225993,5.2966821855968895
136,1,0.14987141721778446,0.5066103123956256,0.7693661971830986,0.7762180072398881,0.7693661971830986,0.7610594330347383,0.9254350262169414,-0.04535844084799012,1.8506889674398634,5.288953145345052
136,2,0.13302130790220368,0.44237127403418225,0.772887323943662,0.76378776101379,0.772887323943662,0.7656312362769642,0.9372876479318979,-0.01134108162461911,1.778897848394182,4.993437581592136
136,3,0.14913080425726044,0.5225790871514214,0.7764084507042254,0.787614347614474,0.7764084507042254,0.7744433058797018,0.9195229996781393,0.04830133733610997,1.7277216050359938,4.793613645765516
136,4,0.17127039200729793,0.5838305817710029,0.7570422535211268,0.7540764599021457,0.7570422535211268,0.7527503431137903,0.9171060581445087,-0.021054963408923433,1.826381630367703,5.274184584617615
137,1,0.16079221003585392,0.5374700625737509,0.7693661971830986,0.7645473680241812,0.7693661971830986,0.7615933935197977,0.9184676739439648,0.02482436001373256,1.8538410398695204,5.337398727734883
137,2,0.16191013364328277,0.5311129258738624,0.7676056338028169,0.7544989132430496,0.7676056338028169,0.7564001377524947,0.9273283073752119,-0.030262983060538984,1.7901624772283766,5.049038887023926
137,3,0.14877621291412246,0.5132181925906075,0.7588028169014085,0.761408661664979,0.7588028169014085,0.7536726854634299,0.9221259804575238,-0.009533900652756389,1.7539396617147658,4.884859323501587
137,4,0.1440012724035316,0.46617566959725487,0.772887323943662,0.7715264820187767,0.772887323943662,0.761776457485816,0.9347327321971787,0.01844819271809517,1.8294924696286519,5.313044839435154
138,1,0.14622840078340638,0.5069895419809554,0.7552816901408451,0.7477098421385383,0.7552816901408451,0.7471475009521356,0.9185455103864568,-0.03381546753627185,1.8482583959897358,5.313433037863837
138,2,0.14619246373573938,0.5027955571810404,0.772887323943662,0.7759687521775676,0.772887323943662,0.7694950292764636,0.9274965103814754,0.022081006111459578,1.77204825480779,4.979863312509325
138,3,0.1417587846517563,0.4963044474522273,0.7552816901408451,0.7501256757690462,0.7552816901408451,0.7501503867531946,0.9224333899907551,0.01709047327758839,1.7534620298279657,4.915677454736498
138,4,0.1433791211909718,0.4745810909403695,0.7764084507042254,0.7746062714705273,0.7764084507042254,0.7694397826398565,0.9334910409877516,-0.008448217028953486,1.8331994281874762,5.369916478792827
139,1,0.14051182443896928,0.4879379885064231,0.7922535211267606,0.7872611253969375,0.7922535211267606,0.7826797284625805,0.9272287827895667,0.040564003563710926,1.8368925319777594,5.252073301209344
139,2,0.14254410192370415,0.505107613073455,0.7658450704225352,0.7655166640142171,0.7658450704225352,0.7609649626460168,0.9260953320249857,-0.029067256353947357,1.7640965779622395,4.976013607449001
139,3,0.13193454965949059,0.4831898642910851,0.7816901408450704,0.7778783726836624,0.7816901408450704,0.7751851537297964,0.9264138078955775,0.04181377790147944,1.73900306224823,4.825088898340861
139,4,0.14121413023935425,0.48392773502402836,0.7799295774647887,0.7721098762994552,0.7799295774647887,0.7673086622376131,0.9327251449522229,-0.006578681401418596,1.845199896229638,5.3501881625917225
140,1,0.144980418185393,0.4972477008899053,0.7816901408450704,0.7786173624075593,0.7816901408450704,0.7769102116874309,0.9244826340459908,0.019774324710344127,1.8325760629442003,5.240901324484083
140,2,0.14023597745431793,0.47303885718186695,0.7799295774647887,0.7806696965425444,0.7799295774647887,0.7706663016141854,0.9348849000678313,0.008880421471107236,1.7684161398145888,4.987957676251729
140,3,0.16406370740797785,0.604309463666545,0.7693661971830986,0.7577614379084967,0.7693661971830986,0.7603738448556724,0.9162869747377373,-0.02404873189539436,1.7533548540539212,4.920485258102417
140,4,0.15501027016176117,0.5186412218544219,0.778169014084507,0.7709884940958884,0.778169014084507,0.7690062103842419,0.931771133691201,0.06751005609580818,1.8360930747456021,5.355990793969896
141,1,0.15000566674603355,0.5038576092984941,0.7535211267605634,0.7424650008085403,0.7535211267605634,0.7458107774936648,0.9267514812274109,-0.022527959988974278,1.8340476618872747,5.233807285626729
141,2,0.13996717582146326,0.45973022613260484,0.795774647887324,0.8043830025608193,0.795774647887324,0.7896906019970544,0.9338086445180785,-0.00807873915681867,1.7805901103549533,5.033950302335951
141,3,0.13298369819919267,0.4626840915944841,0.795774647887324,0.7974597069420627,0.795774647887324,0.7891884919361977,0.9404282571498453,0.03324624043861879,1.7405647569232516,4.837772356139289
141,4,0.14428896167212063,0.45491305490334827,0.795774647887324,0.8004400762924972,0.795774647887324,0.7880620084005029,0.9425124207632734,0.0013034965405598342,1.8417420387268066,5.353497942288716
142,1,0.14906527722875276,0.5328295860025618,0.7623239436619719,0.7566400527207424,0.7623239436619719,0.755978068911515,0.9170708380961416,0.014414196095519749,1.8364007075627644,5.246763825416565
142,2,0.13511700928211212,0.4773990760246913,0.7711267605633803,0.7731493932121274,0.7711267605633803,0.7656429036704091,0.9291270335726414,-0.006196432375899175,1.78179935614268,5.001084195242988
142,3,0.13067728446589577,0.45699671076403725,0.8028169014084507,0.8042978495586135,0.8028169014084507,0.7951160891221236,0.935657611920494,-0.0018600267762796108,1.7570644153489008,4.91850647661421
142,4,0.15578119912081295,0.5237109180953767,0.7799295774647887,0.7801611973460074,0.7799295774647887,0.772959351372711,0.9282972625173709,0.018389416406390025,1.825406140751309,5.288753562503391
143,1,0.1406708856423696,0.4930509428183238,0.7711267605633803,0.7635653257698438,0.7711267605633803,0.7623850384811313,0.929031143474437,0.003718044977355728,1.8428504798147414,5.281566076808506
143,2,0.13616186794307497,0.46582717034551835,0.7887323943661971,0.7918716744913928,0.7887323943661971,0.7848499230300412,0.936835380155999,-0.0246132941136763,1.7861088381873236,5.063764320479499
143,3,0.1271928780608707,0.4462670385837555,0.7816901408450704,0.7747720780321136,0.7816901408450704,0.7750858373802098,0.9371574720503669,0.01740349147280651,1.7548116710450914,4.887743684980604
143,4,0.1546040740278032,0.5272993428839577,0.7746478873239436,0.7658303220625771,0.7746478873239436,0.7644816916341969,0.9341198007044482,-0.006124395236889901,1.8369014263153076,5.3786739110946655
144,1,0.14756478741765022,0.5118172532982297,0.7588028169014085,0.7566261687218108,0.7588028169014085,0.7491401118562852,0.92715293053668,-0.01338564886200766,1.8359379834598966,5.25545416937934
144,2,0.14456185532940757,0.4800729776422183,0.7834507042253521,0.7765115700213395,0.7834507042253521,0.7761329509998706,0.9376776073851711,0.008793810009272707,1.7689919802877638,4.925771024492052
144,3,0.14536576635307735,0.530774847500854,0.7711267605633803,0.7704358720101605,0.7711267605633803,0.7688837276792226,0.9270533781756966,0.031249592463935882,1.7455549902386136,4.817188382148743
144,4,0.14784009175168145,0.4588834411568112,0.7940140845070423,0.8027905534341238,0.7940140845070423,0.7885855207726225,0.9444572085442183,0.0031742697625832816,1.8398947517077129,5.339791337649028
145,1,0.14292691896359125,0.4843679633405473,0.801056338028169,0.8009350694232402,0.801056338028169,0.7939013797407338,0.9287148144625479,-0.020929468225129533,1.845374219947391,5.321458286709255
145,2,0.13010944219099152,0.4523814767599106,0.8186619718309859,0.8192786608075429,0.8186619718309859,0.8122409279132111,0.9346368976653046,0.03146948050274334,1.7786352965566847,4.9812297158771095
145,3,0.12954315212037829,0.45193399406141704,0.778169014084507,0.7775104914948245,0.778169014084507,0.7710288163844808,0.936326164769316,-0.03330165645549532,1.764040794637468,4.960406462351481
145,4,0.1523626260459423,0.5163485358158747,0.7588028169014085,0.7603811784735561,0.7588028169014085,0.7513694436864605,0.9337562882483429,0.029999276029033406,1.833937148253123,5.361122793621487
146,1,0.1525606314341227,0.5315840716163317,0.7640845070422535,0.7586757102111173,0.7640845070422535,0.756941101970646,0.9216653380753829,0.0014240681610082628,1.8376530938678317,5.276573989126417
146,2,0.15018712687823507,0.491025115052859,0.772887323943662,0.7721197439371154,0.772887323943662,0.7643555251731671,0.9329421344654023,-0.004206965607463031,1.7684757444593642,4.959518313407898
146,3,0.15426551095313495,0.5223670883311166,0.7640845070422535,0.7573520409090588,0.7640845070422535,0.7572915002616751,0.9303704361883305,0.03755081525728854,1.7553947038120694,4.911704434288873
146,4,0.15077466890215874,0.512259089284473,0.7764084507042254,0.7725452170855317,0.7764084507042254,0.7694037266141431,0.9304188638267245,-0.030457847956026685,1.8270617193645902,5.306417412228054
147,1,0.1486838141249286,0.5104271835751004,0.7711267605633803,0.7828312283151774,0.7711267605633803,0.7668286694104555,0.9224059680687199,-0.0002649600241599881,1.8377815816137526,5.294118351406521
147,2,0.14218398183584213,0.47646068698830074,0.795774647887324,0.7916119227046545,0.795774647887324,0.7873908705723122,0.937786511297228,0.016207649902449717,1.7785351011488173,5.002053432994419
147,3,0.15334242002831566,0.5494522435797585,0.7570422535211268,0.7484070785532049,0.7570422535211268,0.7496303177053834,0.9278146784488593,0.009557632767457469,1.7335208190812006,4.803908281856113
147,4,0.14116542951928246,0.4582914345794254,0.7887323943661971,0.7843068318447268,0.7887323943661971,0.7793145217606171,0.9368592020751088,0.018749160426488887,1.823677162329356,5.280957327948676
148,1,0.13637447895275223,0.46690452595551807,0.778169014084507,0.7805513926829731,0.778169014084507,0.7725313336397787,0.9294362848632406,0.02716345094248729,1.837473902437422,5.281209084722731
148,2,0.13301906113823256,0.4344741685522927,0.8063380281690141,0.8038954696562753,0.8063380281690141,0.7957608299400165,0.9419721473896221,-0.01496419615392064,1.7827992472383711,5.0517624616622925
148,3,0.12937443579236665,0.48398979753255844,0.7711267605633803,0.7656573047098015,0.7711267605633803,0.765878707202565,0.9308447730787861,0.007544449329062397,1.7598039507865906,4.914756801393297
148,4,0.1406570966872904,0.4726589156521691,0.7887323943661971,0.7945798662898134,0.7887323943661971,0.7822245237991863,0.9361631283374736,0.03403742333257931,1.8304814298947651,5.312672787242466
149,1,0.1402504233022531,0.48085220323668587,0.7676056338028169,0.757432711006491,0.7676056338028169,0.7589383314708492,0.9278534965855995,0.006843213742926513,1.8335774143536885,5.207795288827684
149,2,0.14481042159928215,0.47584543956650627,0.801056338028169,0.7949498620780988,0.801056338028169,0.7941448788907054,0.9328511908265402,0.030145739807132088,1.7761807044347127,4.986747172143724
149,3,0.1419138726260927,0.48525117503272164,0.7869718309859155,0.7904020417030497,0.7869718309859155,0.7790536685456718,0.9322595135910516,0.010419461021853982,1.7487203147676256,4.863194240464105
149,4,0.14129119573367965,0.47622906747791505,0.7746478873239436,0.7783613011583915,0.7746478873239436,0.771468937871646,0.9328791051799159,0.006386878672740459,1.836711002720727,5.3631667958365545
150,1,0.13544760810004342,0.45302453968260026,0.7570422535211268,0.7518120291492669,0.7570422535211268,0.7508156127718454,0.9368792411713576,-0.015327020556879178,1.83397466606564,5.245877385139465
150,2,0.1323420392970244,0.4584377300408151,0.7922535211267606,0.7897849926355519,0.7922535211267606,0.7864602722706833,0.934038731995582,-0.009167041108485208,1.780697418583764,5.039454327689277
150,3,0.1272424418065283,0.46066511008474564,0.7852112676056338,0.7801408835046769,0.7852112676056338,0.7791946889063607,0.9355897236113767,0.029327285553385263,1.7579796645376418,4.92440484629737
150,4,0.1289651087588734,0.408829261859258,0.8133802816901409,0.816507150704482,0.8133802816901409,0.8070235505397114,0.9497565651314401,-0.049363385401268056,1.8471464316050212,5.371209939320882
