epoch,fold,total_loss,cross_entropy_loss,accuracy,precision,recall,f1_score,auc,r2_score,mae_loss,mse_loss
1,1,1.6073748999171786,1.2990054223272536,0.33274647887323944,0.2616686228482003,0.33274647887323944,0.29022977562658375,0.49754432809165466,-14.118139745572964,8.491093582577175,78.77300537957086
1,2,0.8211682902442085,1.255038579305013,0.3873239436619718,0.27477478551938933,0.3873239436619718,0.3068742985409652,0.5175175556974752,-4.488930646113901,4.62029586897956,27.3547977871365
1,3,0.5067524231142468,1.2951622671551175,0.36971830985915494,0.2578888973622667,0.36971830985915494,0.2920414504246673,0.5284771162759405,-0.2770143446604729,2.0509814023971558,6.611410882737902
1,4,0.4798502309454812,1.2554277578989665,0.4154929577464789,0.31541227830362045,0.4154929577464789,0.35202234533964344,0.5642750168057706,-0.054885548373377224,1.9033652279112074,5.772403955459595
2,1,0.466852808992068,1.2239547206295862,0.4454225352112676,0.32683601609657953,0.4454225352112676,0.3764734440743796,0.58960818933816,-0.013626289771434985,1.864841255876753,5.40275059805976
2,2,0.4708867056502236,1.2522161338064406,0.40669014084507044,0.31735805221315,0.40669014084507044,0.34469751559976025,0.567891006248709,-0.006977421411853202,1.7977007495032415,5.076192749871148
2,3,0.46187038057380253,1.2705621653132968,0.41725352112676056,0.2983128602583388,0.41725352112676056,0.3478914474857018,0.5787455866962685,-0.046386328130588295,1.7837146321932476,5.050420204798381
2,4,0.4570204085773892,1.223800583018197,0.44014084507042256,0.359857783413229,0.44014084507042256,0.3758964416800359,0.5964969298260883,-0.06303010935185283,1.8757208916876051,5.523903144730462
3,1,0.44093691143724656,1.1991946233643427,0.4859154929577465,0.3707775432244061,0.4859154929577465,0.41762832514936016,0.6240473124121786,-0.055940601525184874,1.8697119620111253,5.436009711689419
3,2,0.4485979162984424,1.2336086630821228,0.44366197183098594,0.34677150425832465,0.44366197183098594,0.3767463025630324,0.5859756800461764,-0.025248297726904623,1.8276901377571955,5.228002773390876
3,3,0.44447799854808384,1.2486313846376207,0.4612676056338028,0.34176989405407315,0.4612676056338028,0.38531145830397706,0.5730621333911983,-0.053351968937833893,1.7724295920795865,4.98418296708001
3,4,0.4392667015393575,1.2061213652292888,0.477112676056338,0.4363266658272324,0.477112676056338,0.41402337636932707,0.6390330310807104,-0.08337648860961644,1.8731132282151117,5.549644708633423
4,1,0.4284343537357118,1.1890656252702076,0.4876760563380282,0.38579584903788927,0.4876760563380282,0.4176087019710558,0.6278036081555867,-0.024857417816911198,1.895503494474623,5.533263683319092
4,2,0.4419160369369719,1.2182681891653273,0.49471830985915494,0.575639950816007,0.49471830985915494,0.42254513062829097,0.6337625578731124,-0.05310190195835651,1.816672099961175,5.200407240125868
4,3,0.41680361164940727,1.1809098058276706,0.5052816901408451,0.43436462704474615,0.5052816901408451,0.4310136571805844,0.6454924734970194,-0.04153827973266866,1.7862750358051724,5.059131781260173
4,4,0.43339555462201435,1.2527060608069103,0.48063380281690143,0.44709122235957255,0.48063380281690143,0.4155568664267425,0.6471739702570246,-0.0558513900020996,1.8812665475739374,5.554581032858954
5,1,0.4231538905037774,1.184587362739775,0.49471830985915494,0.3972720609847154,0.49471830985915494,0.42697370686068575,0.6660099330853938,-0.023278243019595912,1.8664506673812866,5.404809130562676
5,2,0.42795971698231167,1.2212999529308743,0.5052816901408451,0.3857125182242553,0.5052816901408451,0.43117157659942706,0.647311404466526,-0.08272013034901837,1.8181697991159227,5.196501122580634
5,3,0.4076576862070296,1.1626625888877444,0.4964788732394366,0.42490757285739145,0.4964788732394366,0.4308862834660279,0.6846446399417232,-0.015732695719123058,1.7853276928265889,5.022001544634501
5,4,0.4179694304863612,1.2182194921705458,0.4964788732394366,0.4187853875185741,0.4964788732394366,0.4309234554322739,0.6851566601994172,-0.01465168749092216,1.8561339245902166,5.423653589354621
6,1,0.3956925355725818,1.1506625811258953,0.5387323943661971,0.4921159874002218,0.5387323943661971,0.4800286747927316,0.6931632695739778,-0.03247375019232357,1.8657558626598783,5.406020641326904
6,2,0.41139595707257587,1.1980961196952395,0.5176056338028169,0.47840761675315047,0.5176056338028169,0.4479752119890099,0.684296010971859,-0.021500710863713968,1.8042590419451396,5.153023958206177
6,3,0.4074608054425981,1.1994493338796828,0.5,0.4434222935754644,0.5,0.4506981351231785,0.6872058620240007,-0.07501271332342152,1.7877714965078566,5.058489508099026
6,4,0.40562770764033,1.1975981858041551,0.5264084507042254,0.45782115563563336,0.5264084507042254,0.4597193151890936,0.7130862945516871,-0.028514724608568853,1.8648366398281522,5.478407277001275
7,1,0.3897501147455639,1.1407537294758692,0.5545774647887324,0.49793944439458654,0.5545774647887324,0.49775526851899876,0.6994181623774911,-0.02774314599007921,1.880521708064609,5.454319357872009
7,2,0.384162821703487,1.136899666653739,0.5598591549295775,0.5002297509396555,0.5598591549295775,0.5054306221427266,0.7165570783242194,-0.06238970435424385,1.8043384949366252,5.146327508820428
7,3,0.392239092124833,1.199128184053633,0.5211267605633803,0.4314297868551019,0.5211267605633803,0.4440732645298454,0.6937114032362214,-0.04002420776834259,1.7991970115237765,5.133197122149998
7,4,0.3904867404037052,1.1525806188583374,0.522887323943662,0.4486405565545114,0.522887323943662,0.4657790951902385,0.7245459003339821,-0.0378375755928857,1.8706459336810641,5.492123564084371
8,1,0.3807711899280548,1.1370162400934432,0.5440140845070423,0.46509139471736105,0.5440140845070423,0.47851665784682235,0.7243954415488547,-0.06184157612195551,1.8815157678392198,5.511391878128052
8,2,0.3703795025746028,1.1017242438263364,0.5528169014084507,0.4985986187394638,0.5528169014084507,0.5113819704696257,0.7130271337793965,0.00406623145509577,1.8162664042578802,5.194721208678351
8,3,0.37710583209991455,1.147389014561971,0.5352112676056338,0.4797863481370114,0.5352112676056338,0.47152849372397737,0.7166377745062887,-0.040872256662196405,1.7915835049417284,5.070534997516209
8,4,0.3661691943804423,1.0705958306789398,0.573943661971831,0.5371718729364604,0.573943661971831,0.5286361327043564,0.7666208229767791,-0.024381129309231087,1.8590825729899936,5.443144811524285
9,1,0.36497110956245,1.0691229634814792,0.5545774647887324,0.4805312453415431,0.5545774647887324,0.49534495013697377,0.7511958786503421,-0.09486521554491789,1.8690264489915636,5.418335384792751
9,2,0.36177576581637066,1.1070978211032019,0.5827464788732394,0.5413958018843971,0.5827464788732394,0.5411236497733741,0.7586920789861532,-0.022004747222890142,1.8032101856337652,5.128574755456713
9,3,0.34656673504246605,1.0785651339424982,0.573943661971831,0.5217653811388678,0.573943661971831,0.5368338718562579,0.7593948500161214,-0.02731797906711897,1.7842350867059495,5.0142870214250355
9,4,0.37751774655448067,1.139045513338513,0.5369718309859155,0.46995293903299373,0.5369718309859155,0.48789328482251804,0.7377256797158549,-0.04478709614112608,1.8683261142836676,5.502488507164849
10,1,0.34340910613536835,1.0389601555135515,0.5862676056338029,0.5241656816529885,0.5862676056338029,0.5427109996701458,0.7732645501913095,-0.005574231208256952,1.8694795436329312,5.409698062472874
10,2,0.36400700443320805,1.103677339024014,0.5440140845070423,0.4943508608446607,0.5440140845070423,0.5113866600256729,0.7497769303829984,-0.06311452788774452,1.8303844067785475,5.232682161860996
10,3,0.3494664960437351,1.0443608926402197,0.5545774647887324,0.4926453672280352,0.5545774647887324,0.5140142528437847,0.7650601813313401,-0.033089393533761946,1.785749826166365,5.036547700564067
10,4,0.33890145685937667,1.0155587527487013,0.6003521126760564,0.5447489161013158,0.6003521126760564,0.5516083398882936,0.7844191461463572,-0.02567807084495155,1.870733340581258,5.486156794759962
11,1,0.36878843274381423,1.1413386397891574,0.5563380281690141,0.5143564050928731,0.5563380281690141,0.5297775795179337,0.746524208943308,-0.03410773388231747,1.8715798457463582,5.420487695270115
11,2,0.3384911749098036,1.0097321603033278,0.5862676056338029,0.52788861546016,0.5862676056338029,0.5496101959553163,0.7698167089180559,-0.029733812504687318,1.7953376438882616,5.094146039750841
11,3,0.3415028204520543,1.0575058791372511,0.5651408450704225,0.5098541420613796,0.5651408450704225,0.5179017606463107,0.7582895551016254,-0.04325482064092245,1.7962637344996135,5.087574362754822
11,4,0.34223900569809806,1.015688909424676,0.5827464788732394,0.5388848778948199,0.5827464788732394,0.5519211408257689,0.7938026008114396,-0.027132256666455135,1.8774129019843206,5.523537317911784
12,1,0.3392053097486496,1.0606663790014055,0.5563380281690141,0.5066327681638019,0.5563380281690141,0.5254810282913146,0.7669025367560998,-0.05471473500935442,1.8701061937544081,5.398929370774163
12,2,0.34514185620678794,1.0374835862053766,0.573943661971831,0.5294152169553346,0.573943661971831,0.5417320668458773,0.7622075983258831,-0.03651287082726373,1.8178342117203607,5.194332957267761
12,3,0.3051873909102546,0.9422355194886526,0.6179577464788732,0.5712344435978499,0.6179577464788732,0.5779744255003706,0.7991777498588881,-0.0022109277563733265,1.7748111685117085,4.993885795275371
12,4,0.3375401844580968,1.0692256755299039,0.5774647887323944,0.5405000935674199,0.5774647887323944,0.5495975455730415,0.7816694533516998,-0.05073327707750219,1.8730689220958285,5.526073270373875
13,1,0.3211386352777481,1.001734776629342,0.5915492957746479,0.5406344320486167,0.5915492957746479,0.5631718730050373,0.7911984543202419,-0.03400155955122397,1.870149850845337,5.422945857048035
13,2,0.3088558663924535,0.9139058689276377,0.602112676056338,0.5571547253824221,0.602112676056338,0.5697533950712318,0.7988039257860813,-0.02372012449290284,1.8084410958819919,5.135163015789455
13,3,0.30759333488014007,0.9910820755693648,0.6056338028169014,0.5662700029417033,0.6056338028169014,0.5714022595246393,0.7933111395815422,-0.050156960529783134,1.7922200891706679,5.0722594658533735
13,4,0.34504736711581546,1.079626954264111,0.5827464788732394,0.5426651234928954,0.5827464788732394,0.5521692501192553,0.7894535689848812,-0.03247566246891198,1.8739389247364469,5.517921553717719
14,1,0.34541311694516075,1.0948363310760922,0.5545774647887324,0.5005829082464366,0.5545774647887324,0.5234650748575714,0.7687167330597173,-0.010468661600744111,1.8588352865642972,5.362852003839281
14,2,0.3164490643474791,0.9440080059899224,0.5985915492957746,0.5632345241036865,0.5985915492957746,0.5701322354966959,0.8003749581084656,-0.04949325166760343,1.8086044987042744,5.153068608707851
14,3,0.30866918795638615,0.9781743884086609,0.5845070422535211,0.5347198415121618,0.5845070422535211,0.555691291179123,0.8003517943624495,-0.0629691965555903,1.776511503590478,5.023936086230808
14,4,0.3074076573053996,0.9847264157401191,0.6232394366197183,0.5639893256890799,0.6232394366197183,0.5771191095598619,0.8094386004727361,-0.022437387452355573,1.8615136477682326,5.47701178656684
15,1,0.3130287958516015,0.9755876428551145,0.5933098591549296,0.5610355564627302,0.5933098591549296,0.576243687070219,0.7999725770130467,-0.02810580097743598,1.86474613348643,5.391335990693834
15,2,0.32685935331715477,1.024056077003479,0.6197183098591549,0.5707139105026429,0.6197183098591549,0.5861049873531241,0.7873240053796735,-0.07351913226027573,1.8201201889250014,5.235911581251356
15,3,0.31355050371752846,0.9916006326675415,0.5880281690140845,0.5466765958026922,0.5880281690140845,0.5523352892978372,0.7889948798014274,-0.01422333661606312,1.7910189893510606,5.072809020678203
15,4,0.30500057505236733,0.9757994711399078,0.6161971830985915,0.5769705059927723,0.6161971830985915,0.5902593674100413,0.8064948012358071,-0.032077048009148346,1.8675884670681424,5.459762811660767
16,1,0.30663413802782696,0.9665337238046858,0.6126760563380281,0.5707651787142576,0.6126760563380281,0.5907889907068192,0.8022623549752013,-0.02517996596684391,1.8721929457452562,5.4291033612357245
16,2,0.32718006273110706,1.0117840965588887,0.6144366197183099,0.5771645423780558,0.6144366197183099,0.586374118964715,0.7908179390963761,-0.04112877241100099,1.805253525575002,5.120205031500922
16,3,0.28942713224225575,0.918983260790507,0.6109154929577465,0.5623027400408884,0.6109154929577465,0.5836837188643614,0.8271078285036175,-0.0031271620275266088,1.7942697008450825,5.045357598198785
16,4,0.30921072098943925,0.9648856388198005,0.6056338028169014,0.6237080807316828,0.6056338028169014,0.576388258149468,0.8188596313677132,-0.07295551940226308,1.8831648098097906,5.538404729631212
17,1,0.293324979643027,0.9426483710606893,0.6003521126760564,0.5750720907018748,0.6003521126760564,0.5768057575941749,0.8143614364706955,-0.007032725796708883,1.8655683000882466,5.44149116675059
17,2,0.2996007485522164,0.9357736243142022,0.6126760563380281,0.5639221520822594,0.6126760563380281,0.5859205875088321,0.7999898979444384,-0.08787606605615728,1.8091732263565063,5.172951009538439
17,3,0.28438058992226917,0.920830660396152,0.6161971830985915,0.5697615693557141,0.6161971830985915,0.5715634806536194,0.8190539678659245,-0.019002200914145728,1.7799915472666423,5.027673509385851
17,4,0.2797587323519919,0.8495032406515546,0.6426056338028169,0.6069369294948578,0.6426056338028169,0.6225738409710563,0.8404845463149555,-0.008968482598584737,1.8644174999660916,5.486968941158718
18,1,0.2945844233036041,0.9442235694991218,0.6232394366197183,0.5721534545719226,0.6232394366197183,0.5927782436055985,0.8194356724442298,-0.06730630627597578,1.8683129813936021,5.4246353838178845
18,2,0.3001763133539094,0.9535064995288849,0.6161971830985915,0.5835010496782534,0.6161971830985915,0.5966417275707881,0.8073049542027069,0.0051722326926885165,1.798227800263299,5.088832007514106
18,3,0.3054898530244827,0.9949003855387369,0.5827464788732394,0.5310120052896564,0.5827464788732394,0.5451449363111043,0.7919388338745019,-0.013217523640403517,1.7820420331425137,5.0307647122277155
18,4,0.29168038566907245,0.9393701189094119,0.6144366197183099,0.5800998100665867,0.6144366197183099,0.5959940076320746,0.8215670757946595,-0.04830751239626019,1.8775629599889119,5.5314814647038775
19,1,0.3067684206697676,0.9451780186759101,0.6073943661971831,0.5579443865832564,0.6073943661971831,0.5790169588962345,0.8052831934715232,0.01221939935306493,1.8607487347390916,5.3842818472120495
19,2,0.2815753577484025,0.8695198198159536,0.6355633802816901,0.6214756550053007,0.6355633802816901,0.6118920259715307,0.8371390156417168,-0.06678554526118474,1.8111243115531073,5.173786958058675
19,3,0.29305778609381783,0.9224811229440901,0.6214788732394366,0.6160299733661029,0.6214788732394366,0.5981502463302426,0.8306158035008936,-0.018311252736701533,1.7980674107869465,5.125783681869507
19,4,0.2781075719330046,0.8741899066501193,0.6426056338028169,0.59989280767621,0.6426056338028169,0.6155310970933239,0.8386062552733884,-0.07285037272034556,1.8724895450803969,5.5143906937705145
20,1,0.28894582473569447,0.927208811044693,0.6373239436619719,0.6585366537782088,0.6373239436619719,0.6146891361918624,0.8209053428547213,-0.016660368642176904,1.860636678006914,5.376775039566888
20,2,0.2866036883658833,0.9086643656094869,0.6232394366197183,0.6408359596800588,0.6232394366197183,0.5945088900931143,0.8170219277759928,-0.019733844897090957,1.7907220257653131,5.054903864860535
20,3,0.2598530857099427,0.823600302139918,0.6584507042253521,0.653065865572473,0.6584507042253521,0.6294458629601354,0.8527528940079533,-0.015381191751453915,1.7789397570821974,4.994962599542406
20,4,0.30927548971441055,0.9851954281330109,0.5933098591549296,0.5434280065923306,0.5933098591549296,0.5627916028331791,0.8094303924687198,-0.05625609466618364,1.8651019997066922,5.497749341858758
21,1,0.2951244024766816,0.9269139634238349,0.625,0.6513473055966653,0.625,0.6049713259854406,0.8287341983663756,-0.02126514063904339,1.8682740132013957,5.392223066753811
21,2,0.25480368816190296,0.7811020447148217,0.6795774647887324,0.6435918490983031,0.6795774647887324,0.6454731588962007,0.8522506952786293,-0.047125501024155136,1.812613844871521,5.175211191177368
21,3,0.25556285596556133,0.8365839587317573,0.6654929577464789,0.6638605287626598,0.6654929577464789,0.6457039946219477,0.8341682657519747,-0.015969155350202824,1.7776639925109015,5.002455327245924
21,4,0.26117952250772053,0.8274197280406952,0.6197183098591549,0.5853951894428765,0.6197183098591549,0.5969079648604527,0.8515956386478246,-0.04688224422216658,1.8648103608025446,5.483972152074178
22,1,0.2813267757495244,0.9275352507829666,0.6267605633802817,0.6481021909733881,0.6267605633802817,0.6029720400257923,0.8211002499734554,-0.05200615470710823,1.8625381920072768,5.400085210800171
22,2,0.26104455027315354,0.7954844865534041,0.6584507042253521,0.6735359002331847,0.6584507042253521,0.6306304958962641,0.8578105537142671,-0.03059167646483485,1.8105764521492853,5.1221473349465265
22,3,0.26727697170443004,0.8784229954083761,0.6338028169014085,0.631919316526476,0.6338028169014085,0.6118757314482445,0.8412751872330707,-0.02374648930028611,1.7837647795677185,5.021210312843323
22,4,0.2547564547922876,0.8060671720239851,0.670774647887324,0.6771167253031276,0.670774647887324,0.6528551758831816,0.8516908896691449,-0.04256800836798491,1.8662914501296148,5.495689246389601
23,1,0.27247732877731323,0.8540329552359052,0.6602112676056338,0.6117843843506394,0.6602112676056338,0.6279656722401057,0.8403204919716245,-0.04008472067934998,1.8595843315124512,5.367795904477437
23,2,0.25817208737134933,0.8109481235345205,0.6584507042253521,0.678670875013641,0.6584507042253521,0.6491613229595471,0.8484479770345205,-0.007905711178812558,1.7998633186022441,5.079880528979832
23,3,0.25752179738548064,0.8732991185453203,0.6637323943661971,0.6320228239119796,0.6637323943661971,0.6226494204677835,0.8369700230049237,-0.027294976602734833,1.779310597313775,5.013521764013502
23,4,0.27193649858236313,0.8638999660809835,0.6566901408450704,0.68465198217016,0.6566901408450704,0.6473038313522111,0.8526033308399614,-0.027439601974770467,1.8689491152763367,5.4665533436669245
24,1,0.25931626309951145,0.8614001207881503,0.6355633802816901,0.6044879172067352,0.6355633802816901,0.6131927044830938,0.840053548836063,-0.04209568532521257,1.874927606847551,5.4418993261125355
24,2,0.2637063753273752,0.8216836320029365,0.6637323943661971,0.6525975244151653,0.6637323943661971,0.6441012694043649,0.8447062975231081,-0.007617043708105564,1.8047470913992987,5.12581827905443
24,3,0.2520332593056891,0.8314511742856767,0.6461267605633803,0.6264498270182705,0.6461267605633803,0.6153003054090718,0.8388797369270643,-0.07088185270792624,1.7806998160150316,5.015494518809849
24,4,0.27885378152132034,0.9088003668520186,0.6373239436619719,0.6182652661417508,0.6373239436619719,0.6219500014979523,0.8331374567856736,0.00239886644248144,1.8505070474412706,5.419434097078112
25,1,0.2615368382798301,0.8558180563979678,0.6390845070422535,0.5901346984395152,0.6390845070422535,0.6109997326242773,0.8346244822267614,-0.023956823034331,1.8674335016144648,5.427321910858154
25,2,0.26040958530373043,0.8410750263267093,0.6496478873239436,0.6577022583077604,0.6496478873239436,0.6354984247468882,0.8365543319757026,-0.02782352209769834,1.8005656268861558,5.101592739423116
25,3,0.24814009997579786,0.8303767177793715,0.6672535211267606,0.647297122306621,0.6672535211267606,0.6435760494620296,0.8477307433119836,-0.03641761864253157,1.7872067358758714,5.050684558020698
25,4,0.2522573239273495,0.8118285487095515,0.6602112676056338,0.6375699783332749,0.6602112676056338,0.6424630572913015,0.8594012455212354,-0.05018513380711154,1.867607639895545,5.5017855697207985
26,1,0.26638806362946826,0.8677020304732852,0.6373239436619719,0.632700191760894,0.6373239436619719,0.6200280274954427,0.8379203039817398,-0.027621328655450084,1.8555692897902594,5.364239070150587
26,2,0.24151717705859077,0.7616772519217597,0.6866197183098591,0.6831143585998214,0.6866197183098591,0.6589851301279681,0.8641637348019453,-0.05842583258770406,1.8196516036987305,5.164222333166334
26,3,0.25392667452494305,0.8348062203990089,0.6514084507042254,0.6448289666585556,0.6514084507042254,0.632369386677467,0.8489293388197705,0.0006978449745056459,1.7820658418867323,5.014440576235454
26,4,0.26346299548943836,0.8333083291848501,0.6584507042253521,0.655658761852744,0.6584507042253521,0.640091945371719,0.852481927914304,-0.05569870873171068,1.8671101596620348,5.468508190578884
27,1,0.2509310038553344,0.8252875175740984,0.6549295774647887,0.6427586358477889,0.6549295774647887,0.6309206526830861,0.8428693471123618,-0.031451193879539874,1.8597123159302607,5.399235818121168
27,2,0.23804366174671385,0.765456325478024,0.6654929577464789,0.6522887091549063,0.6654929577464789,0.6497167713377685,0.8632646301492342,-0.03965580094202115,1.802928884824117,5.093906058205499
27,3,0.25045789529879886,0.8245205912325118,0.6496478873239436,0.6732706082929374,0.6496478873239436,0.634543788807108,0.8485283960366594,-0.009479085099168838,1.7815617521603901,5.018200225300259
27,4,0.2513832532697254,0.8032189789745543,0.6742957746478874,0.680162884707631,0.6742957746478874,0.6616930167775869,0.8617238232061327,-0.0399710522906318,1.8586577441957262,5.417370624012417
28,1,0.24734158565600714,0.8173399898740981,0.6725352112676056,0.6685151280553782,0.6725352112676056,0.6554803337115817,0.8522077837163515,-0.04012004661101898,1.8584912485546536,5.336911837259929
28,2,0.2381204159723388,0.7622093707323074,0.6901408450704225,0.6816713935633787,0.6901408450704225,0.6731354838537417,0.8626358978654587,-0.0449354754962481,1.8022739158736334,5.125820530785455
28,3,0.23845642060041428,0.8130190041330125,0.6566901408450704,0.6563096915659538,0.6566901408450704,0.6414144998242948,0.8542753071271496,-0.034380745156628034,1.7742610441313849,4.971546994315253
28,4,0.22056727276908028,0.7166461182965173,0.7077464788732394,0.6976772532905211,0.7077464788732394,0.6874738784197532,0.8718353182039268,-0.03695514114721021,1.876501076751285,5.533253166410658
29,1,0.21891244666443932,0.6933509939246707,0.6936619718309859,0.6859826191250421,0.6936619718309859,0.6768082008547739,0.8783117754370797,-0.04634198713741311,1.8556251658333673,5.3479190270106
29,2,0.2343240272667673,0.7571787105666267,0.670774647887324,0.6586488678463028,0.670774647887324,0.6560035855677285,0.8718251209743387,-0.004053219869737834,1.798562142584059,5.103716333707173
29,3,0.23608486851056418,0.7844839377535714,0.6690140845070423,0.6478553256671497,0.6690140845070423,0.6483385952608413,0.8618434416260965,-0.04493702456772031,1.785469392935435,5.0374729368421765
29,4,0.23298728548818165,0.7450694425238503,0.6654929577464789,0.6508178789719449,0.6654929577464789,0.6502860031234992,0.866141528201551,0.02310766788474805,1.8601636356777616,5.431342588530646
30,1,0.24492194751898447,0.8286375237835778,0.6742957746478874,0.6651005955094375,0.6742957746478874,0.661569631325932,0.8527740747295727,-0.07146884268846043,1.8559854692882962,5.362630698415968
30,2,0.23024235831366646,0.7479108273983002,0.7059859154929577,0.6958609814917875,0.7059859154929577,0.6876217847839388,0.8728095268878321,-0.0040099125063410845,1.7934692170884874,5.056252347098456
30,3,0.23196138524346882,0.7526368747154871,0.6954225352112676,0.6778260556546094,0.6954225352112676,0.6794311985762412,0.865525550094342,-0.043708555181248165,1.7767648961808946,5.006301919619243
30,4,0.2220110214418835,0.7098691099219852,0.6883802816901409,0.6854364438604933,0.6883802816901409,0.6779093595212997,0.8814678000232447,-0.014932323133972414,1.8623189595010545,5.453183346324497
31,1,0.24741997487015194,0.8215788652499517,0.6602112676056338,0.6370774201431478,0.6602112676056338,0.6412704137155926,0.850453089753387,-0.05467914117415007,1.8634006645944383,5.358445843060811
31,2,0.23875507795148426,0.7653847949372398,0.6883802816901409,0.6856600226829002,0.6883802816901409,0.6720030454978391,0.8682751370627741,-0.04165160782638688,1.794179552131229,5.084571427769131
31,3,0.2295444193813536,0.7539354231622484,0.670774647887324,0.6512666733824031,0.670774647887324,0.6413399898117856,0.8640987040081383,-0.025344099601674275,1.7677350905206468,4.962159117062886
31,4,0.22595907168255913,0.7090015047126346,0.6936619718309859,0.6928696895474211,0.6936619718309859,0.6829993781232763,0.8845527829207086,-0.027364650839905025,1.855930467446645,5.41326027446323
32,1,0.22824400663375854,0.7367911438147227,0.670774647887324,0.6471499514136524,0.670774647887324,0.6525031085106068,0.8643957079858339,-0.002667114717008756,1.8535331355200872,5.334805660777622
32,2,0.23982075436247718,0.7903226150406731,0.6866197183098591,0.6705983702175661,0.6866197183098591,0.6654706319388296,0.858161413488299,-0.0634052850414466,1.8118512762917414,5.167731285095215
32,3,0.2278384251726998,0.7813874648676978,0.676056338028169,0.6730904800977813,0.676056338028169,0.665506145906501,0.8639189624377495,-0.0023274756277238406,1.7906096511416965,5.113818724950154
32,4,0.2382055338886049,0.7639956490861045,0.6901408450704225,0.6873610108989247,0.6901408450704225,0.6708576971351695,0.8716957172831293,-0.04982764554188268,1.8623380131191678,5.488210492663914
33,1,0.22893500328063965,0.7541243599520789,0.7059859154929577,0.7035951859670251,0.7059859154929577,0.6935344885771207,0.8693848870107904,-0.04984948685115431,1.8569986356629267,5.360157463285658
33,2,0.22668530295292535,0.7333776983949873,0.698943661971831,0.6979097129350061,0.698943661971831,0.6792080972255327,0.8697256792776502,-0.04160019190272357,1.8196802073054843,5.167351974381341
33,3,0.20688805232445398,0.6609777957201004,0.7007042253521126,0.6803950538604498,0.7007042253521126,0.6850576994359308,0.8871571889755323,-0.04572766736996248,1.7928636935022142,5.0720987055036755
33,4,0.24576288130548266,0.7829577591684129,0.6901408450704225,0.6906623086681302,0.6901408450704225,0.6818982819083858,0.8778641463047359,-0.06001029119211254,1.8935656282636855,5.655116703775194
34,1,0.22842985308832592,0.7668138941129049,0.6654929577464789,0.6654256653948556,0.6654929577464789,0.660157089532418,0.8673952951148849,-0.036397009626560894,1.8795073098606534,5.462513327598572
34,2,0.2087609643737475,0.6614714397324456,0.727112676056338,0.7231345899496906,0.727112676056338,0.7119825742900363,0.8860488363604592,-0.01674933396050271,1.7875973516040378,5.039084076881409
34,3,0.21847159994973075,0.7315099802282121,0.7077464788732394,0.6961643369058447,0.7077464788732394,0.6928886381583332,0.8845573188767228,-0.01138386783789258,1.7803926136758592,5.017662882804871
34,4,0.21699863920609155,0.6819906168513827,0.6971830985915493,0.6983664994413493,0.6971830985915493,0.6941971327625575,0.8939661540729628,-0.043800041079838925,1.874310725265079,5.480786893102858
35,1,0.21536487092574438,0.6896822485658858,0.7200704225352113,0.7047383899290317,0.7200704225352113,0.7028391177843584,0.8872931435030009,-0.008777241007386527,1.8602303200297885,5.350474609269036
35,2,0.2232916702826818,0.7585256563292609,0.6778169014084507,0.6675563668234812,0.6778169014084507,0.667749101305001,0.8669460658330681,-0.009471055826988373,1.7897001438670688,5.055951224433051
35,3,0.2112194092737304,0.6915337211555905,0.7112676056338029,0.7173130944484585,0.7112676056338029,0.6965106246763533,0.8770860158595064,-0.027363009443756914,1.771649354034,4.975667900509304
35,4,0.23631675210263994,0.7758814311689801,0.6778169014084507,0.6824896075809076,0.6778169014084507,0.6654358621875697,0.884371129436352,-0.012242332585562288,1.8617027468151517,5.434793088171217
36,1,0.23349712209569085,0.8076243185334735,0.6690140845070423,0.6609607087685925,0.6690140845070423,0.6545640324368006,0.8652774241300536,-0.04534791660052573,1.8619803388913472,5.388782686657375
36,2,0.22786246654060152,0.7197504291931788,0.6901408450704225,0.6775630580462098,0.6901408450704225,0.6780257078862849,0.8714753897650989,-0.03683587529735899,1.8009882701767816,5.139556156264411
36,3,0.20250370022323397,0.6749495400322808,0.7130281690140845,0.7072410596087415,0.7130281690140845,0.6944580322087063,0.8910045786430398,-0.05750824564733015,1.7817293206850688,5.002614617347717
36,4,0.22520398596922556,0.7478785912195841,0.6795774647887324,0.7006625296261998,0.6795774647887324,0.6692345176277743,0.8818037751569083,-0.013437807294794935,1.8529554671711392,5.4270667102601795
37,1,0.2094243350956175,0.6850922173923917,0.698943661971831,0.7033097080707653,0.698943661971831,0.688943372669405,0.8877609952439011,-0.0469031998587075,1.8747175600793626,5.398026823997498
37,2,0.2099810971154107,0.6775064286258485,0.704225352112676,0.6916351601970376,0.704225352112676,0.6896563311256774,0.8890888369809884,-0.01214098730053137,1.8069007330470614,5.123133314980401
37,3,0.2076752566628986,0.6751840975549486,0.7007042253521126,0.6932101330938903,0.7007042253521126,0.6912909437576873,0.890185871497192,0.015019411023298623,1.7803751164012485,5.017983436584473
37,4,0.2080604698922899,0.680781387620502,0.7095070422535211,0.7135271947993103,0.7095070422535211,0.7022219809153852,0.893948064248812,-0.059268159378639496,1.8569709327485826,5.433965457810296
38,1,0.21946747352679571,0.7347326940960355,0.6919014084507042,0.6845755377029462,0.6919014084507042,0.6768916779450248,0.8676264117360608,-0.06563822780051298,1.8813404507107205,5.47822289996677
38,2,0.23093009574545753,0.7254383282528983,0.7165492957746479,0.7089961219377007,0.7165492957746479,0.705597562664697,0.8888328992268847,0.006256134464250329,1.800603449344635,5.114785022205776
38,3,0.20465402636263105,0.6936560604307387,0.7095070422535211,0.7023067217107907,0.7095070422535211,0.6977174007441328,0.8886625670330096,-0.04458706861728312,1.7792289853096008,5.017837709850735
38,4,0.2043516453769472,0.666703912946913,0.7059859154929577,0.7091798759603297,0.7059859154929577,0.6981727516943529,0.8919926760004266,-0.012472732412272647,1.8568987912601895,5.4313587347666425
39,1,0.20304729541142783,0.6556226395898395,0.7235915492957746,0.7100076600076773,0.7235915492957746,0.7108633756341466,0.8957520676484338,-0.06666273495983188,1.8600835998853047,5.363166517681545
39,2,0.21710469325383505,0.7128965771860547,0.6919014084507042,0.6993072620009098,0.6919014084507042,0.6840272372492987,0.8780175129373765,-0.0034405415429599184,1.8037048445807562,5.130316297213237
39,3,0.2094159796833992,0.719821509387758,0.6901408450704225,0.6778782067404426,0.6901408450704225,0.6816761353119594,0.8778715092189321,-0.06221186895655828,1.7925602197647095,5.112637029753791
39,4,0.19486071914434433,0.632941582136684,0.7077464788732394,0.7120610062052322,0.7077464788732394,0.7022397239701379,0.9003600215999679,-0.03436114501258958,1.8587997555732727,5.442461305194431
40,1,0.21516290058692297,0.7170838034815259,0.698943661971831,0.6814480194347867,0.698943661971831,0.6854212490959511,0.8732185125104107,-0.0347161678446275,1.853645967112647,5.365048911836412
40,2,0.19778875841034782,0.6548167053196166,0.7235915492957746,0.7203169932466839,0.7235915492957746,0.7141412366559727,0.8946043192463107,-0.02026826181941388,1.8028058608373005,5.096481270260281
40,3,0.19618897471163008,0.6577160954475403,0.7130281690140845,0.7179198887157847,0.7130281690140845,0.7069780842094877,0.8927299072111181,-0.024318631676672142,1.7721100250879924,4.976974500550164
40,4,0.1845465757780605,0.6088893711566925,0.721830985915493,0.7155467736645981,0.721830985915493,0.7059627714196662,0.9045707296102485,-0.03677783941592838,1.866332385275099,5.489307853910658
41,1,0.19376422920160824,0.6416818284326129,0.7359154929577465,0.7231432820995941,0.7359154929577465,0.7246855652101585,0.8981663173000903,-0.02247899696830702,1.8421953452958002,5.285358322991265
41,2,0.20508063087860742,0.6659819102949567,0.7253521126760564,0.723798292370065,0.7253521126760564,0.7186964509046722,0.8983306475579124,-0.02266510217428519,1.8021253810988531,5.104926917288038
41,3,0.21051467789543998,0.7493502282434039,0.7059859154929577,0.696565803245009,0.7059859154929577,0.69623516822841,0.8802991229683266,-0.019516609315754385,1.7842653658654954,5.008608910772535
41,4,0.2085568474398719,0.6820814808209738,0.7200704225352113,0.7210141374747036,0.7200704225352113,0.7072178871510787,0.8972158318698551,-0.05857908880117457,1.8601690199640062,5.429789808061388
42,1,0.21539408961931863,0.7061826040347418,0.7165492957746479,0.7046003717983875,0.7165492957746479,0.7073897846888322,0.890108935329218,-0.03432050986794222,1.862296097808414,5.377217981550428
42,2,0.20401307940483093,0.6525098234415054,0.7077464788732394,0.7017298711004191,0.7077464788732394,0.6970021040826031,0.8960594425119398,-0.050947911649515065,1.802892718050215,5.145172331068251
42,3,0.2085328275958697,0.6973545766539044,0.6883802816901409,0.6736177379863049,0.6883802816901409,0.6736243608947715,0.8905870521100705,-0.035526643632456834,1.781469722588857,5.0528130531311035
42,4,0.21752910398774677,0.7210371047258377,0.7200704225352113,0.7161638295745012,0.7200704225352113,0.715045460178269,0.8880986722550501,-0.026457139223774906,1.8462731175952487,5.40089311864641
43,1,0.1921054952674442,0.6404042724106047,0.7429577464788732,0.7273234726082247,0.7429577464788732,0.7231669778147524,0.8996633550945544,-0.022226757463310376,1.8541219300693936,5.315854575898912
43,2,0.20428345766332415,0.6742736746867498,0.721830985915493,0.7132540906131075,0.721830985915493,0.7125481954530116,0.8930372063369579,-0.014114591901855045,1.812404731909434,5.1820479896333485
43,3,0.21854055838452446,0.7131514648596445,0.7024647887323944,0.6925173119249343,0.7024647887323944,0.6964074903959504,0.8865242767278604,-0.03029101652880417,1.784938202963935,5.05213397079044
43,4,0.20084148645401,0.6654867894119687,0.721830985915493,0.7296694336633714,0.721830985915493,0.7118497927721816,0.8979338923231401,0.00035742682547468263,1.8535154263178508,5.452697422769335
44,1,0.20925835271676382,0.6951293531391356,0.7112676056338029,0.7005260587693971,0.7112676056338029,0.7010004146100249,0.8869374890164766,-0.05058198139570269,1.8417325483428106,5.310035718811883
44,2,0.18762866159280142,0.631199879778756,0.7183098591549296,0.7158003081311222,0.7183098591549296,0.7101120668895161,0.8973289807371303,-0.03606540628539223,1.80004487435023,5.1149425109227495
44,3,0.1994320990310775,0.6903212666511536,0.7077464788732394,0.6990691324529363,0.7077464788732394,0.701137144529826,0.8909402637861052,-0.03370177122864915,1.7679918474621243,4.9668609036339655
44,4,0.19736103547943962,0.6550699538654752,0.7095070422535211,0.710923257182645,0.7095070422535211,0.6988305485077914,0.893385903610226,-0.019927740112209102,1.854625748263465,5.421529809633891
45,1,0.19614874488777584,0.6462384876277711,0.7359154929577465,0.7293648786297089,0.7359154929577465,0.7243764934277584,0.8958232942410426,-0.05256963561830652,1.8604457444614835,5.377754661771986
45,2,0.2061784507499801,0.6808206786712011,0.7024647887323944,0.7009871761252672,0.7024647887323944,0.695712882429902,0.8921015675154704,-0.043244499396069,1.792103283935123,5.063789102766249
45,3,0.17486991195215118,0.5911317749155892,0.7394366197183099,0.7301190586560558,0.7394366197183099,0.7304795591965048,0.9041518853552841,-0.02436067404430342,1.7778586943944295,5.007702271143596
45,4,0.19815326978762945,0.6384643548064761,0.7147887323943662,0.7097490694485961,0.7147887323943662,0.7076150273026239,0.9025125009576449,-0.04457643128663791,1.8533086710506015,5.406639920340644
46,1,0.1934958952996466,0.6638779855436749,0.7147887323943662,0.7178646866882855,0.7147887323943662,0.7082353778106864,0.8924610795957701,-0.013258891597454525,1.85583186811871,5.310725847880046
46,2,0.1761256510184871,0.5631377945343653,0.7464788732394366,0.7365443414410829,0.7464788732394366,0.7376970359663755,0.9160058410089071,-0.04523441874663292,1.7986692653761969,5.10888675848643
46,3,0.18073048939307532,0.627486902806494,0.7200704225352113,0.7130983310138874,0.7200704225352113,0.7094456071034062,0.9018424815609762,0.02531584598124348,1.775831275516086,5.011126279830933
46,4,0.18549546764956582,0.5955674830410216,0.7394366197183099,0.7391908470838895,0.7394366197183099,0.7324802913591388,0.9117401455821496,-0.06319909740609364,1.863799062040117,5.443000766966078
47,1,0.1903824524747001,0.6299777179956436,0.7059859154929577,0.7086024674148773,0.7059859154929577,0.6992416393430688,0.8940315375913637,-0.012057435769179836,1.8548096948199801,5.367546399434407
47,2,0.1887259210149447,0.6243930690818362,0.7288732394366197,0.7093248654158997,0.7288732394366197,0.7144466342336011,0.9005882194766905,-0.027977326782267165,1.8073956767717998,5.156057675679524
47,3,0.17740725808673435,0.6202638347943624,0.7411971830985915,0.735542963348214,0.7411971830985915,0.7329343377041556,0.9075248634092477,-0.020268903435582075,1.7668046553929646,4.9449398385153875
47,4,0.2281778876980146,0.7701994842953153,0.6954225352112676,0.6930877697128075,0.6954225352112676,0.6885291502698484,0.8806601341096542,-0.00047837296172814625,1.8459598620732625,5.370727790726556
48,1,0.20585834234952927,0.7020645787318548,0.7095070422535211,0.7038342934182854,0.7095070422535211,0.7014919894685826,0.8872691399175863,-0.02081150733649695,1.8522950675752428,5.3201391034656105
48,2,0.18667882018619114,0.6141387936141756,0.7288732394366197,0.7152615503627828,0.7288732394366197,0.7164970102034984,0.9044748387689616,-0.03891973535595139,1.7901376419597201,5.05281404654185
48,3,0.18167500901553366,0.614470480216874,0.7235915492957746,0.7192006266305397,0.7235915492957746,0.7182151823693614,0.9013770116162081,-0.009607168197830251,1.7830978963110182,5.016926758819157
48,4,0.21351905167102814,0.6984322534667121,0.7077464788732394,0.7082367668306141,0.7077464788732394,0.7041761962181965,0.8996054726036696,-0.030932252130539295,1.8573768602477179,5.439202547073364
49,1,0.21353021843565834,0.7128932327032089,0.698943661971831,0.6765761237086614,0.698943661971831,0.6844156823597296,0.8800890937313395,-0.02220731259899167,1.850633680820465,5.318865603870815
49,2,0.21089133868614832,0.6949205050865809,0.7130281690140845,0.7032037845695575,0.7130281690140845,0.702783831516528,0.8894237059407493,-0.020577411478572394,1.7974750134680006,5.097629997465345
49,3,0.18099726322624418,0.5983179095718596,0.7429577464788732,0.7332493618384516,0.7429577464788732,0.7326697673583626,0.9027519468046555,-0.023770194864655148,1.7716219027837117,4.97924088107215
49,4,0.17040716939502293,0.542315113875601,0.7517605633802817,0.7576296422216313,0.7517605633802817,0.7455946813779012,0.9185688421859611,-0.05582083034492524,1.86563065316942,5.451680024464925
50,1,0.19739279316531289,0.6706765873564614,0.7411971830985915,0.7406608316821995,0.7411971830985915,0.7300310488210869,0.904583930159123,-0.03603309545991573,1.8635473516252306,5.380165073606703
50,2,0.17891790635055965,0.6150358815987905,0.7376760563380281,0.7252904780516487,0.7376760563380281,0.7281486556167993,0.8990765248399297,-0.009739163504911774,1.803399297926161,5.109769688712226
50,3,0.17925954734285673,0.6228134284416834,0.7306338028169014,0.729712999789158,0.7306338028169014,0.7245721803147535,0.9075020834479461,0.012950272953421438,1.773421221309238,4.9870750771628485
50,4,0.16840853128168318,0.5401637338929706,0.7482394366197183,0.7416078275938353,0.7482394366197183,0.741629892757984,0.9204332252932155,-0.04396336789066457,1.8470425605773926,5.390884876251221
51,1,0.17609373976786932,0.6087409009536108,0.7359154929577465,0.7303649983099477,0.7359154929577465,0.7281141132239801,0.9018652203518339,0.0016161870342175089,1.8598078621758356,5.388464132944743
51,2,0.1790522187948227,0.593978977865643,0.7359154929577465,0.731700946574552,0.7359154929577465,0.7316591903401841,0.9141627424170731,-0.04711099895290105,1.7928677598635356,5.092001120249431
51,3,0.17810773311389816,0.6194353351990382,0.7359154929577465,0.7276615062428984,0.7359154929577465,0.7291004941500687,0.9054463611800116,-0.028093936627233695,1.7792423433727689,5.012224210633172
51,4,0.18297571440537772,0.6007902274529139,0.7253521126760564,0.7168113475818583,0.7253521126760564,0.7172647616366763,0.9096048900844602,-0.01828813954230113,1.8535381621784635,5.413275175624424
52,1,0.1810632107986344,0.6152598427401649,0.7288732394366197,0.719796129477355,0.7288732394366197,0.7184052071138842,0.9019803475419714,-0.030522917795507754,1.8488309383392334,5.312592215008205
52,2,0.1989622207151519,0.6418817953930961,0.7235915492957746,0.7285976770646844,0.7235915492957746,0.7177627443619199,0.9001942608950437,-0.02403585065349234,1.8153527114126418,5.178705056508382
52,3,0.18246997230582768,0.6294381436374452,0.7323943661971831,0.7233474208693923,0.7323943661971831,0.718101980382567,0.9033780729371623,-0.030364806920935017,1.7757980624834697,5.024189352989197
52,4,0.19536411845021778,0.6431039323409399,0.7235915492957746,0.7317345115336208,0.7235915492957746,0.7187986271520512,0.9048728145128485,-0.019754542824659493,1.856181588437822,5.446364137861464
53,1,0.18581610835260814,0.6113095101382997,0.7464788732394366,0.7335212865896282,0.7464788732394366,0.7371320640683267,0.9113980178968439,-0.04247525680981834,1.8550610939661663,5.365443785985311
53,2,0.1733446940779686,0.5533406386772791,0.7588028169014085,0.7505515265761724,0.7588028169014085,0.749942248061263,0.9211107698858443,-0.022933309113260858,1.798021482096778,5.088702029652065
53,3,0.1731304745707247,0.5873581303490533,0.727112676056338,0.7224566989641813,0.727112676056338,0.723694687659906,0.9117341839663797,-0.005969758315703455,1.771377404530843,4.990341054068671
53,4,0.175859022885561,0.5706081953313615,0.7517605633802817,0.7531936749280895,0.7517605633802817,0.7454680196533807,0.9113187527135294,-0.036757924142184484,1.8608848916159735,5.465574661890666
54,1,0.20569347341855368,0.7267826712793775,0.7007042253521126,0.6906074262923447,0.7007042253521126,0.6934835760535135,0.8854006193423076,-0.06116377964774977,1.8550786177317302,5.35909280512068
54,2,0.1726259427766005,0.5735847387048933,0.7376760563380281,0.7436486274472218,0.7376760563380281,0.7324279837587269,0.9189678319529022,0.0047261878305201455,1.7867999143070645,5.055070903566149
54,3,0.1738650562862555,0.6140071286095513,0.7429577464788732,0.734964289000516,0.7429577464788732,0.7375569749227014,0.9067482965129213,-0.05650679917932688,1.7658785714043512,4.963641577296787
54,4,0.17067262571718958,0.5660174869828754,0.7429577464788732,0.745238877750597,0.7429577464788732,0.7363105033513432,0.9163153510830837,-0.014821005871107795,1.8506320185131497,5.411723097165425
55,1,0.18400333573420843,0.6080227990945181,0.7517605633802817,0.7553611608235082,0.7517605633802817,0.751079445341799,0.9052857813286581,-0.019849630479591873,1.8525108628802829,5.333749744627211
55,2,0.17398764400018585,0.5839111738734775,0.7570422535211268,0.7534778865746652,0.7570422535211268,0.7508384287483487,0.9139736794688419,-0.02179910473916813,1.7929680546124775,5.061310874091254
55,3,0.1646799747314718,0.5820457753207948,0.75,0.7388303787756922,0.75,0.737085962764578,0.9137237485174426,-0.009453402326918603,1.7721678151024713,4.989881118138631
55,4,0.1757447967926661,0.602229987581571,0.7464788732394366,0.7472148408818483,0.7464788732394366,0.7416004918899732,0.9127431059875569,-0.036651755746311965,1.85141830974155,5.381572975052728
56,1,0.17783445575171047,0.5976654059357114,0.7517605633802817,0.744305675623611,0.7517605633802817,0.7425322346819755,0.9052307355402583,-0.02313103345754075,1.8549680709838867,5.340464856889513
56,2,0.16969728800985548,0.5627865178717507,0.7605633802816901,0.7581233143866886,0.7605633802816901,0.7527221125659636,0.9131643831636962,0.003974147749025936,1.8046461409992642,5.113629354370965
56,3,0.16298478303684127,0.5480539268917508,0.7535211267605634,0.7447002884351548,0.7535211267605634,0.7441035071198072,0.9134022396971242,-0.07635345128259297,1.7818260391553242,5.0170736577775745
56,4,0.17426304726137054,0.5828928930891885,0.7411971830985915,0.7396922463418651,0.7411971830985915,0.7356319766037486,0.9208925345645742,-0.018873440164233424,1.8616778320736356,5.4689262708028155
57,1,0.19981019157502386,0.6918435427877638,0.7235915492957746,0.7214459899538487,0.7235915492957746,0.7184582880299378,0.8928977938524376,-0.028176847912664282,1.8548117213779025,5.349551465776232
57,2,0.1822934759159883,0.6082558880249659,0.727112676056338,0.7217619501003697,0.727112676056338,0.7189512808923026,0.9089156568463961,0.01872668617323625,1.794230302174886,5.067930128839281
57,3,0.18661563553743893,0.6455247534645928,0.7429577464788732,0.7341647718074381,0.7429577464788732,0.7341776833514605,0.9008784180884553,-0.06353944975286185,1.7752543422910902,5.000193807813856
57,4,0.18926644573609033,0.625411816769176,0.721830985915493,0.7273456395325644,0.721830985915493,0.715788714732694,0.9074089412662194,-0.02973432503309814,1.8564382659064398,5.452147285143535
58,1,0.18707998510864046,0.648624782760938,0.7235915492957746,0.708852104190969,0.7235915492957746,0.7103204336795772,0.8950495523653776,-0.022187050022256294,1.861347085899777,5.38286386595832
58,2,0.16945933302243552,0.576792781551679,0.7570422535211268,0.76419327551395,0.7570422535211268,0.7526806093110898,0.9148430889637533,-0.027083801790073414,1.8007559577624004,5.126499838299221
58,3,0.1603381426797973,0.5544049044450124,0.75,0.7464186649461905,0.75,0.7463193182406659,0.9164324586635196,-0.029226682544295057,1.7591321335898504,4.925815953148736
58,4,0.17002535694175297,0.5696345153782103,0.7517605633802817,0.7440945884512092,0.7517605633802817,0.7402343020700919,0.915237922860255,-0.01432366627626891,1.8466828399234347,5.419509079721239
59,1,0.185865113304721,0.6039145307408439,0.7411971830985915,0.7329540636294323,0.7411971830985915,0.735340089076187,0.9058010700263631,-0.02551049230460567,1.8665422532293532,5.373453696568807
59,2,0.17132307837406793,0.5634607523679733,0.7570422535211268,0.761555301553671,0.7570422535211268,0.7512884869534607,0.9166924041945101,-0.02815477761613483,1.802292697959476,5.138571672969395
59,3,0.1585997740427653,0.5502710259622998,0.7552816901408451,0.7503367830305161,0.7552816901408451,0.7423621426685222,0.9142261888780667,-0.053121547450349915,1.765421403778924,4.931779424349467
59,4,0.17360479053523806,0.5808378193113539,0.7482394366197183,0.7502396074728921,0.7482394366197183,0.7434942983537395,0.915702234650811,0.021089694224885158,1.8505915138456557,5.419640276167128
60,1,0.17428052756521437,0.6145391265551249,0.7376760563380281,0.7373651278321341,0.7376760563380281,0.7335032098963986,0.9105358195335991,-0.044909544006732194,1.8615195552508037,5.363824446996053
60,2,0.17009224825435215,0.5643207728862762,0.7359154929577465,0.7261173163587616,0.7359154929577465,0.7255845702526329,0.9145537529258098,0.0005250139177260804,1.787042174074385,5.0389012230767145
60,3,0.17091166807545555,0.5897324979305267,0.7429577464788732,0.7341809883364357,0.7429577464788732,0.7337217841145233,0.914297259978554,-0.0031972259467916153,1.7705169518788655,4.944508141941494
60,4,0.22032192763355044,0.7415629310740365,0.7112676056338029,0.7040148468798143,0.7112676056338029,0.7040187503621206,0.890734103552648,-0.05023111118505397,1.8534274564849005,5.427662836180793
61,1,0.1721631462375323,0.5945549375481076,0.7288732394366197,0.7225286062953596,0.7288732394366197,0.7239877991705836,0.9096454551120501,0.013710795042818136,1.8536788357628717,5.3236939907073975
61,2,0.18143348106079632,0.5998226238621606,0.7482394366197183,0.7454373331247479,0.7482394366197183,0.7385822727377864,0.9161460614352672,-0.02562210997061709,1.7747845715946622,4.985537833637661
61,3,0.17288099974393845,0.58491107987033,0.7359154929577465,0.7304587571005683,0.7359154929577465,0.7290422634790897,0.9204162391329671,-0.009443747459173757,1.7766581773757935,4.973622732692295
61,4,0.17056728982263142,0.5631683386034436,0.7834507042253521,0.7830944183544604,0.7834507042253521,0.7798445940234973,0.9300712930603748,-0.0353902284647436,1.8457249734136794,5.4092123243543835
62,1,0.1804406378004286,0.6039141747686598,0.7482394366197183,0.7502407913389427,0.7482394366197183,0.7461185842443646,0.9095706013349595,-0.035941203285196455,1.8544595705138311,5.3445020649168224
62,2,0.16795788208643594,0.5666880889071358,0.7359154929577465,0.7314940904605565,0.7359154929577465,0.7288103152603781,0.9190072093636847,-0.013092441345605055,1.7926342023743524,5.053165859646267
62,3,0.16553230418099296,0.5703472428851657,0.7517605633802817,0.7421095626176414,0.7517605633802817,0.7441709491146569,0.9139744054970691,-0.0020006164810659754,1.7670716179741754,4.937855813238356
62,4,0.17068328542841804,0.5801291217406591,0.7482394366197183,0.745367258017789,0.7482394366197183,0.7370991405767255,0.9182533197906173,-0.010793578149663752,1.860766761832767,5.44298972023858
63,1,0.1817044417063395,0.6085676782661014,0.7658450704225352,0.7649010593862066,0.7658450704225352,0.7600252753077605,0.9150749439532998,-0.03369439317217493,1.863398598300086,5.352135340372722
63,2,0.16395988273951742,0.5439141922526889,0.7552816901408451,0.7469964351406103,0.7552816901408451,0.7467720045812017,0.9284204311187136,-0.02178913017882489,1.7980122168858845,5.079518093003167
63,3,0.16688375423351923,0.5900477005375756,0.7411971830985915,0.7353247375194145,0.7411971830985915,0.7364140337489984,0.9112696418657406,-0.01688301249751656,1.7615371611383226,4.950412789980571
63,4,0.16411315898100534,0.5539085202746921,0.7764084507042254,0.7792967659246518,0.7764084507042254,0.7725309159504495,0.9224504226964434,0.001830872927932159,1.8551641901334126,5.444735633002387
64,1,0.15702576397193801,0.5429082711537679,0.7376760563380281,0.7315712490395708,0.7376760563380281,0.7323561322101478,0.9122985871791531,-0.013199967684351721,1.8479286829630535,5.29540118906233
64,2,0.15661104478769833,0.5012309451897939,0.7658450704225352,0.7689934084837858,0.7658450704225352,0.7602825885816749,0.930147182640167,-0.027683437498856378,1.7899182438850403,5.085054715474446
64,3,0.14825078555279309,0.514151907629437,0.7658450704225352,0.7565242863668751,0.7658450704225352,0.7590796079629789,0.9240370821734291,-0.024741896193893442,1.7674146162139044,4.965412497520447
64,4,0.1584337738653024,0.5585925827423731,0.7482394366197183,0.7446228046786331,0.7482394366197183,0.739857756191268,0.9178874485037448,-0.016678672078456636,1.8521939780977037,5.407090491718716
65,1,0.16618385621243054,0.5494214213556714,0.7676056338028169,0.7778858413363603,0.7676056338028169,0.7620588075580862,0.9208079609360611,-0.028332062185825846,1.8522987498177423,5.313930975066291
65,2,0.14781835509671104,0.4905260403951009,0.7799295774647887,0.7821931407019767,0.7799295774647887,0.7719201308235513,0.9271975880853813,-0.0007130811006865745,1.7812999685605366,5.0082341697480945
65,3,0.17560958531167772,0.619656491610739,0.7394366197183099,0.7357325455462488,0.7394366197183099,0.7354368749371117,0.9086178504269677,-0.04729613546645561,1.749002754688263,4.897908833291796
65,4,0.1890023752219147,0.6163461655378342,0.7394366197183099,0.7330903956642221,0.7394366197183099,0.7307135702014762,0.9081817213602531,-0.006114213559360815,1.8548947638935513,5.4718864228990345
66,1,0.16932961882816422,0.5693666521045897,0.7376760563380281,0.7316304969622986,0.7376760563380281,0.7302394767131873,0.9112217243332703,-0.008636584491628074,1.862111469109853,5.375555939144558
66,2,0.17884260871344143,0.578184112906456,0.7746478873239436,0.7765413278085008,0.7746478873239436,0.7668622144108845,0.9262289749440777,-0.059097737162395525,1.797044085131751,5.071740070978801
66,3,0.17986917826864454,0.6199111292759577,0.7588028169014085,0.7568835287632675,0.7588028169014085,0.7539831936996139,0.9103103674743723,-0.02256298421983094,1.775622844696045,4.997805118560791
66,4,0.16704083234071732,0.5768126034074359,0.7552816901408451,0.7515123636982548,0.7552816901408451,0.7519552315497228,0.9166272643299875,-0.020656358634471683,1.8600370950169034,5.433271421326531
67,1,0.16926856007840899,0.5660213232040405,0.75,0.7464459727844353,0.75,0.74058891122548,0.9153711518429615,-0.04763693266206914,1.8497740228970845,5.322784662246704
67,2,0.1568888094690111,0.5196051945288976,0.7570422535211268,0.7572105613478852,0.7570422535211268,0.7498809539792324,0.9288006901265949,-0.0430290419391659,1.8039049439960055,5.12356620364719
67,3,0.16811865982082155,0.599093324608273,0.7306338028169014,0.7353931319469237,0.7306338028169014,0.7276222836360834,0.9113013895676995,-0.013106327036374932,1.7576114270422194,4.934237652354771
67,4,0.17151648882362577,0.5513156834575865,0.7640845070422535,0.7671362125121902,0.7640845070422535,0.7618185354417006,0.927942421986881,0.013909353906670918,1.8507102595435247,5.3897533946567115
68,1,0.16668278434210354,0.5935699807273017,0.7183098591549296,0.7096741885929315,0.7183098591549296,0.7117919074841544,0.9056773506208651,-0.029524240803607604,1.852276623249054,5.334289789199829
68,2,0.1785581091211902,0.5959169533517625,0.7517605633802817,0.7566517408019545,0.7517605633802817,0.7482168029515509,0.9116472292284578,-0.015601758051584591,1.7891532315148249,5.066098862224155
68,3,0.16534805711772707,0.576119624906116,0.7411971830985915,0.7354786230069059,0.7411971830985915,0.7371918141596254,0.9149463659885695,-0.025615053025779932,1.7602619065178766,4.962384661038716
68,4,0.1698191919260555,0.5687436395221286,0.7464788732394366,0.7501362095718671,0.7464788732394366,0.7411088260371054,0.9180039643409023,-0.03100180063891944,1.8464075989193387,5.4710122214423285
69,1,0.15149810827440685,0.5222206264734268,0.75,0.7377254780367679,0.75,0.7419878327478673,0.9208038239072616,0.006059616692424052,1.8506127662128873,5.28015595012241
69,2,0.15454103300968805,0.548717108865579,0.7764084507042254,0.7697504691843942,0.7764084507042254,0.7686648836684229,0.918288396858237,-0.027537234473166583,1.7902982897228665,5.088174978892009
69,3,0.16377483059962591,0.5440249045689901,0.7517605633802817,0.7503691010363118,0.7517605633802817,0.7448079093339122,0.9209538318946126,-0.02932330966095975,1.7749908102883234,4.9978262186050415
69,4,0.1861219902833303,0.6218980302413305,0.727112676056338,0.7279495710629988,0.727112676056338,0.7217738490192104,0.910367363824062,-0.027099018280573706,1.8580189082357619,5.46382310655382
70,1,0.17658558736244837,0.5980113181802962,0.75,0.7411103182181215,0.75,0.743096572558473,0.9083897804625156,-0.05024867115482179,1.8627636233965557,5.363662772708469
70,2,0.1399581842124462,0.4701324585411284,0.7693661971830986,0.7611436021864132,0.7693661971830986,0.761652014667084,0.9304609502646177,0.006710300134832425,1.7881369988123577,5.02620956632826
70,3,0.15009718967808616,0.5402078396744199,0.772887323943662,0.7715443341390059,0.772887323943662,0.7686331862087961,0.9214697612022547,-0.01946070789927723,1.7593072652816772,4.936231679386562
70,4,0.16439969216783842,0.5776132030619515,0.7623239436619719,0.7549499792547822,0.7623239436619719,0.7563355286814845,0.9213811174555557,-0.013828937732777602,1.849913842148251,5.419374651379055
71,1,0.16286913636657926,0.5495686481396357,0.7535211267605634,0.7540855383035678,0.7535211267605634,0.7474732565615767,0.9223612452762533,-0.045702454534910064,1.851254986392127,5.329186850123936
71,2,0.16142636040846506,0.5657737155755361,0.7605633802816901,0.7546893318375923,0.7605633802816901,0.751471440559356,0.9250688268686122,0.0016393738356130783,1.7836283908949957,5.052778747346666
71,3,0.1596519404815303,0.5566004680262672,0.7517605633802817,0.7422925456872833,0.7517605633802817,0.7447118051931993,0.9170671672247129,-0.022871966227041796,1.7793815003501043,5.0040282011032104
71,4,0.17110490343636936,0.5744157118929757,0.7464788732394366,0.7476230820197268,0.7464788732394366,0.7354684439720759,0.9180275963787192,-0.04106816749094566,1.8570131659507751,5.4813088575998945
72,1,0.148167561325762,0.5036077698071798,0.7588028169014085,0.7548275133827577,0.7588028169014085,0.7522925146271148,0.9240778605566351,0.013474631518160751,1.8453385366333857,5.308007770114475
72,2,0.15046078297826979,0.5295595841275321,0.7570422535211268,0.7529615320327268,0.7570422535211268,0.74790520887653,0.9171519612064145,-0.055280428549628446,1.8017787668440077,5.09335458278656
72,3,0.15437355058060753,0.5230540484189987,0.7605633802816901,0.7553800319837473,0.7605633802816901,0.7570135665784579,0.9249030759569125,-0.01645275873414276,1.7571879029273987,4.947188337643941
72,4,0.15230735143025717,0.49270942476060653,0.8045774647887324,0.8024213828989483,0.8045774647887324,0.7933184733684305,0.9290520746527658,-0.009858768267888784,1.8509512808587816,5.422446621788873
73,1,0.1533930930826399,0.5186515284909142,0.7623239436619719,0.7631346051541802,0.7623239436619719,0.7589634683561345,0.9246839601969794,-0.020796068990535543,1.843015882703993,5.2897888157102795
73,2,0.1613080542948511,0.5507528301742342,0.7676056338028169,0.7667467902792142,0.7676056338028169,0.7576184989480663,0.9217652376088379,0.007301356122819014,1.7916133536232843,5.062667767206828
73,3,0.15108564620216688,0.5005240523152881,0.7992957746478874,0.7981922347019178,0.7992957746478874,0.7946338213577084,0.9353677528037989,-0.03289569232457268,1.7623912692070007,4.963175932566325
73,4,0.15537809746132958,0.5216683546702067,0.7693661971830986,0.7712835482180818,0.7693661971830986,0.7629535932786632,0.9317388646853414,0.01697870681528002,1.8411205146047804,5.392942984898885
74,1,0.15502523755033812,0.5131418721543418,0.778169014084507,0.7854498236726789,0.778169014084507,0.7770744495980196,0.9319217570447633,-0.048088131494851805,1.8551648987664118,5.320083803600735
74,2,0.1517426007323795,0.5191671020454831,0.772887323943662,0.7614596117799128,0.772887323943662,0.7620430267981558,0.9266204194054234,0.029068288011170895,1.7925042046440973,5.068674816025628
74,3,0.16673409400714767,0.5851759546332889,0.7605633802816901,0.7526619463127838,0.7605633802816901,0.7545971368449218,0.9146538079424293,-0.045735459411538226,1.7713570064968533,5.02261397573683
74,4,0.16235376190808085,0.549304735329416,0.778169014084507,0.7783169654818904,0.778169014084507,0.7681139556540129,0.9213094351614719,-0.013538740884586176,1.8416847719086542,5.3470737139383955
75,1,0.1634543455309338,0.5577212522427241,0.7535211267605634,0.7465691047274357,0.7535211267605634,0.7456221969045007,0.9185713209579937,-0.0022829246326945274,1.8342956768141851,5.27605199151569
75,2,0.14344023168087006,0.48183951195743346,0.7869718309859155,0.7847669067390042,0.7869718309859155,0.7806806721792023,0.9325104666519076,-0.05936036829211755,1.793080793486701,5.098419997427198
75,3,0.13658020148674646,0.48484937018818325,0.772887323943662,0.7669315888080531,0.772887323943662,0.7690293687266081,0.9316665903036567,0.005498343694923413,1.7604789071612887,4.933524343702528
75,4,0.14329741605454022,0.4742021742794249,0.772887323943662,0.769995764498298,0.772887323943662,0.7640654414816014,0.9327206243661814,-0.031214117824728715,1.8429973721504211,5.376856552229987
76,1,0.14393037598994043,0.47014978362454307,0.7852112676056338,0.7880139779896601,0.7852112676056338,0.7800673633815405,0.9331333203309244,-0.006375356804861232,1.8384590281380548,5.277559426095751
76,2,0.15885651070210668,0.5477356993489795,0.7711267605633803,0.7730497591513016,0.7711267605633803,0.7674735807845294,0.9233279017203306,-0.008443714670691493,1.7905378540356953,5.07128185696072
76,3,0.1417073586748706,0.5076305237081316,0.7570422535211268,0.7493974627347869,0.7570422535211268,0.7502440056040299,0.9239258809700305,-0.012480691558039547,1.7653201818466187,4.937453614340888
76,4,0.1524398670428329,0.5014209366507001,0.7816901408450704,0.7927572547790344,0.7816901408450704,0.7749968520532474,0.9330469735570087,3.456064630369404e-05,1.8438701232274373,5.377605517705281
77,1,0.16908922750088903,0.5896049059099622,0.7341549295774648,0.7235915307139305,0.7341549295774648,0.7255134375787758,0.9092640968106027,0.008965529245242965,1.8589690261416965,5.332279761632283
77,2,0.16610177896089023,0.5667648894919289,0.7640845070422535,0.7581672832695096,0.7640845070422535,0.7547634569795008,0.9210306044809575,-0.04128497366002937,1.784057358900706,5.015261318948534
77,3,0.14357973800765145,0.4911689344379637,0.7816901408450704,0.7843595798820716,0.7816901408450704,0.7730234782499142,0.9299572943510455,-0.007195799266764391,1.7675571242968242,4.977547433641222
77,4,0.15335444567932022,0.5010751105017133,0.7887323943661971,0.794486261871201,0.7887323943661971,0.7868355447541964,0.9327166232494002,-0.03835860157384441,1.8480703896946378,5.414097441567315
78,1,0.15219024113482899,0.52738446659512,0.7464788732394366,0.7427004333694474,0.7464788732394366,0.7371311200536552,0.9212356615152748,0.010542841088334809,1.8472027050124273,5.324138058556451
78,2,0.1400297876033518,0.4598221306999524,0.7992957746478874,0.7978594271372449,0.7992957746478874,0.7963932303597839,0.9411062385317951,-0.02378827376814807,1.7865160902341206,5.071722043885125
78,3,0.15942504753669104,0.5773302250438266,0.7605633802816901,0.751632608242253,0.7605633802816901,0.7520720281283662,0.9211307304603484,0.008898536516792954,1.741301914056142,4.861624677975972
78,4,0.1507999880446328,0.5119155661927329,0.7887323943661971,0.7902763145395981,0.7887323943661971,0.7836418936794339,0.932586886832357,-0.014249589053543454,1.8600899047321744,5.4121227794223365
79,1,0.1571298171248701,0.5352804246875975,0.7676056338028169,0.7602540912650119,0.7676056338028169,0.7584840963687289,0.9206749144484573,-0.029916431318520065,1.8591681785053678,5.4083861112594604
79,2,0.1611834139459663,0.5399573196967443,0.778169014084507,0.7814348097665632,0.778169014084507,0.7721150497780868,0.9253422342881938,0.010045313319486326,1.7835138771269057,5.059452441003588
79,3,0.15224014967679977,0.5241569843557146,0.7693661971830986,0.7667440668499008,0.7693661971830986,0.7660058210297233,0.9252871628434888,-0.05972530971808565,1.7677774495548673,4.965467969576518
79,4,0.14824539009067747,0.5177947034438452,0.7693661971830986,0.7625628997125059,0.7693661971830986,0.7627290311919829,0.924792373620071,0.009674395267391,1.852576282289293,5.41315954261356
80,1,0.14781403582957056,0.49699220061302185,0.7799295774647887,0.7867002335501906,0.7799295774647887,0.7732634101899539,0.9294507919766483,0.0030105887502277495,1.8375193542904324,5.249226265483433
80,2,0.1479374753932158,0.48890669229957795,0.801056338028169,0.7954906398979003,0.801056338028169,0.7959603044869336,0.9345537372371444,-0.030129809149701536,1.7794274820221796,5.00582930776808
80,3,0.1702125353945626,0.6260231932004293,0.7535211267605634,0.7513157208312228,0.7535211267605634,0.7455357724018863,0.9130056525907198,-0.011096982293531399,1.759206149313185,4.941081060303582
80,4,0.16406838016377556,0.5337325185537338,0.7816901408450704,0.78803297813284,0.7816901408450704,0.7761416700193744,0.9228638550694387,0.0019468308489294373,1.8497601747512817,5.41983703772227
81,1,0.15857384726405144,0.5282506628168954,0.7394366197183099,0.7309653680428948,0.7394366197183099,0.7305229258279526,0.9212407783008438,-0.023357903941801483,1.869652999771966,5.382018857532078
81,2,0.1464739843375153,0.5103890299797058,0.7711267605633803,0.7691295563598473,0.7711267605633803,0.7599045304812007,0.9253284609470533,-0.003350786230553515,1.785452061229282,5.026008619202508
81,3,0.13860101170010036,0.4753135359949536,0.7922535211267606,0.792944629019487,0.7922535211267606,0.785083785509441,0.932739776915734,-0.028977988168414237,1.761839939488305,4.948759701516893
81,4,0.1355295487576061,0.4388010799884796,0.7904929577464789,0.7880338536628388,0.7904929577464789,0.7816426936232287,0.9459617245610292,0.0029861791917471514,1.8469864130020142,5.4023105833265515
82,1,0.1455086987051699,0.5032241427236133,0.7869718309859155,0.77975273165532,0.7869718309859155,0.773662367884009,0.9290203909424276,-0.027379706880263477,1.8621712194548712,5.364710913764106
82,2,0.1381882309085793,0.46603573693169487,0.7799295774647887,0.776927392734117,0.7799295774647887,0.7760636180156086,0.9372467702004649,-0.012939045794952753,1.787611378563775,5.072105010350545
82,3,0.1383301495677895,0.48987361126475865,0.7764084507042254,0.7786325282650712,0.7764084507042254,0.768782017783813,0.9283462024207423,-0.01799145235948907,1.7488314376937018,4.880459613270229
82,4,0.1384691699511475,0.45067213310135734,0.7834507042253521,0.7837710874367824,0.7834507042253521,0.7778887577445573,0.9380185664393763,-0.003171377146877985,1.8437140716446772,5.396686964564854
83,1,0.15834782520929971,0.5587024771504931,0.7588028169014085,0.7528597301659584,0.7588028169014085,0.7501834966594098,0.9206125964037581,-0.005041450914384571,1.8463988370365567,5.307420571645101
83,2,0.14191707885927624,0.46305111878448063,0.7975352112676056,0.799584167255024,0.7975352112676056,0.7914878437038976,0.9412319047715008,0.004463502873029879,1.7861961656146579,5.047923445701599
83,3,0.15700996791323027,0.5507462819417318,0.7640845070422535,0.7523546994364223,0.7640845070422535,0.7562805990345244,0.9176018413607687,-0.04434245047926022,1.753245559003618,4.905117928981781
83,4,0.15461288930641282,0.5176881303389868,0.7904929577464789,0.7936957588759271,0.7904929577464789,0.7823758778511606,0.930652554484096,-0.012318091090728123,1.8479570282830133,5.411894970470005
84,1,0.15960870186487833,0.548892092373636,0.7464788732394366,0.7363993268250963,0.7464788732394366,0.7372552295290972,0.9161155490181225,-0.05115420905731738,1.8545158439212375,5.3432067897584705
84,2,0.146269501083427,0.49926934639612836,0.7975352112676056,0.7947422369613741,0.7975352112676056,0.7924334991049556,0.9337503451949127,0.018830889830843023,1.7877770198716059,5.077687912517124
84,3,0.13618945744302538,0.47035060491826797,0.7904929577464789,0.7873018006363371,0.7904929577464789,0.784400677023156,0.9361526318481387,-0.011121144550841455,1.7652548551559448,4.955174273914761
84,4,0.15839237885342705,0.5405666761928134,0.7605633802816901,0.7661098180419617,0.7605633802816901,0.758000672304804,0.9296495639463827,-0.01580551689655163,1.8413047459390428,5.352525167995029
85,1,0.1496299761864874,0.5048250787787967,0.772887323943662,0.7636061750546405,0.772887323943662,0.7634820286990662,0.9231870068554441,-0.0010370405218727008,1.8480524751875136,5.312296761406793
85,2,0.15071114690767395,0.5290692349274954,0.7904929577464789,0.787323010612172,0.7904929577464789,0.7856019402553529,0.9236558321001788,-0.005347883277735166,1.7805266711446974,5.0296586354573565
85,3,0.15291007690959507,0.5276850842767291,0.7799295774647887,0.7713883980407585,0.7799295774647887,0.76914696266223,0.9183118777754399,-0.013097137513538915,1.7646178470717535,4.9443208773930865
85,4,0.16062323790457514,0.5345010227627225,0.772887323943662,0.7762023485283184,0.772887323943662,0.7725710234195716,0.9323385427220832,0.002090694499252921,1.8425169388453166,5.342543138398065
86,1,0.14780430992444357,0.4878821273644765,0.7834507042253521,0.7925187433862795,0.7834507042253521,0.77033778685335,0.9295694727325614,-0.02001554613948997,1.8452718787723117,5.310960253079732
86,2,0.14793361557854545,0.49587344626585644,0.7764084507042254,0.7679434332686331,0.7764084507042254,0.7702747969943354,0.9324539180306419,0.013690515138120585,1.7851407660378351,5.060836659537421
86,3,0.1453502621087763,0.4947109950913323,0.7693661971830986,0.7616044109548533,0.7693661971830986,0.7635179553753496,0.9354655828542033,-0.06021185956414099,1.771550350719028,4.976020044750637
86,4,0.14310346667965254,0.5042510910166634,0.7764084507042254,0.7724177609460704,0.7764084507042254,0.7666906566300922,0.92952639063792,-0.014993665844357018,1.8481851153903537,5.386651065614489
87,1,0.14840457547042105,0.4970710575580597,0.772887323943662,0.768653306056533,0.772887323943662,0.7636995608164582,0.924484687819173,-0.015317898371050465,1.8454775214195251,5.264701816770765
87,2,0.13901438895199034,0.4722798996501499,0.7816901408450704,0.7796723171715407,0.7816901408450704,0.7755153661677523,0.9321588429278465,0.020987649845110368,1.79349285364151,5.100143551826477
87,3,0.14317221608426836,0.5079327540265189,0.7640845070422535,0.7588722702748828,0.7640845070422535,0.7583779126837287,0.9260942532618526,-0.03140462557545609,1.760428739918603,4.930770741568671
87,4,0.14908028518160185,0.49693919387128616,0.7711267605633803,0.775419908863354,0.7711267605633803,0.7591270785419931,0.9302572196332213,0.004109910232814151,1.8521555662155151,5.4115407599343195
88,1,0.15961693806780708,0.5316417151027255,0.7869718309859155,0.7797051017194788,0.7869718309859155,0.7808782736915071,0.9291106283965114,-0.030150164086515163,1.852834145228068,5.354703942934672
88,2,0.15248434452546966,0.5225957913531197,0.7764084507042254,0.7757910712136064,0.7764084507042254,0.7691556273932222,0.9225350257752638,-0.012437565968721476,1.7846152186393738,5.024419201744927
88,3,0.13354038364357418,0.4484598785638809,0.8063380281690141,0.8046820516840908,0.8063380281690141,0.8004031486244347,0.9400717088915758,-0.010551654408070599,1.755154960685306,4.9126453797022505
88,4,0.1541949092513985,0.5352320041921403,0.7482394366197183,0.7440905066060688,0.7482394366197183,0.7421781424750213,0.9261498574572236,-0.015859337532872386,1.860918641090393,5.499628292189704
89,1,0.15642370780309042,0.5268714494175382,0.7764084507042254,0.7711075118943342,0.7764084507042254,0.769128956708668,0.9303952316070654,-0.025016563102331135,1.8535153402222528,5.361015571488275
89,2,0.14000823638505405,0.4499969035387039,0.7940140845070423,0.7940765359935629,0.7940140845070423,0.7888312438733538,0.943728385765994,-0.01862985106120041,1.7814187076356676,5.059501833385891
89,3,0.1525310439368089,0.5281499475240707,0.7517605633802817,0.7501167095702242,0.7517605633802817,0.7479729674904565,0.929448930724837,-0.023465022896738352,1.7696024709277682,4.96326290236579
89,4,0.14597147123681176,0.46148354146215653,0.7904929577464789,0.7964017500303494,0.7904929577464789,0.7842631833142694,0.941615141601815,0.0012352428462650833,1.8422109021080866,5.373952070871989
90,1,0.15487735180391204,0.5270733104811774,0.7623239436619719,0.756439324385365,0.7623239436619719,0.7527653436454002,0.9201605411344893,-0.008737423267118682,1.838558852672577,5.278172413508098
90,2,0.13264920810858408,0.44469427731302047,0.7852112676056338,0.7845076956339929,0.7852112676056338,0.7790909030578402,0.9423637041496875,-0.004464229885085658,1.7749962144427829,5.002366251415676
90,3,0.1370402980181906,0.4847966614696715,0.7852112676056338,0.7777000515031262,0.7852112676056338,0.779661046108237,0.9325668095703672,-0.000597961432395655,1.7611556781662836,4.921349326769511
90,4,0.14368761455019316,0.4871901422739029,0.7922535211267606,0.7876471695047877,0.7922535211267606,0.783698103698759,0.9323423380303997,0.0023697844368596455,1.8474017911487155,5.393333633740743
91,1,0.14455701203809845,0.5048825426234139,0.7623239436619719,0.7594823380303537,0.7623239436619719,0.7595881872579372,0.9252975857104816,-0.028929089054073653,1.8421533438894484,5.28870415687561
91,2,0.15293992973036236,0.5085065679417716,0.7764084507042254,0.7737887034071468,0.7764084507042254,0.7699750729450487,0.9352928716923371,0.00039989360672443297,1.7765032516585455,4.997695638073815
91,3,0.1375754123760594,0.4909858504931132,0.7922535211267606,0.79382879728397,0.7922535211267606,0.7857685336515504,0.9284998702270958,-0.006091273613337389,1.7627261413468256,4.977271530363295
91,4,0.13798775027195612,0.44813748035166,0.7834507042253521,0.7812863132430572,0.7834507042253521,0.778528218245587,0.9394034531175901,-0.02231680475851916,1.8308543033070035,5.373979025416904
92,1,0.1357438609831863,0.44754764272107017,0.7799295774647887,0.7806169453999986,0.7799295774647887,0.7729881141387918,0.9402980054030746,-0.018882239147227198,1.8424867855177984,5.294309496879578
92,2,0.14102783343858188,0.4664768882923656,0.7904929577464789,0.7911896167360558,0.7904929577464789,0.7840813837840673,0.9346722412459338,-0.004709672532173581,1.796122325791253,5.16003319952223
92,3,0.13940733960933155,0.49040544860892826,0.7869718309859155,0.7815194186859864,0.7869718309859155,0.7833052317439655,0.932906417693358,-0.014846707101295209,1.7499058246612549,4.905123194058736
92,4,0.14101318559712833,0.46461626059479183,0.7816901408450704,0.7728243885632639,0.7816901408450704,0.7726718136573978,0.9324990795214843,-0.03338118130451351,1.8534131050109863,5.402711285485162
93,1,0.14285891296135056,0.4813655482398139,0.778169014084507,0.7867735542515969,0.778169014084507,0.7745954027811263,0.9265985892016206,0.006838684242873816,1.8403313822216458,5.269144429100884
93,2,0.1615754109289911,0.534785658121109,0.7605633802816901,0.7532436874274538,0.7605633802816901,0.7547302213420526,0.9288108970076854,0.02186876195286691,1.7840402391221788,5.045489072799683
93,3,0.1566085550520155,0.55275958776474,0.772887323943662,0.7675472917765086,0.772887323943662,0.7648621133996605,0.9251766996284188,-0.022780543113896545,1.7640618748135037,4.950737926695082
93,4,0.14214795331160227,0.47156481444835663,0.7676056338028169,0.7726966730561484,0.7676056338028169,0.7562763523149745,0.9370573230804293,0.005228566262312273,1.8317862219280667,5.321242941750421
94,1,0.15431102944744957,0.5350921468602287,0.7746478873239436,0.7714395170286046,0.7746478873239436,0.7684950572984802,0.9219688180647804,-0.031160123165767217,1.855156295829349,5.34406492445204
94,2,0.12977860950761372,0.43685950173272026,0.795774647887324,0.7975335256718631,0.795774647887324,0.7926760062575837,0.941055549353776,-0.013355590133250272,1.8040743735101488,5.127727362844679
94,3,0.13548052228159374,0.47846850090556675,0.7834507042253521,0.7840467427754183,0.7834507042253521,0.7768819687141933,0.9313983361963281,-0.04116731467843815,1.7691197395324707,4.9754125409656105
94,4,0.14454416227009562,0.4959113746881485,0.7746478873239436,0.7702608535569552,0.7746478873239436,0.7687427718376861,0.9264905054028917,-0.027217209946663434,1.841562185022566,5.402695986959669
95,1,0.1442969354490439,0.4834873742527432,0.7517605633802817,0.7535054549804999,0.7517605633802817,0.7453503825578232,0.9321092248333591,-0.02065987621977805,1.8437922067112393,5.276380909813775
95,2,0.14263046118948194,0.4792506645123164,0.795774647887324,0.7941846154288187,0.795774647887324,0.7902389399397473,0.9391461372662697,0.007873048679299943,1.7851524021890428,5.056418233447605
95,3,0.14004574591914812,0.48991987274752724,0.778169014084507,0.7726887856882685,0.778169014084507,0.7686899822130658,0.9336047759435292,-0.057806626844646214,1.779273808002472,5.0555596086714
95,4,0.1494681868288252,0.49161504374610054,0.795774647887324,0.7941999053142383,0.795774647887324,0.792529889965361,0.9360766765097347,-0.02144538103858351,1.8418457176950243,5.4169866111543445
96,1,0.1426694898141755,0.4906297441985872,0.7764084507042254,0.776180872115451,0.7764084507042254,0.7700865592347519,0.9279416971168848,-0.038495629603557235,1.8595398134655423,5.354254921277364
96,2,0.15069745439622137,0.5125136309199863,0.7640845070422535,0.7588354900028521,0.7640845070422535,0.7584458484741626,0.9287771148819846,0.002828840294546442,1.7866280012660556,5.035153177049425
96,3,0.13777476052443186,0.47576137218210435,0.7693661971830986,0.7686659166720888,0.7693661971830986,0.766995396701496,0.9307849015378132,-0.009157508808591341,1.7605671286582947,4.9237216048770485
96,4,0.16583587477604547,0.5572006967332628,0.7693661971830986,0.7647541769557747,0.7693661971830986,0.7643819841056949,0.9216338962779171,-0.038992425903086714,1.8502929939164057,5.41505151324802
97,1,0.1517892065975401,0.5110633009009891,0.7588028169014085,0.7486697143646192,0.7588028169014085,0.7489958377800231,0.922899073400473,0.025917824822587088,1.8551538719071283,5.35907248655955
97,2,0.15249852504995134,0.520416236586041,0.7711267605633803,0.7757316782418925,0.7711267605633803,0.7646361841727872,0.9289592556989252,-0.00724403060030232,1.7727429866790771,5.025965518421597
97,3,0.15842165218459237,0.5563051303227743,0.7588028169014085,0.7542668336904963,0.7588028169014085,0.7544472395813053,0.9265377729251508,-0.02937312385398272,1.7627805140283372,4.940317538049486
97,4,0.1530123833152983,0.5263814330101013,0.7746478873239436,0.7658047814071188,0.7746478873239436,0.7657785443949633,0.9295200802141709,-0.0007340258745571759,1.8373510638872783,5.322391668955485
98,1,0.1530122326480018,0.5370912046896087,0.7605633802816901,0.7611944082540165,0.7605633802816901,0.7560596059686954,0.922830543510534,0.010413871890305737,1.8341750899950664,5.227307571305169
98,2,0.1709738973942068,0.5742759191327624,0.7816901408450704,0.786021298149382,0.7816901408450704,0.7754424103879599,0.9243846106829391,0.007418720058890327,1.7855925758679707,5.052728176116943
98,3,0.15406802338030604,0.5182221581538519,0.7623239436619719,0.7610101476038036,0.7623239436619719,0.7580688467955992,0.9329357204975509,-0.03871343948445083,1.774453534020318,5.0164581007427635
98,4,0.14228120777342054,0.4886383050017887,0.7799295774647887,0.7765815687199351,0.7799295774647887,0.7675476473776849,0.9309213662768632,0.0022236019492218873,1.854947527249654,5.415722794002956
99,1,0.1446827654209402,0.4993647179669804,0.7676056338028169,0.7623033516640572,0.7676056338028169,0.7629193463612864,0.9318605438365937,-0.03207644879365801,1.83352612124549,5.25269431538052
99,2,0.14365004375576973,0.4965736319621404,0.778169014084507,0.7790147167940572,0.778169014084507,0.7748195246945446,0.9315209684782133,0.013490645142682722,1.7847394943237305,5.028172850608826
99,3,0.15968747271431816,0.5493822346131007,0.7552816901408451,0.7483335880379436,0.7552816901408451,0.7458690922314524,0.9225652154413959,-0.0011670449646408176,1.7584064073032803,4.909282432662116
99,4,0.1493787123925156,0.49310733129580814,0.778169014084507,0.7757228201797116,0.778169014084507,0.7708710547616557,0.9325037686962583,-0.006047966307634711,1.8423818283610873,5.423374109798008
100,1,0.14736210679014525,0.5121927277909385,0.7693661971830986,0.7680782563731099,0.7693661971830986,0.7632801916615658,0.9279708850474241,-0.025956269938870458,1.861134648323059,5.307453221744961
100,2,0.1494432563583056,0.5323560386896133,0.7746478873239436,0.7803884398878626,0.7746478873239436,0.7726131109249806,0.9288486488602502,0.01720665903114249,1.7763045099046495,5.026976135041979
100,3,0.1420656517148018,0.5067207266887029,0.7605633802816901,0.7557611421333095,0.7605633802816901,0.7474137771891058,0.9261918513833157,-0.040264220011117846,1.773745940791236,5.023532562785679
100,4,0.14533009462886387,0.4617212050490909,0.7852112676056338,0.7810396100945851,0.7852112676056338,0.7798740650438558,0.9413227894196541,-0.022170870573094303,1.8546947505739,5.455072906282213
101,1,0.14225395934449303,0.48268866539001465,0.801056338028169,0.8026055261552666,0.801056338028169,0.7911605140995546,0.928229120654316,-0.003541162726001801,1.8548643853929307,5.333528916041057
101,2,0.13641567652424177,0.45450742542743683,0.7887323943661971,0.7849703872332523,0.7887323943661971,0.7832011947453523,0.9444405327883402,-0.012192350211463365,1.7766435941060383,4.966715786192152
101,3,0.11707608236206903,0.4110883871714274,0.8080985915492958,0.8047916851834582,0.8080985915492958,0.8005602175013805,0.9432605212656373,-0.007103127224596273,1.75459000799391,4.900753193431431
101,4,0.13189242407679558,0.44309790598021614,0.7887323943661971,0.7868108587596276,0.7887323943661971,0.7825989916331969,0.9418881039531765,-0.000529229095351802,1.8297445045577154,5.333271066347758
102,1,0.1343178939488199,0.4490944941838582,0.7922535211267606,0.7963154666438343,0.7922535211267606,0.7881708816590123,0.9401610422823693,0.008567582483944625,1.8438168962796528,5.232763608296712
102,2,0.1435757407711612,0.4489053868585163,0.7992957746478874,0.7964745850202272,0.7992957746478874,0.793707433521653,0.9458815158772264,-0.059018857544527625,1.7922926147778828,5.050837477048238
102,3,0.13737215308679473,0.4733901603354348,0.7869718309859155,0.780224156466907,0.7869718309859155,0.7783058428760443,0.9292938846468017,0.03859751867726269,1.7697008848190308,5.0038093196021185
102,4,0.14544932461447185,0.471835646364424,0.7746478873239436,0.7702150960714867,0.7746478873239436,0.7678714325722359,0.9356152512295566,-0.057211953436751894,1.863551417986552,5.488613194889492
103,1,0.15087927877902985,0.5120108177264532,0.7570422535211268,0.7578979216445745,0.7570422535211268,0.7502949691672297,0.9314075917480138,-0.02996627724354184,1.8500862916310628,5.335644827948676
103,2,0.13517272513773707,0.4640995032257504,0.7975352112676056,0.7983881485607301,0.7975352112676056,0.7935188578827016,0.9352777283964302,0.01843096533577948,1.7817783885531955,5.018266028828091
103,3,0.13482619490888384,0.461626754866706,0.801056338028169,0.8017222386044344,0.801056338028169,0.7977572319703086,0.9427119398251221,-0.01885695177658775,1.7551526758405898,4.904563532935248
103,4,0.1447478545208772,0.4877130273315642,0.7852112676056338,0.7857375232674806,0.7852112676056338,0.7771820233234993,0.9321248420884498,-0.01029732344683798,1.8495119545194838,5.408239112959968
104,1,0.1465478411151303,0.5013866325219473,0.7852112676056338,0.7824138718319961,0.7852112676056338,0.7793977124006335,0.9318420959729948,-0.002141732703469401,1.8485180073314242,5.311597320768568
104,2,0.1309281297855907,0.45450406273206073,0.7992957746478874,0.8071105060767101,0.7992957746478874,0.7922357535196822,0.9378502531020888,-0.004123932041401046,1.7806717819637723,5.041764934857686
104,3,0.127084046188328,0.45338164104355705,0.7887323943661971,0.7856417910426244,0.7887323943661971,0.7814473350098649,0.9366118402129877,-0.021342590521205684,1.7640415959888034,4.94750267929501
104,4,0.14070719356338182,0.47282513976097107,0.7869718309859155,0.7838980592016047,0.7869718309859155,0.7785621440635442,0.9357554271591757,0.016555078096909703,1.822883619202508,5.330305973688762
105,1,0.12994861023293602,0.4589597036441167,0.772887323943662,0.7761464163437686,0.772887323943662,0.7675864465087021,0.9318184981778522,-0.034998183578129005,1.8544943531354268,5.346807453367445
105,2,0.12456649210717943,0.4224465580450164,0.801056338028169,0.8045038393244265,0.801056338028169,0.8005317477031835,0.9435797956702271,-0.0030266301095887016,1.7775577770339117,5.00471391942766
105,3,0.12051419003142251,0.4171498517195384,0.7816901408450704,0.7779649627553124,0.7816901408450704,0.7729000542196687,0.9410637223875622,-0.02265772809566058,1.7676446040471394,4.987247069676717
105,4,0.1408837822576364,0.4644411818848716,0.8098591549295775,0.8133607825183039,0.8098591549295775,0.8036272024543456,0.9400340990425384,-0.012378078914089485,1.8392176694340177,5.343845844268799
106,1,0.13053113346298537,0.45100819567839306,0.7922535211267606,0.791418351098138,0.7922535211267606,0.7859673395448533,0.9397227708822434,-0.0062838230430468656,1.8408082922299702,5.2521211703618365
106,2,0.12667052406403753,0.43325891759660506,0.8186619718309859,0.8138501790216427,0.8186619718309859,0.8131127911056714,0.9447218110357768,0.006219959017794818,1.7820203767882452,5.006182445420159
106,3,0.13379142185052237,0.48798153218295837,0.7764084507042254,0.770036755194233,0.7764084507042254,0.7705097063393229,0.9324776280469149,0.013313207569888408,1.7513350976838007,4.836547334988912
106,4,0.13623554673459795,0.4476287638147672,0.7869718309859155,0.7847275039564511,0.7869718309859155,0.7784260563380282,0.9436708648351075,0.017821131870160656,1.832708716392517,5.336188501781887
107,1,0.13897506768504778,0.483405116531584,0.772887323943662,0.7686664603953023,0.772887323943662,0.7664078298967195,0.9288603189366169,-0.007704656528654263,1.8517697585953607,5.322727640469869
107,2,0.13364304477969804,0.46521616809897953,0.7975352112676056,0.7981815617057031,0.7975352112676056,0.7936573817643778,0.9383003191769672,-0.014100892583383429,1.7732101811303034,4.989258580737644
107,3,0.13508691431747544,0.4936399401889907,0.7746478873239436,0.777131220931508,0.7746478873239436,0.7709755511805261,0.931519356586076,0.0027435003139724135,1.7582360638512506,4.923834840456645
107,4,0.14081312840183577,0.49830515268776154,0.778169014084507,0.7956239425945594,0.778169014084507,0.7750772221877226,0.9326228168430767,0.000969237711817561,1.824153549141354,5.326096375783284
108,1,0.12770388979050848,0.4250536180204815,0.8045774647887324,0.8005976372440818,0.8045774647887324,0.7956554132378112,0.9411370438466398,0.009854238947976102,1.8456617063946195,5.327856381734212
108,2,0.14118683876262772,0.4942787074380451,0.8045774647887324,0.8120068123750328,0.8045774647887324,0.7989140797255665,0.9397358020952313,-0.045371873782645844,1.7918980452749464,5.052716294924418
108,3,0.14213208854198456,0.5017542872163985,0.7517605633802817,0.745899807012516,0.7517605633802817,0.7475257480625628,0.9290692650144059,0.022498834326312278,1.7569050656424627,4.885484178860982
108,4,0.14790003250042597,0.4839268922805786,0.7940140845070423,0.8004169443376191,0.7940140845070423,0.7847433069367817,0.9383197023280133,0.0048525476642092835,1.8554848697450426,5.400241361724006
109,1,0.1512430359919866,0.530035267273585,0.7746478873239436,0.7674266282148533,0.7746478873239436,0.7682455375676605,0.9131236144207031,-0.10330706218863805,1.8575569457477994,5.393531945016649
109,2,0.12471330952313212,0.3958513074451023,0.8169014084507042,0.8098572067203904,0.8169014084507042,0.8074532848166383,0.9493592659590789,-0.0012702520615384127,1.793999777899848,5.098476264211866
109,3,0.12978430754608578,0.46403033369117314,0.8080985915492958,0.8092361285996383,0.8080985915492958,0.8011343511663261,0.9349248738751664,-0.010968711619105065,1.747199277083079,4.874348097377354
109,4,0.12458408168620533,0.4015803221199248,0.8098591549295775,0.8129107981220657,0.8098591549295775,0.8028951266655049,0.9465659981456147,0.0008317807160201918,1.8451403114530776,5.378757794698079
110,1,0.12466471269726753,0.4246620270940993,0.7940140845070423,0.7972438116075171,0.7940140845070423,0.7865772607160112,0.9391905757162737,-0.016639131587826483,1.839278711213006,5.268818431430393
110,2,0.12846284359693527,0.4407355354891883,0.8133802816901409,0.8095778306875309,0.8133802816901409,0.8098421678033026,0.9462915786483768,-0.0019944612578191023,1.789683269129859,5.043656746546428
110,3,0.122103544159068,0.42423445648617214,0.8063380281690141,0.8060880977087522,0.8063380281690141,0.7977417653765322,0.9398686352619843,-0.03262378521067233,1.7749463783370123,5.014762295616998
110,4,0.13672608468267652,0.4568006313509411,0.7922535211267606,0.7957995841623102,0.7922535211267606,0.7897484815522452,0.9359185824090165,0.009978117865648506,1.833058926794264,5.329186969333225
111,1,0.1462255720463064,0.4784422947300805,0.772887323943662,0.7760866024331626,0.772887323943662,0.7683533983913142,0.932398733737361,-0.029389788121205074,1.8710533446735806,5.413771695560879
111,2,0.13517593923542234,0.45064470337496865,0.7904929577464789,0.7857831387828039,0.7904929577464789,0.7862540014423924,0.9408857139762303,-0.03453355940282954,1.7936113940344915,5.067837609185113
111,3,0.1328957983189159,0.45816494193341994,0.7799295774647887,0.7737110497207845,0.7799295774647887,0.7731797559428552,0.9388287197698792,-0.006953757734338373,1.7712745666503906,4.958150996102227
111,4,0.1337361472348372,0.4642965743939082,0.7746478873239436,0.7815233288147747,0.7746478873239436,0.7716166223213714,0.9375576840235693,-0.027925936423716546,1.8446596927113004,5.401011294788784
112,1,0.13628721858064333,0.4541466650035646,0.7922535211267606,0.7952592213161707,0.7922535211267606,0.7869458552876512,0.9368345419164503,-0.033989476349655545,1.8492233488294814,5.3064711226357355
112,2,0.12520969327953127,0.435735993915134,0.801056338028169,0.8056412280898689,0.801056338028169,0.7974944257991202,0.9421717555852831,-0.036341053184147265,1.7910659180747137,5.079856263266669
112,3,0.1326400563120842,0.49309782849417794,0.7746478873239436,0.7761099129854112,0.7746478873239436,0.7706261434318271,0.9334381975737616,0.028484179909364693,1.7619533605045743,4.95978061358134
112,4,0.16009463452630573,0.5319613085852729,0.7588028169014085,0.7562549625821271,0.7588028169014085,0.7532338710162345,0.9341447127101337,-0.04398478206392342,1.8413010703192816,5.36315655708313
113,1,0.13518639612529013,0.47142162753476036,0.7676056338028169,0.7786502241654477,0.7676056338028169,0.7633395267939375,0.932936898175946,0.05670233897920285,1.8355773488680522,5.235989597108629
113,2,0.1269824786318673,0.4447234984901216,0.7992957746478874,0.7983451407833649,0.7992957746478874,0.7971220666363747,0.937881266835098,-0.08567219769439638,1.7786491711934407,5.037752641571893
113,3,0.12534268159005377,0.4474482147230042,0.7922535211267606,0.7910643076045538,0.7922535211267606,0.7882655408308861,0.9443000061057109,0.04715192150280778,1.7662551667955186,4.941567129558987
113,4,0.14066113779942194,0.48034973856475616,0.7834507042253521,0.7910495839635129,0.7834507042253521,0.7765049653143207,0.9328073783699129,-0.026860084067034995,1.8548084033860102,5.416076143582662
114,1,0.1260010591811604,0.428035878472858,0.7693661971830986,0.7674702345428503,0.7693661971830986,0.7600310659315171,0.9381255600352759,-0.012153492964156243,1.8551910585827298,5.3199525409274635
114,2,0.12766332344876397,0.4125145855877135,0.8186619718309859,0.8217785397541902,0.8186619718309859,0.8131668604760353,0.9471284519754385,-0.013371135368729359,1.7888721360100641,5.044663190841675
114,3,0.12832374829385015,0.4501425491438972,0.7922535211267606,0.7904224248954494,0.7922535211267606,0.7861321434988263,0.9396203931773487,-0.009856301644030507,1.7431111931800842,4.8778301742341785
114,4,0.13242409916387665,0.4244491375154919,0.8221830985915493,0.8317390018744192,0.8221830985915493,0.8196283833912227,0.9474414745357553,-0.015379336895749551,1.8465621802541945,5.396491924921672
115,1,0.1285196157793204,0.44957777774996227,0.7975352112676056,0.8052632345972986,0.7975352112676056,0.7947082602465144,0.940338887685106,-0.00024361888728008374,1.840161124865214,5.316155195236206
115,2,0.1202865665157636,0.4041251482235061,0.8098591549295775,0.8116753881532126,0.8098591549295775,0.8083291497012867,0.9493248308506888,-0.010886084386039219,1.785034888320499,5.038221147325304
115,3,0.12277103505200809,0.43774791558583576,0.7834507042253521,0.7918500884327321,0.7834507042253521,0.7795873967170969,0.9387580215319394,-0.0023891596895901923,1.7534474068217807,4.845039579603407
115,4,0.12639621024330458,0.42492419315709007,0.795774647887324,0.796284294383576,0.795774647887324,0.7902303338477285,0.9427984809765098,-0.007907145704149965,1.8519190748532612,5.471999645233154
116,1,0.1293234634730551,0.42718448903825545,0.8098591549295775,0.8108962993601498,0.8098591549295775,0.8065476087777516,0.9463309945536043,-0.022429237175189076,1.8428132600254483,5.277756651242574
116,2,0.12164130020472738,0.41413453552458024,0.823943661971831,0.822925643987713,0.823943661971831,0.8195405933901743,0.9445886542202873,-0.00429635320419508,1.7767937514517043,5.004322118229336
116,3,0.11630151834752825,0.4099161583516333,0.8080985915492958,0.8059843997930899,0.8080985915492958,0.8060812411561173,0.9450338200252701,-0.001975466869639897,1.7594681514634027,4.91023412015703
116,4,0.12278795780407058,0.4004284391800563,0.8151408450704225,0.8143715049039277,0.8151408450704225,0.8121406681387254,0.9484798536016923,0.009165772672409256,1.8389457331763372,5.380278322431776
117,1,0.12081487849354744,0.42264189488357967,0.7834507042253521,0.7924990251804397,0.7834507042253521,0.7800201815895481,0.9424101346931008,-0.025574555501718832,1.8363415863778856,5.253512859344482
117,2,0.11843173247244623,0.39527101318041485,0.823943661971831,0.8221536371316946,0.823943661971831,0.8195229799703924,0.9530135573781441,0.03359726767072191,1.7632119258244832,4.908293790287441
117,3,0.11863153427839279,0.4168604165315628,0.7940140845070423,0.7926357540937997,0.7940140845070423,0.7874497850394073,0.9438319502144954,-0.01856030855952695,1.75699872440762,4.920540822876824
117,4,0.12647727752725282,0.4206461426284578,0.8221830985915493,0.8222788990032522,0.8221830985915493,0.8165314334401763,0.9448375566850626,0.010819956543680287,1.84836827384101,5.386206812328762
118,1,0.13809621002939013,0.49465594357914394,0.7799295774647887,0.7734236512486754,0.7799295774647887,0.7722031111399581,0.9301285426250441,-0.021905199926476993,1.8407943381203546,5.27602203687032
118,2,0.12406658919321166,0.4301614181862937,0.8186619718309859,0.8236548980527939,0.8186619718309859,0.8134683511691968,0.9408637256861474,0.005523660630815552,1.7737102044953241,4.958057880401611
118,3,0.12988776879178154,0.46511708117193645,0.7869718309859155,0.7885702237093901,0.7869718309859155,0.7844468873677797,0.9387568121923431,0.023775282966454037,1.7537673910458882,4.88861784670088
118,4,0.1500575045744578,0.5349317830469873,0.7693661971830986,0.7755184658651809,0.7693661971830986,0.7629474131471189,0.921513153925629,-0.02099218170772099,1.839438133769565,5.295086529519823
119,1,0.14778830897476938,0.4893582198354933,0.7693661971830986,0.7769066696678526,0.7693661971830986,0.7668953583542203,0.9342442618076956,0.043426385843896353,1.8315312796168857,5.249957097901238
119,2,0.13854122534394264,0.4816479418012831,0.7975352112676056,0.7969001001589225,0.7975352112676056,0.7914675760040454,0.9384115858887417,-0.053925160500639446,1.7973370883199904,5.075564477178785
119,3,0.1498731312652429,0.5255929513110055,0.7658450704225352,0.7584079851634814,0.7658450704225352,0.7565255422487516,0.9296063689790104,-0.010720144204816595,1.7740742431746588,5.031960169474284
119,4,0.1511370659702354,0.5100493331750234,0.7834507042253521,0.7816175321845229,0.7834507042253521,0.7782400508576425,0.9302951378062867,0.005875732263674549,1.8630151947339375,5.451829102304247
120,1,0.14747435516781277,0.4832686003711488,0.7940140845070423,0.7929695570493178,0.7940140845070423,0.7890154179719553,0.9374694650397719,-0.04594627262306661,1.8411804702546861,5.26426997449663
120,2,0.13834650276435745,0.459551344315211,0.8098591549295775,0.8088774930476033,0.8098591549295775,0.802081680952234,0.9394566244186652,0.002494288937559652,1.7822723189989726,5.0173926088545056
120,3,0.13543997622198528,0.46169218089845443,0.7887323943661971,0.787915468257893,0.7887323943661971,0.7862209757092736,0.9408862461170734,-0.013401832943531922,1.7623387575149536,4.974255985683865
120,4,0.13898416815532577,0.4526990056037903,0.7869718309859155,0.7879008760955166,0.7869718309859155,0.779720582995657,0.943469325325183,0.0047858208468164465,1.841178423828549,5.356646365589565
121,1,0.12873576374517548,0.4321034534109963,0.7816901408450704,0.7842046907784592,0.7816901408450704,0.7768147635439943,0.9415207733503104,-0.03793207533498588,1.8449672195646498,5.340948700904846
121,2,0.13010323834088114,0.4479554792245229,0.7816901408450704,0.7785304420091255,0.7816901408450704,0.7793496872725565,0.9343012094091377,0.006581275106045781,1.7916509442859225,5.053054597642687
121,3,0.13020569582780203,0.45331603785355884,0.7834507042253521,0.7814073489882798,0.7834507042253521,0.7708318104407702,0.9399133918001255,-0.027361660075988947,1.7589328951305814,4.931102315584819
121,4,0.1255436051223013,0.4224851247337129,0.8204225352112676,0.8263558356829942,0.8204225352112676,0.8177101604736055,0.946940032467388,0.00521519658588665,1.8416152132882013,5.358013298776415
122,1,0.1313819574813048,0.45182453013128704,0.795774647887324,0.7893024405408793,0.795774647887324,0.7864192781643864,0.9386661341439998,-0.01985598300034197,1.8475728564792209,5.322259081734551
122,2,0.11618477354447047,0.38795793801546097,0.8380281690140845,0.8365162848303253,0.8380281690140845,0.832279819266476,0.9521083169297446,0.006398044432846195,1.7722800771395366,4.998870491981506
122,3,0.11973888799548149,0.4137004580762651,0.7992957746478874,0.7967449128810863,0.7992957746478874,0.7935823368893759,0.9487512980743191,-0.02616380616443048,1.7602269517050848,4.924692167176141
122,4,0.12517153099179268,0.43020308680004543,0.8098591549295775,0.8105204398995031,0.8098591549295775,0.8071271122169895,0.9475757074453584,0.020269912678104296,1.8354334235191345,5.3396591080559626
123,1,0.1286858411298858,0.43467159734831917,0.7799295774647887,0.7843788576871858,0.7799295774647887,0.7742026619547566,0.9431018345971921,0.006441188305369994,1.85829093058904,5.3804993232091265
123,2,0.12422575429081917,0.4148389647404353,0.8116197183098591,0.8053789773300168,0.8116197183098591,0.8052361132650186,0.9445385855754498,-0.02569228215400088,1.7744556599193149,4.991321682929993
123,3,0.12461998934547107,0.4392453125781483,0.795774647887324,0.7907157129280747,0.795774647887324,0.7894423594331289,0.940023299454001,0.00583986851167817,1.7556381689177618,4.876613325542873
123,4,0.12760640266868803,0.4177730249034034,0.8080985915492958,0.8127598331891456,0.8080985915492958,0.8011806021504699,0.9453226172540357,-0.02905353757005269,1.8451142178641424,5.376421385341221
124,1,0.12872003929482567,0.444908211628596,0.7992957746478874,0.8073722626328144,0.7992957746478874,0.7958839314527649,0.9461773728876222,-0.033147142591431145,1.8535058630837336,5.349395036697388
124,2,0.12478093347615665,0.4347323973973592,0.801056338028169,0.7955298784062195,0.801056338028169,0.7939395896845407,0.940066487548868,-0.0073424876121548355,1.7794986698362563,5.004468414518568
124,3,0.12074285787012842,0.430504216088189,0.801056338028169,0.8003094880877853,0.801056338028169,0.7974733690690324,0.9437014777186459,9.212777003164696e-05,1.7526673674583435,4.862868083847894
124,4,0.12411117098397678,0.41092683292097515,0.7940140845070423,0.7877480692469847,0.7940140845070423,0.7836564716050839,0.9438310422730918,-0.006158115209435655,1.8376067214541965,5.336625814437866
125,1,0.12650814735227162,0.4316018182370398,0.7887323943661971,0.7850303741385517,0.7887323943661971,0.783039277002884,0.9419240865637106,0.019148041242324165,1.8324235611491733,5.274685064951579
125,2,0.11837600751055612,0.39641699691613513,0.8186619718309859,0.8220420875734368,0.8186619718309859,0.814638624312539,0.9505266571715834,-0.07813640637762687,1.7857496473524306,5.032607290479872
125,3,0.1287425077623791,0.45092498593860203,0.7834507042253521,0.7790914153920171,0.7834507042253521,0.7804776602717315,0.9417990435965856,0.04607245462162246,1.752203987704383,4.903798672888014
125,4,0.12176964059472084,0.40055154512325924,0.801056338028169,0.8024326140169397,0.801056338028169,0.7910643315871015,0.9496139024475576,-0.00576771701165435,1.8376762668291728,5.29351466231876
126,1,0.13028077160318693,0.45685260246197384,0.7852112676056338,0.7875378974416596,0.7852112676056338,0.7810448295614515,0.9393620427340881,0.012942261432868252,1.8337812556160822,5.2506971889072
126,2,0.12447892336381806,0.4098775204684999,0.8186619718309859,0.8208008700585284,0.8186619718309859,0.8142792020876644,0.9515814051312416,-0.013861613274509077,1.781754155953725,5.011509590678745
126,3,0.12492883991863993,0.4138291875521342,0.8204225352112676,0.8255410997312036,0.8204225352112676,0.8149401594190214,0.9481350405319651,-0.03965160269792789,1.778618699974484,5.0090690983666315
126,4,0.1337629933324125,0.4492186125781801,0.8098591549295775,0.8100369187357437,0.8098591549295775,0.8077471621039938,0.9471665914661108,-0.005675066318316491,1.849167803923289,5.374589893552992
127,1,0.14082018327381876,0.484947082069185,0.7834507042253521,0.7846752514098981,0.7834507042253521,0.7743634583303269,0.9300747269314196,-0.029146842620078717,1.8529529836442735,5.313256661097209
127,2,0.12266764003369543,0.40834477295478183,0.8133802816901409,0.8152420229368103,0.8133802816901409,0.8079051880555991,0.9456449458478641,0.039433255947034174,1.7527086668544345,4.947369164890713
127,3,0.12160868611600664,0.4289492708113458,0.801056338028169,0.7937052553690341,0.801056338028169,0.7915479961563208,0.9460768704075018,-0.00734357324116619,1.7538489235772028,4.9235238499111595
127,4,0.1395131361981233,0.4685075125760502,0.7922535211267606,0.8026973941376389,0.7922535211267606,0.7894151154641826,0.9409360806477061,-0.002961835054595907,1.8421205083529155,5.377777920828925
128,1,0.12486977212958866,0.4242011747426457,0.7992957746478874,0.7975747990643918,0.7992957746478874,0.7930831468743849,0.9420195673250127,-0.016802664512615806,1.8475511338975694,5.3148001829783125
128,2,0.11949166655540466,0.3977917780478795,0.8116197183098591,0.8151244935264191,0.8116197183098591,0.808348230966163,0.94900280933153,-0.0265568717901965,1.7899599406454298,5.085103193918864
128,3,0.11551792091793484,0.4111321535375383,0.7992957746478874,0.7929616747055881,0.7992957746478874,0.7939595232784029,0.9466724933700941,0.017448726440135953,1.7330142789416842,4.811351590686375
128,4,0.12945501340760124,0.4406685158610344,0.7922535211267606,0.7949065894969856,0.7922535211267606,0.7862502642730316,0.9441493943573083,0.012808695358649036,1.8337188694212172,5.311116205321418
129,1,0.13342113461759356,0.47788680924309623,0.8045774647887324,0.8082334241283189,0.8045774647887324,0.7981526659604029,0.9330849059726427,-0.03455510519849758,1.8358828226725261,5.323474923769633
129,2,0.12357693620853955,0.4240126030312644,0.8169014084507042,0.8189087502333187,0.8169014084507042,0.8136391498219062,0.9454288680769314,0.02409747010734975,1.7679457465807598,4.9834054708480835
129,3,0.1208358080022865,0.41384932729933,0.8151408450704225,0.8242780449587181,0.8151408450704225,0.8098574265607289,0.9480879320789786,-0.006001260463044833,1.7628747820854187,4.936861091189915
129,4,0.127147043744723,0.43884312609831494,0.8028169014084507,0.8131521153062164,0.8028169014084507,0.799466425632399,0.9412586356012549,-0.01062603308515686,1.830005685488383,5.315622197257148
130,1,0.12873060380419096,0.46024133016665775,0.7852112676056338,0.7908641954822132,0.7852112676056338,0.7789008957746698,0.9383589108586922,-0.007430666902240146,1.825360827975803,5.224227454927233
130,2,0.11907567953070004,0.40221350888411206,0.8204225352112676,0.8162096613528556,0.8204225352112676,0.8138156760139501,0.9460686838158121,0.01069946076087569,1.777302410867479,5.010097331470913
130,3,0.11530272248718473,0.419548350903723,0.8098591549295775,0.8072654333958722,0.8098591549295775,0.8059516675073566,0.9460217643955562,0.006954932693184812,1.760776850912306,4.9328719642427235
130,4,0.12839997311433157,0.3974319224556287,0.8028169014084507,0.8025051047946687,0.8028169014084507,0.7948152420840835,0.9466296163388408,-0.01115255585402819,1.8576049274868436,5.400801433457269
131,1,0.12833433391319382,0.4264214005735185,0.7887323943661971,0.7845552663769443,0.7887323943661971,0.784738099294693,0.9455585533179223,-0.012892093210561617,1.8390390011999342,5.291537324587504
131,2,0.13320476479000515,0.45063073767556083,0.778169014084507,0.788796817206164,0.778169014084507,0.7760937939985085,0.9428653507427593,-0.004654960701717892,1.7832246290312872,5.035967985788981
131,3,0.12647920308841598,0.4498368865913815,0.795774647887324,0.7935608846545052,0.795774647887324,0.7860507298976055,0.9410657837569998,-0.033411151638351066,1.7586713234583538,4.92135927412245
131,4,0.1259719907409615,0.41813695430755615,0.8186619718309859,0.8223587929017725,0.8186619718309859,0.8150745340508248,0.9498946502039246,0.022084676836717554,1.8224990566571553,5.307313296529982
132,1,0.12587817965282333,0.4321379255917337,0.8063380281690141,0.8090208717272134,0.8063380281690141,0.8011381900481411,0.9419179186758329,-0.025939701376535673,1.8529194129837885,5.322334090868632
132,2,0.11389685463574198,0.37980101423131096,0.8257042253521126,0.8235128718580902,0.8257042253521126,0.8224089169686508,0.9532834727521096,-0.013230347619578087,1.7935699886745877,5.1059898138046265
132,3,0.11366507535179456,0.3889481739865409,0.8204225352112676,0.8279477882567164,0.8204225352112676,0.8179824220256744,0.9524007312072873,-0.015262042825467281,1.7544492549366422,4.92679414484236
132,4,0.12582012390096983,0.43218403889073265,0.7975352112676056,0.8007105309198528,0.7975352112676056,0.7906685807293973,0.9420284497830975,-0.04191778345481967,1.8381172286139593,5.472066203753154
133,1,0.12737780892186695,0.437759753730562,0.8080985915492958,0.8043322322941645,0.8080985915492958,0.8004099495812836,0.9461189602590777,0.0017233715970801367,1.8630716469552782,5.421691457430522
133,2,0.11723759935961829,0.4036070572005378,0.8186619718309859,0.8152383027322612,0.8186619718309859,0.8127557170623909,0.9499542056713584,-0.03197418206486713,1.7649420499801636,4.9467059638765125
133,3,0.12019764176673359,0.43081093579530716,0.8028169014084507,0.8030261392423416,0.8028169014084507,0.7997036577904956,0.9435760529363061,0.019247490507559806,1.7368918458620708,4.865487178166707
133,4,0.12494898173544142,0.4268959139784177,0.7887323943661971,0.7862153247036743,0.7887323943661971,0.7825024485340804,0.9451715712911894,-0.008273823855545981,1.8330137067370944,5.342002789179484
134,1,0.1317026052210066,0.4529965329501364,0.7940140845070423,0.7912087660059977,0.7940140845070423,0.7863435781045967,0.9425618419170942,0.0023361346436818753,1.841799345281389,5.311608115832011
134,2,0.13166185261474717,0.46207596113284427,0.8116197183098591,0.8109779016562548,0.8116197183098591,0.8091104095839404,0.9403808936540077,-0.048284735177325455,1.7926551832093134,5.080072866545783
134,3,0.12334131615029441,0.4506899010803964,0.7992957746478874,0.8058202887567333,0.7992957746478874,0.7954657264578322,0.94389638241637,0.029701945981852274,1.753646108839247,4.908471200201246
134,4,0.13321933067507213,0.4228470242685742,0.8028169014084507,0.799132332285065,0.8028169014084507,0.796213207057237,0.9446376183509418,-0.03888392546526931,1.8533448841836717,5.442262636290656
135,1,0.12512761933936012,0.42419666217433083,0.8028169014084507,0.8018844266574048,0.8028169014084507,0.7980143639292432,0.9437874392772282,0.014381497229555729,1.836832218699985,5.23499239815606
135,2,0.12289288308885363,0.421381210287412,0.7904929577464789,0.7880265795294715,0.7904929577464789,0.7853523036087054,0.9414052055196217,0.001100609810513964,1.761141174369388,4.951260672675239
135,3,0.12937126722600725,0.4528457605176502,0.7869718309859155,0.7793384230835996,0.7869718309859155,0.7793984062681297,0.9408643412828607,0.024441691877465033,1.7658577230241563,4.973701556523641
135,4,0.12985950211683908,0.4168810298045476,0.8186619718309859,0.8229430954685659,0.8186619718309859,0.8116057880693255,0.9479954685370147,-0.04495374117986861,1.8471469283103943,5.4044201374053955
136,1,0.14518678395284546,0.5045532898770438,0.7799295774647887,0.777116126694134,0.7799295774647887,0.7753501294468408,0.9269552956322393,-0.011984918590070448,1.8324228922526042,5.301702366934882
136,2,0.1364339722527398,0.48122471074263257,0.7922535211267606,0.7976960135203714,0.7922535211267606,0.7888492063492064,0.9410894131282329,0.008570033577733005,1.7789811227056715,5.022835824224684
136,3,0.12074235743946499,0.404823480380906,0.8133802816901409,0.8069288188043432,0.8133802816901409,0.8081595389693023,0.9520268953730562,-0.02171975308893126,1.748102029164632,4.873389641443889
136,4,0.13660351269774967,0.45834183279010987,0.7940140845070423,0.797898400298326,0.7940140845070423,0.7895802887252114,0.9413514847497847,0.01146946621198941,1.8301182455486722,5.351011594136556
137,1,0.13598035234544012,0.48135626316070557,0.7658450704225352,0.7689920401789873,0.7658450704225352,0.7613773955509882,0.9325963662807317,-0.006651531923108633,1.8319315380520291,5.242396831512451
137,2,0.12073747192819913,0.41033322032954955,0.8063380281690141,0.8075525299441759,0.8063380281690141,0.8025297434656816,0.9493109849425999,0.0018454691010568736,1.762659231821696,4.937767518891229
137,3,0.1164031293657091,0.39356647266281974,0.823943661971831,0.8221831389222634,0.823943661971831,0.8179730574017199,0.9514478929602868,0.011826053446848284,1.7631629440519545,4.949746277597216
137,4,0.12918290371696153,0.4260336880882581,0.7975352112676056,0.8028890070353735,0.7975352112676056,0.791983667141655,0.9473861925025016,-0.05148696510658102,1.8416622082392375,5.425344149271647
138,1,0.12575077224108908,0.4297923147678375,0.7975352112676056,0.7946570052553469,0.7975352112676056,0.7920055803857078,0.9437401180060627,0.009998408330820108,1.8526245752970378,5.340416736072964
138,2,0.12361348047852516,0.4249891804324256,0.8116197183098591,0.8120593106320285,0.8116197183098591,0.8073379583844645,0.9485694926656657,-0.03077177976353851,1.7917137013541327,5.05085465643141
138,3,0.11673941711584727,0.42185019784503514,0.7869718309859155,0.7841784561828443,0.7869718309859155,0.782009156647087,0.9441558328152717,0.035403893592859115,1.7469156516922846,4.882281687524584
138,4,0.14010786306526926,0.4869500348965327,0.7746478873239436,0.7665278760474937,0.7746478873239436,0.7658088204278078,0.9353182443353578,0.0013844955553441451,1.8279635707537334,5.3800928592681885
139,1,0.13751361850235197,0.45956086615721387,0.7852112676056338,0.7949869347633841,0.7852112676056338,0.7770534881002608,0.937517957587054,-0.04925442019805426,1.8469908171229892,5.271845698356628
139,2,0.13636822005112967,0.44147317111492157,0.8116197183098591,0.813454595292821,0.8116197183098591,0.8081997395486282,0.9458554463170047,-0.0073789172949887405,1.794575850168864,5.086335526572333
139,3,0.13224742023481262,0.4501243680715561,0.7975352112676056,0.793991712599864,0.7975352112676056,0.7926728178254413,0.9400290513475854,-0.0022786541071826427,1.7637088629934523,4.932295083999634
139,4,0.12592004156774944,0.4104058336880472,0.7904929577464789,0.7989880459225944,0.7904929577464789,0.7854489538729674,0.9447045610715187,-0.03710861205142302,1.8491321272320218,5.414468593067593
140,1,0.14123721710509723,0.5048372149467468,0.772887323943662,0.7714156588283246,0.772887323943662,0.7704317897167994,0.9338163094122526,-0.010404285549897141,1.8410287764337327,5.257051282458836
140,2,0.14904737720886865,0.481551867392328,0.7992957746478874,0.794638038372504,0.7992957746478874,0.7891538278193971,0.9441216454953688,-0.0497964493200711,1.7725023296144273,5.015516360600789
140,3,0.1570557239982817,0.5265160898367564,0.7764084507042254,0.7723452457167246,0.7764084507042254,0.7716321254245176,0.9291088887224525,0.02093269482558846,1.764577137099372,4.917043301794264
140,4,0.14729633844561046,0.49766819758547676,0.778169014084507,0.7726887054613227,0.778169014084507,0.7659706460496835,0.9299994420990593,-0.03467827181846084,1.853523724608951,5.354056504037645
141,1,0.13700965460803774,0.46476902233229744,0.7869718309859155,0.7936835238301876,0.7869718309859155,0.7822697605440876,0.9389307041765466,0.0073647839913180135,1.8329575525389776,5.260400321748522
141,2,0.11815204057428572,0.3885828521516588,0.8204225352112676,0.8180909120076902,0.8204225352112676,0.8154636184290844,0.9534802919171949,-0.009143144746764031,1.7822517156600952,4.974405076768663
141,3,0.11338463342852062,0.4058266389701102,0.8169014084507042,0.8167665564897864,0.8169014084507042,0.810627047951925,0.9458147160834787,-0.009298622198615103,1.7493306398391724,4.890450517336528
141,4,0.12380358742343055,0.4015461438231998,0.8204225352112676,0.8209744807028059,0.8204225352112676,0.8144541957236869,0.9520554075363219,0.015331998586452511,1.844847195678287,5.4185366365644665
142,1,0.11735878802008098,0.37938662204477525,0.8151408450704225,0.814229504869534,0.8151408450704225,0.8123235118867713,0.9519230470148146,-0.05626938089949052,1.8277592195404901,5.202945431073506
142,2,0.12132481444213125,0.4271790004438824,0.8045774647887324,0.8057779172045414,0.8045774647887324,0.7969167231109429,0.9443742823897804,0.030349726273514732,1.780505895614624,5.042163425021702
142,3,0.11605997880299886,0.3934434528152148,0.8169014084507042,0.8125002837787524,0.8169014084507042,0.8120481497534757,0.9525041006905384,-0.0380441011904582,1.7568642497062683,4.882740802235073
142,4,0.11964656329817241,0.3883214286632008,0.8186619718309859,0.8335194960777592,0.8186619718309859,0.8096361698631647,0.9537289576020654,-0.016582015465337108,1.834918200969696,5.37335299121009
143,1,0.11903952227698432,0.403350293636322,0.8063380281690141,0.8072231592665218,0.8063380281690141,0.8015918685433391,0.9494655069705922,-0.010152080701354649,1.8176857895321317,5.154347512457106
143,2,0.12977978049053085,0.4526181063718266,0.8045774647887324,0.8006972476952404,0.8045774647887324,0.7968833430318528,0.9367569887423624,0.030203836282152174,1.7768360310130649,5.043330424361759
143,3,0.13252755999565125,0.4681106011072795,0.7992957746478874,0.7957259135033146,0.7992957746478874,0.7959868640407908,0.9378490528609118,-0.02310104550051828,1.7443382541338603,4.8769833776685925
143,4,0.13365662222107252,0.4524816522995631,0.7904929577464789,0.7930105037286101,0.7904929577464789,0.781996971645156,0.9414965929100005,0.03231489090619899,1.8507706456714206,5.396124151017931
144,1,0.12864013968242538,0.42793512841065723,0.8080985915492958,0.8141925556451604,0.8080985915492958,0.8042844700399814,0.9464839561440016,-0.026839705825885574,1.847179459200965,5.317512671152751
144,2,0.11847137204474872,0.3996805234087838,0.7975352112676056,0.7930334057240075,0.7975352112676056,0.7905782072109747,0.9498409185609722,-0.016497151175296487,1.7745722267362807,5.0140772925482855
144,3,0.12763292218248048,0.45228014555242324,0.7869718309859155,0.7864928490438362,0.7869718309859155,0.7808908100149292,0.9398553385115579,-0.013104886820353823,1.7650643918249342,4.984334349632263
144,4,0.14344339983330834,0.4725462231371138,0.8098591549295775,0.8084489998089458,0.8098591549295775,0.8064922470144248,0.9423926744448776,-0.006847941012476655,1.8329582479265,5.308490064409044
145,1,0.124712775564856,0.4047713855074512,0.8063380281690141,0.814521701384256,0.8063380281690141,0.8002586475606048,0.9475361529626523,-0.06751904424279842,1.8541827069388495,5.3966201941172285
145,2,0.11841461434960365,0.40017018136050964,0.8221830985915493,0.8178672472199041,0.8221830985915493,0.8152659924887641,0.9490967001280795,0.029421968665909515,1.7868721816274855,5.069843358463711
145,3,0.12100115790963173,0.41590242501762176,0.8063380281690141,0.8041305578209198,0.8063380281690141,0.8008430735836746,0.946606414921617,-0.05685862446506862,1.7678776582082112,4.976038376490275
145,4,0.13049812532133526,0.42855076160695815,0.7992957746478874,0.8024868101816318,0.7992957746478874,0.7936027832895536,0.9472303093052363,0.019574966765058877,1.8441711862881978,5.369134823481242
146,1,0.12660697392291492,0.4281616310278575,0.8028169014084507,0.79824660506605,0.8028169014084507,0.7981314599133278,0.9436437164213243,-0.03547984665964932,1.8511625130971272,5.34073531627655
146,2,0.11892611367834939,0.41024497399727505,0.8133802816901409,0.8174822126891615,0.8133802816901409,0.8119594156972773,0.949093968081496,0.021111727747113784,1.7676279412375555,4.980633232328627
146,3,0.11223664921191004,0.39071736401981777,0.8204225352112676,0.8176714796584541,0.8204225352112676,0.8153648630129036,0.9504184187902868,-0.02437568819104352,1.7588075598080952,4.931424511803521
146,4,0.12505681523018414,0.4205723644958602,0.8098591549295775,0.8066110335412576,0.8098591549295775,0.8045171089119627,0.9504829594717726,-0.022842361712266834,1.8392614987161424,5.413143674532573
147,1,0.11487672312392129,0.3863820615741942,0.8151408450704225,0.8139192215823055,0.8151408450704225,0.8071923874119006,0.9496287556162828,-0.031963505588654684,1.8406737248102825,5.300285948647393
147,2,0.11382430957423316,0.3851071943839391,0.8204225352112676,0.8312516290737904,0.8204225352112676,0.8198060656363103,0.952894610690548,-0.02310017604527892,1.7887804177072313,5.0057377152972755
147,3,0.11727032479312685,0.40511276986863876,0.8098591549295775,0.8087371817092397,0.8098591549295775,0.8058402920484576,0.9506739635426436,0.0349393227628485,1.765377442042033,4.9864970445632935
147,4,0.11971058944861095,0.38990254948536557,0.8169014084507042,0.8200669930406314,0.8169014084507042,0.8141563005881378,0.9529385673562718,-0.050875705805823346,1.8484187854660883,5.399511602189806
148,1,0.1194283552467823,0.3995827328827646,0.823943661971831,0.8318548510792365,0.823943661971831,0.8191072443479055,0.953033825802829,0.029472662432534547,1.8411676221423678,5.253208080927531
148,2,0.10960811500747998,0.3682447042730119,0.8397887323943662,0.8397956740260699,0.8397887323943662,0.836641604820896,0.957862497135892,-0.03571951603482404,1.7918270495202806,5.140652073754205
148,3,0.11206538726886113,0.4045510490735372,0.7922535211267606,0.7858730147885515,0.7922535211267606,0.7860065409858726,0.9450039143280083,0.006429384154641449,1.75051263305876,4.900754491488139
148,4,0.1161228364540471,0.3779747419887119,0.8221830985915493,0.8309915202614107,0.8221830985915493,0.8175565281908516,0.9547431751168696,0.006416559462384619,1.8222017685572307,5.311863607830471
149,1,0.12233496829867363,0.4151380989286635,0.801056338028169,0.8050987091689279,0.801056338028169,0.7955522007864967,0.9485384544531803,-0.02304811731495504,1.8467706110742357,5.312867800394694
149,2,0.1186518520116806,0.40534039090077084,0.8080985915492958,0.804383927699821,0.8080985915492958,0.8024900317960812,0.9498084662216886,0.01068030018573829,1.7656437754631042,4.9782347149319115
149,3,0.11347007296151584,0.3951074696249432,0.8186619718309859,0.8200229058963612,0.8186619718309859,0.8154383123213444,0.9544214025355664,-0.0027189525091679823,1.7646700806087918,4.9272975126902265
149,4,0.1278966007133325,0.4426752080519994,0.795774647887324,0.7929916236137889,0.795774647887324,0.7848189192074205,0.9421413826130711,-0.009728641156687479,1.818104134665595,5.234030922253926
150,1,0.13220059043831295,0.46342715786563027,0.8028169014084507,0.8042475368698573,0.8028169014084507,0.7973171659630657,0.9409250234497488,0.05762537457457506,1.840796212355296,5.298488259315491
150,2,0.11526142598854171,0.37756508257653976,0.8116197183098591,0.8158612345129113,0.8116197183098591,0.8102130894488304,0.9536052776720793,-0.0578044864579188,1.7745225429534912,4.995459357897441
150,3,0.1228271917336517,0.44245926704671645,0.7940140845070423,0.7882157774358762,0.7940140845070423,0.7873523038224857,0.9401619798660015,0.009135253595391801,1.768915507528517,4.968725879987081
150,4,0.12572136397163072,0.416199975543552,0.8045774647887324,0.8087878320822368,0.8045774647887324,0.7995810306200416,0.9484224633494112,-0.0033534066999560963,1.851670377784305,5.428399165471395
