epoch,fold,total_loss,cross_entropy_loss,accuracy,precision,recall,f1_score,auc,r2_score,mae_loss,mse_loss
1,1,13.06891037358178,1.4443943500518799,0.2306338028169014,0.3208744253462564,0.2306338028169014,0.21390835904126748,0.4936654502868617,-6.82109959307817,5.339385045899285,40.19277885225084
1,2,3.302231470743815,1.2793752153714497,0.397887323943662,0.26405031014280034,0.397887323943662,0.27938847625717633,0.48067958598939403,-0.6800230021855516,2.259487575954861,8.02222916815016
1,3,3.0184828572803073,1.276230017344157,0.3362676056338028,0.2934516823161189,0.3362676056338028,0.28131889089495193,0.4684457094064971,-0.497007416489184,2.1205114987161426,7.083739148245917
1,4,2.757104688220554,1.2523782385720148,0.4225352112676056,0.29370178184114426,0.4225352112676056,0.298677281077771,0.4990157919401283,-0.2356836620817686,2.000177866882748,6.268132713105944
2,1,2.632110701666938,1.2398357457584805,0.38380281690140844,0.26653640006422236,0.38380281690140844,0.3006373450915704,0.522898357248335,-0.1739201396832748,1.9631554087003071,5.880751887957255
2,2,2.499220199055142,1.2556650307443407,0.3908450704225352,0.2713425872036627,0.3908450704225352,0.2874281289086324,0.4662878019819884,-0.11771275067846632,1.856403562757704,5.40084871980879
2,3,2.377164045969645,1.2590256995624967,0.3609154929577465,0.29486522171582824,0.3609154929577465,0.2841354674977256,0.4986505537394842,-0.059896526198462974,1.7759418023957148,4.986153324445088
2,4,2.5360570748647056,1.2643164462513394,0.40669014084507044,0.2846219786961332,0.40669014084507044,0.32199360198407273,0.4819024104570957,-0.0433005040874046,1.8543901178571913,5.50345163875156
3,1,2.486794220076667,1.251844459109836,0.38028169014084506,0.274831682402105,0.38028169014084506,0.31674112371926333,0.4700985607552376,-0.04534280709530214,1.85642581515842,5.368343419498867
3,2,2.4082111385133533,1.2505439851019118,0.4084507042253521,0.2927842554700974,0.4084507042253521,0.3052768629520279,0.48678339266473136,-0.016805588914371672,1.7929819689856634,5.109434419208103
3,3,2.425288279851278,1.2647674812210932,0.3573943661971831,0.25296769117034035,0.3573943661971831,0.2948521464518526,0.48446340013662315,-0.07362810158738431,1.790574226114485,5.13317006164127
3,4,2.641864882575141,1.2604098717371623,0.36795774647887325,0.24531747715384494,0.36795774647887325,0.2798837556707781,0.47261020268937004,-0.11213700806844451,1.923379467593299,5.865259607632955
4,1,2.5580254660712347,1.2568135327763028,0.3767605633802817,0.2607403480264771,0.3767605633802817,0.28738687207927033,0.5044975812579595,-0.08103417153041659,1.8955548803011577,5.594186358981663
4,2,2.4248999026086597,1.243456780910492,0.397887323943662,0.27251803996670787,0.397887323943662,0.2840810296188576,0.47549090074044925,-0.07262494636465133,1.8092437585194905,5.181600332260132
4,3,2.444336043463813,1.2652340465121799,0.36619718309859156,0.25924784959400177,0.36619718309859156,0.299909926466713,0.48255635486382337,-0.0684776854398379,1.830036249425676,5.195573886235555
4,4,2.5793498622046576,1.2476475437482197,0.3873239436619718,0.2700462312634561,0.3873239436619718,0.312455165977973,0.5132402645303309,-0.08373909010440261,1.910573939482371,5.686655057801141
5,1,2.5088488128450184,1.2578745418124728,0.4014084507042254,0.2636465055824093,0.4014084507042254,0.25710955897515886,0.4614689621036455,-0.04577094706406348,1.8745555612776015,5.4277885754903155
5,2,2.406087623702155,1.2432863977220323,0.3890845070422535,0.271152066200334,0.3890845070422535,0.30073783971682766,0.5101691093534471,-0.038550854290025915,1.7977239688237507,5.119290351867676
5,3,2.370222356584337,1.2594475944836934,0.3890845070422535,0.27387149336653765,0.3890845070422535,0.3063032281740759,0.49069062809645164,-0.012233379376193065,1.765048212475247,4.96202994717492
5,4,2.5324767430623374,1.2508743007977803,0.426056338028169,0.3087405781619823,0.426056338028169,0.29814088448289167,0.5020359851476738,-0.055646958773968525,1.886197527249654,5.5228822231292725
6,1,2.5471149682998657,1.2535549269782171,0.3996478873239437,0.2897447079706333,0.3996478873239437,0.3288807860915649,0.4861801568629369,-0.07015110333359398,1.888218151198493,5.565421607759264
6,2,2.408301876650916,1.2470758491092258,0.4102112676056338,0.2897595742167892,0.4102112676056338,0.30686795628806024,0.48250478495682425,-0.02812008456218318,1.7986641592449613,5.117829057905409
6,3,2.372159938017527,1.2623630497190688,0.34330985915492956,0.31226543903383785,0.34330985915492956,0.2789001392802586,0.4792153677282607,-0.03532565628459716,1.7670179605484009,4.9616859091652765
6,4,2.4978694054815502,1.2510119080543518,0.4137323943661972,0.29383354218880536,0.4137323943661972,0.28075061503303506,0.5050850732655972,-0.02089950110057548,1.84695303440094,5.407203409406874
7,1,2.4676287836498685,1.2423423992262945,0.36795774647887325,0.27278580127996105,0.36795774647887325,0.31322900261305797,0.5258527395520944,-0.008673670280175072,1.8554339541329279,5.326630194981893
7,2,2.4021511144108243,1.2468008465237088,0.3855633802816901,0.2696916252067058,0.3855633802816901,0.30700529582102615,0.5169344939686806,-0.024774104439939437,1.787782159116533,5.097968220710754
7,3,2.403472065925598,1.2731972932815552,0.352112676056338,0.24267765685019207,0.352112676056338,0.28021551586958937,0.488889979953152,-0.023232327873658143,1.7785029013951619,5.040779723061456
7,4,2.5225326816240945,1.2588542169994779,0.4102112676056338,0.28055964278400986,0.4102112676056338,0.2981582070758835,0.49036220977104605,-0.037232461525112726,1.8524743715922039,5.471115615632799
8,1,2.4949561622407703,1.2551082637574937,0.36619718309859156,0.2630869719412744,0.36619718309859156,0.3035169193672809,0.5097486003139052,-0.03982795317493837,1.8683721489376492,5.387934433089362
8,2,2.4121044079462686,1.2513171831766765,0.40669014084507044,0.295222678262853,0.40669014084507044,0.32386290631503234,0.4952036865363474,-0.032367948715885664,1.8053756488694086,5.1206077337265015
8,3,2.3945933183034263,1.2658591071764629,0.3362676056338028,0.22848233332998055,0.3362676056338028,0.25990305385426105,0.498026729936182,-0.03716846372034688,1.7796628607643976,5.02830629878574
8,4,2.5136996706326804,1.2732703155941434,0.3714788732394366,0.2649023574068524,0.3714788732394366,0.3069274216830881,0.49129485103299414,-0.03318325727641658,1.842784000767602,5.408034669028388
9,1,2.52122602197859,1.2580327524079218,0.375,0.2670901990874042,0.375,0.30766392216398314,0.47769267618504657,-0.05291763166508523,1.8859591616524591,5.468676765759786
9,2,2.4886361757914224,1.2450901005003188,0.3873239436619718,0.2594718656616358,0.3873239436619718,0.2763244544131612,0.49957513249107366,-0.0875611271147878,1.8654718001683552,5.390243543518914
9,3,2.3750379946496754,1.2586483226882086,0.3732394366197183,0.2664201917707533,0.3732394366197183,0.30952325982730616,0.496912135199404,-0.0357610904056791,1.7717296083768208,4.979947037167019
9,4,2.539554364151425,1.2516349355379741,0.3996478873239437,0.25917889197857275,0.3996478873239437,0.28197786866990887,0.47737992220046876,-0.06825370133977815,1.878876957628462,5.544699523184034
10,1,2.5072145726945667,1.2532410356733534,0.3908450704225352,0.2371670542360145,0.3908450704225352,0.26327016441920953,0.4621219482729116,-0.040796269222557635,1.8690029780069988,5.433152543173896
10,2,2.404481576548682,1.247118314107259,0.3609154929577465,0.24172692588942232,0.3609154929577465,0.27511745150389516,0.47628959793820924,-0.023210793962989085,1.8002830280197992,5.10499566131168
10,3,2.4420171247588263,1.2736332615216572,0.3204225352112676,0.25477900250109975,0.3204225352112676,0.27029667932346096,0.48928513813698316,-0.06708065603729074,1.8064079483350117,5.168245898352729
10,4,2.5345291164186268,1.2571190396944683,0.3855633802816901,0.25342064939188275,0.3855633802816901,0.2834003944612123,0.4832152564155217,-0.026609907472757044,1.8753337065378826,5.515152335166931
11,1,2.504917952749464,1.239384995566474,0.3961267605633803,0.28059750607114436,0.3961267605633803,0.30676840519097115,0.5059072555519303,-0.05674867783901538,1.8891050285763211,5.457828044891357
11,2,2.501047929128011,1.2590886221991644,0.3503521126760563,0.2489252161293954,0.3503521126760563,0.2859163841645374,0.46740269482134233,-0.06833403832636198,1.8409584297074213,5.398952894740635
11,3,2.450221392843458,1.26992271343867,0.3644366197183099,0.2514925988437512,0.3644366197183099,0.26222986972092044,0.4724526718102801,-0.07342971296990197,1.825596617327796,5.204251435067919
11,4,2.537555820412106,1.2481201887130737,0.4137323943661972,0.27739768882905275,0.4137323943661972,0.26734071522605546,0.5019666841690804,-0.03290054626053385,1.8715362283918593,5.546238806512621
12,1,2.5137779778904386,1.2551876372761197,0.3591549295774648,0.260720512765038,0.3591549295774648,0.30093470747553097,0.46582741751411055,-0.0502793621113069,1.8684023684925504,5.450488713052538
12,2,2.4166712562243142,1.2564717332522075,0.3785211267605634,0.2685655909321541,0.3785211267605634,0.30646376519443586,0.47704612148979064,-0.03629155824464858,1.796605692969428,5.123803390396966
12,3,2.424801548322042,1.2828172511524625,0.3626760563380282,0.35663456015695566,0.3626760563380282,0.27244446530936256,0.4613975151635737,-0.06547943721034089,1.7973287635379367,5.089431338840061
12,4,2.556478672557407,1.2477398647202387,0.4014084507042254,0.2771872621817634,0.4014084507042254,0.31184406682224086,0.537139101808052,-0.05850805448011709,1.8891874154408772,5.610202325714959
13,1,2.493629071447584,1.2460954851574368,0.3873239436619718,0.2794100386633527,0.3873239436619718,0.3155939237731866,0.5235914229671748,-0.022618356739664502,1.8736332522498236,5.404540644751655
13,2,2.4073239035076566,1.2498044040468004,0.39436619718309857,0.2629921940960587,0.39436619718309857,0.2531680971244132,0.5025912924729332,-0.024357108212699874,1.799559129609002,5.108202563391791
13,3,2.3716035154130726,1.2634282045894198,0.3573943661971831,0.47557304294121994,0.3573943661971831,0.3006599046499822,0.4997077834223017,-0.020500120937833044,1.767990231513977,4.957345710860358
13,4,2.5148821009529962,1.246484597524007,0.4102112676056338,0.25462465659533584,0.4102112676056338,0.2609267882222973,0.49584758146115016,-0.03384852871397648,1.8826645546489291,5.474476151996189
14,1,2.4726627932654486,1.240795910358429,0.4084507042253521,0.29279636150234745,0.4084507042253521,0.3073334388352587,0.49827567984015,-0.02124933346774549,1.8638205462031894,5.347018771701389
14,2,2.419963816801707,1.2411784198549058,0.38028169014084506,0.27558637265610963,0.38028169014084506,0.31748027849637506,0.5242165812677708,-0.04335873961812342,1.8113096687528822,5.170462886492412
14,3,2.3635885185665555,1.2634186148643494,0.3767605633802817,0.2576373735369966,0.3767605633802817,0.29110829289781126,0.4985026796708656,-0.022924833205755224,1.7609116832415264,4.93065149254269
14,4,2.504181292321947,1.2450060115920172,0.38380281690140844,0.2660263416456405,0.38380281690140844,0.3062651417990805,0.5204860139821516,-0.04762640071239388,1.8601124220424228,5.442256768544515
15,1,2.55496785375807,1.2585797243648105,0.38204225352112675,0.2533539535635147,0.38204225352112675,0.279003378800289,0.4853243058056396,-0.07145876167989407,1.9018737077713013,5.579873363176982
15,2,2.434244924121433,1.2472563452190824,0.3644366197183099,0.24882821015914539,0.3644366197183099,0.28385089941817726,0.5141697285233504,-0.04607840050827705,1.823615464899275,5.2038846678204
15,3,2.389262742466397,1.271032366487715,0.32922535211267606,0.23980070223037947,0.32922535211267606,0.2710910953751978,0.4694174697859319,-0.03313366312642119,1.774896310435401,4.998466822836134
15,4,2.495609316560957,1.244556234942542,0.42077464788732394,0.2996687111918825,0.42077464788732394,0.2600054577821973,0.5198071971857321,-0.04089120043210226,1.8435709145334032,5.414732999271816
16,1,2.48633865515391,1.2569918168915644,0.3644366197183099,0.27385124701698565,0.3644366197183099,0.31050617663496566,0.4752454356919778,-0.03517110860761252,1.8659025364451938,5.354814502927992
16,2,2.4016364680396185,1.2426888810263739,0.39436619718309857,0.2629921940960587,0.39436619718309857,0.2531680971244132,0.48954522943748574,-0.0304502730927787,1.7981563872761197,5.10584741168552
16,3,2.4128803610801697,1.2652414904700384,0.352112676056338,0.24556436871168286,0.352112676056338,0.2813039315911019,0.4594205145129225,-0.06151575177735524,1.8025468058056302,5.090704189406501
16,4,2.5230522420671253,1.2480674319797092,0.4014084507042254,0.267300683483792,0.4014084507042254,0.28421351479950874,0.4945050648335481,-0.038745195024114665,1.875712878174252,5.498016701804267
17,1,2.49336846669515,1.2449343072043524,0.3732394366197183,0.257338714303364,0.3732394366197183,0.2852086658552857,0.48992913257833703,-0.04001177765429986,1.8659044040573969,5.406381183200413
17,2,2.379459453953637,1.2394896613226996,0.38204225352112675,0.2710682774373744,0.38204225352112675,0.29955319112266243,0.48344807210110274,-0.01707499656093514,1.7804936038123236,5.03938889503479
17,3,2.390318512916565,1.2607117758856878,0.3573943661971831,0.23245162029085079,0.3573943661971831,0.247699065681216,0.5105573546787803,-0.03340918334328791,1.777506795194414,5.02606741587321
17,4,2.517922302087148,1.255035678545634,0.3926056338028169,0.28309318118010385,0.3926056338028169,0.3286608809483406,0.4923592286965523,-0.0310118375091466,1.8566237952974107,5.4646576510535345
18,1,2.4660939839151172,1.2563599745432537,0.3485915492957746,0.2431714996485007,0.3485915492957746,0.27967044022376014,0.4861329229804503,-0.036000233212390764,1.8452667395273845,5.288806438446045
18,2,2.4090048472086587,1.251434412267473,0.38028169014084506,0.24539522191512314,0.38028169014084506,0.26159428520632916,0.47320769702109616,-0.04541698410310624,1.8013859457439847,5.110002371999952
18,3,2.3662753436300488,1.2574010027779474,0.3573943661971831,0.2560842767176536,0.3573943661971831,0.2979388110207158,0.5021472152021782,-0.023477430997840942,1.7600380314721003,4.95364863342709
18,4,2.521349549293518,1.2474832203653123,0.41725352112676056,0.29359608796228515,0.41725352112676056,0.26084622211382774,0.504459980136277,-0.026232358559327595,1.8749121030171711,5.493704120318095
19,1,2.5920166439480252,1.2468894256485834,0.40316901408450706,0.2653652911621777,0.40316901408450706,0.2770909778377403,0.4838188123652538,-0.12652811750014648,1.92264543639289,5.73064664999644
19,2,2.5477051867379084,1.2474900550312467,0.375,0.27481311348964005,0.375,0.31717644257490074,0.49054729708997374,-0.12601152926252013,1.8916866448190477,5.58154034614563
19,3,2.3720606565475464,1.2680284910731845,0.36619718309859156,0.25321790187471865,0.36619718309859156,0.28080907066833954,0.45778004340220646,-0.018536136242836898,1.7685087853007846,4.948135587904188
19,4,2.5133979784117804,1.2481327388021681,0.3890845070422535,0.25398366561912883,0.3890845070422535,0.2825356235324391,0.4960447919120978,-0.04189761604939379,1.8726770414246454,5.465683261553447
20,1,2.475517431894938,1.2493138776885138,0.4084507042253521,0.29024268821476573,0.4084507042253521,0.316024256506201,0.4872280196581055,-0.010943254118122692,1.8614101476139493,5.336658769183689
20,2,2.388004276487562,1.2362527383698358,0.40669014084507044,0.2857230586913775,0.40669014084507044,0.29246890598398084,0.5185389059824015,-0.028475515430917087,1.7906396786371868,5.0754244857364235
20,3,2.35618175400628,1.2579274442460802,0.3591549295774648,0.2543363783495208,0.3591549295774648,0.2972382566841321,0.5013253226316202,-0.01633902268775045,1.7551016211509705,4.918775015407139
20,4,2.512324379550086,1.2592318190468683,0.40669014084507044,0.2555799169240972,0.40669014084507044,0.2641894019929158,0.4965281110059583,-0.027317253399712582,1.8585528665118747,5.436206910345289
21,1,2.4765396979120045,1.2472473449177213,0.39436619718309857,0.2876858542883044,0.39436619718309857,0.331110046352177,0.48151965462143936,-0.03801660084200087,1.864103032482995,5.344888236787584
21,2,2.3989684449301825,1.2500845260090299,0.397887323943662,0.2713251339020036,0.397887323943662,0.2841627573113742,0.4903219704009125,-0.01845043278426073,1.7856828967730205,5.079697463247511
21,3,2.3853600356313915,1.2597398161888123,0.3380281690140845,0.24222837022132798,0.3380281690140845,0.2809429995229506,0.505017595799375,-0.03522726050911906,1.7762948738204107,5.011807017856174
21,4,2.4953811499807568,1.2548383673032124,0.3926056338028169,0.2670829987144824,0.3926056338028169,0.3068010679334891,0.49429310943867866,-0.006090623295000208,1.8472373286883037,5.389980832735698
22,1,2.512805422147115,1.2633770041995578,0.36619718309859156,0.25352936516878105,0.36619718309859156,0.2852791042127048,0.4625264141272529,-0.02661606745473044,1.8686698741383023,5.428138110372755
22,2,2.412341376145681,1.2438059780332777,0.3926056338028169,0.27363875280669525,0.3926056338028169,0.2991997667538279,0.4926518679150375,-0.04881029088953648,1.8121477100584242,5.138923817210728
22,3,2.39238840341568,1.2527780797746446,0.3732394366197183,0.2653985409784913,0.3732394366197183,0.30945067645002317,0.5115131973910775,-0.06155098468816522,1.7792613241407607,5.051478981971741
22,4,2.499446597364214,1.2489222553041246,0.40669014084507044,0.20077388793190798,0.40669014084507044,0.24535261416432724,0.5175864789963923,-0.009936455529376165,1.8555565608872309,5.4173365698920355
23,1,2.4831197791629367,1.2452558610174391,0.3767605633802817,0.277596421295066,0.3767605633802817,0.3196529708728761,0.4914454642383015,-0.012897456868989021,1.8564371532864041,5.371468782424927
23,2,2.395238505469428,1.2525129252009921,0.38204225352112675,0.2537958494659858,0.38204225352112675,0.2678550635281385,0.48339302698731107,-0.011145904559951125,1.7920903828408983,5.061598049269782
23,3,2.408536354700724,1.256161716249254,0.375,0.26313853748287935,0.375,0.2985095327123037,0.4998973065332418,-0.08005983896711988,1.7977383070521884,5.09741042719947
23,4,2.505801167753008,1.2553514043490093,0.3785211267605634,0.24795920991147025,0.3785211267605634,0.2798968548794728,0.4857535167467399,-0.04555969548665817,1.863341702355279,5.423517028490703
24,1,2.487458864847819,1.241245084338718,0.38028169014084506,0.2676626890975482,0.38028169014084506,0.3004947886430823,0.5124010849804084,-0.02902900062990099,1.8719725675053067,5.395290811856587
24,2,2.393650392691294,1.2481824490759108,0.4084507042253521,0.2984754375131385,0.4084507042253521,0.2699201386130373,0.5076655468263855,-0.026805696764189868,1.7886878384484186,5.06640883286794
24,3,2.3654318981700473,1.2628432578510709,0.32922535211267606,0.2388338181261482,0.32922535211267606,0.2679710208393775,0.4877181767406491,-0.027920605729708114,1.7637891636954413,4.93813857767317
24,4,2.4835061033566794,1.2496410343382094,0.4102112676056338,0.2604240915103883,0.4102112676056338,0.26337529578542823,0.49042849201757177,-0.018802029527520192,1.8437917828559875,5.362524376975165
25,1,2.4971550901730857,1.2413144773907132,0.4014084507042254,0.2729252288813043,0.4014084507042254,0.26653325918815646,0.4878286578666945,-0.043791341659908944,1.8721466726726956,5.427449650234646
25,2,2.4043952094184027,1.244823396205902,0.3996478873239437,0.2846648522656626,0.3996478873239437,0.2911228847799932,0.4737559476203195,-0.030411229270013385,1.8039163019922044,5.110062612427606
25,3,2.356572449207306,1.251769204934438,0.3767605633802817,0.3352687974947902,0.3767605633802817,0.2608294746134923,0.5265871394202929,-0.012438256525409752,1.7649048699273004,4.934446586502923
25,4,2.5058787398868136,1.2515497472551134,0.3714788732394366,0.2639451915570806,0.3714788732394366,0.3062158017645855,0.5178623644024221,-0.016134817835981252,1.8557887540923224,5.4326462215847435
26,1,2.458481159475115,1.2409248484505548,0.4014084507042254,0.27251726575670243,0.4014084507042254,0.27536316633981095,0.5095028991237919,-0.011330513116832863,1.8496152361234028,5.2994457085927325
26,2,2.3862463898128934,1.2425266769197252,0.3644366197183099,0.26890226494099734,0.3644366197183099,0.30921156569043895,0.49294884159359775,-0.03547526491601083,1.7892859445677862,5.054925653669569
26,3,2.3831347028414407,1.2576813631587558,0.34330985915492956,0.2370118613674016,0.34330985915492956,0.27113721808140256,0.5102311164769316,-0.03840964027229021,1.7839950720469158,5.009192254808214
26,4,2.4903596374723644,1.2496168149842157,0.40316901408450706,0.26879160357683624,0.40316901408450706,0.2833881571790956,0.5116965612550893,0.00040489950994793134,1.8471975260310702,5.385425925254822
27,1,2.476245231098599,1.2442950275209215,0.3996478873239437,0.25914713084709806,0.3996478873239437,0.266366899345646,0.5006296087691733,-0.024810744588698252,1.8635351790322199,5.350795480940077
27,2,2.4023514654901295,1.2379378941324022,0.3996478873239437,0.283062326953172,0.3996478873239437,0.3035551905406615,0.4997051625091807,-0.04803907287735765,1.8023427393701341,5.119316286510891
27,3,2.3733946879704795,1.2501436008347406,0.3855633802816901,0.27423287422509274,0.3855633802816901,0.3130575908279868,0.5144374951147554,-0.058000263364901716,1.7764553427696228,4.99431378311581
27,4,2.4890670577685037,1.244010865688324,0.3996478873239437,0.3867536460772306,0.3996478873239437,0.2470196315846147,0.5168395972768025,-0.019343401895008716,1.8574392596880596,5.394197901089986
28,1,2.513215707408057,1.240799347559611,0.38204225352112675,0.25828969462704954,0.38204225352112675,0.283113493498164,0.49934420359984355,-0.05753865511044709,1.8704210586018033,5.482186926735772
28,2,2.3969850606388516,1.2389487624168396,0.3961267605633803,0.2738086233741733,0.3961267605633803,0.269721800890815,0.5032225026076901,-0.029855937141383793,1.803060491879781,5.099069462882148
28,3,2.3883955478668213,1.2530759771664937,0.3626760563380282,0.3616259356261994,0.3626760563380282,0.2713901914853159,0.5157371117632421,-0.03825395692690048,1.7833777533637152,5.037474354108174
28,4,2.505584650569492,1.2465655141406589,0.397887323943662,0.2790357576129947,0.397887323943662,0.3158584370840873,0.5254954551478386,-0.031285505335693964,1.8604479564560785,5.443295862939623
29,1,2.4722729788886175,1.241470303800371,0.3996478873239437,0.23876938398065156,0.3996478873239437,0.24580052205190472,0.5170017374612954,-0.019418475069296726,1.8607884248097737,5.344145801332262
29,2,2.389572110440996,1.2389431132210627,0.3767605633802817,0.2760726469241211,0.3767605633802817,0.3186492830859028,0.5166594042749688,-0.037650564372150974,1.7937865058581035,5.074373086293538
29,3,2.431935575273302,1.2628915508588154,0.31514084507042256,0.2556877038847395,0.31514084507042256,0.2631469044241619,0.5027999042479746,-0.06524601851910816,1.8077164424790277,5.159704817665948
29,4,2.5641276174121432,1.2516493333710565,0.40492957746478875,0.25918711898255203,0.40492957746478875,0.2653995422430092,0.4953855195236679,-0.055090864738865486,1.8994457721710205,5.626576794518365
30,1,2.5558307303322687,1.2456159326765273,0.38204225352112675,0.22808975947346455,0.38204225352112675,0.24983978097986112,0.5019805733544898,-0.07884641449652152,1.9140310022566054,5.612998459074232
30,2,2.4188619984520807,1.2287055717574225,0.4084507042253521,0.29128391673570836,0.4084507042253521,0.3303136423124362,0.533438596983726,-0.04442641173955386,1.8207769327693515,5.195893512831794
30,3,2.4001097215546503,1.2527046998341878,0.3785211267605634,0.30097373187641696,0.3785211267605634,0.28659277237973524,0.5134065215169191,-0.05627935564602726,1.8000613517231412,5.077387902471754
30,4,2.4931363463401794,1.2477302220132616,0.3855633802816901,0.2624670917438173,0.3855633802816901,0.3020844644688933,0.5247679814736383,-0.03587576235013534,1.8451142973370023,5.399083866013421
31,1,2.4634181724654303,1.2291341092851427,0.397887323943662,0.2711177412837682,0.397887323943662,0.2897043308540381,0.5377434408516851,-0.011307641540854618,1.861435055732727,5.343414147694905
31,2,2.3933885561095343,1.233010921213362,0.40316901408450706,0.2843742913653657,0.40316901408450706,0.27963536745450945,0.5160105494388149,-0.03534133632638459,1.8048455980088975,5.10093625386556
31,3,2.3468450374073453,1.2475108835432265,0.36971830985915494,0.2966044567473243,0.36971830985915494,0.2889299405241332,0.5247348131209637,-0.017320619211212085,1.7623847259415522,4.911957912974888
31,4,2.4790680607159934,1.2285832431581285,0.4119718309859155,0.28029025069408964,0.4119718309859155,0.31597188084806216,0.5586019661174327,-0.029852374520044744,1.8466104004118178,5.396865857972039
32,1,2.46820596853892,1.2322750753826566,0.4119718309859155,0.2926312539415598,0.4119718309859155,0.2722150540227667,0.5229770483322231,-0.02592649942797598,1.8554512858390808,5.3520444764031305
32,2,2.4071451160642834,1.2374024192492168,0.397887323943662,0.2855356550152444,0.397887323943662,0.2660790400296516,0.4956022437064481,-0.05075889115891585,1.800111088487837,5.136544677946302
32,3,2.374947872426775,1.2511508795950148,0.3415492957746479,0.4641516076604616,0.3415492957746479,0.2869609032637483,0.5281133403227509,-0.03440546630478036,1.775486449400584,4.997140645980835
32,4,2.48546075158649,1.24391590224372,0.36971830985915494,0.2322162881330772,0.36971830985915494,0.2633227457410567,0.5079845499404194,-0.025717313857459567,1.8456049958864849,5.382398578855726
33,1,2.4724421633614435,1.2289014127519395,0.4084507042253521,0.3105241503368034,0.4084507042253521,0.2571475651941204,0.5260486100600181,-0.038203660507276416,1.8710401190651789,5.374037080340916
33,2,2.42545575565762,1.2267193992932637,0.3961267605633803,0.27954826914704595,0.3961267605633803,0.26301532345697903,0.5209705805557914,-0.05729374444223412,1.8214674327108595,5.222507026460436
33,3,2.3654956883854337,1.2580896152390375,0.33274647887323944,0.23724715844737296,0.33274647887323944,0.2769964402793291,0.5035922769462158,-0.020336406743828306,1.7701211704148188,4.949442942937215
33,4,2.460985826121436,1.2396744357215033,0.397887323943662,0.26235522728757216,0.397887323943662,0.29143680525111887,0.5257094686261804,-0.0026667590930937735,1.8435505761040583,5.310712218284607
34,1,2.528034660551283,1.2381117078993056,0.4154929577464789,0.32583965330444203,0.4154929577464789,0.2689566929956245,0.5240515599751454,-0.07409547306611497,1.909322268433041,5.537854764196608
34,2,2.394377827644348,1.2390819258160062,0.35563380281690143,0.26557662808534377,0.35563380281690143,0.30202248773147855,0.533767691037539,-0.02274267417231446,1.7835076914893255,5.090068148242103
34,3,2.416640281677246,1.2602603038152058,0.36971830985915494,0.3089970063828665,0.36971830985915494,0.23012203872378664,0.5258079067992429,-0.03976986873910349,1.7940069370799594,5.114860097567241
34,4,2.498969382709927,1.253792146841685,0.38028169014084506,0.2800594918109164,0.38028169014084506,0.32220153078718533,0.5097962475449898,-0.016065096612319474,1.850866092575921,5.404382798406813
35,1,2.465162522262997,1.224827527999878,0.4137323943661972,0.3323557829481493,0.4137323943661972,0.2725042257827657,0.5508509722987216,-0.031485717235959054,1.8573559257719252,5.359277301364475
35,2,2.386750386820899,1.2320286101765103,0.3996478873239437,0.28362504759623763,0.3996478873239437,0.31433422600333294,0.522481335896112,-0.03019555600650148,1.793104476398892,5.0811010466681585
35,3,2.382565180460612,1.2456576625506084,0.3785211267605634,0.47059412888863994,0.3785211267605634,0.2607204768270928,0.5285472955607973,-0.04552865547055429,1.787784172428979,5.035349329312642
35,4,2.484477784898546,1.2377964125739203,0.4102112676056338,0.3720966778112283,0.4102112676056338,0.29992843562876625,0.5109464113568409,-0.0189305765710428,1.8517564998732672,5.39340078830719
36,1,2.4616020255618625,1.2336251735687256,0.40669014084507044,0.2887885607614331,0.40669014084507044,0.26432009741708823,0.5152605654975038,-0.025681121254651273,1.8523883024851482,5.3268812497456866
36,2,2.4018668135007224,1.222820844915178,0.39436619718309857,0.2687781696006457,0.39436619718309857,0.266789860391267,0.5291480246506061,-0.026523832700945604,1.8081815375222101,5.152973930040996
36,3,2.3585835032992892,1.240322106414371,0.3785211267605634,0.26853078891822313,0.3785211267605634,0.3118097870120645,0.5398471072478097,-0.027196384083819858,1.7702637645933363,4.967860089408027
36,4,2.516159567568037,1.2239202327198453,0.4137323943661972,0.2768514788239945,0.4137323943661972,0.291731588550182,0.552468604206472,-0.03933459626836866,1.8654960327678256,5.531384494569567
37,1,2.4906029303868613,1.2416449454095628,0.375,0.25225517864826763,0.375,0.2818465627821765,0.5109761545176806,-0.03525070300011235,1.866117881404029,5.404838032192654
37,2,2.3757043215963574,1.2327049242125616,0.3855633802816901,0.25214696055728003,0.3855633802816901,0.2579168656464254,0.5161058381957477,-0.015832534372462348,1.7828125953674316,5.0427027808295355
37,3,2.3773209187719555,1.244000083870358,0.3573943661971831,0.2506897476325008,0.3573943661971831,0.29136135464081725,0.5247864527764681,-0.04197987905939837,1.7811517715454102,5.021736012564765
37,4,2.5582959387037487,1.232705553372701,0.4119718309859155,0.27614855801475524,0.4119718309859155,0.24972807601326522,0.5234647629366035,-0.07700316565749077,1.8969915707906086,5.651340126991272
38,1,2.4651989936828613,1.237345768345727,0.40316901408450706,0.28747027846535833,0.40316901408450706,0.30562164537158587,0.510820245502084,-0.004358685145399832,1.8599811792373657,5.330189665158589
38,2,2.3675752613279553,1.234393212530348,0.3908450704225352,0.23823701051748108,0.3908450704225352,0.24756237670273307,0.514910896416838,-0.019226515093796914,1.7812539140383403,5.0116665495766535
38,3,2.3866323431332908,1.249828769101037,0.3362676056338028,0.24321060050140414,0.3362676056338028,0.27881042837087044,0.5110539965435639,-0.041883438812346796,1.7816257609261408,5.039173894458347
38,4,2.508793764644199,1.2298772003915575,0.397887323943662,0.3450038267237836,0.397887323943662,0.2775405977347691,0.5537204230693159,-0.018889251744139468,1.8603237138854132,5.492932226922777
39,1,2.4799803495407104,1.2291539642545912,0.4119718309859155,0.33262785935470984,0.4119718309859155,0.2449866395616457,0.5478351913574482,-0.033205458207055116,1.866476019223531,5.3985751205020485
39,2,2.379198690255483,1.2326018744044833,0.38028169014084506,0.25433032980491643,0.38028169014084506,0.27575244576626806,0.5078901313005101,-0.022448014143983785,1.7853515148162842,5.054591139157613
39,3,2.374816616376241,1.2518507970703974,0.3626760563380282,0.2531983460867507,0.3626760563380282,0.2906136238744461,0.5095496849398384,-0.013861019987685408,1.7684257162941828,4.995069967375861
39,4,2.489716569582621,1.227847245004442,0.4295774647887324,0.3278118854492768,0.4295774647887324,0.32229704646610985,0.5509952021140092,-0.01243721616569804,1.863863382074568,5.434078097343445
40,1,2.4833254946602716,1.2245401276482477,0.41725352112676056,0.32150995670303395,0.41725352112676056,0.27456715398845744,0.5466605857798172,-0.03702013432459994,1.8744571208953857,5.420491152339512
40,2,2.4050119982825384,1.233021769258711,0.3714788732394366,0.25027053769988356,0.3714788732394366,0.2801519096759597,0.5011478925228534,-0.045184590902723754,1.8026717835002475,5.139655735757616
40,3,2.3652557134628296,1.2515099445978801,0.36971830985915494,0.2752203754609031,0.36971830985915494,0.28572927809963794,0.5007363877661521,-0.022738551470441237,1.767405304643843,4.963995655377706
40,4,2.4872162077162,1.2392463352945116,0.41901408450704225,0.28966808907970754,0.41901408450704225,0.27752155904421205,0.513597352361071,-0.015395241082669653,1.8498852650324504,5.399145682652791
41,1,2.52516672346327,1.2328523397445679,0.4102112676056338,0.3643978435443925,0.4102112676056338,0.24662454878642928,0.5320663241243779,-0.07696542863259359,1.8987845910920038,5.540566762288411
41,2,2.40222030878067,1.2343781259324815,0.3890845070422535,0.272855658346394,0.3890845070422535,0.3110914043591679,0.5198338381410663,-0.04711516329605625,1.8087690605057611,5.127185198995802
41,3,2.374050796031952,1.2436184883117676,0.3714788732394366,0.20535121963666053,0.3714788732394366,0.21504251773600297,0.5407665437020119,-0.04110339756068915,1.7816134956147935,5.011726021766663
41,4,2.5702254242367215,1.2379853857888117,0.3855633802816901,0.41691996671872167,0.3855633802816901,0.33088253504041243,0.5550893676787009,-0.051147241495869356,1.9044097529517279,5.678785416815016
42,1,2.4556175933943853,1.2288904587427776,0.4102112676056338,0.4963515661872469,0.4102112676056338,0.2407003031958963,0.5391766625525654,-0.0038119065158483956,1.8403776552942064,5.317980766296387
42,2,2.385089615980784,1.2302147348721821,0.3626760563380282,0.26163793103448274,0.3626760563380282,0.3028617628295418,0.5312585450658636,-0.003956980579083114,1.7938904563585918,5.079797466595967
42,3,2.34655859735277,1.2516294254197016,0.3855633802816901,0.36560821350119066,0.3855633802816901,0.23867177609251924,0.5195329010456224,0.003457615033185868,1.7554328507847257,4.901393161879645
42,4,2.5599434243308172,1.2374784648418427,0.3573943661971831,0.25149310305299005,0.3573943661971831,0.2928512388152076,0.5408358802395604,-0.04987092480687272,1.9031951427459717,5.645694984330071
43,1,2.5683343675401478,1.2273006505436368,0.40669014084507044,0.1664058424621805,0.40669014084507044,0.2361755010664739,0.5499973390956797,-0.08797274520654286,1.9127273095978632,5.6974128352271185
43,2,2.410296599070231,1.2242643766933017,0.3961267605633803,0.27843839757400773,0.3961267605633803,0.3048659500864838,0.5344570699874627,-0.043416947852487064,1.8080635070800781,5.177704917060004
43,3,2.359019094043308,1.2404924896028307,0.36971830985915494,0.2566219546755999,0.36971830985915494,0.28022768372578966,0.5253809669706021,-0.016451041949852696,1.7720397578345404,4.968914402855767
43,4,2.4899752934773765,1.2260687814818487,0.4137323943661972,0.28600319419218523,0.4137323943661972,0.31059246360867404,0.545097329969099,-0.0252290389083496,1.8623257213168674,5.43909035788642
44,1,2.466895149813758,1.2320355508062575,0.40316901408450706,0.2289577592365789,0.40316901408450706,0.24521513316351307,0.5172085966701149,-0.015335749000589649,1.8576841089460585,5.3482340176900225
44,2,2.3737674819098578,1.232196933693356,0.3996478873239437,0.2667175218916495,0.3996478873239437,0.259391736451974,0.5028369010715772,-0.013401580128004964,1.7938556141323514,5.037431968583001
44,3,2.364831076727973,1.2428129381603665,0.3644366197183099,0.25644569898731234,0.3644366197183099,0.2975212338793091,0.5355366986989035,-0.025167742455834752,1.7776884105470445,4.982873254352146
44,4,2.5127527912457785,1.2348054581218295,0.4225352112676056,0.3437821270689832,0.4225352112676056,0.2704624106508857,0.5331342461305718,-0.03718047815943337,1.8728500339719985,5.494629634751214
45,1,2.50141140487459,1.2280321319897969,0.4014084507042254,0.24853891251002735,0.4014084507042254,0.2609266551141713,0.5332570271021855,-0.050677389225458835,1.8914519283506606,5.472629441155328
45,2,2.4501436154047647,1.227820509009891,0.38028169014084506,0.3222902538176034,0.38028169014084506,0.30302078789466996,0.5286585581097697,-0.05975071173286195,1.8523157636324565,5.3022306362787885
45,3,2.4240407612588672,1.252678546640608,0.36971830985915494,0.24157200982539812,0.36971830985915494,0.2346358403503242,0.519125354017954,-0.05846420641816552,1.8040999571482341,5.157219065560235
45,4,2.5266817013422647,1.2373373773362901,0.36971830985915494,0.2703787945061675,0.36971830985915494,0.3122320881812615,0.5299391887191257,-0.04060304562490735,1.87791332271364,5.535151640574138
46,1,2.4650961293114557,1.2342946198251512,0.40492957746478875,0.16627196809173625,0.40492957746478875,0.23574319189919946,0.5287766428267886,-0.015505319311617471,1.8578645785649617,5.336966037750244
46,2,2.3653606242603726,1.2312895390722487,0.3908450704225352,0.27506677911538985,0.3908450704225352,0.2722160577208132,0.5201638019946233,-0.01624424067968655,1.78111336628596,5.011526385943095
46,3,2.3842142952813044,1.2425001992119684,0.38204225352112675,0.27386698611119603,0.38204225352112675,0.28609833167700444,0.5418112465720806,-0.033557885626300354,1.7874870631429884,5.048213680585225
46,4,2.481042934788598,1.2282400992181566,0.40669014084507044,0.35433833379573987,0.40669014084507044,0.275057613808884,0.5422746901579139,-0.01430254922459473,1.8534195091989305,5.404249363475376
47,1,2.4867018130090504,1.2328709496392145,0.4102112676056338,0.2917323017049666,0.4102112676056338,0.25628997484267035,0.5133684160059848,-0.03703542718249375,1.867176764541202,5.412306997511122
47,2,2.387478815184699,1.2283860246340434,0.40316901408450706,0.29079078101972694,0.40316901408450706,0.27938918519728906,0.5273927011185637,-0.021080084040387748,1.802246504359775,5.0920284854041205
47,3,2.3603929148779974,1.2417814797825284,0.3714788732394366,0.3677711331168867,0.3714788732394366,0.29537714382666924,0.523810978487101,-0.021055286538795626,1.7686450348960028,4.970486150847541
47,4,2.494006699985928,1.227198388841417,0.4119718309859155,0.2847584757246889,0.4119718309859155,0.28002940223159345,0.5517514792776879,-0.03100007944354366,1.85903979672326,5.4498926003774
48,1,2.457985175980462,1.2247105108367071,0.3996478873239437,0.27397887323943665,0.3996478873239437,0.28558454552451323,0.5486656030056339,-0.011590570198560801,1.8571694890658061,5.335625754462348
48,2,2.4030431707700095,1.2332029872470431,0.375,0.23467779455445012,0.375,0.25730132159074665,0.513020608653447,-0.017420393354496744,1.8006498416264851,5.132670084635417
48,3,2.35110612710317,1.253023664156596,0.3714788732394366,0.2470105040354486,0.3714788732394366,0.2332939711181122,0.5084631731685244,-0.014691030012952577,1.7684614658355713,4.913298394944933
48,4,2.4924464490678577,1.254162159230974,0.3221830985915493,0.24526309731279564,0.3221830985915493,0.2754426235173273,0.5084382528951477,-0.024535777177413065,1.8437238136927288,5.381776187154982
49,1,2.469423684808943,1.2266397608651056,0.40669014084507044,0.2877404139832801,0.40669014084507044,0.2667780878821315,0.5467066557522827,-0.025403698936994346,1.8594237036175199,5.369252641995748
49,2,2.3975243634647794,1.2355421913994684,0.34683098591549294,0.27933220037179607,0.34683098591549294,0.2950338302973001,0.5252409149070705,-0.03215282377018336,1.7982388734817505,5.10881589518653
49,3,2.387259284655253,1.261064502927992,0.375,0.24109752856763222,0.375,0.2375421432397517,0.5213431174888912,-0.04750270629405806,1.7694041861428156,5.015047007136875
49,4,2.5239861143959894,1.237828016281128,0.38380281690140844,0.3439315379456224,0.38380281690140844,0.32716656522205334,0.5556284149446339,-0.03926335129846459,1.8845415976312425,5.525021526548597
50,1,2.4768631193372936,1.2281556460592482,0.39436619718309857,0.2691331021121082,0.39436619718309857,0.29214765615743965,0.53330329329023,-0.014017873207383236,1.86027991771698,5.3905138042238026
50,2,2.393574873606364,1.2324345575438604,0.3996478873239437,0.26502698254745866,0.3996478873239437,0.2454203564803542,0.5221848479349372,-0.024254454952484572,1.7881198128064473,5.102902160750495
50,3,2.3673071795039706,1.2400194538964167,0.36619718309859156,0.3319668873102802,0.36619718309859156,0.29794331587551454,0.5317669739389307,-0.028389523871677147,1.7797939512464735,4.997644980748494
50,4,2.49146005180147,1.2234931058353848,0.4102112676056338,0.272344204797183,0.4102112676056338,0.28385038434958954,0.5617300064990702,-0.0271921759614715,1.8554095824559529,5.450049479802449
51,1,2.4881612989637585,1.22760005791982,0.38028169014084506,0.23669069664924036,0.38028169014084506,0.2587317038921402,0.5315005109834227,-0.030699559977519497,1.8706501854790583,5.429470698038737
51,2,2.393786701891157,1.2405621144506667,0.40492957746478875,0.4060836941941504,0.40492957746478875,0.2533514934453973,0.48413841270464375,-0.026470095607377342,1.7979616787698534,5.084643867280748
51,3,2.376792053381602,1.2698195841577318,0.34507042253521125,0.25827215541668314,0.34507042253521125,0.2831477026634384,0.4982889711950298,-0.01720139147046007,1.7672561075952318,4.95972756544749
51,4,2.4972356690300836,1.243612653679318,0.4137323943661972,0.2976865144639124,0.4137323943661972,0.2625272450171386,0.5257241375870585,-0.029549519141628622,1.862516548898485,5.422355863783094
52,1,2.4630286428663464,1.2357571456167433,0.40669014084507044,0.2868823182148446,0.40669014084507044,0.2911995618261797,0.5357799239084383,-0.02021327261281458,1.850089152654012,5.32666191789839
52,2,2.3696616490681968,1.2414554158846538,0.4014084507042254,0.26133575647432983,0.4014084507042254,0.24055582925114075,0.5016189085708905,-0.00929976126823795,1.7828088733885024,5.0021426810158625
52,3,2.4742475748062134,1.2512609428829617,0.3538732394366197,0.2525789174634452,0.3538732394366197,0.2947395873789854,0.518723085207436,-0.10453972493075292,1.834798514842987,5.327882899178399
52,4,2.519351018799676,1.2408775091171265,0.3961267605633803,0.2574178509781968,0.3961267605633803,0.28715253662927737,0.5169566543835042,-0.04125809243062717,1.8593376146422491,5.502455711364746
53,1,2.4986134237713284,1.241221182876163,0.3996478873239437,0.2673055930464275,0.3996478873239437,0.26575541769449623,0.5040854348679104,-0.05304557594253434,1.8851246171527438,5.432528403070238
53,2,2.3836191627714367,1.2340366310543485,0.39436619718309857,0.2737483966938085,0.39436619718309857,0.2865903755868545,0.49901510634210144,-0.016780771996873334,1.7913470599386427,5.065978262159559
53,3,2.3503853480021157,1.2547103828854032,0.3503521126760563,0.2447073215413305,0.3503521126760563,0.27581173872740133,0.5034097209312807,-0.018202337863871154,1.7590040564537048,4.906960037019518
53,4,2.53627790345086,1.2286761071946886,0.4137323943661972,0.2760126061369131,0.4137323943661972,0.28792355428679106,0.5592542074062818,-0.05544047540958452,1.884338915348053,5.587348580360413
54,1,2.5146248075697155,1.2405883338716295,0.4014084507042254,0.26215642204279926,0.4014084507042254,0.2598253681428113,0.4892530716389285,-0.06723946023822625,1.8743409249517653,5.487376425001356
54,2,2.4423357248306274,1.2364772756894429,0.397887323943662,0.29046428521476425,0.397887323943662,0.2680565607081223,0.49704957682593454,-0.053736120235683194,1.8447436557875738,5.256005273924933
54,3,2.3964283996158176,1.250204821427663,0.3732394366197183,0.24349295429538068,0.3732394366197183,0.24318064297544575,0.5168157345422711,-0.042727109355260806,1.7912934091356065,5.070949779616462
54,4,2.5053812795215182,1.229880366060469,0.397887323943662,0.28255637548696433,0.397887323943662,0.327992995207931,0.5613030569821775,-0.048890572174451474,1.8702211181322734,5.481550044483608
55,1,2.4475549393230014,1.2370495994885762,0.4084507042253521,0.2495973179502547,0.4084507042253521,0.24051299562483164,0.5123766168678612,-0.023913923430138873,1.8461524976624384,5.272067189216614
55,2,2.3975242376327515,1.2300742202334933,0.3908450704225352,0.25672231320415717,0.3908450704225352,0.27348243272600764,0.5107170191290471,-0.04134648366996285,1.803358448876275,5.121574097209507
55,3,2.4000512493981256,1.2514539493454828,0.375,0.2553105707737237,0.375,0.2556084779771297,0.49726894618264694,-0.05201515438509463,1.7901908093028598,5.080111463864644
55,4,2.482963482538859,1.2296658886803522,0.4137323943661972,0.2700950594283841,0.4137323943661972,0.26771800876050295,0.5492657266341753,-0.008367862266980275,1.8535767661200628,5.407324340608385
56,1,2.467483083407084,1.2261360552575853,0.4014084507042254,0.26456909095900943,0.4014084507042254,0.2759944658800883,0.5334811404521285,-0.03484806996425993,1.8651846514807806,5.363959232966105
56,2,2.401751306321886,1.2272392974959478,0.39436619718309857,0.2514622524171342,0.39436619718309857,0.25644293391930534,0.5104765905489983,-0.04019912258488367,1.8158205482694838,5.142279028892517
56,3,2.3677325712309942,1.2369386222627428,0.40316901408450706,0.30779653410660035,0.40316901408450706,0.2789270403971301,0.5612810857293318,-0.017705504101873215,1.7711204952663846,5.0062516530354815
56,4,2.5018942952156067,1.2364615201950073,0.36619718309859156,0.25805740878016636,0.36619718309859156,0.3003998400639744,0.5268388839868976,-0.02807924310173604,1.8565674490398831,5.4545705450905695
57,1,2.481092154979706,1.2336239284939237,0.3996478873239437,0.2563170436761986,0.3996478873239437,0.24796784574956446,0.5245491075212968,-0.029820726231248207,1.8651852011680603,5.391851160261366
57,2,2.3811458746592202,1.228787084420522,0.3961267605633803,0.2710808606267567,0.3961267605633803,0.2910173439113141,0.5286696572245522,-0.03435574844162992,1.789091534084744,5.069982899559869
57,3,2.367756598525577,1.244821568330129,0.38028169014084506,0.34688246437690473,0.38028169014084506,0.2845546444427434,0.5168454099534148,-0.03185857543667492,1.7718202206823561,4.987938192155626
57,4,2.4805504414770336,1.2374522023730807,0.4102112676056338,0.27623719391940244,0.4102112676056338,0.2702060846129076,0.5073767894929333,-0.0016918096900953028,1.8499468564987183,5.381112840440538
58,1,2.446510089768304,1.2382886674669054,0.3644366197183099,0.2614466698409285,0.3644366197183099,0.29871127538712944,0.5113805828717799,-0.00560815918806723,1.8459085490968492,5.265693174468146
58,2,2.3790324529012046,1.2396048771010504,0.40316901408450706,0.272436536623873,0.40316901408450706,0.23500843987429818,0.4898816817838388,-0.03147289659227903,1.7937783731354608,5.03769658671485
58,3,2.358339031537374,1.2410799397362604,0.34507042253521125,0.25541066914306354,0.34507042253521125,0.2769411749394215,0.5356923867160226,-0.02673705049776265,1.7692728241284688,4.965276691648695
58,4,2.483126256201002,1.229409741030799,0.4154929577464789,0.2625727627798879,0.4154929577464789,0.2514779502438849,0.5301342099303531,-0.0048533173889175885,1.8492520584000482,5.408464550971985
59,1,2.4616795447137623,1.2297369374169245,0.40316901408450706,0.26843063210178947,0.40316901408450706,0.27249963963377494,0.5179323960043309,-0.03248906572297772,1.8516189124849107,5.336212250921461
59,2,2.378739317258199,1.2310735318395827,0.38028169014084506,0.2736557990541124,0.38028169014084506,0.3145485354300895,0.5188598639344284,-0.018331110933947015,1.791186339325375,5.056625962257385
59,3,2.3846789995829263,1.2459479835298326,0.3714788732394366,0.25268049739880727,0.3714788732394366,0.21676435752227133,0.5242504707809527,-0.04175546188464874,1.779570009973314,5.0417177942064075
59,4,2.515778250164456,1.246202892727322,0.3626760563380282,0.37657847094030755,0.3626760563380282,0.31020087923540135,0.52120855689228,-0.029877395437005072,1.852842304441664,5.478120724360148
60,1,2.459573354985979,1.235113799571991,0.4084507042253521,0.16683197778218609,0.4084507042253521,0.23690140845070423,0.5236018320405105,-0.027065616028435713,1.853207078244951,5.316645463307698
60,2,2.4158394866519504,1.2260238726933796,0.3855633802816901,0.28281675093858877,0.3855633802816901,0.32627976084959254,0.5470025388252462,-0.04050922465029583,1.817876312467787,5.19207587507036
60,3,2.360780166255103,1.2477360765139263,0.3767605633802817,0.3123956504987371,0.3767605633802817,0.28278514229841584,0.5157841515262387,-0.020674397664762756,1.7658634848064847,4.957882920900981
60,4,2.5087790489196777,1.2314729028277926,0.4084507042253521,0.4761671883150756,0.4084507042253521,0.3028025420532554,0.5334600966305338,-0.03859077127484678,1.856114877594842,5.4891599549187555
61,1,2.533433450592889,1.234077705277337,0.41901408450704225,0.2962655742145178,0.41901408450704225,0.2894216362001798,0.5087054614421722,-0.07230982492000981,1.899353371726142,5.56526353624132
61,2,2.3808055255148144,1.2263454000155132,0.39436619718309857,0.3605068623120839,0.39436619718309857,0.2637630650960329,0.524160411991988,-0.03938595311093307,1.7892340355449252,5.074545635117425
61,3,2.3979950414763556,1.239449852042728,0.3591549295774648,0.2366561666510099,0.3591549295774648,0.26243716858559757,0.5456009087289938,-0.0350758142594676,1.7932273083262973,5.101266900698344
61,4,2.514694227112664,1.2449111276202731,0.4014084507042254,0.2275189599133261,0.4014084507042254,0.2512546543629594,0.5101991588091725,-0.04648214788012739,1.856696367263794,5.4775212738249035
62,1,2.469108442465464,1.2322274446487427,0.40492957746478875,0.1665667765457996,0.40492957746478875,0.2360393516880175,0.5082620771846588,-0.010336488646133235,1.8599251839849684,5.3551638921101885
62,2,2.382896661758423,1.227022455798255,0.39436619718309857,0.2778617599887349,0.39436619718309857,0.30691077786387505,0.5175190984699272,-0.023136216895917716,1.798365102873908,5.079936385154724
62,3,2.3632401095496283,1.2392778264151678,0.375,0.24674896112168138,0.375,0.23958101865170453,0.5330683328610355,-0.013892026033077265,1.7722339630126953,4.985818637741937
62,4,2.4940369394090443,1.2320546574062772,0.3890845070422535,0.34364212983339854,0.3890845070422535,0.2691194265876896,0.5176824262345597,-0.02495603931596424,1.8553795748286777,5.438662091890971
63,1,2.477541559272342,1.2301193674405415,0.352112676056338,0.23764524787925773,0.352112676056338,0.2684794523381109,0.513558362943153,-0.04610341085886316,1.8739358915223017,5.388193130493164
63,2,2.3966294527053833,1.2244403958320618,0.40669014084507044,0.3169474653830154,0.40669014084507044,0.2537891054513758,0.511495450852627,-0.04544891882540947,1.8123718566364713,5.131737126244439
63,3,2.3705248170428805,1.237826446692149,0.36971830985915494,0.29692286794607636,0.36971830985915494,0.2547138737578228,0.5387644423889797,-0.023930549597934947,1.7807649042871263,5.013487458229065
63,4,2.4785283539030285,1.2237661215994093,0.4102112676056338,0.37285571895910435,0.4102112676056338,0.2926977323394783,0.5417228654283117,-0.02822734601248955,1.8492879933781095,5.406306743621826
64,1,2.448289778497484,1.2310331463813782,0.3926056338028169,0.2668013741760125,0.3926056338028169,0.2911573400800845,0.5137418707493304,-0.012198158278757587,1.8423020508554246,5.2885550657908125
64,2,2.3815052443080478,1.2230452100435893,0.397887323943662,0.24855992255304957,0.397887323943662,0.2508732086657583,0.5206654784769549,-0.022884706179225667,1.796976367632548,5.084578606817457
64,3,2.3466211689843073,1.2374989125463698,0.36619718309859156,0.22536501106672993,0.36619718309859156,0.2507241147709418,0.5282533052793584,-0.022911352306023147,1.7586557931370206,4.934572855631511
64,4,2.484017981423272,1.2349876628981695,0.38028169014084506,0.25961969392344836,0.38028169014084506,0.2928427727748844,0.5259567562073288,-0.015159074088447522,1.8504415088229709,5.398421883583069
65,1,2.5149188571506076,1.2364181412590876,0.4102112676056338,0.36125009381332396,0.4102112676056338,0.24428030446831933,0.5106132406571473,-0.044641724648873726,1.8882215089268155,5.498087061776055
65,2,2.389718850453695,1.2278149922688801,0.3714788732394366,0.25235859854385906,0.3714788732394366,0.28504843161533305,0.5047576192451456,-0.0328184895581074,1.796592030260298,5.100827799903022
65,3,2.3855702612135143,1.242132094171312,0.3767605633802817,0.2799412306012868,0.3767605633802817,0.2272029681906984,0.522388736742376,-0.026640805504050347,1.7801448040538363,5.053592562675476
65,4,2.493851602077484,1.2285841835869684,0.375,0.26841304210523426,0.375,0.31257144058054237,0.5255044945807263,-0.027881390661371963,1.8684040241771274,5.446142156918843
66,1,2.445446809132894,1.2300346824857924,0.4102112676056338,0.3319036559784237,0.4102112676056338,0.24396038151082827,0.5170983004404094,-0.035509240688751165,1.8462062544292874,5.281408349672954
66,2,2.354801164733039,1.2205380929840937,0.4137323943661972,0.2882891451818254,0.4137323943661972,0.3103110656701687,0.5368823908866526,-0.00581538090803857,1.7785082393222384,5.0014148818122015
66,3,2.357011867894067,1.2408846351835463,0.38204225352112675,0.47677826736958057,0.38204225352112675,0.24128416804285852,0.5223805231883882,-0.015009041189261385,1.7700083984269037,4.961308625009325
66,4,2.4898985624313354,1.226122670703464,0.38028169014084506,0.4641994327073552,0.38028169014084506,0.30298165003345723,0.5411570059076125,-0.03698189336261404,1.8542808029386733,5.438708848423428
67,1,2.4654605786005654,1.227439006169637,0.4102112676056338,0.2715908221065524,0.4102112676056338,0.25378626438433555,0.533531460456259,-0.0005322469373569838,1.8652719325489469,5.35417738225725
67,2,2.4094699819882712,1.2189353307088215,0.3873239436619718,0.2770397303341362,0.3873239436619718,0.31738118727266723,0.5462520530605465,-0.031956500243877084,1.8153994215859308,5.187384009361267
67,3,2.3541392948892383,1.2354476385646396,0.3855633802816901,0.41223979201470473,0.3855633802816901,0.23740882315608988,0.5455105448288258,-0.004443534643549185,1.768566177950965,4.964419696066114
67,4,2.4836729102664523,1.2359495957692463,0.3996478873239437,0.21513358027506907,0.3996478873239437,0.2478679181689119,0.5051627482346968,-0.013559957741863027,1.8451020585166082,5.395027134153578
68,1,2.48528876569536,1.2359284228748746,0.38380281690140844,0.2810707924475295,0.38380281690140844,0.32381270067225315,0.497279157320236,-0.0370586272721567,1.8672172559632196,5.400462773111132
68,2,2.3888976309034557,1.224156830045912,0.3926056338028169,0.19332311070725428,0.3926056338028169,0.23079733504582084,0.5278601502828684,-0.03049774804798111,1.8094807267189026,5.106626086764866
68,3,2.372918519708845,1.240965445836385,0.3732394366197183,0.2604741351333809,0.3732394366197183,0.288912392144948,0.5178696459669444,-0.030608454276875863,1.7764572766092088,5.014142248365614
68,4,2.500753084818522,1.2242337399058871,0.4137323943661972,0.2903510679151089,0.4137323943661972,0.28606284048616426,0.5458052945648407,-0.023794637490987203,1.8752511276139154,5.479297995567322
69,1,2.4550445079803467,1.2249886790911357,0.4014084507042254,0.24351371386212012,0.4014084507042254,0.24660928534167972,0.5275285762795456,-0.019110032714953373,1.8530684378412035,5.325174490610759
69,2,2.366111013624403,1.2242149313290913,0.3908450704225352,0.27976017297286543,0.3908450704225352,0.2965339914050166,0.5234154072803624,-0.0324044577409226,1.7804562118318346,5.0305350753996105
69,3,2.4024604890081616,1.235965629418691,0.3873239436619718,0.3832913243523883,0.3873239436619718,0.25332008817028945,0.5449258706784981,-0.053301819484325774,1.792237811618381,5.12428163157569
69,4,2.478757401307424,1.233991437488132,0.4014084507042254,0.28716224404637847,0.4014084507042254,0.26450222732553447,0.5347154892341097,-0.012197381387978767,1.8489781419436138,5.383211056391398
70,1,2.467223564783732,1.2303995158937242,0.3890845070422535,0.2726423062667503,0.3890845070422535,0.3106427816324364,0.5204900283657837,-0.035109239353174004,1.850871503353119,5.353146142429775
70,2,2.4856473008791604,1.2289597458309598,0.39436619718309857,0.2794787416085297,0.39436619718309857,0.25966374161197553,0.4999179079152396,-0.11249137154703037,1.8661264313591852,5.417918046315511
70,3,2.379320548640357,1.2385644184218512,0.3785211267605634,0.26644019043840506,0.3785211267605634,0.2676015221078072,0.5433985394411427,-0.03072398866037518,1.786017616589864,5.041084633933173
70,4,2.485091063711378,1.2298824853367276,0.4119718309859155,0.38593479376076145,0.4119718309859155,0.31460772780471774,0.5506386102676172,-0.01671765374789702,1.846295588546329,5.413910945256551
71,1,2.4765516652001276,1.222390545739068,0.40492957746478875,0.2814414773311401,0.40492957746478875,0.25581646699221716,0.5390332436049001,-0.04138408510784464,1.8677406443489923,5.402927319208781
71,2,2.3998359772894116,1.2224248780144586,0.3908450704225352,0.27005702192155556,0.3908450704225352,0.2743202992641493,0.5326597946643294,-0.030745023192624732,1.8115576638115778,5.147128370073107
71,3,2.3668354153633118,1.2399300204383001,0.3890845070422535,0.39064089862368123,0.3890845070422535,0.25842227701993475,0.5310434057602502,-0.03372162363079667,1.7891678478982713,4.996281133757697
71,4,2.4732650783326893,1.2216971582836575,0.4137323943661972,0.27883970489604293,0.4137323943661972,0.2952300849632206,0.5557413892956512,-0.025374806964111762,1.847293410036299,5.393590092658997
72,1,2.4650543795691595,1.222769836584727,0.4014084507042254,0.2842955166898829,0.4014084507042254,0.25620425298373933,0.5230803084737278,-0.01170491567288967,1.862707747353448,5.363718138800727
72,2,2.3677668505244784,1.2216793960995145,0.40492957746478875,0.3093209425505527,0.40492957746478875,0.24469715318743498,0.523390855007827,-0.006732804148039229,1.7890896267361112,5.041970663600498
72,3,2.360998385482364,1.2406198117468092,0.3362676056338028,0.23672060388938793,0.3362676056338028,0.2747515060779396,0.5145818593469674,-0.04549802850659046,1.7753517826398213,4.975214905209011
72,4,2.5090145799848766,1.221650607056088,0.4137323943661972,0.2652539008561171,0.4137323943661972,0.26531063461434423,0.5432697158432149,-0.025419587501440022,1.8706471655103896,5.512863649262322
73,1,2.4592730932765536,1.221441023879581,0.4084507042253521,0.2769013249127028,0.4084507042253521,0.24345723260879276,0.5256264478007752,-0.022398945138536908,1.8519703613387213,5.3475477827919855
73,2,2.398965689871046,1.2162329885694716,0.3961267605633803,0.2822455642289207,0.3961267605633803,0.27895771839722433,0.5408285872414748,-0.0589075758251012,1.8062182996008131,5.158675207032098
73,3,2.4301664564344616,1.2413132786750793,0.35563380281690143,0.2475953585397132,0.35563380281690143,0.2857191405807499,0.5181959460232026,-0.07443968582780447,1.8037407133314345,5.204157008065118
73,4,2.5125171343485513,1.2260016798973083,0.3961267605633803,0.2692724909293489,0.3961267605633803,0.28903116071311896,0.537487737373757,-0.030036365252874564,1.8710602521896362,5.514386428727044
74,1,2.460852815045251,1.220938093132443,0.40316901408450706,0.2289577592365789,0.40316901408450706,0.24521513316351307,0.5311190829377204,-0.024990241370660637,1.8600786924362183,5.3539870447582665
74,2,2.3859510289298163,1.2205096946822271,0.4014084507042254,0.2828963231722995,0.4014084507042254,0.2923347532702081,0.5396386272741442,-0.023636500486161616,1.7986917694409688,5.105313963360256
74,3,2.3512252370516458,1.2322347561518352,0.3926056338028169,0.30414517840685884,0.3926056338028169,0.2570093457943925,0.5461200417728432,-0.012105961212518501,1.7686036229133606,4.9622029066085815
74,4,2.486657460530599,1.226346300707923,0.41901408450704225,0.27909121395036884,0.41901408450704225,0.2623497529680702,0.5312226508728082,-0.011946551966525387,1.857323990927802,5.42738335662418
75,1,2.4649471971723766,1.218454294734531,0.3996478873239437,0.26737237126295615,0.3996478873239437,0.2584140543651011,0.5520431594552571,-0.03341372691503697,1.8639313048786588,5.373430516984728
75,2,2.383411427338918,1.2284247941441007,0.3644366197183099,0.26196719910238525,0.3644366197183099,0.30269545086054483,0.5360415635065232,-0.028697131599395354,1.797306153509352,5.078380134370592
75,3,2.359751204649607,1.2386070026291742,0.3732394366197183,0.26218527380499207,0.3732394366197183,0.2505392175700863,0.5311130423474542,-0.026997234532953662,1.7720351351632013,4.975754313998753
75,4,2.490605798032549,1.2300249404377408,0.41901408450704225,0.3299068605179464,0.41901408450704225,0.25910062507943477,0.5131725097282331,-0.012855614692727446,1.8640213012695312,5.431960927115546
76,1,2.488555073738098,1.2204406195216708,0.4119718309859155,0.3044613403664261,0.4119718309859155,0.27179734263775474,0.5295293652807713,-0.04551699972512502,1.8771749403741624,5.447488572862413
76,2,2.359415305985345,1.214164720641242,0.40669014084507044,0.31485424754030855,0.40669014084507044,0.26613346434721663,0.5504272033164597,-0.0061116115876302946,1.7865656084484525,5.031666556994121
76,3,2.359248240788778,1.2336412403318617,0.3926056338028169,0.33460993691856883,0.3926056338028169,0.32444459000383374,0.5450954217034881,-0.03238460190416648,1.7730410165256925,4.985664380921258
76,4,2.475530895921919,1.2226831316947937,0.43485915492957744,0.316632187491144,0.43485915492957744,0.32335541561873304,0.5304604721679477,-0.01403172139485287,1.8459226025475397,5.398842122819689
77,1,2.46179778708352,1.2198659976323445,0.4102112676056338,0.3643978435443925,0.4102112676056338,0.24662454878642928,0.5532337677607158,-0.02361637335208089,1.8578756319151983,5.359638452529907
77,2,2.360607167085012,1.2222352756394281,0.3644366197183099,0.26345576228374457,0.3644366197183099,0.3047547437402191,0.5300697743303262,-0.02746801925728093,1.7842430075009663,5.016808125707838
77,3,2.3522647288110523,1.231235749191708,0.3732394366197183,0.47901497970876106,0.3732394366197183,0.2771057446083585,0.5456276918348416,-0.004836332134478871,1.758192069000668,4.967998902002971
77,4,2.4965559111701117,1.218890839152866,0.40669014084507044,0.4810115960072786,0.40669014084507044,0.3109303491401071,0.5372239248550462,-0.03873739679083221,1.869536128309038,5.477774249182807
78,1,2.466598153114319,1.2176527910762363,0.4014084507042254,0.27524783147459725,0.4014084507042254,0.26162193099948666,0.5375501284569124,-0.02811890784443949,1.86588540342119,5.380803929434882
78,2,2.3803988562689886,1.2181924250390794,0.4102112676056338,0.311154107640904,0.4102112676056338,0.2870166124954857,0.5415452533350226,-0.0333802914431629,1.7998651133643255,5.092213657167223
78,3,2.364436447620392,1.2303309341271718,0.38204225352112675,0.29446307644771735,0.38204225352112675,0.2353187365663799,0.5426181409296427,-0.03686110329859171,1.7820482055346172,5.010682423909505
78,4,2.463284691174825,1.2168505522939894,0.38380281690140844,0.27639312941871413,0.38380281690140844,0.3208085410046735,0.5543204522714584,-0.009298811572940213,1.845592975616455,5.371630946795146
79,1,2.4776915510495505,1.2216333150863647,0.4154929577464789,0.35622761841808975,0.4154929577464789,0.26317076053984456,0.5196843136468348,-0.03944042430260897,1.8629932734701369,5.408493796984355
79,2,2.360542416572571,1.2137891054153442,0.40492957746478875,0.3016614451954985,0.40492957746478875,0.2801712835708307,0.5342951537065264,-0.017823370926090654,1.7888207236925762,5.03630006313324
79,3,2.350860079129537,1.2301424476835463,0.3908450704225352,0.3551339327135408,0.3908450704225352,0.2936818327964239,0.5333166013193111,-0.016875655846126936,1.7783500883314345,4.9658677445517645
79,4,2.4842783212661743,1.2210713492499456,0.41901408450704225,0.3066674238982281,0.41901408450704225,0.2901694879379047,0.5373362049382858,-0.032731369345322836,1.8612835274802313,5.4317610528734
80,1,2.4833446939786277,1.2266469134224787,0.4084507042253521,0.28956369450297587,0.4084507042253521,0.290470803814021,0.529562685174843,-0.0361765291342675,1.8827117019229465,5.415639400482178
80,2,2.3912794523768954,1.218233433034685,0.4014084507042254,0.3226619420776043,0.4014084507042254,0.25800808519580165,0.5323043226576393,-0.029590906184988386,1.8022131390041776,5.128386616706848
80,3,2.359197987450494,1.2383033368322585,0.36619718309859156,0.255015726543167,0.36619718309859156,0.2830492001784462,0.5349749098514687,-0.024450975368241812,1.7648875912030537,4.974618673324585
80,4,2.47108213769065,1.2137057052718268,0.4119718309859155,0.29422568329917304,0.4119718309859155,0.29145021098206103,0.5554350766898958,-0.0212612285088305,1.8538692461119757,5.404960287941827
81,1,2.4687757094701133,1.2229537169138591,0.40669014084507044,0.2861784711861835,0.40669014084507044,0.2483294358461712,0.5416998680864835,-0.025819129357194992,1.8622668319278293,5.375693519910176
81,2,2.365647428565555,1.2158257497681513,0.40316901408450706,0.28566926889668215,0.40316901408450706,0.2671261840747257,0.5511262371681697,-0.012629276883834528,1.793241024017334,5.048564553260803
81,3,2.346095177862379,1.2355563177002802,0.3573943661971831,0.2501899753220176,0.3573943661971831,0.2913155797357886,0.49900984511770674,-0.015642377633790394,1.7591611014472113,4.937352418899536
81,4,2.5231980880101523,1.2228834629058838,0.40492957746478875,0.26838828138779014,0.40492957746478875,0.2806530241770748,0.532732212495759,-0.05381879854630678,1.8778211540646024,5.557265347904629
82,1,2.475359068976508,1.2234458459748163,0.3873239436619718,0.2631803067011397,0.3873239436619718,0.27986156334684786,0.5428104919076026,-0.028420209973444077,1.8649048739009433,5.396489726172553
82,2,2.4219127893447876,1.2244016991721258,0.4102112676056338,0.31526665720387376,0.4102112676056338,0.2791414606057397,0.515835001966944,-0.05045913753951092,1.8234272466765509,5.216105143229167
82,3,2.343991736570994,1.2335486610730488,0.3785211267605634,0.2677708746115369,0.3785211267605634,0.30532200729611986,0.5371638428788451,-0.014186437299838817,1.7572361495759752,4.935025413831075
82,4,2.4876780245039196,1.219511349995931,0.4119718309859155,0.27493983599259325,0.4119718309859155,0.27613839949910735,0.5399556531276186,-0.021470448318990032,1.8602109551429749,5.446733395258586
83,1,2.478299233648512,1.2196333871947393,0.3996478873239437,0.2836406459590879,0.3996478873239437,0.2867598802585128,0.5271914337271241,-0.027814263657727212,1.8785582383473713,5.415186060799493
83,2,2.3648142483499317,1.220907794104682,0.3926056338028169,0.2784919074622522,0.3926056338028169,0.2693103406765379,0.5254389293708445,-0.006534090369654466,1.7866714265611436,5.033929162555271
83,3,2.350061986181471,1.2371691664059956,0.39436619718309857,0.31333676966743423,0.39436619718309857,0.267952150756463,0.5149737950371055,-0.028867977115110577,1.7660398483276367,4.946811821725634
83,4,2.484960251384311,1.223175095187293,0.3873239436619718,0.27177901134229027,0.3873239436619718,0.3085229092271346,0.5449345579567426,-0.02335095802629228,1.8542823526594374,5.429125428199768
84,1,2.439374486605326,1.2232948409186468,0.4084507042253521,0.29858397698016054,0.4084507042253521,0.24913350823956784,0.530609261323321,-0.011749719927123259,1.842690302266015,5.276893562740749
84,2,2.3956938452190824,1.2183805108070374,0.397887323943662,0.2900137860066142,0.397887323943662,0.335315705738241,0.5504302090864672,-0.036121387012822526,1.8083719544940524,5.142758170763652
84,3,2.3487963676452637,1.2299815151426527,0.3908450704225352,0.3297233216819163,0.3908450704225352,0.24439603984764857,0.5513113435532472,-0.02003406685568243,1.7629482216305203,4.959364149305555
84,4,2.4605957004759045,1.2247362203068204,0.3996478873239437,0.2816622652582159,0.3996478873239437,0.32490431986244067,0.5212118780998087,-0.01786450679303697,1.8475376433796353,5.344267514016893
85,1,2.497183733516269,1.2143343091011047,0.4084507042253521,0.3105241503368034,0.4084507042253521,0.2571475651941204,0.5569145238965658,-0.04869247275953459,1.8804378906885784,5.490498767958747
85,2,2.3887402216593423,1.2225375175476074,0.3855633802816901,0.2704135909683022,0.3855633802816901,0.2908037109033237,0.5250068941310821,-0.03670677180601123,1.7996287941932678,5.109879679150051
85,3,2.3585641384124756,1.231331507364909,0.3732394366197183,0.2547673157136711,0.3732394366197183,0.25810431583573973,0.5318023485623151,-0.03551229084099683,1.7775643600357904,4.988773491647509
85,4,2.5005199313163757,1.2180235783259075,0.4242957746478873,0.39063722138657186,0.4242957746478873,0.30894046671194025,0.5459167776642833,-0.02857622788963421,1.8638177116711934,5.493011302418179
86,1,2.4520986676216125,1.2228741115993924,0.3890845070422535,0.28020694139391056,0.3890845070422535,0.31956927865535756,0.5209386651570369,-0.016718957326066652,1.852467119693756,5.320289148224725
86,2,2.3809363510873585,1.2131356729401483,0.3961267605633803,0.2738973313565604,0.3961267605633803,0.26326603450302166,0.5559919063746698,-0.027503204828012384,1.801143964131673,5.105804390377468
86,3,2.3579724497265286,1.2336800032191806,0.3890845070422535,0.2815333970662166,0.3890845070422535,0.2962329397760671,0.5110443074926889,-0.028173274561508643,1.7779364784558613,4.981321308347914
86,4,2.48208044634925,1.214732415146298,0.426056338028169,0.31844981681795687,0.426056338028169,0.3019281452101326,0.5395424932491556,-0.028216875600580504,1.8549470172988043,5.439225713411967
87,1,2.4669775697920056,1.216071625550588,0.40669014084507044,0.2975605464287557,0.40669014084507044,0.30331478759138225,0.5294938070272457,-0.029871217633482994,1.8697510692808363,5.385757856898838
87,2,2.366699841287401,1.2149151894781325,0.397887323943662,0.2795584234319372,0.397887323943662,0.2801919920607657,0.5415049288368583,-0.011242984993050875,1.791616353723738,5.054197337892321
87,3,2.3708425760269165,1.234210193157196,0.36795774647887325,0.2592027778404365,0.36795774647887325,0.2770980950152131,0.5191156653159312,-0.020039516162025484,1.7848608493804932,5.022984703381856
87,4,2.461265809006161,1.2147519720925226,0.40316901408450706,0.28682572983759613,0.40316901408450706,0.3117621828864103,0.5506204497895872,-0.01541747043644115,1.8631450202729967,5.36979795826806
88,1,2.4895903534359403,1.2177243100272284,0.4119718309859155,0.34728654775367535,0.4119718309859155,0.26854015209802107,0.5364155693579143,-0.016184599050064863,1.8857962952719793,5.457277523146735
88,2,2.3853357434272766,1.2171909345520868,0.39436619718309857,0.28251650457224325,0.39436619718309857,0.2741462177893096,0.5240216874735842,-0.040218221294137546,1.8001438246832953,5.111006842719184
88,3,2.3621540334489612,1.2401425308651395,0.3626760563380282,0.2591902145473574,0.3626760563380282,0.30227772154275695,0.5192082422231892,-0.0167539960179941,1.7728224529160395,4.9801806343926325
88,4,2.4862256381246777,1.2053324381510417,0.43485915492957744,0.3562239480496688,0.43485915492957744,0.30279865722834415,0.5840867591329626,-0.012710974328745017,1.8628477586640253,5.474976301193237
89,1,2.4852118690808616,1.2189830541610718,0.4084507042253521,0.3012207569667939,0.4084507042253521,0.28640423415711497,0.5222968663150205,-0.04173469831150012,1.8692045079337225,5.439745532141791
89,2,2.4729529552989535,1.2265094651116266,0.3890845070422535,0.2822164962564503,0.3890845070422535,0.32624265007520853,0.5212935850433925,-0.08467371077882335,1.8605076207054987,5.381320926878187
89,3,2.3372718890508017,1.224851131439209,0.3996478873239437,0.33445316245054485,0.3996478873239437,0.2750282828118262,0.5580552371262766,-0.03815700981904313,1.7657418780856662,4.932920151286655
89,4,2.480301022529602,1.2169693575965033,0.38380281690140844,0.27073057503901915,0.38380281690140844,0.30676081807299493,0.5592920487774327,-0.026032939939799604,1.8583832052018907,5.428074638048808
90,1,2.451720184750027,1.2182655996746488,0.40316901408450706,0.2837562446924895,0.40316901408450706,0.2737591163229912,0.5486309933094676,-0.009680631028481379,1.8569834298557706,5.329780737559001
90,2,2.389840543270111,1.2168989777565002,0.4084507042253521,0.30146066688846995,0.4084507042253521,0.29311966813488116,0.5401759848436555,-0.027798183104613017,1.8195700976583693,5.126703990830316
90,3,2.3651728365156384,1.227495915359921,0.3890845070422535,0.2773767196390804,0.3890845070422535,0.2868155905127736,0.5407021014428663,-0.03184139313846157,1.771980106830597,5.019752091831631
90,4,2.4914098183314004,1.2215425372123718,0.39436619718309857,0.3739989247122283,0.39436619718309857,0.31581711717862004,0.532098603301379,-0.023064146002075736,1.8638529578844707,5.454433295461866
91,1,2.4879426426357694,1.226674324936337,0.397887323943662,0.2748601538307861,0.397887323943662,0.2749793151431956,0.5074814236283238,-0.04710672284786144,1.8692747751871746,5.4309018982781305
91,2,2.382570962111155,1.217452969815996,0.3890845070422535,0.2826950149743345,0.3890845070422535,0.2796262424684346,0.5408493563978836,-0.040698080599420594,1.7975494066874187,5.101179467307197
91,3,2.354816847377353,1.235400014453464,0.34683098591549294,0.2482580998357637,0.34683098591549294,0.28908309293512074,0.5123733715927457,-0.03704630063121761,1.7608588470353022,4.966789378060235
91,4,2.473071151309543,1.2177258994844224,0.4278169014084507,0.31925068729996603,0.4278169014084507,0.3030290779835542,0.5502283807323325,-0.02717738853781837,1.849005467361874,5.402209904458788
92,1,2.4538497924804688,1.2302024761835735,0.40669014084507044,0.3096587633911578,0.40669014084507044,0.2887651987876627,0.5154285512782671,-0.005717101120883639,1.8426444265577528,5.309026691648695
92,2,2.43847793340683,1.217087106572257,0.397887323943662,0.37357337432555526,0.397887323943662,0.26042267426893645,0.5434455080229583,-0.0568647122660777,1.8337443404727511,5.288389682769775
92,3,2.367903901471032,1.2353278398513794,0.34683098591549294,0.25511362349015776,0.34683098591549294,0.2816682271283386,0.5354327316947071,-0.045192646263318315,1.7721506158510845,5.010581228468153
92,4,2.487752768728468,1.2240999142328899,0.4295774647887324,0.39894433522742573,0.4295774647887324,0.30689237599699654,0.5342866787647244,-0.02922675260216856,1.8555828796492682,5.4362758662965565
93,1,2.4588865836461387,1.21665092309316,0.3996478873239437,0.2751410235812849,0.3996478873239437,0.2698060793932518,0.5425534706313235,-0.02659185853273005,1.8560618095927768,5.357436246342129
93,2,2.4164411558045282,1.2182310952080622,0.4119718309859155,0.3071370341996189,0.4119718309859155,0.31510480475878105,0.5346318639137099,-0.03779476612119459,1.8165501819716559,5.212264511320326
93,3,2.3374296161863537,1.2278317014376323,0.3890845070422535,0.28620623109727544,0.3890845070422535,0.2985168436062501,0.5569456258407586,-0.0067737358786450486,1.7572583026356168,4.926491234037611
93,4,2.487607419490814,1.2177734308772616,0.4278169014084507,0.4130568777022207,0.4278169014084507,0.32037357431389857,0.5593071673222688,-0.041609265649348526,1.8589660392867193,5.450553192032708
94,1,2.481986257765028,1.2382766803105671,0.3996478873239437,0.2837161511972147,0.3996478873239437,0.2756572721992732,0.5129629684191089,-0.0343321504068157,1.8666799068450928,5.383975108464559
94,2,2.4196728534168668,1.2298616568247478,0.3961267605633803,0.28424792817379435,0.3961267605633803,0.30467623422059,0.5181326348035928,-0.03977923193977029,1.8140110638406541,5.19589885075887
94,3,2.3471806844075522,1.234395252333747,0.3785211267605634,0.29105766675524847,0.3785211267605634,0.25108312064782434,0.5421131057667136,-0.008804793729495497,1.7632785240809123,4.943679875797695
94,4,2.4805236193868847,1.2117185261514452,0.43133802816901406,0.3348202237431638,0.43133802816901406,0.31530761739744023,0.5611136948086286,-0.01974250957220458,1.8578024903933208,5.441068622801039
95,1,2.448731587992774,1.221178452173869,0.40316901408450706,0.2869858175867519,0.40316901408450706,0.271460820918512,0.5318170025388347,-0.021455421821868326,1.8475295371479459,5.313021990987989
95,2,2.403801745838589,1.2177999549441867,0.4014084507042254,0.287029207323824,0.4014084507042254,0.27449498439647424,0.5287611093636692,-0.058143694185409434,1.820987257692549,5.17113913430108
95,3,2.3625167873170643,1.2271463407410517,0.375,0.47911002573870437,0.375,0.26438362883216204,0.5405261298521374,-0.011386696459912082,1.7839742170439825,5.011714352501763
95,4,2.469664646519555,1.2136611143747966,0.4119718309859155,0.2892003128768549,0.4119718309859155,0.3101807355353618,0.5359689779754944,-0.014645624539567637,1.849542988671197,5.400339470969306
96,1,2.45824878083335,1.2211450801955328,0.4014084507042254,0.27591754583266387,0.4014084507042254,0.2708837857368543,0.5488226428762277,-0.025858889797815587,1.8577292296621535,5.34482381078932
96,2,2.371563586923811,1.2225252058770921,0.3890845070422535,0.27721798078188764,0.3890845070422535,0.25649749281026474,0.5290258656575384,-0.00891141142981855,1.7946268651220534,5.0526530212826195
96,3,2.3556709024641247,1.2295741306410894,0.3485915492957746,0.25219986537020095,0.3485915492957746,0.2849329216699655,0.5223315440584028,-0.03507076455248814,1.7746603886286418,4.983229835828145
96,4,2.4573765065934925,1.2172610097461276,0.42077464788732394,0.31205864477228673,0.42077464788732394,0.2870312785805743,0.537310263949877,-0.027460912876711374,1.839937647183736,5.350979116227892
97,1,2.491375492678748,1.2195865909258525,0.42077464788732394,0.32478818753916144,0.42077464788732394,0.3008894488425882,0.5346978855968648,-0.04537957296599182,1.8799508810043335,5.458882755703396
97,2,2.3646098176638284,1.2189966440200806,0.4102112676056338,0.29362070570678733,0.4102112676056338,0.3064109530057114,0.5287827509441285,-0.01072079159960837,1.7919805116123624,5.037707024150425
97,3,2.366737167040507,1.2282749348216586,0.3855633802816901,0.2887217996624435,0.3855633802816901,0.2835313990431421,0.5380887814790638,-0.037081058209030626,1.7878386312060885,5.023148854573567
97,4,2.471751994556851,1.2199495169851515,0.4137323943661972,0.29634052572590713,0.4137323943661972,0.31114807868212346,0.544938819059936,-0.009485601570935032,1.8438992367850409,5.392624258995056
98,1,2.464285863770379,1.2285811371273465,0.3996478873239437,0.27125536301850267,0.3996478873239437,0.2607212031809569,0.5187323172019368,-0.022363885838031283,1.8581476211547852,5.347596632109748
98,2,2.3726866642634072,1.214549912346734,0.4137323943661972,0.3196939928635745,0.4137323943661972,0.29618402620021206,0.5396484157592787,-0.020090057873118017,1.8075249327553644,5.075005571047465
98,3,2.3247605363527932,1.232096983326806,0.352112676056338,0.2556527677619053,0.352112676056338,0.2945577083806027,0.5332298018526246,-0.024181999501666995,1.7488167153464422,4.874308692084418
98,4,2.466492878066169,1.217843512694041,0.41725352112676056,0.29163332266325226,0.41725352112676056,0.2852066648255547,0.5381143615394295,-0.009306187870372407,1.850949850347307,5.380007823308309
99,1,2.444025648964776,1.2213263511657715,0.39436619718309857,0.284552872993392,0.39436619718309857,0.3065049466824808,0.5379406766714392,0.0038999854198309425,1.8424808581670125,5.296990447574192
99,2,2.3676583104663425,1.2173872391382854,0.4102112676056338,0.3018700904001775,0.4102112676056338,0.2974685544963771,0.5342478701602201,-0.01914381789083297,1.791372623708513,5.051624006695217
99,3,2.355613397227393,1.2343315482139587,0.38204225352112675,0.26678651939079584,0.38204225352112675,0.2657004026534609,0.5269696940183848,-0.019808644208154425,1.766351342201233,4.971937470965916
99,4,2.4656040337350635,1.2172434992260404,0.43133802816901406,0.3631725960767241,0.43133802816901406,0.34078124147888955,0.5409102545005664,-0.021471277563461344,1.8581351505385504,5.378445161713494
100,1,2.4672118292914496,1.2331981460253398,0.40492957746478875,0.29186118584164156,0.40492957746478875,0.27015224506306773,0.5335946674188076,-0.025421805131397024,1.8511516120698717,5.3465768761105
100,2,2.360480394628313,1.2189212971263461,0.43133802816901406,0.31287014902872895,0.43133802816901406,0.3439082772497052,0.5466062310660085,-0.020010423317265102,1.7850765453444586,5.024118052588569
100,3,2.3570428358183966,1.2424569527308147,0.3485915492957746,0.2427599497962462,0.3485915492957746,0.2659981051747242,0.4955583617891332,-0.017291394406969474,1.768099890814887,4.957743075158861
100,4,2.499243054125044,1.2154888974295721,0.4154929577464789,0.502685605156362,0.4154929577464789,0.2863899983679765,0.5423012333614825,-0.04134681370522353,1.8763310180770025,5.494669344690111
101,1,2.45304928223292,1.2155763904253643,0.3961267605633803,0.27356560328965895,0.3961267605633803,0.29444608363047564,0.5706763609935034,-0.01235436435745152,1.8527111212412517,5.340485850969951
101,2,2.394496182600657,1.2109171284569635,0.4102112676056338,0.3004483862884265,0.4102112676056338,0.3049268054333295,0.5627543331598853,-0.025622703793522827,1.8118683960702684,5.156180434756809
101,3,2.359905653529697,1.2215399079852634,0.38380281690140844,0.27626572598722304,0.38380281690140844,0.29064173948946503,0.5564945229000834,-0.016784092756259472,1.7814940677748785,5.0160921812057495
101,4,2.4550763368606567,1.21251466539171,0.4119718309859155,0.29090991980395614,0.4119718309859155,0.30602658593702686,0.5676443867875491,-0.013493170743752225,1.8478061623043485,5.354386700524224
102,1,2.4449115726682873,1.2088961998621623,0.4154929577464789,0.3156552025018161,0.4154929577464789,0.2923371519339759,0.5758594246231934,-0.030707540574664627,1.853951785299513,5.328947265942891
102,2,2.3536455233891806,1.2122362123595343,0.3996478873239437,0.29949334118923365,0.3996478873239437,0.29238127270731984,0.5524360712332681,-0.01824127844864032,1.7797428369522095,5.016933732562595
102,3,2.4081474476390414,1.236351490020752,0.39436619718309857,0.4136851519409969,0.39436619718309857,0.3108718543014526,0.5321607628295305,-0.0601480439265476,1.8010712928242154,5.142337812317742
102,4,2.52307120958964,1.2203841275639005,0.39436619718309857,0.28575356509804517,0.39436619718309857,0.33132423604890204,0.5500484422364051,-0.03992342715964714,1.8945474757088556,5.562674230999416
103,1,2.4527121451165943,1.2168251673380535,0.4102112676056338,0.3098081241069606,0.4102112676056338,0.2872886045224799,0.5528570644580099,-0.008662939706435502,1.857686718304952,5.336448166105482
103,2,2.358535044723087,1.209522498978509,0.41901408450704225,0.32103521126760565,0.41901408450704225,0.31048320098919996,0.5499602720299557,-0.006282579625491058,1.7868346439467535,5.0395640929539995
103,3,2.370730333858066,1.2302854789627924,0.3714788732394366,0.26335306036976847,0.3714788732394366,0.27695282632063034,0.526671588516053,-0.03198075916405152,1.7773590551482306,5.031768110063341
103,4,2.4764797621303134,1.214910454220242,0.42077464788732394,0.30035007341345366,0.42077464788732394,0.2969046359266777,0.546287366375765,-0.029011090977536513,1.8550149864620633,5.420141365793016
104,1,2.4658736719025507,1.21490126185947,0.4119718309859155,0.31818010027967447,0.4119718309859155,0.2954645511175932,0.5518399470660961,-0.028325760988306747,1.8713437252574496,5.384809176127116
104,2,2.3894806967841253,1.2111582689815097,0.40669014084507044,0.2971173365359193,0.40669014084507044,0.32092629523453403,0.556244803499225,-0.05120936766679862,1.794623699453142,5.138899538252089
104,3,2.379432804054684,1.2272275222672357,0.3714788732394366,0.26072362937135996,0.3714788732394366,0.2927791623568812,0.5514794069288681,-0.030416624642258583,1.7901009056303236,5.06791157192654
104,4,2.5132954782909818,1.2162938846482172,0.3908450704225352,0.2656604131629228,0.3908450704225352,0.2970819579398096,0.5458158194888553,-0.04081236403500199,1.8639558686150446,5.539632346895006
105,1,2.4449980523851185,1.2161180310779147,0.4084507042253521,0.3082487171088547,0.4084507042253521,0.2902091694552341,0.5458368956894686,-0.014622190802628277,1.853937844435374,5.312384618653192
105,2,2.359698540634579,1.217648857169681,0.397887323943662,0.28891332848149104,0.397887323943662,0.30612233804505684,0.5353152748997364,0.0033907580038526897,1.779599838786655,5.024480899175008
105,3,2.3419385419951544,1.2216882970598009,0.3961267605633803,0.32928574486432266,0.3961267605633803,0.28035272130761113,0.550309052996004,-0.041918574098571026,1.7651915815141466,4.95585560798645
105,4,2.483978125784132,1.2263727055655584,0.38028169014084506,0.31803463089497047,0.38028169014084506,0.3238634677668863,0.5362807173968651,-0.016273678354134402,1.8535729315545824,5.41839059193929
106,1,2.4709693590799966,1.218903210428026,0.40316901408450706,0.29356357518462,0.40316901408450706,0.2754560788208901,0.5435296448615701,-0.035938993053188595,1.8811541530821059,5.392456849416097
106,2,2.383500099182129,1.2163828412691753,0.38028169014084506,0.3577910434027723,0.38028169014084506,0.3188606963490777,0.5173802962850611,-0.030557502383496082,1.814371062649621,5.1067736281289
106,3,2.3581554028722973,1.228045364220937,0.3855633802816901,0.2933774966181268,0.3855633802816901,0.25336862452085646,0.5420956049251981,-0.05216369668216436,1.7741927769449022,4.995078616672092
106,4,2.476767579714457,1.2148151331477695,0.42077464788732394,0.41218471313458205,0.42077464788732394,0.34310928087914117,0.5455102367905075,-0.006203009375306712,1.860627465777927,5.421323074234857
107,1,2.43742263979382,1.212889850139618,0.41725352112676056,0.32232941947414245,0.41725352112676056,0.293310683351077,0.5555199860484912,-0.015861821264908427,1.845609380139245,5.2946656412548485
107,2,2.3578136364618936,1.2148438029819064,0.40669014084507044,0.3641404661976532,0.40669014084507044,0.31859958075884814,0.5370639931254051,-0.0035547926522017104,1.7859072221650019,5.024743186102973
107,3,2.3464867207739086,1.2254875302314758,0.375,0.2736670190174175,0.375,0.26044294129627604,0.556392389982092,-0.03306082737245708,1.780908551481035,4.962151262495253
107,4,2.4974816507763333,1.2136305371920268,0.3908450704225352,0.25539958959354514,0.3908450704225352,0.2746999370763884,0.5678540015210546,-0.033683229113602,1.855718519952562,5.493134114477369
108,1,2.458399693171183,1.2202197445763483,0.39436619718309857,0.2850841831157949,0.39436619718309857,0.2865862851751452,0.5378473025598134,-0.029949643184289387,1.8603131506178114,5.3474860191345215
108,2,2.3832405540678234,1.2099175519413419,0.3961267605633803,0.28257042253521125,0.3961267605633803,0.3058163797600417,0.5600217204132943,-0.046967458661177464,1.7958635820282831,5.120993998315599
108,3,2.353661060333252,1.224137054549323,0.3961267605633803,0.40115920860037463,0.3961267605633803,0.3011974400789352,0.551399384011603,-0.028581635070617173,1.7752678592999775,4.989216857486301
108,4,2.494012567732069,1.2131090694003634,0.41901408450704225,0.30600368479135104,0.41901408450704225,0.30884297048127124,0.5513942774818137,-0.018569239108370494,1.8624002933502197,5.482787158754137
109,1,2.4405213991800943,1.215607808695899,0.4137323943661972,0.2940839191152898,0.4137323943661972,0.317536602342926,0.5342823944242268,-0.004291405518286995,1.8469478223058913,5.29865288734436
109,2,2.3606488903363547,1.2017449471685622,0.4102112676056338,0.36878742593673275,0.4102112676056338,0.31713165658432846,0.5859431708392947,-0.0026232160102295232,1.792687111430698,5.064757850435045
109,3,2.360879725880093,1.2298070655928717,0.397887323943662,0.3975053201907592,0.397887323943662,0.29438686213966586,0.5385176088741445,-0.04215280509058994,1.7767393456565008,5.0000490347544355
109,4,2.491006725364261,1.224120212925805,0.41725352112676056,0.2936210949954545,0.41725352112676056,0.320935730329046,0.5186823080390963,-0.027828512848509845,1.8584521677758958,5.447075075573391
110,1,2.4811569319831,1.206088079346551,0.4102112676056338,0.38865984635336226,0.4102112676056338,0.30874722231806295,0.5739522320613971,-0.03989937798963439,1.8775135609838698,5.456317292319404
110,2,2.397588703367445,1.2115289171536763,0.41725352112676056,0.3990569584971129,0.41725352112676056,0.30942621064586434,0.5331132259778623,-0.04324818784396367,1.8078464998139276,5.165061447355482
110,3,2.3408602939711676,1.214021748966641,0.4102112676056338,0.39347808181404725,0.4102112676056338,0.34327408055401015,0.5748356682227935,-0.015014761486271011,1.772864838441213,4.970150113105774
110,4,2.4859437346458435,1.2100870609283447,0.4278169014084507,0.43009937092913214,0.4278169014084507,0.3217159105498012,0.551047579429681,-0.029516268147987246,1.8663677904340956,5.462942467795478
111,1,2.450999048021105,1.2129384411705866,0.4278169014084507,0.4387421752738654,0.4278169014084507,0.32499616040440554,0.5432159244507317,-0.021721976621462247,1.857634445031484,5.339806993802388
111,2,2.373379204008314,1.2113104926215277,0.4137323943661972,0.3577492545054796,0.4137323943661972,0.31838149208054806,0.5389967576229346,-0.011642404763791525,1.7870504591200087,5.084872775607639
111,3,2.344780776235792,1.2279639111624823,0.36619718309859156,0.35204410778698136,0.36619718309859156,0.3102008822409875,0.5494778161057804,-0.020756500039827985,1.7655521366331313,4.9506865872277155
111,4,2.521938681602478,1.215990573167801,0.4242957746478873,0.3976958659953689,0.4242957746478873,0.3148768390227216,0.5587513790719678,-0.04496715256912576,1.8725316060913935,5.569150686264038
112,1,2.4695367084609137,1.2115464806556702,0.4119718309859155,0.3971098032713265,0.4119718309859155,0.32503533640199367,0.5649237410470941,-0.02168291868072547,1.8618716994921367,5.404847078853184
112,2,2.3686997956699796,1.2081919776068792,0.4102112676056338,0.3592607326652221,0.4102112676056338,0.31307187225686217,0.5557303252876864,-0.031108152635839215,1.7922463218371074,5.076551265186733
112,3,2.3391733500692578,1.2213519480493333,0.41725352112676056,0.44022976241286094,0.41725352112676056,0.3149686691445738,0.5555408686409053,-0.016223956362032776,1.761733677652147,4.947423179944356
112,4,2.477515757083893,1.2138316101498074,0.43309859154929575,0.3808077295693279,0.43309859154929575,0.3694141369487794,0.5715933899108989,-0.007989737664821028,1.8525412281354268,5.426111989551121
113,1,2.46994157632192,1.2255961762534247,0.4119718309859155,0.3085630954641409,0.4119718309859155,0.3110015822415348,0.5169191728946927,-0.02234336650428581,1.853983051247067,5.373413960138957
113,2,2.3571649392445884,1.1992239223586187,0.426056338028169,0.40570935657633095,0.426056338028169,0.31652751418317293,0.5863059392962755,-0.021671333809448967,1.7801258365313213,5.0590271419949
113,3,2.37107253074646,1.2269197238816156,0.40316901408450706,0.36637523590978877,0.40316901408450706,0.34602352090927524,0.5451405075681182,-0.05855579309796344,1.782386879126231,5.040762186050415
113,4,2.4897271196047464,1.2039189603593614,0.4225352112676056,0.38702755360596486,0.4225352112676056,0.31543907097709756,0.5613573476514175,-0.04146089224831906,1.8670520053969488,5.489946007728577
114,1,2.426561805937025,1.19521959622701,0.4295774647887324,0.3624111943313354,0.4295774647887324,0.3473819414334401,0.599244467021173,-0.0013354378508088072,1.8449144694540236,5.299693438741896
114,2,2.3684135211838617,1.2038358913527594,0.44014084507042256,0.42004680522157334,0.44014084507042256,0.3651191724514011,0.5724932182950124,-0.012488311669342611,1.7857520580291748,5.085761202706231
114,3,2.3619916836420694,1.2342325846354167,0.39436619718309857,0.3440862583242954,0.39436619718309857,0.3304766340154931,0.5587778213403737,-0.030923404132072285,1.7709081768989563,4.993429316414727
114,4,2.477334029144711,1.2308323449558682,0.3890845070422535,0.33604382706495384,0.3890845070422535,0.32573957602548426,0.5625658447695605,-0.007183234057109189,1.8456627527872722,5.385837594668071
115,1,2.440791606903076,1.2099718385272555,0.42077464788732394,0.38812726926198937,0.42077464788732394,0.3498373083341913,0.5690178079416075,-0.02469064642039176,1.8562945127487183,5.312704152531094
115,2,2.347369465563032,1.1998471750153437,0.4471830985915493,0.5313431986216011,0.4471830985915493,0.3616463517557903,0.5796135654439376,-0.015327800084929954,1.7836463782522414,5.024921364254421
115,3,2.341537263658312,1.2126885520087347,0.40492957746478875,0.373398087160262,0.40492957746478875,0.31411409485068703,0.5824353170575969,-0.007804411717542203,1.7687116397751703,4.975517405403985
115,4,2.451784716712104,1.2025529543558757,0.4524647887323944,0.3790238134806875,0.4524647887323944,0.38337749841646773,0.5965349856405925,-0.014279260401104388,1.8450776272349887,5.3666587008370294
116,1,2.450334416495429,1.2240413692262437,0.3961267605633803,0.3533396864366628,0.3961267605633803,0.32621551652373504,0.5712886951918514,-0.017187359698691562,1.8455960551897685,5.311684687932332
116,2,2.365634116861555,1.1954190995958116,0.43309859154929575,0.31532827012580533,0.43309859154929575,0.34411553443163123,0.57509642574475,-0.03675415000069915,1.8015924427244399,5.096135682529873
116,3,2.3443479206826954,1.2140257557233174,0.43661971830985913,0.4184309739350511,0.43661971830985913,0.3676033659861118,0.5828465378316452,-0.022469704717242855,1.7706292205386691,4.981766025225322
116,4,2.4817494418885975,1.1996913486056857,0.44190140845070425,0.5179760583696322,0.44190140845070425,0.350370908339525,0.5841835831390605,-0.009760389869759356,1.863490813308292,5.473218070136176
117,1,2.426505035824246,1.1911101010110643,0.4295774647887324,0.40826241939682234,0.4295774647887324,0.3356191540233205,0.6041957800192869,-0.015127608400260284,1.8495844668812222,5.309093024995592
117,2,2.352197958363427,1.1910228265656366,0.4454225352112676,0.38982090974079503,0.4454225352112676,0.37100753618232446,0.5868902427207012,-0.014523347542201748,1.7899793320231967,5.061606486638387
117,3,2.35304112566842,1.213853657245636,0.41901408450704225,0.4419376553438277,0.41901408450704225,0.3503703204997378,0.5923728808020596,-0.04060605876151735,1.777493609322442,5.0111450751622515
117,4,2.502006861898634,1.2000812490781148,0.44014084507042256,0.38422740023825763,0.44014084507042256,0.36376698534746565,0.605725240526215,-0.02990879551678849,1.8703107635180156,5.539833161565992
118,1,2.4781866868336997,1.1930911011166043,0.43133802816901406,0.38800572204002476,0.43133802816901406,0.36017480015925607,0.5997736190394716,-0.038778573387571846,1.8834411369429693,5.47674286365509
118,2,2.398007478978899,1.1995912392934163,0.44190140845070425,0.3912974374021909,0.44190140845070425,0.35211006967418196,0.5813709087587069,-0.04993793072916297,1.8151458634270563,5.194311883714464
118,3,2.341106699572669,1.2002084056536357,0.45774647887323944,0.44042626973965,0.45774647887323944,0.38790758780366763,0.6202156453450982,-0.03633668703714554,1.773148410850101,5.003202584054735
118,4,2.4913995332188077,1.1977895630730524,0.44366197183098594,0.3923302744464533,0.44366197183098594,0.3627287881880656,0.6112326549830531,-0.0382683796613279,1.8694199919700623,5.509822461340162
119,1,2.5058958927790322,1.1814519961675007,0.477112676056338,0.5448788710982002,0.477112676056338,0.4008938412813747,0.6242814191978014,-0.06061854122163557,1.8978559838400946,5.596264865663317
119,2,2.3845615254508123,1.189607044061025,0.47183098591549294,0.5026443855973305,0.47183098591549294,0.4022711127784751,0.6078900633174994,-0.06466883629295461,1.811632838514116,5.172788500785828
119,3,2.3363661567370095,1.19381179412206,0.4278169014084507,0.35682651811490057,0.4278169014084507,0.35156003195077573,0.621027286429556,-0.032860619300753235,1.776755432287852,5.0023261706034345
119,4,2.4871255424287586,1.187874390019311,0.4471830985915493,0.38581104017801826,0.4471830985915493,0.37912837941714267,0.6211541810546773,-0.04092972295533581,1.8739196790589228,5.518711434470283
120,1,2.4219359159469604,1.1808544331126742,0.48063380281690143,0.4498397174957258,0.48063380281690143,0.4085360086733813,0.6159395029264016,-0.012320192653954898,1.8487364384863112,5.317792534828186
120,2,2.3671579228507147,1.1879707641071744,0.4735915492957746,0.3913384283518446,0.4735915492957746,0.4090645677795138,0.5899766516506457,-0.054062945765017245,1.813723988003201,5.118594421280755
120,3,2.3595911264419556,1.2102735704845853,0.426056338028169,0.38916090415883897,0.426056338028169,0.35709810802126896,0.6043169086939175,-0.04797032348368213,1.779675801595052,5.041331860754225
120,4,2.475760128762987,1.2128481600019667,0.43838028169014087,0.38810466968477536,0.43838028169014087,0.3662517609066369,0.5817566711257531,-0.01863423531341457,1.8582189149326749,5.422554506195916
121,1,2.430911812517378,1.1853585210111406,0.43309859154929575,0.34660045358838776,0.43309859154929575,0.3411823298991083,0.6161435371019122,-0.021433997045693598,1.8448924753401015,5.337202707926433
121,2,2.3897409770223828,1.1868852575620015,0.41725352112676056,0.3101035252551974,0.41725352112676056,0.3556705256793285,0.5982677716762108,-0.05943715069422728,1.822098155816396,5.196404112709893
121,3,2.3685462209913464,1.194793893231286,0.43838028169014087,0.4096596922957444,0.43838028169014087,0.37499838914541744,0.6282085176159429,-0.05120337379610551,1.7974486218558416,5.10730148686303
121,4,2.4841871526506214,1.195670359664493,0.43838028169014087,0.3153275493891268,0.43838028169014087,0.3534297792789922,0.5996662986197696,-0.022100644836006378,1.860001564025879,5.490726312001546
122,1,2.4119474556710987,1.1702580716874864,0.47007042253521125,0.42114650868171993,0.47007042253521125,0.40505834846047584,0.6458176594308475,-0.026681633794193083,1.8496751851505704,5.3092225260204735
122,2,2.322211947706011,1.1586585309770372,0.47007042253521125,0.3920552535129107,0.47007042253521125,0.3965356875552834,0.6480446321844247,0.0006262121853450875,1.784481982390086,5.037169761127895
122,3,2.320615205499861,1.1742346816592746,0.4612676056338028,0.4150631192135537,0.4612676056338028,0.38721722463183433,0.6422356761064334,-0.01150823767234499,1.7711009316974216,4.99550293551551
122,4,2.4339840941958957,1.176450292269389,0.4788732394366197,0.4437522783761392,0.4788732394366197,0.40467129873716456,0.6355496428456437,-0.012645397862170782,1.8544966446028814,5.36822936269972
123,1,2.42388211356269,1.1779313584168751,0.4630281690140845,0.3925297087149558,0.4630281690140845,0.381917710363917,0.6316209009685476,-0.054408903298373223,1.8566567367977567,5.331100437376234
123,2,2.370031694571177,1.1944047411282857,0.45774647887323944,0.4382505431889273,0.45774647887323944,0.3903267148959852,0.601529395570743,-0.04002252356879543,1.7905335558785334,5.113161047299703
123,3,2.3199908336003623,1.1816659768422444,0.43838028169014087,0.36359520289103775,0.43838028169014087,0.3708573154694916,0.6393589624347517,-0.03041472561404812,1.766347587108612,4.97608204682668
123,4,2.4563001791636148,1.1774959166844685,0.4735915492957746,0.4189378649948471,0.4735915492957746,0.4076096042482285,0.6344347381450162,-0.048040623142356464,1.8574562403890822,5.44017669889662
124,1,2.416672428448995,1.1675325102276273,0.4894366197183099,0.5521985144197564,0.4894366197183099,0.40983923704113034,0.634116864829641,-0.02768430811906497,1.8510854244232178,5.331332034534878
124,2,2.364665216869778,1.171958910094367,0.4612676056338028,0.414929298914382,0.4612676056338028,0.406643877605014,0.6273493191201712,-0.036764197099109275,1.811935630109575,5.1476465066274
124,3,2.3751511441336737,1.2201246453656092,0.4119718309859155,0.39148702487461456,0.4119718309859155,0.3535761257550014,0.607408315549012,-0.060736588473838005,1.7886878980530634,5.070212827788459
124,4,2.4980659087498984,1.221173067887624,0.4507042253521127,0.4066046112891059,0.4507042253521127,0.40285766003942525,0.5859079319189291,-0.06072176086286207,1.859099222554101,5.47748241159651
125,1,2.427447305785285,1.1756811638673146,0.4894366197183099,0.5639343527629965,0.4894366197183099,0.40534275327901337,0.6374429362039677,-0.023853901956735646,1.8493285708957248,5.348234759436713
125,2,2.34222678343455,1.1772192186779447,0.49471830985915494,0.4298364976181877,0.49471830985915494,0.41936671031079625,0.6231580255701576,-0.014034174901580654,1.7883412374390497,5.0605775117874146
125,3,2.319941759109497,1.1793156100644007,0.45774647887323944,0.4121223688515651,0.45774647887323944,0.3871441833454471,0.6247265180423405,-0.0222399771951447,1.7756928205490112,4.981402569346958
125,4,2.456543756855859,1.1767948302957747,0.4630281690140845,0.4051673377992041,0.4630281690140845,0.3925203811633515,0.6359352916318339,-0.04867883440272491,1.8571560713979933,5.44262437025706
126,1,2.4511936373180814,1.1601570712195501,0.4964788732394366,0.46040331067967893,0.4964788732394366,0.42202146929584755,0.6419046630704328,-0.025285036343066336,1.8766195972760518,5.463612106111315
126,2,2.337693300512102,1.1723047296206157,0.45774647887323944,0.39559635779167407,0.45774647887323944,0.3928941644203939,0.629053258443075,-0.014641227829085057,1.796891497241126,5.056933204332988
126,3,2.3273608088493347,1.1598951386080847,0.47183098591549294,0.42615454001019654,0.47183098591549294,0.40296071035086106,0.6502910305203045,-0.042942051846722507,1.7795591685507033,5.051447219318813
126,4,2.452138106028239,1.1862548854615953,0.45598591549295775,0.3762832624263404,0.45598591549295775,0.3806863501774865,0.6335722306921453,-0.013902483149144107,1.8524656097094219,5.405865523550245
127,1,2.4143771396742926,1.1699023975266352,0.4823943661971831,0.4355062437885518,0.4823943661971831,0.42214188817630416,0.6385322697102478,-0.019163490210273526,1.8477905657556322,5.318151341544257
127,2,2.353086299366421,1.1670949790212843,0.4524647887323944,0.3551760905772814,0.4524647887323944,0.38242402556908994,0.6303964973972056,-0.0325200853011931,1.8074727919366624,5.12039918369717
127,3,2.3091148800320096,1.1546091106202867,0.47007042253521125,0.3564148857541368,0.47007042253521125,0.39688948447807504,0.6625000359088028,-0.015865923401180426,1.7681116329299078,5.0029613971710205
127,4,2.4540961583455405,1.1699536012278662,0.45774647887323944,0.3840966382814568,0.45774647887323944,0.3796113618521476,0.6338774704777992,-0.022202412727135412,1.8635778294669256,5.450428644816081
128,1,2.4576599333021374,1.1545494000116985,0.47183098591549294,0.4104570031379092,0.47183098591549294,0.4019524775759023,0.6487751848362537,-0.06183585857999141,1.8720500336752997,5.498250961303711
128,2,2.34655984905031,1.169340838988622,0.47183098591549294,0.4092629890958807,0.47183098591549294,0.41100731623587006,0.636912618574944,-0.016180462768981885,1.7900150550736322,5.0934040149052935
128,3,2.2849981255001492,1.1521771947542827,0.46830985915492956,0.44013325234425416,0.46830985915492956,0.3923097850165526,0.6573015435711074,-0.022694958400168552,1.7620424230893452,4.928246763017443
128,4,2.4497049119737415,1.1609572602642908,0.47007042253521125,0.40246724806781775,0.47007042253521125,0.40436713674577174,0.6533919095737035,-0.039554942797214165,1.8582398891448975,5.456782711876763
129,1,2.4523000253571405,1.1512294113636017,0.4841549295774648,0.4639414197796751,0.4841549295774648,0.418042042995955,0.6507508755478766,-0.029537196850840886,1.874374316798316,5.488131350941128
129,2,2.3581238190333047,1.1608327428499858,0.4823943661971831,0.3999068368544601,0.4823943661971831,0.4138345104918238,0.6360072010957756,-0.06925559520641356,1.813261800342136,5.151802831225925
129,3,2.2898243996832104,1.1583623952335782,0.4612676056338028,0.4183943263082528,0.4612676056338028,0.39665975307552237,0.6549996556182177,0.005444275519963293,1.7575110859341092,4.929902262157864
129,4,2.448053869936201,1.1712563302781847,0.45422535211267606,0.36474841414901626,0.45422535211267606,0.375519642848591,0.6390193586606664,-0.03524753758135102,1.8640207846959431,5.427247908380297
130,1,2.4069720241758557,1.135671552684572,0.4964788732394366,0.42813668817581024,0.4964788732394366,0.44043993540284176,0.6663023134286941,-0.026029976770935326,1.8674551645914714,5.37333963976966
130,2,2.313527292675442,1.1327924860848322,0.5,0.43339854045008736,0.5,0.4279271516858833,0.6633442849999674,-0.004136821746251407,1.788381450706058,5.068574905395508
130,3,2.3003733687930636,1.152078840467665,0.48063380281690143,0.3969880043523501,0.48063380281690143,0.4015563562924784,0.6614568708048761,-0.02338766215537702,1.7737154695722792,4.979727069536845
130,4,2.429149932331509,1.1439288126097784,0.477112676056338,0.3924104345364481,0.477112676056338,0.4062789663547315,0.653033883613768,-0.02824297172867607,1.8565921518537734,5.42799907260471
131,1,2.3943647742271423,1.1353709167904324,0.4788732394366197,0.39044399038595523,0.4788732394366197,0.41443426121868593,0.6638751686973938,-0.011530170291395692,1.8526307808028326,5.3320168654123945
131,2,2.3218016823132834,1.1572866174909804,0.4630281690140845,0.33654076009923345,0.4630281690140845,0.3885835786866091,0.6331545484087873,-0.010785707587981586,1.7847475541962519,5.0390032397376165
131,3,2.2776613235473633,1.1372037397490606,0.477112676056338,0.3922106019408641,0.477112676056338,0.4079500720435036,0.6841783817687059,-0.04404332252215881,1.7659750779469807,4.938728835847643
131,4,2.454171703921424,1.1495037012630038,0.4788732394366197,0.4241578029430142,0.4788732394366197,0.41245624215545945,0.651910102105954,-0.03980164060380864,1.8685287435849507,5.498396846983168
132,1,2.358899619844225,1.1135340829690297,0.4964788732394366,0.3696459960394277,0.4964788732394366,0.4217779036025196,0.6790406672822675,-0.023478797770627446,1.839977456463708,5.264752586682637
132,2,2.297835555341509,1.137447350554996,0.5052816901408451,0.4498358247071897,0.5052816901408451,0.42991097452816235,0.6671759882752726,-0.018702324437874118,1.7804853717486064,5.0054079161749945
132,3,2.309590094619327,1.1324371761745877,0.47183098591549294,0.3557258685034542,0.47183098591549294,0.3965049185159057,0.687688285486782,-0.028105113944677296,1.7864998579025269,5.056280003653632
132,4,2.4135912325647144,1.1426623927222357,0.4823943661971831,0.39134924743075605,0.4823943661971831,0.412200741219837,0.664043399684453,-0.028646358390403526,1.8461063504219055,5.379091713163588
133,1,2.4013788832558527,1.1168491542339325,0.5052816901408451,0.4150792930354629,0.5052816901408451,0.43578299197813636,0.6845588838909282,-0.03949838577688958,1.8654006719589233,5.398614724477132
133,2,2.3383253481653004,1.1273211869928572,0.4982394366197183,0.36480775047972874,0.4982394366197183,0.41970154561599604,0.6778383587032987,-0.022583861269421135,1.816334260834588,5.164001491334703
133,3,2.2708897723091974,1.115244275993771,0.4841549295774648,0.4146674211943434,0.4841549295774648,0.4244802993314515,0.6916063239982004,-0.018668406515928382,1.766248881816864,4.96739575597975
133,4,2.461847868230608,1.1415871613555484,0.4841549295774648,0.3559495470475435,0.4841549295774648,0.40842936194272156,0.6632899478530943,-0.059280581109417474,1.872616449991862,5.542456044091119
134,1,2.372755858633253,1.1253047519259982,0.5088028169014085,0.43923285920620225,0.5088028169014085,0.4398185252704597,0.6782593894962446,-0.0039513619759843355,1.8440853423542447,5.283474869198269
134,2,2.3184194101227655,1.1137876179483202,0.5017605633802817,0.43167818015208437,0.5017605633802817,0.43521429705324427,0.6839802362079915,-0.026221424137196747,1.8022716442743938,5.129226724306743
134,3,2.2653359638320074,1.1258068018489413,0.47007042253521125,0.35872849965574327,0.47007042253521125,0.39440108270223795,0.6905112390145992,-0.02222020870967012,1.7533043689197965,4.9242371453179254
134,4,2.4068494770261974,1.1261131531662412,0.4823943661971831,0.42721189050199493,0.4823943661971831,0.42063889185163017,0.6766574075323737,-0.011475141894274676,1.847170803281996,5.395234121216668
135,1,2.4284609026379056,1.098969989352756,0.5105633802816901,0.4714867497716258,0.5105633802816901,0.43459897327700264,0.691351299921274,-0.05755811465010807,1.8972466389338176,5.530606256590949
135,2,2.291783332824707,1.112421774201923,0.5140845070422535,0.46762538438361967,0.5140845070422535,0.449176783481921,0.6839868963383526,-0.013359878189439067,1.7816098663542006,5.043626891242133
135,3,2.329124238755968,1.103915707932578,0.4859154929577465,0.41461949289957617,0.4859154929577465,0.4138813387145484,0.7005925837660669,-0.07412480478292793,1.8091390397813585,5.18794400162167
135,4,2.466966470082601,1.1546284357706706,0.4630281690140845,0.3857632345844226,0.4630281690140845,0.4063124757093523,0.6635201399263939,-0.04541147163892112,1.8755846950742934,5.529088417689006
136,1,2.3876990808380976,1.1123059160179563,0.5052816901408451,0.45875061047833426,0.5052816901408451,0.43620321766829745,0.6832932558773959,-0.05792022014095921,1.8619196348720126,5.363616360558404
136,2,2.279094159603119,1.1065859132342868,0.4876760563380282,0.41437902327072024,0.4876760563380282,0.4280420175825041,0.6900164647954734,-0.005288792078098847,1.7851685881614685,5.014946553442213
136,3,2.266325877772437,1.1049590839280024,0.4894366197183099,0.4236494918880371,0.4894366197183099,0.4203115135815044,0.7011614937790751,-0.02486944261622459,1.7713808947139316,4.976181440883213
136,4,2.4439324339230857,1.124086942937639,0.49295774647887325,0.42225516614704917,0.49295774647887325,0.41511141619732095,0.679430031470631,-0.027175524661314343,1.8700885706477695,5.52357182237837
137,1,2.421016467942132,1.0974347094694774,0.5088028169014085,0.44060298335355597,0.5088028169014085,0.4494290721746922,0.6962594189459226,-0.034667094566985135,1.8947129646937053,5.509373704592387
137,2,2.297468490070767,1.1012620892789629,0.4964788732394366,0.39712731107418087,0.4964788732394366,0.4195309197115014,0.6937422247089726,-0.047516882359857515,1.797739691204495,5.088616689046224
137,3,2.2797676457299128,1.1067096822791629,0.46830985915492956,0.3563535621883465,0.46830985915492956,0.39479337923311014,0.6983370243495111,-0.01043241477763357,1.7813335524664984,5.016902804374695
137,4,2.4140764077504477,1.1040045751465692,0.49119718309859156,0.42597050918630297,0.49119718309859156,0.4381477099877883,0.6880929758064601,-0.045823147127667774,1.8716213703155518,5.470910549163818
138,1,2.371158262093862,1.1031301220258076,0.5158450704225352,0.571510917394499,0.5158450704225352,0.4382844988420878,0.6924771007943504,-0.05128185732147528,1.849341717031267,5.329890449841817
138,2,2.3146880997551813,1.1031806038485632,0.4841549295774648,0.39282685533972145,0.4841549295774648,0.4160592983271057,0.6924619817376843,-0.05482229427163676,1.8117366234461467,5.14153872595893
138,3,2.267078220844269,1.0987399253580306,0.4876760563380282,0.4078517909943966,0.4876760563380282,0.412150348482016,0.7018306592108046,-0.03812644408835597,1.7801214456558228,4.993200845188564
138,4,2.389412780602773,1.096952282720142,0.47007042253521125,0.38530282721260506,0.47007042253521125,0.4132312995957769,0.6950154401825814,-0.0049669760900288296,1.8513478636741638,5.405153791109721
139,1,2.39651405149036,1.0989067753156025,0.5193661971830986,0.41185454874565025,0.5193661971830986,0.44297642149577143,0.6944774720039804,-0.02726917181373012,1.8723429242769878,5.424264232317607
139,2,2.324740688006083,1.0939287278387282,0.5140845070422535,0.3951025772759354,0.5140845070422535,0.4385727785758342,0.6973829680999905,-0.08349893885044879,1.8204621010356479,5.196635074085659
139,3,2.2936231626404657,1.097406976752811,0.4982394366197183,0.44369230618582417,0.4982394366197183,0.4467002171282589,0.7081151434786392,-0.02064698615115823,1.79226287206014,5.084794004758199
139,4,2.397241347365909,1.0777655177646213,0.49471830985915494,0.4224949046801021,0.49471830985915494,0.4406472007184982,0.7094196152646268,-0.001885606302773457,1.8623083697424994,5.476018137402004
140,1,2.3482757674323187,1.0699415008227031,0.528169014084507,0.46299268596139437,0.528169014084507,0.4567742355519868,0.7074280738517291,-0.013724465561986143,1.8526860607994928,5.33105550871955
140,2,2.2865679131613836,1.0820039378272162,0.5035211267605634,0.42143675688724175,0.5035211267605634,0.4391106044589691,0.6976962211844393,-0.022412627211906733,1.7992582850986056,5.097217109468248
140,3,2.2667954895231457,1.1217091845141516,0.49119718309859156,0.4088503822277569,0.49119718309859156,0.4298661234289086,0.6943404715473295,-0.012087998745726747,1.7660507162412007,4.938663336965773
140,4,2.400556663672129,1.106528060303794,0.4876760563380282,0.40142936758691494,0.4876760563380282,0.41729006239916616,0.7002368799123693,-0.019241795471776957,1.8557844095759921,5.419956564903259
141,1,2.3864536219173007,1.077159775627984,0.5052816901408451,0.40107628543506973,0.5052816901408451,0.4314632567091988,0.7056094970269671,-0.047003571817845646,1.878343145052592,5.441472344928318
141,2,2.2776632971233792,1.0825025373035007,0.5052816901408451,0.44790754707592895,0.5052816901408451,0.43604119409104725,0.6910319684439004,-0.04577506788188668,1.7855688995785184,5.066371401151021
141,3,2.271521932548947,1.0628976954354181,0.49471830985915494,0.4249801438123434,0.49471830985915494,0.4477168454796202,0.7228030267610704,-0.05772978696323605,1.8033342427677579,5.091645055347019
141,4,2.407845026916928,1.0835809806982677,0.4876760563380282,0.3749731864244589,0.4876760563380282,0.4136664886401238,0.7087035585180685,-0.03428637003242674,1.8702494303385417,5.497794283760919
142,1,2.354497253894806,1.0792595048745472,0.5140845070422535,0.4171277665995976,0.5140845070422535,0.4432219152233977,0.7015491008197415,-0.023739809493635855,1.8498675227165222,5.330051726765102
142,2,2.268662757343716,1.0792167683442433,0.5105633802816901,0.3757218680093354,0.5105633802816901,0.43287665643548145,0.7046232041155287,-0.00961731175978553,1.7859505348735385,5.044036507606506
142,3,2.2487961517439947,1.0833564731809828,0.49119718309859156,0.4362465832211601,0.49119718309859156,0.4426668073095959,0.719763997080963,-0.02206753411284068,1.7621174587143793,4.968155039681329
142,4,2.3976570102903576,1.095498691002528,0.5035211267605634,0.41765527654919865,0.5035211267605634,0.44145767437205785,0.7031423050985672,-0.034649895115720586,1.8646955688794453,5.4360262685351906
143,1,2.3294223282072277,1.0396587087048426,0.5070422535211268,0.4208199384006888,0.5070422535211268,0.4505230761121505,0.723374015028373,-0.01624711177696403,1.86212776766883,5.338870538605584
143,2,2.2872476312849255,1.0748897525999281,0.5105633802816901,0.5091379391007029,0.5105633802816901,0.4366644856538319,0.7127041465970171,-0.008676238428679595,1.8058543271488614,5.116082469622294
143,3,2.2315048111809626,1.0743269357416365,0.49119718309859156,0.4224919824001825,0.49119718309859156,0.44685795556394614,0.714999094025957,-0.016410268343918233,1.7580554485321045,4.931586345036824
143,4,2.3939845297071667,1.0921580294768016,0.5088028169014085,0.3712302494558956,0.5088028169014085,0.42488542365302934,0.6916322708140785,-0.010859864689279908,1.8500344687037997,5.431579536861843
144,1,2.3362279534339905,1.0706588559680514,0.522887323943662,0.4207064600380296,0.522887323943662,0.44485541947012336,0.720679689239841,-0.029030679708942353,1.8470637996991475,5.289222399393718
144,2,2.305666228135427,1.0811230738957722,0.5017605633802817,0.3740214242703883,0.5017605633802817,0.4282948276860222,0.7058756898841818,-0.03174249394985029,1.8077834248542786,5.162933455573188
144,3,2.2358133925331964,1.0495199693573847,0.5176056338028169,0.4268504243353338,0.5176056338028169,0.4479331424400661,0.7303144633465133,-0.03075203564648521,1.7768814431296454,5.003831267356873
144,4,2.3566845258076987,1.0763982037703197,0.5123239436619719,0.4417847629505419,0.5123239436619719,0.4609938347413716,0.7025377979779481,0.025198943557347087,1.8410666055149503,5.344019161330329
145,1,2.3474210103352866,1.067621797323227,0.5264084507042254,0.3890663120378346,0.5264084507042254,0.4424894768804851,0.7087298723073863,-0.021162108458568474,1.8589921394983928,5.333619011773004
145,2,2.2854999568727283,1.05908845199479,0.5035211267605634,0.44620770600615184,0.5035211267605634,0.43306004636773654,0.7152883357585018,-0.04599530897578763,1.8033190502060785,5.147126542197333
145,3,2.2372460034158497,1.045978973309199,0.5123239436619719,0.42097194864347315,0.5123239436619719,0.44087273608027944,0.7348204420946243,-0.018242521190686256,1.7736149496502347,5.016868789990743
145,4,2.3863222267892628,1.0649199816915724,0.5035211267605634,0.42976906246625984,0.5035211267605634,0.43406879399390236,0.7192893537130856,-0.012384491848034251,1.8582319418589275,5.4695938428243
146,1,2.338932341999478,1.0430940124723647,0.5404929577464789,0.48033079036732435,0.5404929577464789,0.4627377257897668,0.7211310526979523,-0.010804660515809417,1.8581065469317966,5.36255497402615
146,2,2.2734329435560436,1.0425902141465082,0.5193661971830986,0.41425921829790285,0.5193661971830986,0.44954544087736853,0.7236010829661891,-0.053100251363859874,1.8111434976259868,5.145399212837219
146,3,2.2127935422791376,1.036971824036704,0.5140845070422535,0.36966948423092,0.5140845070422535,0.43006257922001107,0.7315128020645963,0.016596682966636744,1.7633933822313945,4.956377387046814
146,4,2.3645726243654885,1.0666205220752292,0.5088028169014085,0.434721284972824,0.5088028169014085,0.45137626129913816,0.7239157071062879,0.006248197012236778,1.8401884171697829,5.393127388424343
147,1,2.3397030433019004,1.0233840611245897,0.5387323943661971,0.446262991067981,0.5387323943661971,0.473316215488338,0.7329795959843056,-0.044060351943745246,1.866489761405521,5.411113831732008
147,2,2.2624588343832226,1.0602995918856726,0.522887323943662,0.4452675951194894,0.522887323943662,0.4630058888239139,0.7112332336989244,-0.022053946198639318,1.795037607351939,5.067496869299147
147,3,2.2443354659610324,1.0645402404997084,0.5070422535211268,0.4544233097360923,0.5070422535211268,0.4340936316635798,0.7260207485884975,0.003121545961169092,1.7791171603732638,4.997190886073643
147,4,2.3749317261907787,1.061900880601671,0.5105633802816901,0.4634759373384929,0.5105633802816901,0.44628410641799005,0.7172226082306877,-0.03456928727323905,1.8554052710533142,5.438670224613613
148,1,2.312345928615994,1.0289521714051564,0.5299295774647887,0.4550918732037994,0.5299295774647887,0.454784007150903,0.7288235048651475,-0.025230078168574366,1.8479884664217632,5.306931217511495
148,2,2.2622236940595837,1.0419583419958751,0.5176056338028169,0.44963533671592915,0.5176056338028169,0.4678661392964783,0.7291853395433883,-0.01261848345443184,1.7987712290551927,5.109509256150988
148,3,2.224079602294498,1.0315287576781378,0.5246478873239436,0.40708187252074757,0.5246478873239436,0.4461720089762729,0.7403420330635903,0.008015501867777663,1.7820388211144342,5.006698038842943
148,4,2.3504768212636313,1.0342302123705547,0.5211267605633803,0.43114194035435865,0.5211267605633803,0.4575665715547031,0.7334204775202361,-0.014973508011712378,1.8516221245129902,5.421718756357829
149,1,2.3308769861857095,1.0181615584426456,0.5422535211267606,0.47835748542290424,0.5422535211267606,0.4887855506311875,0.7445578490121458,-0.007595170447354471,1.8645244505670335,5.3938795063230724
149,2,2.2710931301116943,1.0362795756922827,0.5264084507042254,0.38798767142702495,0.5264084507042254,0.4467156666280969,0.7236278185112154,0.0002699509616886919,1.808393696943919,5.152324583795336
149,3,2.230501757727729,1.025299095445209,0.5158450704225352,0.41115926327193936,0.5158450704225352,0.43900239088961507,0.7462261840042692,-0.030391781283422903,1.7769787046644423,5.042641255590651
149,4,2.3496451576550803,1.0200152264700995,0.5334507042253521,0.4444171547907619,0.5334507042253521,0.4646131918092221,0.7453804383403556,0.004376507368342941,1.8659180336528354,5.4521148734622535
150,1,2.3236720230844288,1.0196711619695027,0.5246478873239436,0.4357987814527615,0.5246478873239436,0.4556729984555559,0.743607973254313,-0.028364352599403952,1.8501913481288486,5.366340359052022
150,2,2.2163794239362082,1.0198498335149553,0.5387323943661971,0.40716071406333676,0.5387323943661971,0.46192630781977356,0.7353082917270384,-0.015742032894847435,1.7803172998958163,5.008281641536289
150,3,2.239123821258545,1.0418158968289692,0.49471830985915494,0.4080096094586809,0.49471830985915494,0.4389205822413611,0.7325240095296504,-0.021410928240650273,1.7724049819840326,5.032842225498623
150,4,2.3414312336179943,1.0363668666945562,0.5140845070422535,0.4126482037476847,0.5140845070422535,0.43981694959437156,0.736223147211182,-0.014256859298110491,1.8507828580008612,5.386581182479858
