epoch,fold,total_loss,cross_entropy_loss,accuracy,precision,recall,f1_score,auc,r2_score,mae_loss,mse_loss
1,1,28.404390335083008,1.3816558851136103,0.3028169014084507,0.23001112969036952,0.3028169014084507,0.2582758425038093,0.5121693140027419,-16.538587365680282,9.259307755364311,91.45743476019965
1,2,17.597441779242622,1.3320637080404494,0.3503521126760563,0.209364990352478,0.3503521126760563,0.2619869691561235,0.5168678742731034,-10.224373602741062,7.091963397132026,55.54998885260688
1,3,9.255854341718885,1.2807239956325955,0.3785211267605634,0.14327824340408649,0.3785211267605634,0.20787239400643964,0.5202208983297009,-4.730234948620168,4.795892066425747,27.864490297105576
1,4,4.680189198917812,1.2445761892530653,0.41725352112676056,0.17410050089268003,0.41725352112676056,0.24568716647712358,0.4953889155272559,-1.380929507141262,3.044475343492296,12.696619351704916
2,1,2.7396622233920627,1.2371447814835443,0.40669014084507044,0.1669948896921351,0.40669014084507044,0.23676816229876121,0.4854182674298018,-0.18307209124274548,2.036823478009966,6.245536062452528
2,2,2.3930885659323797,1.2364139689339533,0.40316901408450706,0.32701998208331257,0.40316901408450706,0.2347355270687718,0.49400891584662154,-0.01004158172830416,1.8005785213576422,5.091995782322353
2,3,2.3528592586517334,1.2458404501279194,0.38028169014084506,0.24440568283018224,0.38028169014084506,0.23807858835254522,0.5331625707180896,0.0034447628052689527,1.7661423352029588,4.935902966393365
2,4,2.47883317205641,1.2427780959341261,0.4154929577464789,0.28737659602474663,0.4154929577464789,0.277718670901877,0.504352724607571,-0.00749854279859874,1.8429626292652554,5.3629615439309015
3,1,2.4407869974772134,1.2356937328974407,0.4084507042253521,0.16683197778218609,0.4084507042253521,0.23690140845070423,0.4980815654645221,0.004508167414414621,1.8367227117220561,5.252671096060011
3,2,2.3802230755488076,1.234729376104143,0.40316901408450706,0.16254525391787344,0.40316901408450706,0.23168307208369412,0.5013379571395145,-0.00021731452708007026,1.7887132432725694,5.05304151111179
3,3,2.355466809537676,1.2498982350031536,0.3767605633802817,0.24993932124213813,0.3767605633802817,0.22801353904798885,0.5046736486670529,-0.006212661247046114,1.760716802544064,4.93512667549981
3,4,2.4842567642529807,1.2441263993581135,0.42077464788732394,0.29733787648106436,0.42077464788732394,0.27347070897153536,0.5026402628410716,-0.009483412287566884,1.8433290190166898,5.377894057167901
4,1,2.4481844703356423,1.2357647352748447,0.4084507042253521,0.16683197778218609,0.4084507042253521,0.23690140845070423,0.4960741337598618,-0.005785643822434849,1.8452957140074835,5.2771637837092085
4,2,2.3605273034837513,1.2307692302597895,0.40316901408450706,0.28616700201207246,0.40316901408450706,0.24109629013233147,0.5058655895381723,-0.015674238663018647,1.7789253658718533,4.996629330846998
4,3,2.3459002441830106,1.2483495076497395,0.3873239436619718,0.3253894468683201,0.3873239436619718,0.23248503560548242,0.5335911037905361,0.000447497309464695,1.7523718078931172,4.906851821475559
4,4,2.4729444119665356,1.242572181754642,0.4225352112676056,0.48488408326062565,0.4225352112676056,0.25699253616686113,0.4879664554858096,-0.006215988880091006,1.8406391077571445,5.343812704086304
5,1,2.4493862655427723,1.235095699628194,0.40492957746478875,0.16627196809173625,0.40492957746478875,0.23574319189919946,0.5092969880309152,-0.002904793158239549,1.84503882461124,5.282730711830987
5,2,2.355486684375339,1.232093910376231,0.40492957746478875,0.4920572819633853,0.40492957746478875,0.2354765285823785,0.513013435216367,0.0009036063149822082,1.7720039354430304,4.976736320389642
5,3,2.3417847288979425,1.2508260740174189,0.3732394366197183,0.26180325756190037,0.3732394366197183,0.27036229259058414,0.485701592681108,-0.010637975075564743,1.7491897079679701,4.88735474480523
5,4,2.475284689002567,1.239427341355218,0.41725352112676056,0.27333322810521266,0.41725352112676056,0.28636820925553325,0.5153515692135,-0.0015249545136870601,1.8429531984859042,5.358951754040188
6,1,2.460675689909193,1.2374369700749714,0.4084507042253521,0.16683197778218609,0.4084507042253521,0.23690140845070423,0.5051301383252405,0.006951850927417902,1.8529428574774,5.3148990869522095
6,2,2.368705564075046,1.2329310907257929,0.4014084507042254,0.2979286837794481,0.4014084507042254,0.2741443789442307,0.5072573397185032,-0.005501654770297959,1.7777342597643535,5.01884580983056
6,3,2.3333409627278647,1.2460479603873358,0.3714788732394366,0.2565026297507391,0.3714788732394366,0.2323595869513558,0.5228741981413727,-0.011755314937274663,1.7451814081933763,4.87035780482822
6,4,2.4784091975953846,1.2411131858825684,0.4225352112676056,0.30738771973310197,0.4225352112676056,0.27906425448815114,0.49866987526791795,-0.014359374361146315,1.8419952789942424,5.3654330306582985
7,1,2.443729023138682,1.2328752477963765,0.40669014084507044,0.1664058424621805,0.40669014084507044,0.2361755010664739,0.5174767583721726,-0.019987547568774966,1.8411413696077135,5.269054280387031
7,2,2.3617830872535706,1.2292445103327434,0.4014084507042254,0.16240730602697453,0.4014084507042254,0.2312516609088493,0.5248123998891138,0.004909493476433213,1.7800718281004164,5.004373020595974
7,3,2.3520314428541393,1.24947898917728,0.38028169014084506,0.25186925924501513,0.38028169014084506,0.24476547679444302,0.5154502523573496,0.0040729946263231565,1.759498311413659,4.924653689066569
7,4,2.4818029006322226,1.241323623392317,0.4225352112676056,0.29583083608031163,0.4225352112676056,0.3209441836202399,0.5298429024385409,-0.008230911342867353,1.8450011942121718,5.3762542936537
8,1,2.4480299287372165,1.229027549425761,0.4084507042253521,0.16683197778218609,0.4084507042253521,0.23690140845070423,0.5409976676163794,0.00324209989149038,1.8479153845045302,5.292368623945448
8,2,2.3645637962553234,1.2341519329282973,0.3961267605633803,0.25775009581728975,0.3961267605633803,0.2545584366861817,0.48713139375028347,0.0023539968127473943,1.7794601784812079,5.002191358142429
8,3,2.342859791384803,1.2460786898930867,0.3785211267605634,0.27378947278000765,0.3785211267605634,0.28027751481984364,0.503373597646266,-0.005336173562156654,1.7523152695761786,4.902015460862054
8,4,2.4715916183259754,1.2336807118521795,0.40669014084507044,0.2747748783127944,0.40669014084507044,0.30898660055954713,0.5374278605727296,-0.009650934425311952,1.8446870976024203,5.360050241152446
9,1,2.453365272945828,1.235558185312483,0.40492957746478875,0.24814891119768254,0.40492957746478875,0.23846047952319668,0.5142876408216568,-0.012697458543493578,1.8426724010043674,5.294914921124776
9,2,2.373380442460378,1.2328255375226338,0.3961267605633803,0.2755841165995296,0.3961267605633803,0.2774307744786912,0.51224456159159,-0.0016636931337108418,1.7813594804869757,5.0346750020980835
9,3,2.3377597530682883,1.2442161904440985,0.3573943661971831,0.2494232658744319,0.3573943661971831,0.2875127440244685,0.5291414300468493,-0.00048542123811379234,1.750546395778656,4.889361302057902
9,4,2.4683876501189337,1.2403683529959784,0.3961267605633803,0.2535822981935042,0.3961267605633803,0.27827871118152225,0.5292290394801856,0.001589376002858467,1.8353358176019456,5.333765930599636
10,1,2.436309708489312,1.2316192719671462,0.40669014084507044,0.22203043289392344,0.40669014084507044,0.2400455709288687,0.5249115848272097,-0.004479067694735717,1.838116897477044,5.247253921296862
10,2,2.3604470822546215,1.2300052841504414,0.3961267605633803,0.2573248425916717,0.3961267605633803,0.2619874107422522,0.5205051953194594,-0.010097571894708723,1.7757406830787659,4.998144414689806
10,3,2.3429857624901667,1.245350009865231,0.3644366197183099,0.2552761741243607,0.3644366197183099,0.28366071301175033,0.5368928726526141,-0.0009121928168229765,1.7533262173334758,4.904135664304097
10,4,2.466288593080309,1.236631453037262,0.41901408450704225,0.28904887123251016,0.41901408450704225,0.31231180184555607,0.5406721385417181,0.0009160546868146602,1.8384033971362643,5.3354884253607855
11,1,2.442864272329542,1.2318972282939487,0.4119718309859155,0.30383617494440324,0.4119718309859155,0.25942227438706317,0.5274252913312356,0.001210873752303554,1.8437400327788458,5.268453809950087
11,2,2.352907551659478,1.2281234529283311,0.3996478873239437,0.2826185012225238,0.3996478873239437,0.2970507781080075,0.5323676053866929,-0.015499624118304522,1.7729753520753648,4.977403468555874
11,3,2.341652989387512,1.2452659871843126,0.3855633802816901,0.27893938325352197,0.3855633802816901,0.29396038334283187,0.5285170415809584,-0.006047247276356416,1.7500993940565321,4.899889124764337
11,4,2.468136509259542,1.2376530766487122,0.4014084507042254,0.26281295833609714,0.4014084507042254,0.29013918230870345,0.5269734467137545,-0.00046646232651648134,1.8360286090109084,5.33926440609826
12,1,2.4329253170225353,1.2263886001374986,0.4102112676056338,0.29164709986298,0.4102112676056338,0.29327236807070256,0.547420623748609,0.00024725159609995107,1.8372300730811224,5.248177475399441
12,2,2.3545612163013883,1.2299132082197402,0.4014084507042254,0.28237406774444906,0.4014084507042254,0.29960576268131717,0.5029446423878374,-0.009299677479257973,1.7715688016679552,4.978739817937215
12,3,2.331437130769094,1.2456093430519104,0.38204225352112675,0.2668799253856472,0.38204225352112675,0.2914795002682862,0.5232651385257183,-0.0039291220769153146,1.7456043627527025,4.865035030576918
12,4,2.4792668422063193,1.2372615800963507,0.4154929577464789,0.28801600754011386,0.4154929577464789,0.32003197344989476,0.5271055532426137,-0.005188725615155931,1.8488216929965549,5.377278976970249
13,1,2.4361756245295205,1.2275255454911127,0.4278169014084507,0.3372408982195057,0.4278169014084507,0.29574150062228133,0.5138411128667266,-0.004012145744376472,1.8398969570795696,5.256358954641554
13,2,2.352863219049242,1.225707921716902,0.3961267605633803,0.28880219103240157,0.3961267605633803,0.2887521946583346,0.5161711196990568,-0.009119744617858139,1.7735839618576899,4.982892076174418
13,3,2.34190786547131,1.2461346454090543,0.3591549295774648,0.252850277639219,0.3591549295774648,0.2956652073790812,0.5221027031427637,-0.012203427130714095,1.7546311881807115,4.89871182706621
13,4,2.4691542784372964,1.2332803739441767,0.4084507042253521,0.2824242992168598,0.4084507042253521,0.3248015694456575,0.5420159519476603,-0.0040673930686088156,1.8432696991496615,5.352859894434611
14,1,2.4439099298583136,1.228878425227271,0.4137323943661972,0.3098531775663119,0.4137323943661972,0.26548644277534467,0.5489894621508177,0.005236666970269144,1.8434643016921148,5.278983235359192
14,2,2.3555510573916965,1.2299625542428758,0.3890845070422535,0.2807436981592054,0.3890845070422535,0.2859134305101081,0.5192863560128076,-0.008240986544097773,1.7702423731486003,4.981924143102434
14,3,2.3555264141824512,1.252331468794081,0.3626760563380282,0.2586304342911401,0.3626760563380282,0.301941114227304,0.4875102643300213,-0.009036716062426287,1.7523609068658617,4.929647763570149
14,4,2.4734220769670276,1.2364419897397358,0.3996478873239437,0.2822858985115928,0.3996478873239437,0.3254483009624606,0.5255037166342373,0.00048315057287950935,1.840564813878801,5.359708759519789
15,1,2.4483589331309,1.2255936000082228,0.4137323943661972,0.3060558866016613,0.4137323943661972,0.2895939466586755,0.5385323046013177,-0.008975884403520817,1.8469849692450628,5.301477909088135
15,2,2.3713942170143127,1.2301293743981256,0.3908450704225352,0.2598795475556039,0.3908450704225352,0.2651171632509714,0.5298733204948041,-0.018155766019324115,1.7810396022266812,5.034345335430569
15,3,2.3376280731625028,1.2443286644087896,0.35563380281690143,0.24566332480121914,0.35563380281690143,0.26469239918285775,0.529880614092369,-0.0053765547535507,1.7518311275376215,4.888659834861755
15,4,2.476973056793213,1.244262953599294,0.4084507042253521,0.28969498975511043,0.4084507042253521,0.332841170240287,0.5082949003530924,-0.008601534322785653,1.8418122000164456,5.353296399116516
16,1,2.4429626332388983,1.2192656728956435,0.3996478873239437,0.2810513771186441,0.3996478873239437,0.3018925066622026,0.5630780655766144,0.0022872118849170953,1.8488123350673251,5.298255443572998
16,2,2.355098989274767,1.2285522354973688,0.3926056338028169,0.282438434163533,0.3926056338028169,0.31378444928807936,0.516379824372077,-0.015254866836681202,1.773601724041833,4.983707825342814
16,3,2.3453169663747153,1.2454258335961237,0.36795774647887325,0.2580756113104941,0.36795774647887325,0.286010292524377,0.5164834851670846,-0.011447196979759822,1.7556141681141324,4.9117295079761085
16,4,2.468696633974711,1.2345456812116835,0.3926056338028169,0.274101354447412,0.3926056338028169,0.3114655246048424,0.5366425422524239,-0.008425377406044543,1.8423838946554396,5.348381969663832
17,1,2.4259092013041177,1.2210546930631,0.4084507042253521,0.2823901526430221,0.4084507042253521,0.26058694509398733,0.5568097520263848,-0.0038678947426860066,1.834717161125607,5.237236261367798
17,2,2.3650921053356595,1.2261815402242873,0.3996478873239437,0.28708272257982287,0.3996478873239437,0.32028147478141017,0.5250080687805254,0.0048896135603003765,1.780698127216763,5.022549960348341
17,3,2.343743920326233,1.2480298744307623,0.3644366197183099,0.2562327080221315,0.3644366197183099,0.2981050617571112,0.5174873214163995,-0.013895306255579554,1.7521370781792536,4.900409844186571
17,4,2.457407044039832,1.2297230892711215,0.4084507042253521,0.28470702212976,0.4084507042253521,0.3242734182875028,0.5474448136338487,-0.006286776805172423,1.8325102395481534,5.322002808252971
18,1,2.4437009824646845,1.2196205920643277,0.40492957746478875,0.24953434374362116,0.40492957746478875,0.24845873269171678,0.5434602713806307,-0.007235500266328465,1.8472583161460028,5.299888412157695
18,2,2.356178104877472,1.2242383029725816,0.39436619718309857,0.27535211267605636,0.39436619718309857,0.30151278038601986,0.5308066401748538,-0.006107373908318614,1.7755367557207744,4.997370719909668
18,3,2.344017790423499,1.2406723300615947,0.3785211267605634,0.2713562426551323,0.3785211267605634,0.31590542229872415,0.5216430017114558,-0.005851082446343803,1.7548717591497633,4.918490370114644
18,4,2.4757570690578885,1.2341568734910753,0.3855633802816901,0.26098011013210876,0.3855633802816901,0.29887294942880793,0.5439345218094163,-0.014229546033850626,1.8426729175779555,5.372824059592353
19,1,2.4248166614108615,1.2204548319180806,0.3890845070422535,0.20016720694537596,0.3890845070422535,0.2398670975121727,0.5567970041831113,0.0033418533610244383,1.837131016784244,5.2349941862954035
19,2,2.353296637535095,1.2185206015904744,0.40316901408450706,0.29280974839864876,0.40316901408450706,0.3378007249020895,0.55013634789886,-0.0046401775800148926,1.7779606117142572,5.001107136408488
19,3,2.3462347785631814,1.234035505188836,0.3785211267605634,0.265824496024058,0.3785211267605634,0.30742408999451254,0.5566632055206601,-0.005579373848767055,1.7630500064955816,4.941366367869907
19,4,2.482071260611216,1.2340945998827617,0.3908450704225352,0.2795517880071059,0.3908450704225352,0.32504830486324093,0.5249995769677469,-0.006131540011278691,1.845077931880951,5.39401650428772
20,1,2.4439910186661615,1.2261444131533306,0.39436619718309857,0.24941761261754392,0.39436619718309857,0.25628061781748607,0.5393752721393696,-0.016221716607647263,1.8446889983283148,5.285632861985101
20,2,2.365101310941908,1.232295294602712,0.3926056338028169,0.27685321281811137,0.3926056338028169,0.30467440829836445,0.5129512050269946,0.0030391523526627218,1.7797347042295668,5.008315271801418
20,3,2.3323864936828613,1.2350254389974806,0.38204225352112675,0.27050671375189916,0.38204225352112675,0.31509074310265445,0.5468178968732273,-0.007412619372159757,1.7500658366415236,4.892895460128784
20,4,2.4697653452555337,1.2283429304758708,0.4242957746478873,0.2988810008687108,0.4242957746478873,0.33837053393999156,0.5427266873714086,-0.005214584135937894,1.8412210875087314,5.366417447725932
21,1,2.4336079955101013,1.2193784912427266,0.3996478873239437,0.24277242401779095,0.3996478873239437,0.24556598852373504,0.5594368983974453,-0.004404179091383353,1.8382648494508531,5.2668099535836115
21,2,2.35334884458118,1.2246662709448073,0.40492957746478875,0.2890373738493956,0.40492957746478875,0.3325444470099284,0.54069876454321,-0.022230103198203066,1.7713174025217693,4.986941337585449
21,3,2.3320142957899304,1.239744656615787,0.36795774647887325,0.25536725241572594,0.36795774647887325,0.2916193114438114,0.5414926519480336,-0.005110580402849063,1.7501294215520222,4.880643288294475
21,4,2.4893943005137973,1.2333801587422688,0.3961267605633803,0.292304443530991,0.3961267605633803,0.3355700272570243,0.53954955663823,-0.002760461652782986,1.8512416614426508,5.420093867513868
22,1,2.444218317667643,1.2260539763503604,0.41725352112676056,0.33367835216426767,0.41725352112676056,0.27195570936102337,0.5622867911489118,-0.01544372240985803,1.8452082210116916,5.28660155667199
22,2,2.3595605625046625,1.228567275736067,0.3785211267605634,0.2707095017677472,0.3785211267605634,0.31290076479077883,0.5150617093913563,-0.006943200718910969,1.777468118402693,4.998544812202454
22,3,2.3264295127656727,1.2395915455288358,0.3714788732394366,0.2556062936930763,0.3714788732394366,0.29500944660002454,0.538438027355093,-0.005761998060531903,1.7439381612671747,4.862384729915195
22,4,2.462753865453932,1.2287005980809529,0.3961267605633803,0.2655430533007813,0.3961267605633803,0.30117223690777545,0.5431121993749524,-0.0039189294768957605,1.8384932809405856,5.342211405436198
23,1,2.452702694469028,1.2212600708007812,0.40316901408450706,0.25541316418870724,0.40316901408450706,0.26404322699099236,0.5565716293029555,-0.017890743782008167,1.8534650736384921,5.326068719228108
23,2,2.357580224672953,1.2191281914710999,0.4014084507042254,0.2898139323269049,0.4014084507042254,0.3321457505427427,0.548573796797885,-0.014992688908955776,1.7809947662883334,5.013968096839057
23,3,2.3527519504229226,1.247162852022383,0.3926056338028169,0.2784567984832069,0.3926056338028169,0.32238396514107587,0.5151582397125647,-0.017089197109535936,1.756629592842526,4.932459738519457
23,4,2.466896606816186,1.224666502740648,0.4119718309859155,0.2778073806139384,0.4119718309859155,0.3083773573304073,0.5586749815626351,-0.025273048235094464,1.8441298935148451,5.365433361795214
24,1,2.4536519977781506,1.2218942642211914,0.40316901408450706,0.28022041626546007,0.40316901408450706,0.3070102461114218,0.5491525846092948,0.0020853625099691575,1.852020455731286,5.327753186225891
24,2,2.3605519466929965,1.2210201025009155,0.39436619718309857,0.2847917646363494,0.39436619718309857,0.32145177542705866,0.548111705364724,-0.007000346093270604,1.7791746987236872,5.019459366798401
24,3,2.3333323531680636,1.2301868200302124,0.3926056338028169,0.27875895725228567,0.3926056338028169,0.3114592208954873,0.5450912902561987,-0.0015563824139435134,1.7561918099721272,4.907338420550029
24,4,2.469906383090549,1.2344984942012363,0.4084507042253521,0.29009332328984455,0.4084507042253521,0.3376808668484094,0.5340359709257287,-0.013741113702872898,1.839335752858056,5.352524518966675
25,1,2.4256241189108954,1.2106478081809149,0.41901408450704225,0.2975532498268298,0.41901408450704225,0.30997696541295205,0.5811131823731808,-0.010963303788060097,1.841608424981435,5.2605686452653675
25,2,2.352764619721307,1.2223940292994182,0.4084507042253521,0.29227782151848286,0.4084507042253521,0.32951796970555586,0.5397983608038954,-0.016914457809973138,1.7728359169430203,4.990295767784119
25,3,2.367158955997891,1.2452596889601812,0.3714788732394366,0.2625210052064147,0.3714788732394366,0.30515513529796406,0.5199695367514174,-0.04075799440434946,1.7695796887079875,4.9849239057964745
25,4,2.4932388729519315,1.2298417488733928,0.43661971830985913,0.31246510595102145,0.43661971830985913,0.36211644320813924,0.5605145555356861,-0.020861780002009667,1.853884432050917,5.441165433989631
26,1,2.4323752522468567,1.2243690623177423,0.4014084507042254,0.2754124435084024,0.4014084507042254,0.26404066511192315,0.5423134501748659,-0.017517414335325165,1.8384536570972867,5.2510561148325605
26,2,2.3631929953893027,1.2263383600446913,0.40492957746478875,0.2886349973812466,0.40492957746478875,0.2824663031955172,0.5322178932011137,-0.015826737219408527,1.7797550426589117,5.015853656662835
26,3,2.3351807726754084,1.2386602097087436,0.3714788732394366,0.2644380267619704,0.3714788732394366,0.30891106143980945,0.5339990029304078,-0.007963047867161288,1.7523948152860005,4.893728613853455
26,4,2.4709598620732627,1.2304171191321478,0.4084507042253521,0.2860382243472194,0.4084507042253521,0.3300904176194375,0.5453405369387825,-0.005789308789074132,1.8407904108365376,5.365559471978082
27,1,2.4458493921491833,1.2201096812884014,0.3908450704225352,0.25736957979762637,0.3908450704225352,0.2830391879247513,0.5474907993842497,-0.005658036317556681,1.8498976826667786,5.305908547507392
27,2,2.349419289165073,1.2215104897816975,0.38204225352112675,0.2670774647887324,0.38204225352112675,0.29225352112676056,0.5393973542615234,0.0008149003703123991,1.7766810192002191,4.981206297874451
27,3,2.346529954009586,1.2455949717097812,0.3644366197183099,0.25389358466670153,0.3644366197183099,0.294940130504433,0.5287868066878021,-0.019955086493497642,1.7576214406225417,4.915378239419725
27,4,2.4748685823546515,1.2245126499070063,0.4278169014084507,0.3044320148782126,0.4278169014084507,0.35233804400856894,0.5707947833610316,-0.0032035481690595446,1.8465790218777127,5.392365574836731
28,1,2.445173144340515,1.2201657891273499,0.3996478873239437,0.25677756642857597,0.3996478873239437,0.2564252063758832,0.5617834792564588,-0.013016310432869771,1.8512303564283583,5.30352344777849
28,2,2.3555195530255637,1.2164624598291185,0.3961267605633803,0.2773516996111145,0.3961267605633803,0.300180899191169,0.5344138581784307,-0.017509569867406594,1.7810729609595404,5.013319280412462
28,3,2.353776686721378,1.241978857252333,0.3767605633802817,0.2638911635185792,0.3767605633802817,0.30169565284392014,0.5280155009504404,-0.03228143343021106,1.7630716098679438,4.947971383730571
28,4,2.4659919606314764,1.226575454076131,0.41901408450704225,0.2877364824540463,0.41901408450704225,0.3164754727652399,0.5428424688995314,-0.005410023828533506,1.8429382112291124,5.357963654730055
29,1,2.463030887974633,1.2298981481128268,0.3961267605633803,0.26675951441337237,0.3961267605633803,0.2982088376245521,0.5279119066044523,-0.01384264457503237,1.850427097744412,5.340340415636699
29,2,2.345047069920434,1.2192812363306682,0.3855633802816901,0.2677091324810513,0.3855633802816901,0.3044987448667594,0.5458210852997133,-0.013653484568268759,1.7696167561742995,4.971833825111389
29,3,2.3326123555501304,1.230191707611084,0.3767605633802817,0.2659911079379503,0.3767605633802817,0.3070377406506813,0.5575280691104787,-0.007425280335946471,1.7522737979888916,4.904927028550042
29,4,2.4646065632502236,1.2326926390329997,0.4119718309859155,0.28587579216076225,0.4119718309859155,0.3240081008929393,0.5437345044340668,-0.017383897906263268,1.8394378357463412,5.339072253968981
30,1,2.429938574632009,1.2087907195091248,0.4242957746478873,0.31367899309700004,0.4242957746478873,0.32746818204440264,0.5665606691981033,-0.013548494518816012,1.8436709841092427,5.279283364613851
30,2,2.3464914891454907,1.2107546925544739,0.4137323943661972,0.30110443967406497,0.4137323943661972,0.3206803114017077,0.5579037432844505,-0.007733202164061037,1.7776344418525696,4.996543831295437
30,3,2.3350865046183267,1.227289577325185,0.4102112676056338,0.2921088594504087,0.4102112676056338,0.3411872338770246,0.5690662827453712,-0.005408627071875838,1.7536830570962694,4.919945849312676
30,4,2.4770227670669556,1.225312007798089,0.41901408450704225,0.2942687449765136,0.41901408450704225,0.3356148635562136,0.5413842524531488,-0.021327479590319998,1.8463364375962152,5.397680958112081
31,1,2.437435381942325,1.2136455906762018,0.40316901408450706,0.2772150165931623,0.40316901408450706,0.2959902370990237,0.5687654921480059,-0.030925200413252307,1.8437393241458468,5.2929446829689875
31,2,2.3410244716538324,1.2092685500780742,0.42077464788732394,0.30369879533611926,0.42077464788732394,0.3499505353847552,0.5764878802234695,-0.005123046747456783,1.7740933563974168,4.9817881849077015
31,3,2.3388335042529635,1.2425303724077013,0.3855633802816901,0.2704776129616623,0.3855633802816901,0.31404143912346594,0.5222496725526544,-0.001829197583648412,1.7534455921914842,4.896873977449205
31,4,2.4879795710245767,1.2293444805675082,0.4242957746478873,0.30070231169626455,0.4242957746478873,0.3484044362795128,0.5479150984003862,-0.008678998178047959,1.8500121434529622,5.424794607692295
32,1,2.4253162344296775,1.2103967203034296,0.43133802816901406,0.3638229025743335,0.43133802816901406,0.29550743695779624,0.577051057007102,-0.0175914451937631,1.8397366007169087,5.26012831264072
32,2,2.3646062877443104,1.2227620813581679,0.3961267605633803,0.27828750013939535,0.3961267605633803,0.3149305830376084,0.5415012560209322,-0.005366941979571882,1.7840550806787279,5.028909259372288
32,3,2.365377757284376,1.2410320109791226,0.3890845070422535,0.2832773658155454,0.3890845070422535,0.32317446344735073,0.5359699181752797,-0.010083930570539579,1.7658928367826674,4.988850990931193
32,4,2.459120922618442,1.2206331822607253,0.426056338028169,0.29971912399251,0.426056338028169,0.34685873118366356,0.556471895464913,-0.00705113659163592,1.8399076130655077,5.348925524287754
33,1,2.426700876818763,1.217296110259162,0.4084507042253521,0.286505300037343,0.4084507042253521,0.2748027885663147,0.5635065209897212,-0.007948198138462148,1.8350360989570618,5.248645067214966
33,2,2.348500218656328,1.2167175081041124,0.426056338028169,0.3100990092756913,0.426056338028169,0.35840753742312026,0.5471550190925336,-0.017037611153938093,1.7738504078653123,4.989326238632202
33,3,2.335564441151089,1.2405740883615282,0.3609154929577465,0.25671225375519097,0.3609154929577465,0.2999739562692806,0.5258480130992478,-0.008862955972425368,1.7503610187106662,4.89054180516137
33,4,2.479508307245043,1.230853067504035,0.4242957746478873,0.3005265732774171,0.4242957746478873,0.34855041045189367,0.5593848281961271,-0.0021903362295019324,1.8481260074509516,5.393037027782864
34,1,2.4421754810545178,1.2172639767328899,0.40492957746478875,0.25669019081848454,0.40492957746478875,0.256999708334807,0.5565342390876729,-0.015354572689512569,1.8480938871701558,5.300302161110772
34,2,2.370576626724667,1.2201098501682281,0.40316901408450706,0.2976779389993289,0.40316901408450706,0.3418119280181186,0.5481301586800076,-0.02495506986775986,1.7875278525882297,5.054998993873596
34,3,2.346946762667762,1.240648670328988,0.3926056338028169,0.2753960529393969,0.3926056338028169,0.3196329439632632,0.5301822063324195,-0.019973989349423737,1.7631313006083171,4.928308897548252
34,4,2.468405928876665,1.2329108052783542,0.38380281690140844,0.27478859394901517,0.38380281690140844,0.31974984924550887,0.534633815963302,-0.013768009431003758,1.8397756020228069,5.351227786805895
35,1,2.450386391745673,1.2156532406806946,0.4119718309859155,0.3175746580018712,0.4119718309859155,0.25372567045704736,0.5693181373088927,-0.019187951016198523,1.8532975316047668,5.331430236498515
35,2,2.3709531691339283,1.2173183229234483,0.4084507042253521,0.29807881049714735,0.4084507042253521,0.34457359995751635,0.5602388792869166,-0.01840848229148251,1.7881107595231798,5.062767598364088
35,3,2.33254157172309,1.226285371515486,0.3926056338028169,0.2786096235681085,0.3926056338028169,0.3253406805245797,0.5766621874828514,-0.009906806231748666,1.756788306766086,4.913805842399597
35,4,2.4720180100864835,1.2183952662679884,0.42077464788732394,0.295154710945411,0.42077464788732394,0.33433254465276196,0.5462210269873247,-0.017203952794782706,1.8493789169523451,5.397137588924831
36,1,2.4222789208094277,1.2036811576949225,0.426056338028169,0.31139615470601384,0.426056338028169,0.3286260689341801,0.5741797193855782,-0.004542580316291511,1.8411862585279677,5.26567358440823
36,2,2.364889270729489,1.2175802787144978,0.40492957746478875,0.29508436564731383,0.40492957746478875,0.3412091398006891,0.5374553231289092,-0.0071136224685190985,1.7881167928377788,5.0419434441460504
36,3,2.330137458112505,1.2270731727282207,0.4154929577464789,0.29574654745113915,0.4154929577464789,0.3434381316889099,0.5618166070117812,-0.006992074408741278,1.7530410157309637,4.903953989346822
36,4,2.4742862118615045,1.232073446114858,0.4084507042253521,0.29798653310995005,0.4084507042253521,0.3445471617005989,0.5416795636805329,-0.00016570138675553459,1.8415467143058777,5.372782614496019
37,1,2.4507601658503213,1.2160826325416565,0.41901408450704225,0.2952890987307161,0.41901408450704225,0.32759321583336665,0.5653706591573195,-0.014775320555731497,1.8501970436837938,5.3316743108961315
37,2,2.3535019556681314,1.2101944949891832,0.4225352112676056,0.2959144264987114,0.4225352112676056,0.32789664271135627,0.5721901836549359,-0.006424853657752028,1.7804948820008173,5.0212191343307495
37,3,2.344891515043047,1.2329053547647264,0.40316901408450706,0.2946396217597583,0.40316901408450706,0.33644217806136556,0.5416935886831798,-0.027669392275849747,1.7561287482579548,4.9395258161756725
37,4,2.467743436495463,1.2324008809195623,0.40669014084507044,0.2837810424917369,0.40669014084507044,0.3295087570692993,0.5243248102856057,-0.025965433422750372,1.843727085325453,5.350209209654066
38,1,2.428783244556851,1.213578508959876,0.4119718309859155,0.29208626895183615,0.4119718309859155,0.29610999329309184,0.5512710268466778,0.009141282399493522,1.8397853043344286,5.264260861608717
38,2,2.3616489701800876,1.2171722650527954,0.41725352112676056,0.30695540443778035,0.41725352112676056,0.3535865860532798,0.5497965225755548,-0.018757856420229757,1.7825047108862135,5.032094597816467
38,3,2.3337244590123496,1.2397333913379245,0.3908450704225352,0.2788565221805604,0.3908450704225352,0.3254751835020633,0.5138028306121212,-0.03522324877793692,1.7451645864380732,4.886370102564494
38,4,2.460745692253113,1.223389466603597,0.44014084507042256,0.31534101949793225,0.44014084507042256,0.3656580166460343,0.5527924137125663,-0.01709864859303023,1.8390064504411485,5.347909927368164
39,1,2.4350083470344543,1.205130590332879,0.4225352112676056,0.3068495256004982,0.4225352112676056,0.32852562706687455,0.5811839013552274,-0.010721173250412663,1.8468494481510587,5.304722905158997
39,2,2.350967950291104,1.2107603682412043,0.4137323943661972,0.2975951063205474,0.4137323943661972,0.3419285046724666,0.5592953317066987,0.0002622287815865487,1.7800166871812608,5.011452145046658
39,3,2.3344276083840265,1.2317679789331224,0.40669014084507044,0.28960959429998345,0.40669014084507044,0.3382335680751174,0.5435612812541343,-0.00718282049691954,1.7559974524709914,4.907299902704027
39,4,2.462683333290948,1.2252092626359727,0.4242957746478873,0.297865321614039,0.4242957746478873,0.3462148740861458,0.5579304475072873,-0.006993455501232537,1.8411254750357733,5.3501226504643755
40,1,2.42592986424764,1.2058759265475802,0.4225352112676056,0.30768892260232855,0.4225352112676056,0.34730667991110353,0.5766585202684549,-0.0007765584990007124,1.8442337777879503,5.272722111807929
40,2,2.3546664118766785,1.2164282931221857,0.4295774647887324,0.3067251421622934,0.4295774647887324,0.3301021859462689,0.5654404409264724,0.0007326134147653818,1.78300944964091,5.0105552143520775
40,3,2.327345391114553,1.2312228083610535,0.375,0.27700902880705097,0.375,0.3143921100428789,0.5582183532301042,-0.003503471917973844,1.741165108150906,4.884964678022596
40,4,2.444026940398746,1.2039150132073297,0.44366197183098594,0.3275899493405874,0.44366197183098594,0.37604388326522564,0.5927026096385049,-0.0015674208536791134,1.839910884698232,5.3376211457782325
41,1,2.4437875747680664,1.2053607106208801,0.43485915492957744,0.31198951028345806,0.43485915492957744,0.3283441125729308,0.5708332395867963,-0.023810627323484157,1.8589174813694425,5.333449999491374
41,2,2.3500192827648587,1.2131453686290317,0.3996478873239437,0.2916450834612782,0.3996478873239437,0.33714105748862677,0.5539515068628047,-0.01357816700199721,1.7751514315605164,5.002724938922459
41,3,2.341707600487603,1.2256228393978543,0.4137323943661972,0.29473466597030346,0.4137323943661972,0.3442336046274336,0.5561245508213215,-0.010936115860203266,1.7609469162093268,4.945905367533366
41,4,2.4532418251037598,1.2124679419729445,0.4225352112676056,0.308730401275578,0.4225352112676056,0.3567132397225632,0.5701715058117831,-0.005794738548926093,1.8429432180192735,5.348380658361647
42,1,2.4570829802089267,1.2207344836658902,0.4154929577464789,0.29819063839559096,0.4154929577464789,0.34213169238415053,0.5383482291750885,-0.017278458264722074,1.8495906657642789,5.341896017392476
42,2,2.3605447941356235,1.2096906767951117,0.4119718309859155,0.2974944160375095,0.4119718309859155,0.34406442492992884,0.5752396222303992,-0.012940376366908257,1.7813431157006159,5.045870900154114
42,3,2.3253219856156244,1.2309911052385967,0.39436619718309857,0.2765548157204487,0.39436619718309857,0.32243945235385935,0.5642581770038382,-0.011662759952068003,1.7468390398555331,4.878760629230076
42,4,2.458767983648512,1.22422413693534,0.4119718309859155,0.3019113933412931,0.4119718309859155,0.3482004250543065,0.5411531543503416,-0.019477838308944007,1.8376365303993225,5.339370025528802
43,1,2.4310784339904785,1.208408620622423,0.41901408450704225,0.29018558054664767,0.41901408450704225,0.3173892586210381,0.5885443422694671,-0.004692698334395784,1.84393396642473,5.283974594540066
43,2,2.3557588391833835,1.2036433749728732,0.4242957746478873,0.31249318119352193,0.4242957746478873,0.35953777980341867,0.5762228521012179,-0.0084341761866773,1.7843163410822551,5.044028083483378
43,3,2.3204138808780246,1.2193246020211115,0.4084507042253521,0.2898370369998859,0.4084507042253521,0.3382986024607814,0.5739643348066745,-0.019119494913055535,1.7547600004408095,4.889622145228916
43,4,2.4720361365212336,1.2166127694977655,0.42077464788732394,0.30701717639244336,0.42077464788732394,0.35495584808044206,0.5632622498740663,-0.0051750714074141335,1.8530796037779913,5.401357147428724
44,1,2.433299872610304,1.2164593074056838,0.4225352112676056,0.3049668201516793,0.4225352112676056,0.3263394801800494,0.5595086720976967,-0.02003194271944686,1.8403761982917786,5.272594332695007
44,2,2.362691925631629,1.2120650344424777,0.44190140845070425,0.32535755897917923,0.44190140845070425,0.3743881041315228,0.5634690179130359,-0.0190045567241226,1.786292360888587,5.047487907939487
44,3,2.3258931967947216,1.218493938446045,0.41901408450704225,0.3064458642677949,0.41901408450704225,0.3500865704423699,0.577508667944256,0.0001290814793082351,1.7505922118822734,4.909824675983852
44,4,2.4657216668128967,1.2122324307759602,0.4119718309859155,0.2887884084268956,0.4119718309859155,0.33328561808586676,0.5683731393548194,-0.017069757175936617,1.847601784600152,5.390529645813836
45,1,2.4147296216752796,1.20576677719752,0.44190140845070425,0.31985944004105604,0.44190140845070425,0.35868752337031035,0.5691275990735324,-0.006504565613457913,1.8328533901108637,5.235642751057942
45,2,2.3265552388297186,1.1974203520350986,0.4295774647887324,0.31805004141680215,0.4295774647887324,0.36478481303243826,0.5820799690339131,-0.01347391087964045,1.7693993184301589,4.961203071806166
45,3,2.341454413202074,1.2295928994814556,0.3855633802816901,0.2697557677752459,0.3855633802816901,0.31549665902873236,0.5475807260896435,-0.030744634013762262,1.7645256320635478,4.935797837045458
45,4,2.468130264017317,1.206607335143619,0.4278169014084507,0.3170695311306506,0.4278169014084507,0.3633467724376574,0.5880546562522266,0.00043269026544090483,1.8552382323477004,5.411683678627014
46,1,2.4273371431562634,1.2075928780767653,0.426056338028169,0.3090568410462777,0.426056338028169,0.3499077187317164,0.567698126018414,-0.01646211963863009,1.8404725657569037,5.273406929439968
46,2,2.3528206083509655,1.201392650604248,0.40669014084507044,0.29295473696882146,0.40669014084507044,0.3382875296523505,0.5606933283792643,-0.019056966344359827,1.788349727789561,5.039485587014092
46,3,2.3350930478837757,1.2276554107666016,0.426056338028169,0.315604198900633,0.426056338028169,0.35699243982793594,0.5520296747824374,-0.01604655777468933,1.752316998110877,4.919114073117574
46,4,2.4541952080196805,1.2079069349500868,0.4154929577464789,0.3092153092391813,0.4154929577464789,0.35361536231808854,0.5722314779955354,-0.00833636480962996,1.8414107892248366,5.362200962172614
47,1,2.428457352850172,1.2032634317874908,0.4225352112676056,0.2999932859871091,0.4225352112676056,0.3204762626513983,0.5480296936421154,-0.01061877051490967,1.8388272060288324,5.287243088086446
47,2,2.367875019709269,1.2035186224513583,0.43133802816901406,0.3228302807433657,0.43133802816901406,0.36689835362176154,0.5649826588472011,-0.021225892939974234,1.7968461712201436,5.084706425666809
47,3,2.3188233375549316,1.223296390639411,0.4137323943661972,0.29173735937116047,0.4137323943661972,0.3376799122752617,0.5738725949164669,-0.014665821642312338,1.7466165622075398,4.8750526905059814
47,4,2.4480888644854226,1.204051951567332,0.4454225352112676,0.3321889354662344,0.4454225352112676,0.37925796298965786,0.5837528402865237,-0.013367170938571427,1.8431085215674505,5.35084158844418
48,1,2.4295916424857245,1.192386077509986,0.4612676056338028,0.33456542336705336,0.4612676056338028,0.38089385097086503,0.5926041661400989,-0.014305556472149261,1.8475046157836914,5.316404316160414
48,2,2.3563541306389704,1.2012210488319397,0.43838028169014087,0.32866069415707044,0.43838028169014087,0.37245342094874906,0.554634418559554,-0.018389545355555148,1.7938896020253499,5.0516644848717585
48,3,2.338939368724823,1.2194689843389723,0.4278169014084507,0.3040622037513543,0.4278169014084507,0.3553609717460146,0.5701819579781678,-0.010863450492494486,1.7702696919441223,4.951036757893032
48,4,2.4462635119756064,1.190234147840076,0.44366197183098594,0.32176623658635495,0.44366197183098594,0.37296787361602,0.5904548108234159,-0.011619858436278108,1.8450662824842665,5.376998464266459
49,1,2.4064369599024453,1.1914977497524686,0.44190140845070425,0.3161730811089102,0.44190140845070425,0.3634399367619301,0.5875179382847552,-0.006899082616247165,1.8357723421520658,5.2412948740853205
49,2,2.351911041471693,1.202292607890235,0.43309859154929575,0.3201986510652375,0.43309859154929575,0.3678137851551143,0.5798472532738634,-0.01370427455753287,1.77993020746443,5.034353852272034
49,3,2.3307219743728638,1.226095351907942,0.4278169014084507,0.3152044798913966,0.4278169014084507,0.3582776616542712,0.5728436425422392,-0.008215059265328506,1.7542572816212971,4.908183852831523
49,4,2.432263672351837,1.1896337866783142,0.4665492957746479,0.34651326661577564,0.4665492957746479,0.3963639979293934,0.6118895242065759,-0.02249960937605322,1.837281968858507,5.3317331075668335
50,1,2.4297910928726196,1.195281704266866,0.426056338028169,0.3030826621232629,0.426056338028169,0.3425227172885876,0.6009479451342453,-0.017627853620409084,1.8468337655067444,5.310312814182705
50,2,2.3295558624797397,1.1846132477124531,0.45422535211267606,0.33411456890524044,0.45422535211267606,0.3848907164441859,0.5961318375650392,-0.023971339108261214,1.778670224878523,5.0010884337955055
50,3,2.3169712954097323,1.2150312927034166,0.4295774647887324,0.31024615217301693,0.4295774647887324,0.3588527233379996,0.5844560835151669,-0.00382836440733314,1.7496734857559204,4.888164427545336
50,4,2.4449151621924505,1.1990708774990506,0.4225352112676056,0.32078979077683767,0.4225352112676056,0.36135828911475926,0.5965305416126433,-0.020323551033032627,1.839918613433838,5.351884894900852
51,1,2.439076993200514,1.1930749184555478,0.44014084507042256,0.31769557562767914,0.44014084507042256,0.3658696364231903,0.5894021439021235,-0.023119212434437264,1.8547140691015456,5.346414976649815
51,2,2.3474767605463662,1.1924306154251099,0.4595070422535211,0.33941033234513096,0.4595070422535211,0.3900325487680941,0.5981175542961159,-0.018165469913999477,1.7854845523834229,5.042584300041199
51,3,2.3164544834031,1.2214988933669195,0.3996478873239437,0.2849089570535797,0.3996478873239437,0.3326624803625103,0.5589369975069927,-0.008060241864504603,1.7478557096587286,4.871350725491841
51,4,2.446847445434994,1.2067122161388397,0.41725352112676056,0.3150117370892019,0.41725352112676056,0.3555322617123826,0.5664506962979097,-0.01322360297611791,1.8424444264835782,5.340496248669094
52,1,2.4272482660081653,1.1919224394692316,0.45598591549295775,0.3327751295787897,0.45598591549295775,0.38197525489068873,0.5853072271369779,-0.010405099571754839,1.8504449725151062,5.309675070974562
52,2,2.337015324168735,1.1943573223219976,0.43838028169014087,0.3282556205555247,0.43838028169014087,0.37330132562941737,0.5854797040345081,-0.01597267548684833,1.7764590515030756,5.00321712758806
52,3,2.3135283125771418,1.2071577840381198,0.43661971830985913,0.31941378625656514,0.43661971830985913,0.3648576279011747,0.5726569101176822,-0.00944336880009855,1.7494371202256944,4.895059373643663
52,4,2.4335745573043823,1.1842113733291626,0.4454225352112676,0.32769877027964583,0.4454225352112676,0.37721247942968084,0.6098518358926347,-0.00722545162727517,1.8405648933516607,5.348755134476556
53,1,2.4167835977342396,1.1908882790141635,0.4595070422535211,0.336072330273809,0.4595070422535211,0.3860608129242304,0.5910148212399959,-0.01985345243240011,1.8448840114805434,5.277205771870083
53,2,2.345210055510203,1.1980903612242804,0.4295774647887324,0.32316118935837246,0.4295774647887324,0.3660557346466608,0.5740707474488165,-0.01514034666301689,1.7809525330861409,5.021822518772549
53,3,2.3331512610117593,1.2237545847892761,0.4295774647887324,0.30563406696744605,0.4295774647887324,0.35708207578806167,0.5732117034629662,-0.002483257203682143,1.7592318455378215,4.921743326716953
53,4,2.468483050664266,1.1989437143007915,0.41901408450704225,0.3085715499135162,0.41901408450704225,0.35492046549165607,0.5712531047649702,-0.01738753066468801,1.857156773408254,5.430741270383199
54,1,2.4273567928208246,1.189590768681632,0.4507042253521127,0.3332771285443514,0.4507042253521127,0.3831321941388592,0.5747085333159928,-0.01607354911111547,1.8489791419770982,5.3154773182339135
54,2,2.341542899608612,1.18955569797092,0.4647887323943662,0.3451242095233704,0.4647887323943662,0.3950187265677531,0.59435247565556,-0.01639161177736259,1.7810728417502508,5.029512974951002
54,3,2.3311759564611645,1.2094524635208979,0.448943661971831,0.322259920079456,0.448943661971831,0.37472648581691,0.5905029004085988,0.0009143386598223779,1.7666181723276775,4.948530620998806
54,4,2.4495700862672596,1.1829281449317932,0.43661971830985913,0.3292811569336528,0.43661971830985913,0.3723099979786146,0.6157003679313129,-0.008427557374787842,1.856359475188785,5.405067801475525
55,1,2.413319925467173,1.1822617186440363,0.46830985915492956,0.3457817719618996,0.46830985915492956,0.3978176588411093,0.5987035988169346,-0.02385464215018973,1.841406610276964,5.285788880454169
55,2,2.3338301446702747,1.1882877614763048,0.43485915492957744,0.32613059111811776,0.43485915492957744,0.37083674775928305,0.5916639793116033,-0.007860778798283619,1.7761814991633098,5.006762213177151
55,3,2.302090519004398,1.1999690466456943,0.44366197183098594,0.3173254076116644,0.44366197183098594,0.36992707025320154,0.5906757695512348,-0.0104245443772093,1.748090750641293,4.873707109027439
55,4,2.4292029539744058,1.1786764860153198,0.4788732394366197,0.3668006963492172,0.4788732394366197,0.40923826344742886,0.6174209589415482,-0.008989104492894917,1.8371367851893108,5.347097900178698
56,1,2.411710606680976,1.1835502684116364,0.4665492957746479,0.3413732394366197,0.4665492957746479,0.39291968024362384,0.587882461921352,-0.0022900250157322777,1.8419365882873535,5.277417778968811
56,2,2.322917017671797,1.1714139249589708,0.4507042253521127,0.33982826084475437,0.4507042253521127,0.38469025535325774,0.6175543377388372,-0.008762135136321403,1.7787729832861159,5.009757452540928
56,3,2.3099238408936396,1.1980309751298692,0.4454225352112676,0.3247051326363086,0.4454225352112676,0.3715853975821752,0.571234584120536,-0.014459035922101515,1.7534088161256578,4.904340571827358
56,4,2.4390118519465127,1.1927023397551642,0.4595070422535211,0.3486393702051977,0.4595070422535211,0.3924058630127421,0.6037967183387167,-0.023165775831201163,1.8401763571633234,5.3470671441819935
57,1,2.415979517830743,1.177184330092536,0.4735915492957746,0.3494373066726756,0.4735915492957746,0.4021497728741189,0.6210524668596449,-0.00952971283138826,1.8449383046891954,5.306501401795281
57,2,2.332770380708906,1.1852743559413486,0.4595070422535211,0.34120963759597606,0.4595070422535211,0.38996723395931143,0.5678211977200398,-0.024394848141458647,1.7771870957480536,5.010260860125224
57,3,2.312340908580356,1.2160087890095181,0.43133802816901406,0.3096794325252528,0.43133802816901406,0.35997667859531823,0.5772220045172498,-0.01296407443411951,1.747382468647427,4.87044898668925
57,4,2.4428909156057568,1.1785053279664781,0.45774647887323944,0.3516793561913131,0.45774647887323944,0.391887109681657,0.6176348266293161,-0.014153956141309543,1.8547103073861864,5.393123891618517
58,1,2.400259647104475,1.1553153097629547,0.4982394366197183,0.36981777399611704,0.4982394366197183,0.42422798013175694,0.6476646919846113,-0.006651620455649931,1.850813388824463,5.305129581027561
58,2,2.3399576014942594,1.1910917626486883,0.4595070422535211,0.3410918636820925,0.4595070422535211,0.39030601143829163,0.5893043904729733,-0.019786543128628375,1.7811694542566936,5.020644466082255
58,3,2.321655525101556,1.2012927134831746,0.43838028169014087,0.32508906466944654,0.43838028169014087,0.3645214734174966,0.5954207999408778,-0.014011216433052809,1.7588989933331807,4.935835268762377
58,4,2.438359326786465,1.1832828323046367,0.4524647887323944,0.34629297721424707,0.4524647887323944,0.3868280845248393,0.6142165167847804,-0.02105925055452129,1.8451001048088074,5.366871025827196
59,1,2.401090383529663,1.1763662662771013,0.48063380281690143,0.3514665261338498,0.48063380281690143,0.4037738430308841,0.5970079932323344,-0.0071246544429202086,1.8412564595540364,5.258779711193508
59,2,2.322065187825097,1.1800883478588529,0.4524647887323944,0.3404207351532217,0.4524647887323944,0.3849530446599474,0.589087797728475,0.00027425577428263903,1.7726102140214708,4.9866776201460095
59,3,2.3220822281307645,1.1914918687608507,0.44190140845070425,0.3192209537100919,0.44190140845070425,0.36978309990073954,0.6159506893651152,-0.012279695719106698,1.7710646589597066,4.960126174820794
59,4,2.439134544796414,1.18300461769104,0.4595070422535211,0.35295358313402425,0.4595070422535211,0.39261085889510927,0.590932290242241,-0.026018835443226696,1.8416743344730802,5.370104246669346
60,1,2.4148155715730457,1.1809175080723233,0.4630281690140845,0.3426843993161182,0.4630281690140845,0.3937846825782107,0.595796955977812,-0.01581871721290118,1.8496982720163133,5.293910993470086
60,2,2.3251192238595753,1.1787463691499498,0.4735915492957746,0.3520174868656383,0.4735915492957746,0.4025834023893126,0.6024931845387871,-0.0077723817509387505,1.7772700919045343,4.999989085727268
60,3,2.3218990564346313,1.210758666197459,0.43309859154929575,0.31444811196314015,0.43309859154929575,0.3619961382439555,0.5937903938249536,-0.007526092563872044,1.7573599086867437,4.914559827910529
60,4,2.438589486810896,1.1868099139796362,0.4665492957746479,0.34769658660233255,0.4665492957746479,0.3967243293055475,0.6026277265303657,-0.01205050172371136,1.839279486073388,5.359408325619167
61,1,2.411001510090298,1.188100708855523,0.46830985915492956,0.34787435245432136,0.46830985915492956,0.3989248766959972,0.6057636060700154,0.007693694669050344,1.842661201953888,5.264436430401272
61,2,2.33733293082979,1.192521293958028,0.44014084507042256,0.3297543901246121,0.44014084507042256,0.3749204782964234,0.6008285639986761,0.000299401350983608,1.7774971922238667,5.008560008472866
61,3,2.309091250101725,1.1981763641039531,0.44366197183098594,0.3151847003951139,0.44366197183098594,0.36828374171511946,0.6019216096603095,8.080993786352408e-05,1.7563398281733196,4.901225831773546
61,4,2.458004163371192,1.1776164372762044,0.45422535211267606,0.3597446996318333,0.45422535211267606,0.38986995347838593,0.6202936989072743,-0.01953142585762535,1.8538434240553114,5.44557539621989
62,1,2.4180747270584106,1.1790211995442708,0.45774647887323944,0.3324927216932882,0.45774647887323944,0.3830053883476756,0.6027927792800751,-0.02451861873739314,1.843332052230835,5.309199465645684
62,2,2.330350293053521,1.1796819766362507,0.4454225352112676,0.3319117229683441,0.4454225352112676,0.37887313754163504,0.6018194031555381,-0.016883210889076405,1.7827489574750264,5.015242920981513
62,3,2.3150967293315463,1.184936397605472,0.4524647887323944,0.34192703848778017,0.4524647887323944,0.3797025572511379,0.6179854652541147,-0.0199928960358573,1.757104264365302,4.952137324545118
62,4,2.4448476566208734,1.1696177191204495,0.4665492957746479,0.36525673649741586,0.4665492957746479,0.4006487897637542,0.6487932314794438,-0.005325027184951425,1.8530355758137174,5.420384022924635
63,1,2.395091454188029,1.1588345567385356,0.4894366197183099,0.35771754379487936,0.4894366197183099,0.4117565389793259,0.628370366149301,-0.01500272184216378,1.8407116068734064,5.279690702756246
63,2,2.3614436189333596,1.1890416675143771,0.43838028169014087,0.33085525451265696,0.43838028169014087,0.3742669161962434,0.5907681767612593,-0.005352862087462995,1.792535086472829,5.097047991222805
63,3,2.3100217382113137,1.2005064719253116,0.4295774647887324,0.3104263015906384,0.4295774647887324,0.3592049189547222,0.5923338999501112,-0.00890077257669164,1.7510818243026733,4.898890455563863
63,4,2.425235437022315,1.1730524202187855,0.4524647887323944,0.3381726868458385,0.4524647887323944,0.3854028424980538,0.6316156393133928,-0.014670833401354777,1.8384013970692952,5.346995658344692
64,1,2.396400491396586,1.1549346612559424,0.4859154929577465,0.36441075058981615,0.4859154929577465,0.4151108442050631,0.6235871620445067,-0.0025837118615379406,1.8452527986632452,5.293153948254055
64,2,2.337071802881029,1.1837685770458646,0.44366197183098594,0.3276503871351995,0.44366197183098594,0.3764561142156288,0.5855368656688952,-0.017378570556999984,1.7828439540333219,5.02811250421736
64,3,2.3020240002208285,1.1732231444782681,0.4841549295774648,0.35500552648007044,0.4841549295774648,0.40557671282222296,0.6203659968308258,-0.014994250181452395,1.7628678745693631,4.935892595185174
64,4,2.434631758266025,1.1771540244420369,0.448943661971831,0.34346570420062883,0.448943661971831,0.3833890746281588,0.6138804532318427,-0.021750923458321525,1.8485367960400052,5.368746320406596
65,1,2.3985910415649414,1.1565071841080983,0.47183098591549294,0.3564937918448689,0.47183098591549294,0.40398915230513516,0.6094837965252964,-0.012251313951936238,1.8479694326718648,5.296786374515957
65,2,2.3384687436951532,1.1766086949242487,0.43661971830985913,0.327239093987184,0.43661971830985913,0.37219718309859157,0.5996456643128492,-0.015078912159303348,1.7857750455538433,5.049475219514635
65,3,2.316290815671285,1.1986542741457622,0.4612676056338028,0.33617873104008666,0.4612676056338028,0.3865138113852416,0.6035949707066586,-0.026445287558735764,1.7587909632258945,4.924109220504761
65,4,2.42834915055169,1.1786711480882432,0.45598591549295775,0.3511957822886687,0.45598591549295775,0.3905972620600655,0.6082578357596471,-0.0039836128190338105,1.8386480742030673,5.344264414575365
66,1,2.402825242943234,1.1699375907580059,0.4735915492957746,0.346458262916241,0.4735915492957746,0.39945269081822204,0.6262125575449244,-0.0027936996931263725,1.839447365866767,5.279562936888801
66,2,2.3571565217441983,1.1905757387479146,0.4471830985915493,0.3393716125247962,0.4471830985915493,0.38094255668331434,0.586771161751156,-0.013434081579148494,1.7877178854412503,5.079178121354845
66,3,2.303538997968038,1.1829559670554266,0.4454225352112676,0.3275137211365693,0.4454225352112676,0.37360331275822145,0.6125005412524269,-0.018201512376684104,1.7546666661898296,4.918232560157776
66,4,2.4271210299597845,1.1633704569604661,0.4595070422535211,0.5534632379495676,0.4595070422535211,0.3963252757684434,0.6495463475718517,-0.008263415438666932,1.8461081120702956,5.3758722808625965
67,1,2.4026304417186313,1.1542618605825636,0.5,0.36823221181782184,0.5,0.4240917499200903,0.6235807503459088,-0.007626773318154312,1.8433880474832323,5.315490219328138
67,2,2.3537963098949857,1.175808721118503,0.45598591549295775,0.3450583634272613,0.45598591549295775,0.3884089257768836,0.5930673643318225,-0.022588539961274856,1.7989633944299486,5.102433880170186
67,3,2.300282312764062,1.1956010791990492,0.426056338028169,0.31026490977112675,0.426056338028169,0.3568391426370115,0.5995669994653808,-0.009506519790844825,1.755754166179233,4.877871553103129
67,4,2.435844302177429,1.1697911885049608,0.45422535211267606,0.3440386097680611,0.45422535211267606,0.3877806149652721,0.6130763122946006,-0.012658044560218018,1.845848302046458,5.389967931641473
68,1,2.4078020784589977,1.1700238320562575,0.4859154929577465,0.3636156842102873,0.4859154929577465,0.4150443146006119,0.6084818913614767,-0.0028278798812815253,1.8476746545897589,5.2959511280059814
68,2,2.3186599943372936,1.168582903014289,0.45598591549295775,0.34125490907174216,0.45598591549295775,0.38817127316429695,0.5981795005251855,-0.00606803045903237,1.780349526140425,5.002173026402791
68,3,2.3050027423434787,1.172865543100569,0.4665492957746479,0.3457195336610227,0.4665492957746479,0.39203095406379024,0.6114593004524094,-0.036200980680386685,1.7651969989140828,4.946656147638957
68,4,2.436197360356649,1.1620612144470215,0.45422535211267606,0.3544763552579847,0.45422535211267606,0.3879496662812697,0.634752596782177,-0.013896474919419921,1.8579063283072577,5.4091814623938665
69,1,2.4065867993566723,1.1513462795151606,0.4823943661971831,0.35926306885455944,0.4823943661971831,0.41131440955557413,0.6434372706063621,-0.013245648712217672,1.8555066188176472,5.335481153594123
69,2,2.320706751611498,1.1608595086468592,0.4735915492957746,0.3508914401904384,0.4735915492957746,0.4021315099596724,0.6020436690166799,-0.015127272386886492,1.7824745443132188,5.027016878128052
69,3,2.294946312904358,1.1784697307480707,0.4295774647887324,0.31800108646570047,0.4295774647887324,0.3607501470837924,0.6293824591059689,-0.02055362781039194,1.7536618245972528,4.900058256255256
69,4,2.4178259836302862,1.167083462079366,0.4471830985915493,0.3487153862674324,0.4471830985915493,0.38496681110993747,0.6388207370580821,-0.017443004274543927,1.8406071729130216,5.336225072542827
70,1,2.3756514522764416,1.1491378876898024,0.4859154929577465,0.3746929704775134,0.4859154929577465,0.41726855779191013,0.638684299713379,-0.0023813071046383527,1.8343711296717327,5.237516231007046
70,2,2.3164739277627735,1.1491391294532352,0.4735915492957746,0.3539668038653477,0.4735915492957746,0.40326104267402363,0.6321196340822115,0.0030309555245996433,1.7855427265167236,5.0402549372779
70,3,2.2986736562516956,1.1806830432679918,0.43838028169014087,0.3182534750989598,0.43838028169014087,0.367069487663793,0.6019629718682032,-0.02111253916515965,1.7535952263408237,4.907318194707234
70,4,2.4165299336115518,1.1624797019693587,0.4612676056338028,0.35904146141215104,0.4612676056338028,0.39336016096579474,0.6385291374118672,-0.005042668786360283,1.8384013772010803,5.3426469167073565
71,1,2.374511890941196,1.1343300408787198,0.4841549295774648,0.35816041353013184,0.4841549295774648,0.41168334891276565,0.6433292109119099,-0.01478552259339061,1.8362606631384955,5.268269273969862
71,2,2.323618312676748,1.176462988058726,0.4647887323943662,0.35822011716315594,0.4647887323943662,0.3961066780913618,0.6024131637069261,-0.01024475858636098,1.7776621712578669,5.000313891304864
71,3,2.303237590524885,1.1723221672905817,0.4630281690140845,0.34771816636496095,0.4630281690140845,0.3891467206864655,0.6278058071506816,-0.027715045798984095,1.7569916115866766,4.942040046056111
71,4,2.44047741095225,1.172420084476471,0.4471830985915493,0.32898080746114167,0.4471830985915493,0.3786502409598741,0.6085875120453379,-0.02698899190897408,1.8459681338734097,5.399277713563707
72,1,2.3797226349512735,1.1425977945327759,0.4753521126760563,0.3566213251732618,0.4753521126760563,0.40609062268346924,0.6256372846598988,-0.013192440183459553,1.8370637098948162,5.2663470771577625
72,2,2.32329832845264,1.1649208698007796,0.47007042253521125,0.3540676509920936,0.47007042253521125,0.4001965958076787,0.6139772872449808,-0.015537804658885213,1.7826357616318598,5.0261789030498925
72,3,2.289453771379259,1.1583975387944117,0.4647887323943662,0.3471099123812643,0.4647887323943662,0.3901744783152088,0.6279881258120252,-0.016614433676306106,1.7559669812520344,4.928584840562609
72,4,2.4221140676074557,1.1687812308470409,0.4630281690140845,0.3526720405688053,0.4630281690140845,0.3943766761172212,0.6184848844739719,-0.009954279619500461,1.8350552585389879,5.346557180086772
73,1,2.38565586010615,1.1500128375159369,0.477112676056338,0.35404544467901117,0.477112676056338,0.4061397367317733,0.618261950189038,-0.009689571737509839,1.840340793132782,5.268822722964817
73,2,2.3079051706526013,1.1565137174394395,0.45774647887323944,0.35007221285516,0.45774647887323944,0.3903184061634766,0.6068846913070158,-0.013751710083354851,1.7791426446702745,4.994485113355848
73,3,2.2704554398854575,1.1469956835110982,0.4841549295774648,0.35826972171217425,0.4841549295774648,0.40666276334138207,0.6511571388760988,-0.008672941798654854,1.7490422394540575,4.891861385769314
73,4,2.4316676126586065,1.1721258064111073,0.45598591549295775,0.3453705185659411,0.45598591549295775,0.38870709285654037,0.6207150484973067,-0.010383349615595838,1.8456026911735535,5.370598408910963
74,1,2.3729264073901706,1.129305299785402,0.47007042253521125,0.3557532954937668,0.47007042253521125,0.4025457605047252,0.6548043759692759,0.01090299954291063,1.8446029424667358,5.274708774354723
74,2,2.3249372906155057,1.1637824376424153,0.4630281690140845,0.35042214706884967,0.4630281690140845,0.39380149586728336,0.6031265734163597,-0.009842669107267055,1.7859671182102628,5.034298472934299
74,3,2.2863634957207575,1.1654632356431749,0.4823943661971831,0.3558687322585379,0.4823943661971831,0.4050931236405504,0.615398394778278,-0.014156837173275427,1.754090236292945,4.9017972813712225
74,4,2.430366469754113,1.1640841762224834,0.4630281690140845,0.3638841460350256,0.4630281690140845,0.39637085817542866,0.6269165153680383,-0.011692383493345782,1.8461988104714289,5.385024944941203
75,1,2.3870996369255915,1.1494620111253526,0.5017605633802817,0.3720351406652757,0.5017605633802817,0.42710232322726366,0.6404888431462477,0.013834409505025902,1.844253917535146,5.274920648998684
75,2,2.3309867315822177,1.1697012848324246,0.4876760563380282,0.3750230990804948,0.4876760563380282,0.41657912544569425,0.6120586222234731,-0.027194253910200583,1.7859606279267206,5.040652659204271
75,3,2.297376526726617,1.1646312475204468,0.47007042253521125,0.34078067482373514,0.47007042253521125,0.39337389452304883,0.6307493499734091,-0.031053746316834108,1.7674085166719224,4.940448668267992
75,4,2.4164117177327475,1.1423286100228627,0.5,0.38698475683824307,0.5,0.42807639122555785,0.6404033929582832,-0.007865552072830129,1.8553391098976135,5.3892720805274115
76,1,2.370269113116794,1.125904960764779,0.5,0.3757328058272384,0.5,0.4276467835562242,0.658628183730525,-0.035978482663059586,1.8414193193117778,5.273785326215956
76,2,2.319612701733907,1.1695144408278995,0.448943661971831,0.33764591940498034,0.448943661971831,0.3832805574584899,0.6044679326846125,-0.0006838842551157853,1.7769657373428345,5.003175179163615
76,3,2.28890323638916,1.162700030538771,0.4735915492957746,0.3466055912085415,0.4735915492957746,0.39683932161980484,0.637161518349878,-0.00119770534717345,1.7531641390588548,4.9167104959487915
76,4,2.4205411738819547,1.1543833480940924,0.4665492957746479,0.350174134611689,0.4665492957746479,0.39744775163753887,0.646542964206715,-0.006965606698278171,1.8479949235916138,5.374909321467082
77,1,2.3788672354486256,1.133445703321033,0.49295774647887325,0.3717628477801934,0.49295774647887325,0.4213949776615912,0.6521942115966247,-0.013104329821171712,1.8441315558221605,5.284850729836358
77,2,2.293037858274248,1.1416374577416315,0.4823943661971831,0.3733007193744125,0.4823943661971831,0.41068488246666773,0.6245163778078331,-0.0008922095723189472,1.7722884549034967,4.979638655980428
77,3,2.2958965566423206,1.1701509522067175,0.4647887323943662,0.335746416576415,0.4647887323943662,0.38879037315297127,0.624551138535983,-0.01265914662720613,1.7592480778694153,4.922636138068305
77,4,2.4148041208585105,1.1432419154379103,0.4841549295774648,0.3909387977815938,0.4841549295774648,0.4141092622177635,0.6504655692903547,-0.0131285390451239,1.8434831433826022,5.381782465510899
78,1,2.3851656251483493,1.132740510834588,0.4788732394366197,0.35521867377069666,0.4788732394366197,0.4076608654746873,0.6489844019935755,-0.0157430938253329,1.8469473587142096,5.3074907594256935
78,2,2.3265937434302435,1.1684798863199022,0.47183098591549294,0.36041277165448055,0.47183098591549294,0.40241963412230974,0.6255027361616212,-0.009751916107093361,1.7812799016634624,5.028859191470676
78,3,2.270627405908373,1.143450250228246,0.49119718309859156,0.35539110403094765,0.49119718309859156,0.41085376923576855,0.6432444031097263,-0.009244212021039866,1.7560816142294142,4.90070739057329
78,4,2.4256994790501065,1.1551065180036757,0.4647887323943662,0.37024474608940944,0.4647887323943662,0.3992229237493929,0.6331682138666777,-0.016333486416804766,1.844234950012631,5.390416238043043
79,1,2.394768085744646,1.1380844414234161,0.4982394366197183,0.38030617449118753,0.4982394366197183,0.4274678336592051,0.6431968480461635,-0.024955355229593135,1.8502831127908494,5.327029705047607
79,2,2.3292169902059765,1.1557588345474668,0.4859154929577465,0.37004659167413473,0.4859154929577465,0.41406902751253283,0.6177168955623903,-0.028051390504441942,1.7830398281415303,5.067285908593072
79,3,2.283489942550659,1.1555041505230799,0.477112676056338,0.36020230177360457,0.477112676056338,0.4013403500428259,0.6474318196900337,-0.020042791529405246,1.7532878716786702,4.915456732114156
79,4,2.4344694746865168,1.162463025914298,0.4665492957746479,0.35597601758878633,0.4665492957746479,0.39945039498467855,0.6315896560498686,-0.014275584876764835,1.8515992164611816,5.402484231524998
80,1,2.3687131139967175,1.125394496652815,0.4823943661971831,0.36771879922313466,0.4823943661971831,0.41382924841259994,0.6473757418663907,-0.008888053965974585,1.8400892284181383,5.269789748721653
80,2,2.299872921572791,1.1473818355136447,0.46830985915492956,0.36348042905961847,0.46830985915492956,0.3998506791727006,0.6154575844000454,-0.011026477123460499,1.7721158464749653,4.989018665419684
80,3,2.278761214680142,1.1551075312826369,0.4665492957746479,0.3386226648843918,0.4665492957746479,0.3909603523138391,0.6255146143804773,0.0025059900498116683,1.7538222604327731,4.900619559817844
80,4,2.4235341217782764,1.1569354203012254,0.4595070422535211,0.37577836085386424,0.4595070422535211,0.3946322447118725,0.6399565510522222,-0.02132774753981903,1.8470754027366638,5.378930926322937
81,1,2.38164488474528,1.1305895513958402,0.4753521126760563,0.3611230144976246,0.4753521126760563,0.4080883378060287,0.6595843694460839,-0.015278783471757151,1.8492844237221613,5.300773964987861
81,2,2.3021470374531217,1.1431676977210574,0.4823943661971831,0.36546931151527345,0.4823943661971831,0.41179757886159934,0.6314335450344922,-0.014004099733553321,1.7804501454035442,5.006431897481282
81,3,2.2790612048572965,1.1393207013607025,0.48063380281690143,0.3585421844794256,0.48063380281690143,0.40400426752345064,0.6385502046172726,-0.029618164517023704,1.761365122265286,4.938455528683132
81,4,2.3832837608125477,1.1129773722754583,0.5140845070422535,0.4017729708513633,0.5140845070422535,0.43998552323055345,0.6603376687746256,-0.0046506270562751695,1.839705487092336,5.34733181529575
82,1,2.3622239496972828,1.1223860383033752,0.4982394366197183,0.3762736493588396,0.4982394366197183,0.4260207074066576,0.6461367298587903,-0.0006530728523723717,1.8409109049373202,5.255178954866198
82,2,2.322478108935886,1.1565176381005182,0.4823943661971831,0.3696104540647849,0.4823943661971831,0.4107804694539849,0.6312779328661167,-0.021896790965934,1.7862755126423306,5.0430523422029285
82,3,2.28265028529697,1.156102975209554,0.4823943661971831,0.3681101086124352,0.4823943661971831,0.4055689622969887,0.6428782597202466,0.001089460230868089,1.7556824419233534,4.9112604591581555
82,4,2.402578009499444,1.134595685535007,0.477112676056338,0.36785265498429287,0.477112676056338,0.4098685922951521,0.6597425318845043,-0.025919063789056063,1.839870121743944,5.361203326119317
83,1,2.378262003262838,1.12236707078086,0.4841549295774648,0.3619409583095308,0.4841549295774648,0.413303278243643,0.6667867248984555,-0.017932072454185377,1.8522558079825506,5.3086833291583595
83,2,2.296798845132192,1.1503653327624004,0.4823943661971831,0.37815961057725594,0.4823943661971831,0.4132958801498128,0.6468338840279122,-0.0029020905312948653,1.7713497943348355,4.971810314390394
83,3,2.28661224577162,1.1520814299583435,0.4612676056338028,0.3381041346532075,0.4612676056338028,0.38735761983263,0.6475940287019285,-0.009440156152077828,1.7607399092780218,4.933850632773505
83,4,2.41483074426651,1.1431795954704285,0.4859154929577465,0.4069846323725999,0.4859154929577465,0.4163274226065002,0.6539450177162074,-0.004092501641429935,1.8404455052481756,5.3820166322920056
84,1,2.3826607200834484,1.1323429312970903,0.477112676056338,0.3527058261044134,0.477112676056338,0.4055596692222659,0.64604822732732,-0.025259757220785328,1.8497245576646593,5.300068736076355
84,2,2.2997330029805503,1.1348546081119113,0.4823943661971831,0.3687599946979997,0.4823943661971831,0.4121609089213377,0.6416197361132692,-0.019190629623698552,1.7840663724475436,5.017782357003954
84,3,2.270534574985504,1.1273309455977545,0.49295774647887325,0.36950537643690456,0.49295774647887325,0.4140705477805586,0.6614397412229683,0.003284606640770571,1.7557144231266446,4.938009685940212
84,4,2.405368559890323,1.1481437120172713,0.4788732394366197,0.3645116132902894,0.4788732394366197,0.4089956928995862,0.6361679390869734,-0.016450685625957417,1.8388085696432326,5.338892963197496
85,1,2.3594407439231873,1.1213077505429585,0.4894366197183099,0.38489343916938307,0.4894366197183099,0.4224988728564689,0.6469233433489849,-0.007519549461887154,1.838149905204773,5.24841750992669
85,2,2.3034588098526,1.1227827105257246,0.5070422535211268,0.39835055263661384,0.5070422535211268,0.4347004869170898,0.6437501348549881,-0.01902920956272136,1.7881709999508328,5.058369623290168
85,3,2.2748787734243603,1.1467229061656528,0.4665492957746479,0.3459933903594522,0.4665492957746479,0.3917096327967807,0.6324964901856256,-0.0002828273795014713,1.7559649613168504,4.907242364353603
85,4,2.414328780439165,1.1294859316613939,0.49119718309859156,0.400606599037656,0.49119718309859156,0.4236765486258147,0.6505823830961408,-0.008452084361217027,1.848907748858134,5.412295156055027
86,1,2.349760545624627,1.1160210536585913,0.5158450704225352,0.3830518232669381,0.5158450704225352,0.4393288377803744,0.6619827246304155,-0.002921159677985896,1.8327425916989644,5.228485849168566
86,2,2.3033708466423883,1.1497391098075442,0.4665492957746479,0.370298551874628,0.4665492957746479,0.4005540523029984,0.6358612600393339,-0.01046871679246375,1.7764078047540452,4.995178050465054
86,3,2.277382128768497,1.1552906764878168,0.46830985915492956,0.35336168386465583,0.46830985915492956,0.39425159717177416,0.6429879510718046,-0.012243176350614338,1.7512592209710016,4.895595245891148
86,4,2.399114443196191,1.1363701853487227,0.4841549295774648,0.3710729697408081,0.4841549295774648,0.4139022087134386,0.6494146324271656,0.0001234351172646475,1.8402293390697904,5.345517489645216
87,1,2.360868361261156,1.120179249180688,0.4753521126760563,0.3607150171723855,0.4753521126760563,0.40781867448168707,0.6607553011703564,0.0031788406432526894,1.8393213351567586,5.255809479289585
87,2,2.293599122100406,1.1300634344418843,0.4859154929577465,0.37490214192266264,0.4859154929577465,0.41481385825741035,0.6363010253169812,-0.010415963669624606,1.778664489587148,5.008515622880724
87,3,2.2777258886231317,1.1521968245506287,0.46830985915492956,0.3475972579543307,0.46830985915492956,0.3924885828450836,0.6332054481459716,-0.011395697571998653,1.758030613263448,4.903960241211785
87,4,2.394697063499027,1.1227550672160254,0.47183098591549294,0.373779869620198,0.47183098591549294,0.4055716393887204,0.6634716332070183,-0.002937270762954025,1.8407176335652669,5.362561583518982
88,1,2.3581890993648105,1.1225925253497229,0.5105633802816901,0.40879924992701133,0.5105633802816901,0.43811102904275323,0.6546555406457488,-0.0016981742300989922,1.8359286321534052,5.241247600979275
88,2,2.2903452250692578,1.124141405026118,0.49295774647887325,0.3715900304041982,0.49295774647887325,0.4204273646505988,0.6430282988891167,-0.013006400683296393,1.7816853059662714,5.011487272050646
88,3,2.259500503540039,1.1224592592981126,0.4876760563380282,0.3637213361167431,0.4876760563380282,0.40967818225832914,0.6543774501386389,-0.014664840440065108,1.752237531873915,4.912596556875441
88,4,2.4133823050393,1.1292324860890706,0.477112676056338,0.3884681978877718,0.477112676056338,0.4121087443663269,0.6590229463664208,-0.020656542650300702,1.8494255145390828,5.4097317059834795
89,1,2.39782887034946,1.1351930896441143,0.4982394366197183,0.3755040836793345,0.4982394366197183,0.42586478567773894,0.6511240956677544,-0.034383642747020104,1.8642816543579102,5.343978921572368
89,2,2.2801329824659557,1.119233591689004,0.49295774647887325,0.38985263073032217,0.49295774647887325,0.4220517351235361,0.6578145699467047,-0.01811929301447024,1.7741219003995259,4.988898118336995
89,3,2.281432820691003,1.1459610594643488,0.48063380281690143,0.3662023350531495,0.48063380281690143,0.4050234640993232,0.6426199787176441,-0.01827881075906057,1.7579896185133193,4.930866691801283
89,4,2.4169728755950928,1.1308244897259607,0.47183098591549294,0.36154161036230925,0.47183098591549294,0.4033095869368086,0.6629928040987327,-0.02685933181284672,1.8505470752716064,5.417985532018873
90,1,2.381312456395891,1.1222659216986761,0.4894366197183099,0.38081528386002284,0.4894366197183099,0.4209469583458196,0.6507279385561391,-0.005456055264103865,1.8506505555576749,5.319087584813436
90,2,2.2962328924073114,1.1333558824327257,0.4647887323943662,0.35771774045238347,0.4647887323943662,0.39816466478313545,0.6450325124692324,-0.006854864006669015,1.778591341442532,5.009612441062927
90,3,2.2612063023779125,1.1283353964487712,0.4982394366197183,0.36876483249827174,0.4982394366197183,0.4174600020541729,0.6510841108828864,-0.009871070900656864,1.758206499947442,4.904571599430508
90,4,2.4049933420287237,1.1261034276750352,0.4823943661971831,0.37509104812661964,0.4823943661971831,0.41210207592377185,0.6511898288374681,-0.022380043038578323,1.854536281691657,5.389069570435418
91,1,2.4025352597236633,1.116623408264584,0.5140845070422535,0.3978768017140109,0.5140845070422535,0.4414122898478722,0.6618743695514145,-0.029074712602723984,1.8683396776517232,5.402996129459805
91,2,2.312428971131643,1.1294761167632208,0.4859154929577465,0.37882340739841347,0.4859154929577465,0.4175676072753197,0.6614349674659004,-0.013634526820609949,1.7881870733367071,5.07265219423506
91,3,2.2743331922425165,1.1237102581395044,0.5035211267605634,0.38968831235838725,0.5035211267605634,0.42505198631923596,0.6669887210237375,-0.012030746296412653,1.7599838839636908,4.95911983648936
91,4,2.390489492151472,1.1114129887686834,0.5,0.39371964545896065,0.5,0.4294092092937918,0.6651995587350863,-0.015200183879253704,1.84714717997445,5.375001139110989
92,1,2.3719444738494024,1.1066672669516668,0.5123239436619719,0.4013923257194457,0.5123239436619719,0.44081785197857215,0.6530494551977652,-0.011963407787357827,1.8481532732645671,5.324257797665066
92,2,2.289735654989878,1.1292799711227417,0.4982394366197183,0.3903178548979656,0.4982394366197183,0.4269619936916399,0.6518378689364523,-0.017287482392574827,1.776294469833374,4.997465531031291
92,3,2.262649569246504,1.110625985595915,0.5017605633802817,0.3754229184383315,0.5017605633802817,0.42236881976568713,0.668045780464527,-0.019625219413943018,1.7591760092311435,4.950704375902812
92,4,2.3864112628830805,1.1183784008026123,0.49471830985915494,0.39248277080432814,0.49471830985915494,0.424195544627189,0.6671276598571897,-0.015631712621933636,1.838680002424452,5.345154431131151
93,1,2.369822276963128,1.121889356109831,0.5088028169014085,0.39168063430166095,0.5088028169014085,0.43610818821064995,0.6459595928937224,-0.008570632643359888,1.8452630837758381,5.281665576828851
93,2,2.282755004035102,1.1246449285083346,0.4788732394366197,0.3740972360324739,0.4788732394366197,0.41018217409870733,0.6451499673257843,-0.005105452597009563,1.7745736638704936,4.985011657079061
93,3,2.27127523554696,1.1507296462853749,0.4823943661971831,0.3625733324364793,0.4823943661971831,0.4064759076500071,0.6543359513997241,-0.002159834540422567,1.7474270926581488,4.885881450441149
93,4,2.4151023162735834,1.1253126396073236,0.4841549295774648,0.39039897495694026,0.4841549295774648,0.4165210667219864,0.6716459929746744,-0.013054861451383237,1.8561698330773249,5.424611475732592
94,1,2.362354060014089,1.097183518939548,0.5140845070422535,0.39047521447962785,0.5140845070422535,0.4407872568646659,0.6636563916470746,-0.022626381579425425,1.8489605519506667,5.314418408605787
94,2,2.2930681573020086,1.1133225957552593,0.5105633802816901,0.3884268632212765,0.5105633802816901,0.4355609106235374,0.6600327376365982,-0.013125113196457372,1.787382139099969,5.045807600021362
94,3,2.236737516191271,1.0968063241905637,0.49119718309859156,0.3735104774405092,0.49119718309859156,0.41516548114592944,0.6730480875763613,-0.013801327909653827,1.749755236837599,4.896577000617981
94,4,2.4021013246642218,1.1102753976980846,0.4982394366197183,0.3995652684207759,0.4982394366197183,0.4272507042725801,0.667971997596162,0.00455946538819052,1.851926777097914,5.4163616100947065
95,1,2.3733904560407004,1.103262484073639,0.5158450704225352,0.38686958712163877,0.5158450704225352,0.44086217775635217,0.6826020020379163,-0.01625564212672903,1.8570863405863445,5.337022172080146
95,2,2.299552904234992,1.109413229756885,0.49295774647887325,0.3860704362227789,0.49295774647887325,0.4231145831016353,0.6690599136110276,-0.03753166304328093,1.7925846179326375,5.076545357704163
95,3,2.257491966088613,1.1220525768068101,0.4823943661971831,0.36573880097262956,0.4823943661971831,0.40457568091996987,0.6676408926928572,-0.009875071394421564,1.7572884162267048,4.906850298245748
95,4,2.394333389070299,1.1030094391769834,0.5,0.38630590542192705,0.5,0.42784856511164066,0.6766014311531412,-0.010858337468221624,1.8601238926251729,5.407422449853685
96,1,2.3411233358912997,1.1056823531786601,0.5193661971830986,0.396159650208946,0.5193661971830986,0.4455666246803313,0.6784273629054326,-0.01109632582784248,1.832153194480472,5.223818818728129
96,2,2.2988780074649386,1.1307764318254259,0.4665492957746479,0.3629988262910798,0.4665492957746479,0.3995923376782187,0.652508471088947,-0.007612353397163263,1.7854210800594754,5.0244481563568115
96,3,2.279441840118832,1.1258642276128132,0.4788732394366197,0.5859986605876184,0.4788732394366197,0.4047965292059805,0.664739925745243,-0.010517274670768018,1.7657180693414476,4.9711227549446955
96,4,2.380198107825385,1.1101912326282926,0.49295774647887325,0.4782101655048851,0.49295774647887325,0.42497766339578696,0.6741458505087955,-0.009825253388618949,1.8386994202931721,5.34354731771681
97,1,2.352542301019033,1.0971797572241888,0.528169014084507,0.4188430583501006,0.528169014084507,0.45611904987582075,0.6740913019320471,-0.011880796693175766,1.8379032810529072,5.2817213667763605
97,2,2.25628254810969,1.0994422833124797,0.5,0.3816030798719726,0.5,0.42775255868447354,0.6681961991023113,0.0018541802059995893,1.7684653004010518,4.955576366848415
97,3,2.255654056866964,1.106634686390559,0.5070422535211268,0.389510172527587,0.5070422535211268,0.4261819980055073,0.6598916954760864,-0.03415945287132871,1.7549403177367315,4.936699019538032
97,4,2.3749898870786033,1.0998087426026661,0.5264084507042254,0.4200412105661492,0.5264084507042254,0.45131570352209777,0.6803260946928743,-0.002697745117698158,1.8405952056248982,5.35041246149275
98,1,2.335597515106201,1.0966525971889496,0.5211267605633803,0.3962369948973609,0.5211267605633803,0.44639401064639805,0.6746629594114155,0.005065061114768343,1.8304995033476088,5.2264686955346
98,2,2.2970835897657604,1.1065914399094052,0.4753521126760563,0.36969575363164325,0.4753521126760563,0.40747921077664245,0.6656168637483482,-0.004266451687515271,1.7911755641301472,5.074898388650682
98,3,2.2474263774024115,1.1070094174808927,0.4964788732394366,0.3836121568118388,0.4964788732394366,0.4177909235290696,0.6486159609119059,-0.022090667492157046,1.7540568775600858,4.908399184544881
98,4,2.4074320925606623,1.1177440583705902,0.48063380281690143,0.45256579532218394,0.48063380281690143,0.42583803474441423,0.6721049325124131,-0.01287029726205291,1.8460288842519124,5.416704098383586
99,1,2.3622340427504644,1.1053443617290921,0.5123239436619719,0.3880405573111125,0.5123239436619719,0.43842137331028425,0.6695703831469602,-0.022486744745157994,1.8463218013445537,5.294976512591044
99,2,2.29134064912796,1.1085617740948994,0.49295774647887325,0.389346300242848,0.49295774647887325,0.42085212363043734,0.6664041210901964,-0.01685552968559012,1.788658685154385,5.051157885127598
99,3,2.2528695662816367,1.1033638152811263,0.4894366197183099,0.3842629705723838,0.4894366197183099,0.413428341893572,0.6689717566704861,-0.02138723502204276,1.7595152921146817,4.935049547089471
99,4,2.3807045420010886,1.0977212455537584,0.5,0.43725493989578496,0.5,0.43265059754422125,0.6716093723856834,-0.007660729664278332,1.843243830733829,5.37433213657803
100,1,2.3437185751067267,1.0843804412417941,0.5052816901408451,0.41956974314220197,0.5052816901408451,0.4390341235439884,0.6867207553725184,-0.003835840584925032,1.8445370992024739,5.2821742163764105
100,2,2.272942907280392,1.099756230910619,0.5211267605633803,0.4173000085822995,0.5211267605633803,0.44911571702944947,0.6750987040665232,-0.018617816934873632,1.7781609296798706,5.010378347502814
100,3,2.220751722653707,1.0890502962801192,0.5017605633802817,0.4290928440646174,0.5017605633802817,0.43156488635147083,0.6851482002412185,0.006918823005293673,1.744902445210351,4.861388127009074
100,4,2.395866188738081,1.1208512981732686,0.4894366197183099,0.4720835407455126,0.4894366197183099,0.42379302524549006,0.6623100010351134,0.0014849307310818016,1.845430811246236,5.370900776651171
101,1,2.346887217627631,1.0802566375997331,0.522887323943662,0.5928064780815943,0.522887323943662,0.4563951545128569,0.6891783325622229,-0.01949692685045723,1.8516562249925401,5.302358468373616
101,2,2.2914878527323403,1.1057792968220181,0.48063380281690143,0.4662839823411689,0.48063380281690143,0.41517548365870205,0.6675315553149663,-0.014700348942335406,1.7884641488393147,5.058140953381856
101,3,2.246039754814572,1.1036784549554188,0.5,0.38674357776470447,0.5,0.4216346809671589,0.6785730802825427,-0.0015842786310373835,1.760620329115126,4.911549356248644
101,4,2.3594238029585943,1.0797224111027188,0.5088028169014085,0.5149965178371475,0.5088028169014085,0.44133297135258925,0.7071657328673624,-0.00813434667988977,1.8408452272415161,5.3453934457567005
102,1,2.3507128159205117,1.0990220771895514,0.4964788732394366,0.3864778949007129,0.4964788732394366,0.42793901613843255,0.6748040140296051,-0.00895118152570662,1.8389844695727031,5.271324343151516
102,2,2.301041927602556,1.0978872974713643,0.5193661971830986,0.5355521197059894,0.5193661971830986,0.449699322328946,0.6911038824504412,-0.027595614508086674,1.7949358224868774,5.108402517106798
102,3,2.25392312473721,1.115697420305676,0.49471830985915494,0.4931312006979157,0.49471830985915494,0.4189222733643805,0.6765675370385963,0.006317986642464524,1.76016280386183,4.909782965977986
102,4,2.397936019632551,1.0844272871812184,0.5105633802816901,0.4970048799584839,0.5105633802816901,0.44966324549489545,0.7004982098117424,-0.026577830549851855,1.8590276373757257,5.462789641486274
103,1,2.351024958822462,1.0862595505184598,0.5352112676056338,0.47192950609583917,0.5352112676056338,0.470323650236119,0.687773392716589,-0.0155860034782489,1.8500780529446073,5.302144077089098
103,2,2.2807689838939242,1.1021199458175235,0.5123239436619719,0.4960435586979553,0.5123239436619719,0.4410047497485163,0.6755715501246871,-0.011363795105482799,1.781975057390001,5.030949950218201
103,3,2.2250657412740917,1.0781157778369055,0.49471830985915494,0.4663012241324094,0.49471830985915494,0.424191298373088,0.6997333102427901,-0.017794515083208173,1.7520341939396329,4.90128223101298
103,4,2.3924995528327093,1.1077099177572463,0.5035211267605634,0.49869243840845595,0.5035211267605634,0.43574508982888155,0.6823058806757635,-0.007522744829310479,1.8433447347746954,5.390341732237074
104,1,2.3415941331121655,1.0790048506524827,0.5158450704225352,0.46368569875133153,0.5158450704225352,0.4548532339278864,0.6870664376077277,-0.010954017726145793,1.8462705281045702,5.2876356442769366
104,2,2.2664804922209845,1.0940881305270724,0.5246478873239436,0.4028927948164582,0.5246478873239436,0.4483036045564759,0.6815432944547097,-0.003572962824546222,1.7776343888706632,5.0020624664094715
104,3,2.229357679684957,1.0893829961617787,0.49471830985915494,0.4861341244707886,0.49471830985915494,0.4225146721633133,0.6804103871797902,0.006772612486243945,1.754589471552107,4.8892984125349255
104,4,2.351251734627618,1.072523809141583,0.5211267605633803,0.5261751685921066,0.5211267605633803,0.45615235582095565,0.7111176324710741,-0.0008739256880696544,1.8381430043114557,5.334949996736315
105,1,2.346008214685652,1.0873746110333338,0.5017605633802817,0.47714926866101315,0.5017605633802817,0.4407810842302094,0.688442082847194,-0.021134008876413368,1.8465762734413147,5.282819814152187
105,2,2.2519957423210144,1.0636576811472576,0.5158450704225352,0.47550005917860105,0.5158450704225352,0.4592693426612826,0.691798667246076,-0.0005415947502391827,1.7862304713990953,5.024784326553345
105,3,2.2150053911738925,1.0732649664084117,0.5017605633802817,0.4322710803689065,0.5017605633802817,0.43001208817752073,0.6963646542527551,-0.004010780360754973,1.7464097340901692,4.8790662156211
105,4,2.3841040333112082,1.1047701736291249,0.4894366197183099,0.43450544306300226,0.4894366197183099,0.4298773044034476,0.6848667451792716,-0.01825673071499545,1.8406495319472418,5.369216163953145
106,1,2.33742837773429,1.0835461715857189,0.5211267605633803,0.49368996813157423,0.5211267605633803,0.46172287956864533,0.6927791693441534,0.0029060127576227,1.839718182881673,5.2631531953811646
106,2,2.2624568740526834,1.0892334249284532,0.5105633802816901,0.496327186281531,0.5105633802816901,0.44014029346286604,0.6645887720426437,-0.005706004734344905,1.7769208881590102,4.999978131718105
106,3,2.2323912183443704,1.0987351106272802,0.5035211267605634,0.38187646055706437,0.5035211267605634,0.426520309069026,0.6877790441006549,-0.007925940068074011,1.7525364359219868,4.8775886164771185
106,4,2.384825997882419,1.09296449025472,0.5070422535211268,0.4590838861175757,0.5070422535211268,0.455057960053465,0.6689100721193992,-0.013606702547658278,1.8539213140805562,5.399169445037842
107,1,2.3588450815942554,1.0795767075485654,0.5422535211267606,0.6173001617069835,0.5422535211267606,0.47615832193795443,0.690181508701543,-0.02369983338215298,1.852536227968004,5.343804399172465
107,2,2.2800923387209573,1.0950515402687921,0.5070422535211268,0.4869815018280578,0.5070422535211268,0.43458612370932115,0.6735430394416693,-0.0069393038690130915,1.7855124937163458,5.045187499788073
107,3,2.226331134637197,1.0871005290084415,0.522887323943662,0.47828210736871163,0.522887323943662,0.4583988096144357,0.6903276919871798,-0.0059044157339696035,1.7500259743796454,4.884535723262363
107,4,2.368741399712033,1.0797943704658084,0.5140845070422535,0.4974235248836749,0.5140845070422535,0.44927501060949876,0.7044509562766123,-0.013897256477328312,1.8468128508991666,5.37628432114919
108,1,2.3092207577493458,1.0426194700929854,0.5580985915492958,0.5605120147654093,0.5580985915492958,0.48876631747973887,0.7139267320982537,-0.01641921069191077,1.8399077256520588,5.264623522758484
108,2,2.2809795472357006,1.1102005508210924,0.522887323943662,0.45929159860861385,0.522887323943662,0.46191312311529026,0.6753924581091246,-0.006637772572750222,1.7763244178560045,5.0127970642513695
108,3,2.242535564634535,1.0818952255778842,0.5088028169014085,0.45424629234812575,0.5088028169014085,0.43921511250762485,0.7031041641503601,-0.01388069217951049,1.7590101030137804,4.950696216689216
108,4,2.365936497847239,1.0772162576516469,0.5052816901408451,0.48129321019708715,0.5052816901408451,0.45846746598020816,0.6971767234704631,-0.008927298108194037,1.8421214355362787,5.372950183020698
109,1,2.3327634069654675,1.044668373134401,0.5316901408450704,0.5453872757551325,0.5316901408450704,0.4638505102365308,0.7245284292351055,-0.022495379548151062,1.8516767356130812,5.338318361176385
109,2,2.2627546853489346,1.0943716963132222,0.5140845070422535,0.4680539311352009,0.5140845070422535,0.45096522775754655,0.673974874623952,0.011743578877366212,1.7756802241007488,4.988981498612298
109,3,2.245085252655877,1.0853680736488767,0.5140845070422535,0.46960280697455586,0.5140845070422535,0.4552172085844799,0.6942508521794697,-0.029097253018018243,1.7589363720681932,4.951091792848375
109,4,2.3607232636875577,1.073040160867903,0.5017605633802817,0.49471622264708587,0.5017605633802817,0.45443400226386843,0.6939645477729133,-0.0007509425518426038,1.8439879417419434,5.365316934055752
110,1,2.332102166281806,1.0571660929256015,0.5246478873239436,0.4660701500953539,0.5246478873239436,0.462070380404419,0.7003115881538083,-0.02723515827985601,1.8457698225975037,5.306952794392903
110,2,2.2936125728819103,1.106033679511812,0.4894366197183099,0.47307135760371294,0.4894366197183099,0.4359139285058569,0.6705385863523784,-0.020662057314695836,1.7914949191941156,5.064629872639974
110,3,2.249446153640747,1.095645351542367,0.5052816901408451,0.4644859862702809,0.5052816901408451,0.44718341532818584,0.6812638519696597,-0.01173817195812532,1.7596352696418762,4.941647821002537
110,4,2.366724795765347,1.0840758317046695,0.5,0.4703380380807009,0.5,0.45631300165471295,0.6906781926463341,-0.013267407690072286,1.8412294785181682,5.35957219865587
111,1,2.3422682020399304,1.063900563451979,0.5369718309859155,0.4995241099276776,0.5369718309859155,0.47540492983538013,0.7117548978560763,-0.0246502155305921,1.8493453462918599,5.325125760502285
111,2,2.269849889808231,1.0967417293124728,0.5070422535211268,0.47051417167973364,0.5070422535211268,0.44941980019815453,0.674939157033267,-0.005283026545119807,1.7750918534066942,5.00710211859809
111,3,2.225688682662116,1.0823615954981909,0.5140845070422535,0.5134601719166675,0.5140845070422535,0.455431297511567,0.6963539339262932,-0.019215549790881692,1.7504361470540364,4.893451730410258
111,4,2.381003816922506,1.0783245431052313,0.5105633802816901,0.49604423540561393,0.5105633802816901,0.46391075489044026,0.7104704295903602,-0.019562354124811998,1.852555751800537,5.420588400628832
112,1,2.3532325559192233,1.0912004311879475,0.4982394366197183,0.4429027306650521,0.4982394366197183,0.4477861049108676,0.684544448513251,-0.02063997394308359,1.8442349897490606,5.297973990440369
112,2,2.279309802585178,1.0865960088041093,0.5088028169014085,0.49555398992300825,0.5088028169014085,0.4478067830087845,0.6929396963271239,-0.022216220603242576,1.7925245960553486,5.062308430671692
112,3,2.2449651095602245,1.095126552714242,0.49471830985915494,0.4734460222829007,0.49471830985915494,0.4496253939580272,0.6868952817686506,-0.0003055675015350978,1.754829188187917,4.927921533584595
112,4,2.377941244178348,1.0786143607563443,0.5316901408450704,0.49692191413000075,0.5316901408450704,0.49104960894650307,0.7037616662112618,-0.0089105741281994,1.8490002089076572,5.409703705045912
113,1,2.326933695210351,1.07045097483529,0.5422535211267606,0.4908973392810614,0.5422535211267606,0.48343094135126524,0.7065476327313188,-0.0028638927463746633,1.8403644296858046,5.258726557095845
113,2,2.2292085687319436,1.0458282828330994,0.5387323943661971,0.529011621457486,0.5387323943661971,0.4765688844633108,0.7119734665330768,-0.017452352600145993,1.7741771737734477,4.990429176224603
113,3,2.23199599981308,1.0958976050217946,0.5,0.4485118085683859,0.5,0.445949792444553,0.7063267738652496,-0.010872714161959118,1.7518159283532038,4.88289209206899
113,4,2.3748287094963922,1.085999114645852,0.5017605633802817,0.47828714803121425,0.5017605633802817,0.46503847479813626,0.7044389020669789,-6.672415281405719e-06,1.8449645439783733,5.382097615136041
114,1,2.33886898888482,1.0635484357674916,0.5316901408450704,0.4806397577074148,0.5316901408450704,0.4846931158851378,0.7009608766441272,-0.017109973832889702,1.8509272403187222,5.31461681260003
114,2,2.2753525376319885,1.0599613885084789,0.5264084507042254,0.49373688588431697,0.5264084507042254,0.4681936197432385,0.7037502676200534,-0.025961304588573375,1.8003276122940912,5.11126512951321
114,3,2.2286004755232067,1.0731152196725209,0.522887323943662,0.4770261182601439,0.522887323943662,0.45890245523181494,0.7090843156158712,-0.013644155797615465,1.7531416482395596,4.9247325791252985
114,4,2.361420280403561,1.082396023803287,0.5211267605633803,0.5030355661226705,0.5211267605633803,0.4810002722006228,0.6983461510135157,-0.00011609169306070477,1.8405885696411133,5.345810055732727
115,1,2.3342019187079535,1.078952305846744,0.5140845070422535,0.47083703659727777,0.5140845070422535,0.46433441516150153,0.688638696746004,-0.0029291439776193418,1.8402424785825942,5.263117498821682
115,2,2.24793631500668,1.073108070426517,0.5176056338028169,0.5217539715700203,0.5176056338028169,0.4548706321677094,0.7124583286230236,-0.006658911087483066,1.7750605079862807,4.98920206228892
115,3,2.235501401954227,1.0903531114260356,0.5070422535211268,0.4596071873001434,0.5070422535211268,0.4511238523170659,0.6977438640294282,-0.012046188393548318,1.7544209493531122,4.907513909869724
115,4,2.34558586941825,1.059791300031874,0.5352112676056338,0.49981551174591765,0.5352112676056338,0.5051176562310404,0.7206079606109828,-0.01020181144846366,1.8415227863523695,5.34577300813463
116,1,2.3319483266936407,1.071124600039588,0.5387323943661971,0.468000081043499,0.5387323943661971,0.4835277691188009,0.6932083016773241,-0.0035394997621194246,1.8407346937391493,5.273870203230116
116,2,2.242383857568105,1.06255332297749,0.5422535211267606,0.5083415470299273,0.5422535211267606,0.477149819799478,0.7036543417166463,-0.019971401015878465,1.778255773915185,4.995321618186103
116,3,2.2022675474484763,1.047625203927358,0.5246478873239436,0.48536402795340144,0.5246478873239436,0.47027179648748924,0.7067020252063045,-0.019023478189494902,1.750360409418742,4.8964329030778675
116,4,2.368318412039015,1.0738625129063923,0.5299295774647887,0.5124632678651384,0.5299295774647887,0.4916401344508289,0.7029895227641162,-0.006259610869066234,1.8403138253423903,5.388715280426873
117,1,2.3201197849379644,1.0407693021827273,0.5598591549295775,0.503874529226642,0.5598591549295775,0.5139758071148394,0.7213369006677699,0.004079570534413768,1.8469309012095134,5.305270738071865
117,2,2.2571725712882147,1.0760334034760792,0.5211267605633803,0.49632421107783825,0.5211267605633803,0.4668424925041214,0.6986238309409813,-0.0042740988883620545,1.7800790336396959,5.013163871235317
117,3,2.2349513040648565,1.070866323179669,0.5334507042253521,0.5007606871816322,0.5334507042253521,0.47842820112702966,0.713638397899576,-0.01936557415995499,1.7584727737638686,4.951149384180705
117,4,2.3593011697133384,1.0684721635447607,0.49295774647887325,0.4521397809522854,0.49295774647887325,0.46119664435444074,0.7052013368209656,-0.011847361792880262,1.8419664568371243,5.37123527791765
118,1,2.302184045314789,1.0379025770558252,0.5316901408450704,0.4844183897712515,0.5316901408450704,0.4821326735116407,0.710817138838598,-0.018888482416235863,1.8363240626123216,5.252173913849725
118,2,2.267795377307468,1.0784707930352952,0.5422535211267606,0.5259359185415523,0.5422535211267606,0.4798902574262492,0.7008123353306938,-0.01573552482140461,1.7824512985017564,5.0428858862982855
118,3,2.2116306821505227,1.0672883689403534,0.5264084507042254,0.4806282765433898,0.5264084507042254,0.47356757437887737,0.709621474396554,-0.009438442193435925,1.7504397564464145,4.881762597295973
118,4,2.348245104153951,1.0726311670409308,0.5352112676056338,0.5073069519012018,0.5352112676056338,0.5056318774115324,0.714206909502114,-0.005178286923065656,1.8389721711476643,5.324677334891425
119,1,2.3303614921040006,1.0673357413874731,0.5246478873239436,0.46522043678084257,0.5246478873239436,0.4729129612216809,0.7067489459094817,-0.01571321812286186,1.8458407256338332,5.277421394983928
119,2,2.265361408392588,1.0662452942795224,0.49119718309859156,0.4518259886207253,0.49119718309859156,0.44861697355406577,0.6931485424106564,-0.014428937096103711,1.791907959514194,5.0632988876766625
119,3,2.232936051156786,1.0728002356158362,0.5123239436619719,0.4546987478027453,0.5123239436619719,0.4591030321779301,0.7081928683664087,-0.020348684035871756,1.76072178946601,4.939919339285956
119,4,2.3646550840801663,1.0696064200666215,0.5264084507042254,0.5189746962456202,0.5264084507042254,0.49379200018125136,0.7122311006492943,0.002029524987517184,1.84267168574863,5.3864351113637285
120,1,2.3063324689865112,1.0277048382494185,0.5563380281690141,0.4991451487620824,0.5563380281690141,0.5136888093882658,0.7214435857234487,-0.005656543968995287,1.84474425845676,5.28979672325982
120,2,2.2269345786836414,1.0340671208169725,0.5246478873239436,0.49515943148656355,0.5246478873239436,0.46783335199283477,0.7170211938459253,-0.009898955659849884,1.7768205602963765,5.010291814804077
120,3,2.227184110217624,1.0695502857367198,0.5334507042253521,0.4859719706085426,0.5334507042253521,0.47469948455447325,0.7129869954925205,-0.011995540858371623,1.7638172109921773,4.928329586982727
120,4,2.362650904390547,1.0584607554806604,0.5352112676056338,0.5050637148725952,0.5352112676056338,0.4940974128552976,0.7135370296948057,-0.01412876044307021,1.8527895278400845,5.405761096212599
121,1,2.342912779914008,1.077497724029753,0.5035211267605634,0.4421215966629393,0.5035211267605634,0.4532077021737408,0.7045973037954667,-0.009467920126107643,1.8468259175618489,5.295547617806329
121,2,2.2293297979566784,1.0557211769951715,0.5316901408450704,0.48893053937234116,0.5316901408450704,0.4719132817367156,0.7070089477991417,-0.009678889169825844,1.7734617988268535,4.967749834060669
121,3,2.2220990856488547,1.0769662724600897,0.5264084507042254,0.491952579941527,0.5264084507042254,0.46802632057220356,0.6959842644105285,-0.021945412312288415,1.7505653831693861,4.894075446658665
121,4,2.340958403216468,1.061054355568356,0.5158450704225352,0.49649726753592427,0.5158450704225352,0.48066977904292113,0.7163186130003847,-0.009097894273623286,1.837581667635176,5.327401028739081
122,1,2.332961486445533,1.065310733185874,0.5316901408450704,0.465340682743035,0.5316901408450704,0.467556464367375,0.6959832031328692,-0.017299851956826595,1.8449140389760335,5.29081294271681
122,2,2.2532142864333258,1.0659302373727162,0.5369718309859155,0.502405914462729,0.5369718309859155,0.4806359189607817,0.7072793384362565,-0.02319376363197123,1.785460160838233,5.0235435962677
122,3,2.212573813067542,1.0664484533998702,0.522887323943662,0.4981042364049769,0.522887323943662,0.4694812036332959,0.7017495535539371,-0.00900684174888644,1.754202167193095,4.886866119172838
122,4,2.340112096733517,1.0457912186781566,0.5316901408450704,0.4892052844246478,0.5316901408450704,0.4914406098323557,0.7255742636572844,-0.013717553367750712,1.8344100382592943,5.36019394132826
123,1,2.3517229159673056,1.0644918945100572,0.5369718309859155,0.544156404370287,0.5369718309859155,0.48510639600317357,0.7122519818422177,-0.019508362248439548,1.8637683126661513,5.355261749691433
123,2,2.249033663007948,1.0656797852781084,0.5088028169014085,0.46261264597643464,0.5088028169014085,0.4615676931575096,0.7167098250934907,-0.017280977867813574,1.7760034733348422,5.010192513465881
123,3,2.2044390771124096,1.0465946826669905,0.528169014084507,0.4749736582373026,0.528169014084507,0.4742461345386791,0.7235213575645738,-0.023322811371608854,1.756570902135637,4.906075941191779
123,4,2.358251300123003,1.0746585329373677,0.5088028169014085,0.47725432782606775,0.5088028169014085,0.47574389909321185,0.7068977635853662,-0.009832378408374698,1.837889055411021,5.353300915824042
124,1,2.3133953478601246,1.0445801847510867,0.5334507042253521,0.4837745608478499,0.5334507042253521,0.4851905996890815,0.7320808400734558,-0.0036733743338104308,1.8431908422046237,5.273963901731703
124,2,2.2302580806944103,1.0394330786334143,0.545774647887324,0.5139884949869077,0.545774647887324,0.49072104740776845,0.7222451946930017,-0.008697968115438437,1.7823724879158869,5.008849607573615
124,3,2.1897995140817432,1.0197117262416415,0.5475352112676056,0.5217700966589571,0.5475352112676056,0.49908560766644566,0.7380256054079504,-0.021619527661518756,1.7518842021624248,4.920004116164313
124,4,2.3478274477852716,1.0717908243338268,0.5123239436619719,0.48995558464196315,0.5123239436619719,0.46720228267616704,0.7143044328641346,-0.0077717139369846144,1.833971811665429,5.325246175130208
125,1,2.2932441035906472,1.0220473276244268,0.5528169014084507,0.504132178622522,0.5528169014084507,0.5019679361257674,0.7317767943842653,-0.0030565654017278288,1.8401608599556818,5.259369730949402
125,2,2.246281021171146,1.054897556702296,0.522887323943662,0.47996283375421694,0.522887323943662,0.4807808536278542,0.7059309897953759,-0.0103881517693869,1.7792971001731024,5.026175684399075
125,3,2.1796828640831842,1.0161064267158508,0.5316901408450704,0.48292753888283585,0.5316901408450704,0.4772695015111931,0.7447357112102315,-0.004128882320509009,1.7483140495088365,4.894694421026442
125,4,2.33949312236574,1.0491292476654053,0.5404929577464789,0.5265151485838105,0.5404929577464789,0.4999067940541255,0.7327862226975319,-0.018723456148241002,1.8412745462523565,5.350342035293579
126,1,2.297121067841848,1.03628495004442,0.5475352112676056,0.5030452666860407,0.5475352112676056,0.5057442743460756,0.7279365163703129,-0.020716739793636973,1.8387962116135492,5.239071793026394
126,2,2.2402802175945706,1.0598510536882613,0.5422535211267606,0.500637683769193,0.5422535211267606,0.4834810536670953,0.7043334748568214,-0.019435858624822888,1.7731848822699652,4.994614799817403
126,3,2.2258921596739025,1.060667763153712,0.5563380281690141,0.5147832430664494,0.5563380281690141,0.5125392842258087,0.7220541619429941,-0.012996105551190906,1.7578918933868408,4.944748812251621
126,4,2.316456821229723,1.0307231777244144,0.5334507042253521,0.49813340931349687,0.5334507042253521,0.49341739936500645,0.7305688630986422,-0.0009521760912132304,1.8324751986397638,5.31650173664093
127,1,2.33473367161221,1.0595833261807759,0.5176056338028169,0.4737926547137073,0.5176056338028169,0.47478198904988195,0.7192737680560191,-0.01185691535929978,1.8509952161047194,5.310084250238207
127,2,2.2428353561295404,1.0301284127765231,0.5440140845070423,0.504678609156381,0.5440140845070423,0.504508804865758,0.7287720969722922,-0.01863833482277344,1.7896261347664728,5.072484784656101
127,3,2.2223196691936917,1.0417852236164942,0.5598591549295775,0.5420029308394118,0.5598591549295775,0.5144462640049975,0.7350678339639063,0.004442987594189929,1.7659875220722623,4.976899835798475
127,4,2.330682542588976,1.0156088835663266,0.5440140845070423,0.5204978690936964,0.5440140845070423,0.5048070553255034,0.7481436354384061,-0.014088699932132132,1.85109144449234,5.39918757809533
128,1,2.3083266615867615,1.0415506859620411,0.5651408450704225,0.5274593626261526,0.5651408450704225,0.5231076388240026,0.7249251788761272,-0.008218922056499656,1.8386701544125874,5.264137056138781
128,2,2.242253753874037,1.0335483153661091,0.5334507042253521,0.4845760661565793,0.5334507042253521,0.48895145297069775,0.7220576592356527,-0.01520345942483381,1.7919098536173503,5.0625662671195135
128,3,2.195053901937273,1.0181193914678361,0.5633802816901409,0.5457591587550812,0.5633802816901409,0.5119907530977366,0.7318607149795026,-0.021251734734127226,1.7602075338363647,4.941234323713514
128,4,2.331478860643175,1.0199872354666393,0.545774647887324,0.5084166335787906,0.545774647887324,0.5051731717585412,0.7364029955118334,-0.016518477564270828,1.8488120701577928,5.391625894440545
129,1,2.2855929268731012,1.0112511581844754,0.5492957746478874,0.48923558296953296,0.5492957746478874,0.5052177173914617,0.7409398090910841,-0.008330650009617635,1.841125812795427,5.259056872791714
129,2,2.2336797383096485,1.0338998436927795,0.5545774647887324,0.5391962953811237,0.5545774647887324,0.49980525428119266,0.7342881312208884,-0.010023689287393722,1.7873002290725708,5.033165997929043
129,3,2.217723329861959,1.0612406134605408,0.5299295774647887,0.4956408127835963,0.5299295774647887,0.481961250153063,0.7235672397196043,-0.009001742407988678,1.7598242428567674,4.916182849142286
129,4,2.3444282611211142,1.0539703104231093,0.5422535211267606,0.5145427394382881,0.5422535211267606,0.5186674663402582,0.7307691488642433,-0.01713972613201431,1.8431245618396335,5.355496605237325
130,1,2.327368895212809,1.0350567466682858,0.5563380281690141,0.520206808951495,0.5563380281690141,0.5159911319537784,0.7254531313725856,-0.01773421752637927,1.8569991522365146,5.34276376830207
130,2,2.2516140143076577,1.0766202708085377,0.5264084507042254,0.4918731296859694,0.5264084507042254,0.4806866685753604,0.7072819070002649,-0.008271606198013481,1.779151459534963,4.993265933460659
130,3,2.1920560465918646,1.0147177113427057,0.5545774647887324,0.5212385462112087,0.5545774647887324,0.51743469804422,0.7569420037511814,-0.017865108591176515,1.762612263361613,4.939178665479024
130,4,2.316668781969282,1.021679785516527,0.528169014084507,0.5146414499698727,0.528169014084507,0.5016498390038957,0.7417965942434661,-0.018106823038990916,1.838328308529324,5.338309486707051
131,1,2.3080737392107644,1.023727364010281,0.5528169014084507,0.496722012790987,0.5528169014084507,0.5058837954964714,0.7216601020271217,-0.013236637405800167,1.8499695261319478,5.304881811141968
131,2,2.226888120174408,1.0394072896904416,0.5299295774647887,0.48849609432774266,0.5299295774647887,0.4888298103301155,0.7146747423189771,-0.011348918747521974,1.7795471482806735,4.997676610946655
131,3,2.2283117638693914,1.051163140270445,0.5316901408450704,0.48331348702656757,0.5316901408450704,0.48275872168542555,0.7217151104031478,-0.028466408915725605,1.7705888218349881,4.974991679191589
131,4,2.348432229624854,1.042010760969586,0.5352112676056338,0.48721445683853937,0.5352112676056338,0.5022833629598069,0.727617538252364,-0.014839054703323695,1.8550573388735454,5.39674887392256
132,1,2.2982992596096463,1.019390606217914,0.5492957746478874,0.4987408278252494,0.5492957746478874,0.5048039241443101,0.7237856150144106,-0.01178869011167083,1.8431343105104234,5.282419350412157
132,2,2.249173747168647,1.0605547957950168,0.551056338028169,0.525680488074205,0.551056338028169,0.5040565944471391,0.7191062986253692,-0.020492972888890293,1.7797746194733515,5.022617856661479
132,3,2.201383736398485,1.0494265092743769,0.5211267605633803,0.4767711283935007,0.5211267605633803,0.4775095040785367,0.717853039472824,-0.003829688505099682,1.7507673899332683,4.889283855756124
132,4,2.3465542131000094,1.0439474417103662,0.5404929577464789,0.5087723818689803,0.5404929577464789,0.5070830959680259,0.7246346730304324,-0.025880057742128537,1.843849288092719,5.385969784524706
133,1,2.3185845414797464,1.0566900736755795,0.545774647887324,0.48441188589542133,0.545774647887324,0.4996958041631022,0.718693506606539,-0.014275095816246974,1.8411241239971585,5.263004832797581
133,2,2.2485057049327426,1.0617795023653243,0.5264084507042254,0.4908638882859191,0.5264084507042254,0.47597235369191526,0.7060432082139214,-0.006662978786763363,1.7824239465925429,5.017533328798082
133,3,2.18761318259769,1.0306683315171137,0.5475352112676056,0.5082751395122207,0.5475352112676056,0.5095072768779929,0.7328196904541053,-0.009784313189977745,1.750699712170495,4.887151055865818
133,4,2.341201378239526,1.0307076142893896,0.5369718309859155,0.5155004785869324,0.5369718309859155,0.5095121186362579,0.7430063725958937,-0.01656854107551675,1.8535995019806757,5.3990200360616045
134,1,2.3442296385765076,1.0424656801753573,0.5563380281690141,0.5156355749674196,0.5563380281690141,0.5156166093674044,0.738027746272336,-0.015447079917971562,1.8642834623654683,5.381678766674465
134,2,2.2405567367871604,1.0433166954252455,0.545774647887324,0.5002440570556944,0.545774647887324,0.49770007185465315,0.7222766874412284,-0.026727833646090327,1.7824068466822307,5.034116506576538
134,3,2.188650210698446,1.0298321545124054,0.551056338028169,0.5121167200400001,0.551056338028169,0.51799761457091,0.7291931399495252,-0.008905526819850573,1.7528373532825046,4.892558945549859
134,4,2.327979544798533,1.0377877023484972,0.5211267605633803,0.4819387442757776,0.5211267605633803,0.49063730346448925,0.7356836139198408,-0.011642722993762789,1.8422091007232666,5.338427000575596
135,1,2.3194338745541043,1.0309542549981012,0.5492957746478874,0.5217716305654498,0.5492957746478874,0.5058080237421896,0.7414513305804067,-0.017701861060076318,1.8504228459464178,5.325886037614611
135,2,2.2338698042763605,1.0370811654461756,0.5264084507042254,0.5066130436359877,0.5264084507042254,0.4815320400384829,0.7275972767342316,-0.014831676555767892,1.7832291457388136,5.026376446088155
135,3,2.179617636733585,1.0226940843794081,0.5404929577464789,0.4929650173539982,0.5404929577464789,0.5052735669433552,0.7285113738155942,-0.0025851375396783727,1.7515626814630296,4.879105846087138
135,4,2.326314535405901,1.031530025932524,0.5440140845070423,0.5221865580141005,0.5440140845070423,0.5199337915758901,0.7362919306081539,-0.01325345285271573,1.837395641538832,5.3474783235126075
136,1,2.278888245423635,1.006502502494388,0.5686619718309859,0.5244748854018416,0.5686619718309859,0.5193965590346791,0.7496308546918963,-0.004585589013918812,1.835362712542216,5.247788098123339
136,2,2.2327782379256353,1.0552388032277424,0.528169014084507,0.4888321229186915,0.528169014084507,0.49255866209636245,0.7113715742314433,-0.014279767045303204,1.7734054062101576,4.980370004971822
136,3,2.185306535826789,1.027153879404068,0.551056338028169,0.5143706646787634,0.551056338028169,0.5180716448902322,0.73328419845064,-0.02084538782095957,1.7492058608267043,4.8876625299453735
136,4,2.317723035812378,1.0241436229811773,0.545774647887324,0.5021253799938842,0.545774647887324,0.5011102886041021,0.7423855716264821,-0.00700082323474116,1.8373651438289218,5.336074789365132
137,1,2.3029165731536017,1.0246917737854853,0.5369718309859155,0.4933759666753839,0.5369718309859155,0.5048441661110643,0.7526920674109245,-0.008985497524836683,1.846032162507375,5.285440948274401
137,2,2.214524421426985,1.0198515587382846,0.545774647887324,0.5148749351239332,0.545774647887324,0.5021606342136372,0.7334054991918249,-0.0009618853897912505,1.7793069084485371,5.0020943482716875
137,3,2.2077255977524652,1.0178638597329457,0.5404929577464789,0.5052777115914154,0.5404929577464789,0.5030954842379212,0.7416575746331596,-0.02778710457485345,1.7714532083935208,4.984069479836358
137,4,2.338405509789785,1.0322489076190524,0.551056338028169,0.5113208772932799,0.551056338028169,0.5170242119227747,0.7470224622363868,0.0009750595013026109,1.8450695938534207,5.3861040406756935
138,1,2.296038899156782,1.0157893432511225,0.5862676056338029,0.5450535099475206,0.5862676056338029,0.5376935967174433,0.7512677281070226,-0.01843393415414707,1.8461057609981961,5.283287684122722
138,2,2.2143109374576144,1.0188400679164462,0.5580985915492958,0.5104483942844295,0.5580985915492958,0.5183234746306378,0.7520777143304225,-0.0015340613980201478,1.7764818668365479,5.003742747836643
138,3,2.206001957257589,1.046266817384296,0.5440140845070423,0.5061212149435753,0.5440140845070423,0.5011151518914037,0.7242269214234912,-0.013265704183862859,1.7547777096430461,4.912050445874532
138,4,2.3417687680986194,1.0216008490986295,0.5563380281690141,0.5151395818652257,0.5563380281690141,0.526288129851689,0.7500579629224047,-0.02657375943040985,1.857702010207706,5.422160360548231
139,1,2.2967104381985135,1.0067040456665888,0.5721830985915493,0.5251731966658709,0.5721830985915493,0.537032906336966,0.7545689645051292,-0.014337266021500872,1.8456228242980108,5.3067251443862915
139,2,2.2228840721978083,1.0085380044248369,0.5669014084507042,0.5441299441132252,0.5669014084507042,0.5229763013164461,0.7479889022550807,-0.018040229183659218,1.7838719619645014,5.056358019510905
139,3,2.1713492340511746,1.0168686774041917,0.5563380281690141,0.5080882711883113,0.5563380281690141,0.5154976062626757,0.7397621240086614,0.005002051014362463,1.7463169230355158,4.86513704723782
139,4,2.3296785023477344,1.0088932514190674,0.5633802816901409,0.5315580684838682,0.5633802816901409,0.5307083916753432,0.7457915595883832,-0.02093098316088038,1.8515624006589253,5.41151061322954
140,1,2.27941275967492,0.9976930121580759,0.5563380281690141,0.5259571422164628,0.5563380281690141,0.5225824581746954,0.7478776436834536,-0.034198165282243176,1.8441093762715657,5.27009211646186
140,2,2.2579694920116,1.0622507664892409,0.551056338028169,0.5055661515388628,0.551056338028169,0.5169415473790789,0.7199373907147972,-0.016917219329776412,1.785392079088423,5.047979646258884
140,3,2.181700481308831,1.0135929849412706,0.5492957746478874,0.5031834043511348,0.5492957746478874,0.5045610921414146,0.7441119445793946,-0.020314863962084484,1.7529316544532776,4.907284471723768
140,4,2.317057443989648,0.990074849790997,0.5827464788732394,0.539453611414403,0.5827464788732394,0.5496195650179926,0.7632594682811227,-0.00966073318016547,1.8532363441255357,5.413350025812785
141,1,2.2715329196718006,0.9948297540346781,0.573943661971831,0.5193876131266273,0.573943661971831,0.5333267862919003,0.7440498672607812,-0.009525519904635349,1.836182713508606,5.250506732198927
141,2,2.2012122869491577,0.9860746165116628,0.5845070422535211,0.5319516596934416,0.5845070422535211,0.5466117532836162,0.7665369329348866,-0.008838833992504513,1.7836744785308838,5.03653343518575
141,3,2.1975758605533176,1.0123982462618086,0.5246478873239436,0.47039982689063764,0.5246478873239436,0.4877175943954824,0.7299262469585225,-0.017451377233041354,1.7670574982961018,4.962990111774868
141,4,2.319390892982483,1.016204684972763,0.5580985915492958,0.533170286084322,0.5580985915492958,0.5177255668452853,0.7391063964915483,-0.0018946465109275223,1.8430392808384366,5.360158589151171
142,1,2.279214560985565,0.9981674320167966,0.5862676056338029,0.5408326027645634,0.5862676056338029,0.5397438982027976,0.7497474776198954,-0.016801009471279826,1.8412627180417378,5.268324308925205
142,2,2.2087538374794855,1.0098830262819927,0.5528169014084507,0.5073006810223589,0.5528169014084507,0.5168632455117411,0.752118674869638,-0.0011103615426355518,1.7799610429339938,5.0061189201143055
142,3,2.1917670369148254,1.0144925117492676,0.5774647887323944,0.5360590353982225,0.5774647887323944,0.5391533683944585,0.745500258372778,-0.014569208714483306,1.7604683770073786,4.938740823003981
142,4,2.321695241663191,1.0062512589825525,0.5492957746478874,0.5105771089086656,0.5492957746478874,0.5197748017721047,0.7582276905986521,-0.008694762801912947,1.8402000135845609,5.391064431932238
143,1,2.2458954784605236,0.964102543062634,0.5721830985915493,0.5107407462404605,0.5721830985915493,0.5268744129228167,0.7751611355825787,-0.007273309037240994,1.8344115283754137,5.236745503213671
143,2,2.1921397977405124,0.9917696946197085,0.5633802816901409,0.5220796247104962,0.5633802816901409,0.5203202306613156,0.7478925737409722,-0.015977581133559626,1.776161015033722,4.993003222677443
143,3,2.1733952495786877,0.99675010310279,0.5545774647887324,0.5005458609500139,0.5545774647887324,0.5218348911130601,0.7499049404146831,-0.0016506820235098196,1.7590212888187833,4.918900383843316
143,4,2.308272911442651,0.9899118012852139,0.573943661971831,0.5423622330123828,0.573943661971831,0.5368056793579815,0.7652096341631747,-0.03098598142866882,1.8433742456965976,5.384448700480991
144,1,2.282107068432702,0.9873749713102976,0.5704225352112676,0.5318369989064242,0.5704225352112676,0.5384927575459297,0.7587418341024301,-0.030464596807786792,1.8472968207465277,5.303148335880703
144,2,2.199643188052707,0.9950723813639747,0.5598591549295775,0.5170368542029835,0.5598591549295775,0.5186062153955813,0.7475738591025571,-0.01691442252071318,1.7821633683310614,5.0103081994586525
144,3,2.1769700712627835,1.021593514415953,0.5492957746478874,0.49558790897396293,0.5492957746478874,0.5010085533518807,0.7491453437555983,-0.01606088517369897,1.7445969449149237,4.872848629951477
144,4,2.322245823012458,1.0153086748388078,0.5651408450704225,0.538628286047133,0.5651408450704225,0.5395932603573005,0.7524679540335218,-0.0011103342975744557,1.8371584481663175,5.371765759256151
145,1,2.2875532375441656,1.0025872323248122,0.5633802816901409,0.5140941130654897,0.5633802816901409,0.5316533897000104,0.7567452578318263,-0.003658390560647984,1.848206142584483,5.285807185702854
145,2,2.208712895711263,0.996427039305369,0.5686619718309859,0.5272806596356447,0.5686619718309859,0.5332689836877191,0.7505800535958369,-0.018496321095194945,1.7860631081793044,5.037379807896084
145,3,2.1682713429133096,0.9807104931937324,0.5580985915492958,0.5209217078022816,0.5580985915492958,0.5214926458831668,0.7460743014296556,-0.015088140462102606,1.7595536245240107,4.939246588283115
145,4,2.334270225630866,1.0305099487304688,0.5545774647887324,0.5096040294051893,0.5545774647887324,0.5192271557613077,0.7379245706014705,-0.005233693797196848,1.8471852077378168,5.37637734413147
146,1,2.2711407674683466,0.9878314932187399,0.5616197183098591,0.508381144421932,0.5616197183098591,0.5202582012438608,0.7615171113384489,-0.014818751306499678,1.841280672285292,5.265528983540005
146,2,2.2120715048578052,1.0161479744646285,0.5598591549295775,0.5212486457204767,0.5598591549295775,0.523211480974819,0.7533785730667232,-0.01346900438142451,1.775811857647366,5.002559582392375
146,3,2.1732142832544117,1.0014492637581296,0.5545774647887324,0.5202603110518078,0.5545774647887324,0.5194448226465991,0.7454675334394776,-0.016202485813111345,1.7575445241398282,4.9073324468400745
146,4,2.3199952244758606,1.0144970880614386,0.579225352112676,0.5280984396637148,0.579225352112676,0.546323924572213,0.7332423462948701,-0.0033472113343688825,1.8417966895633273,5.366157359547085
147,1,2.3056145707766214,1.0043945180045233,0.5721830985915493,0.5242039837464049,0.5721830985915493,0.537984068362658,0.7594703377669072,-0.01634325017603344,1.8525448375278049,5.341794596778022
147,2,2.231346587340037,1.0442774991194408,0.5422535211267606,0.49686534899042095,0.5422535211267606,0.49692143794824395,0.7297293756736638,-0.0007313957568559903,1.7749967177708943,5.001174304220411
147,3,2.180443671014574,1.0175266298982832,0.5299295774647887,0.4873427297190373,0.5299295774647887,0.4994276955017222,0.7414018682623436,-0.020924490826065956,1.7529838681221008,4.8939165936575995
147,4,2.2919139001104565,0.9907020529111227,0.5845070422535211,0.5434433901496323,0.5845070422535211,0.5482441728281018,0.7683875455172552,-0.0020522950125272388,1.8386432197358873,5.32807473341624
148,1,2.271479176150428,0.9788032174110413,0.579225352112676,0.5317609060140155,0.579225352112676,0.5325390661947934,0.7681516728228833,-0.010273483608669975,1.8449209067556593,5.287722878985935
148,2,2.177588323752085,0.9773035678598616,0.5862676056338029,0.5422021713615024,0.5862676056338029,0.5526194297199286,0.7586548640582631,-0.004265717737854446,1.7759024037255182,4.978252569834392
148,3,2.1621671848826938,0.985900859038035,0.5475352112676056,0.5050571302959231,0.5475352112676056,0.5101791685452619,0.7605126167490852,-0.016447446992345682,1.7513160904248555,4.906788402133518
148,4,2.3050073319011264,0.9786271684699588,0.5651408450704225,0.5302220295522895,0.5651408450704225,0.5298631527225245,0.7659310882127206,-0.012623603621353396,1.8521115250057645,5.399894078572591
149,1,2.2445326844851174,0.951946841345893,0.5809859154929577,0.5277621779895741,0.5809859154929577,0.5433088327387917,0.7751520164917031,-0.016059265268117517,1.840127686659495,5.2605661153793335
149,2,2.2031668027242026,1.0102259549829695,0.5492957746478874,0.5058376867014747,0.5492957746478874,0.5119179470427042,0.7482337537960029,-0.002136470402455126,1.7716075380643208,4.9866953293482466
149,3,2.1824410292837353,1.0001797543631659,0.5598591549295775,0.5222674377446004,0.5598591549295775,0.5256834449058942,0.7477455142633125,-0.01337500465303676,1.7620038059022691,4.941050595707363
149,4,2.3133331537246704,0.9988993571864234,0.5528169014084507,0.5255053962407616,0.5528169014084507,0.5216697634438803,0.7599003806602764,-0.012554815657669138,1.8434292144245572,5.380345119370355
150,1,2.2616108192337885,0.9701943960454729,0.5809859154929577,0.5231700216608703,0.5809859154929577,0.5429646406655645,0.7770469002047934,-0.018071275092284678,1.8414071864551969,5.274915681944953
150,2,2.2172530227237277,0.9999382661448585,0.579225352112676,0.5375122296403875,0.579225352112676,0.5417610076120265,0.745107461610664,-0.008440676106595602,1.788191106584337,5.057654049661425
150,3,2.192339791191949,1.0092144244247012,0.5475352112676056,0.49208127553197983,0.5475352112676056,0.5065899062755107,0.7538987814840885,0.00039522372680433904,1.7688938180605571,4.952965471479628
150,4,2.33203833632999,1.002689755625195,0.551056338028169,0.5182446153244978,0.551056338028169,0.5206484245037032,0.7528607180608499,-0.018064972917449795,1.8581502437591553,5.433851506974962
