epoch,fold,total_loss,cross_entropy_loss,accuracy,precision,recall,f1_score,auc,r2_score,mae_loss,mse_loss
1,1,31.547153366936577,1.3631537357966106,0.30809859154929575,0.3184076563001437,0.30809859154929575,0.30165321853683863,0.4998294684269992,-18.46822423563126,9.811376836564806,101.97648239135742
1,2,23.765199343363445,1.2973108887672424,0.3890845070422535,0.27189295141963643,0.3890845070422535,0.3085067243627587,0.5298341359295597,-14.265298629044425,8.362071249220106,76.19026968214247
1,3,15.547880172729492,1.3152231838968065,0.38204225352112675,0.26802893865927807,0.38204225352112675,0.23049470071260497,0.51312936185606,-8.957116967709048,6.5041177537706165,48.75741110907661
1,4,9.24985244539049,1.2890404065450032,0.41725352112676056,0.2676192707386324,0.41725352112676056,0.2777459331284101,0.5192286653901984,-4.182534841846181,4.671262264251709,27.825078858269585
2,1,4.9598196082645,1.2561202413505979,0.4225352112676056,0.31497585070783746,0.4225352112676056,0.3004075574598865,0.5386680955708791,-1.5787870084432876,3.0877542760637073,13.60178452067905
2,2,3.1689290735456677,1.2611615988943312,0.3767605633802817,0.24665857669557836,0.3767605633802817,0.28230124366275394,0.4879263938664006,-0.4981495565731566,2.244273589717017,7.620386309093899
2,3,2.7825976808865867,1.2659333480728998,0.3538732394366197,0.2442777447410509,0.3538732394366197,0.2806167551615482,0.4755124370567052,-0.3755044762429909,2.0113718840810986,6.321481121910943
2,4,2.744306186834971,1.2489495409859552,0.3873239436619718,0.254341218249669,0.3873239436619718,0.28822894815702726,0.508594120725691,-0.20980929670815862,1.9920060303476121,6.233471353848775
3,1,2.810231473710802,1.2330462336540222,0.40492957746478875,0.2800546771968556,0.40492957746478875,0.3029002145909035,0.5253804580573282,-0.2813233450571031,2.054865062236786,6.490330033832127
3,2,2.5087453656726413,1.2253688242700365,0.3890845070422535,0.2569230017866423,0.3890845070422535,0.2845884401135556,0.5552336217903414,-0.11354048218195589,1.8821440537770588,5.50329053401947
3,3,2.7060469124052258,1.2559168405003018,0.397887323943662,0.2793214197312947,0.397887323943662,0.3201957432702575,0.5011199741337101,-0.2837736725115767,1.9946532448132832,6.08968362543318
3,4,2.722802526421017,1.2503364615970187,0.4102112676056338,0.2905244708577869,0.4102112676056338,0.33539570757880616,0.5183221278738348,-0.15701751407457132,1.9847685164875455,6.158556620279948
4,1,2.5420522888501487,1.2340382933616638,0.4119718309859155,0.2884417475089426,0.4119718309859155,0.2913443415933969,0.5144351579416715,-0.09053634011957623,1.9013784395323858,5.594084673457676
4,2,2.4618565241495767,1.2255616121821933,0.4014084507042254,0.28453681023338095,0.4014084507042254,0.30823647946570965,0.5474069409818428,-0.08733358333642216,1.851006269454956,5.346544557147556
4,3,2.4133223162757025,1.2438280118836298,0.3732394366197183,0.2532771709286276,0.3732394366197183,0.2839627976511442,0.5443751430578551,-0.04901713143281694,1.8065735896428425,5.142142282591926
4,4,2.607672784063551,1.2503290308846369,0.3996478873239437,0.2773217910080571,0.3996478873239437,0.3083119636468507,0.5059692742621498,-0.07763143757698288,1.9210975898636713,5.774807877010769
5,1,2.5064532028304205,1.226636893219418,0.41725352112676056,0.31501512803715553,0.41725352112676056,0.2970779839802244,0.5487405440413544,-0.004022414491066106,1.8851505650414362,5.492691026793586
5,2,2.4383876985973783,1.2350469761424594,0.397887323943662,0.2901309633286547,0.397887323943662,0.3294615799585114,0.5203086892538732,-0.08269339638978312,1.8351005514462788,5.246182534429762
5,3,2.4021065301365323,1.2380867799123128,0.40316901408450706,0.2854953796855205,0.40316901408450706,0.3281595135738546,0.567275537855552,-0.06694674579118987,1.7999528249104817,5.118152379989624
5,4,2.5147447453604803,1.2431952092382643,0.40492957746478875,0.2788491038462683,0.40492957746478875,0.31755281979430106,0.5292339554404657,-0.02906874597159881,1.8648744225502014,5.481693506240845
6,1,2.5025105675061545,1.2353752454121907,0.4014084507042254,0.2627218309859155,0.4014084507042254,0.2823020087739552,0.5195876533783665,-0.045598116982126236,1.8740670018725925,5.459159440464443
6,2,2.4379833473099604,1.2364791697925992,0.3855633802816901,0.26096814166869403,0.3855633802816901,0.2815889712395328,0.5130928674397123,-0.058594195962690554,1.8283309472931757,5.241492854224311
6,3,2.3987524774339466,1.242786102824741,0.40669014084507044,0.2900237899230387,0.40669014084507044,0.32191925708558183,0.5445381370802745,-0.048310306657159074,1.7928608655929565,5.096007188161214
6,4,2.507410797807905,1.2386554016007318,0.4102112676056338,0.2870684799549398,0.4102112676056338,0.3313902728254399,0.5293333976736857,-0.024976888752918036,1.8615603976779513,5.46783987681071
7,1,2.478841291533576,1.2313646011882358,0.41901408450704225,0.30420348176012596,0.41901408450704225,0.3153803063134049,0.5216100206893841,-0.061187986177357434,1.8648809591929119,5.389620078934564
7,2,2.4093039433161416,1.2290055553118389,0.4137323943661972,0.29534924557670106,0.4137323943661972,0.3126088326071707,0.5312321536870417,-0.039415377349487635,1.8192943599489,5.163333336512248
7,3,2.3758051792780557,1.2482819623417325,0.40316901408450706,0.2812550877785798,0.40316901408450706,0.32275390129167214,0.5093056560799168,-0.06018119771659314,1.781051172150506,5.006692502233717
7,4,2.5147317780388727,1.2407975594202678,0.4225352112676056,0.2898633955817705,0.4225352112676056,0.3318016367147551,0.5386643305077774,-0.024206208265290075,1.8687776856952243,5.487244725227356
8,1,2.5050054324997797,1.2289084394772847,0.4242957746478873,0.3145050114541383,0.4242957746478873,0.336766589928081,0.5209845035446397,-0.06032602517626384,1.8899401360087924,5.482564820183648
8,2,2.390566097365485,1.22601408428616,0.41901408450704225,0.2972229709998428,0.41901408450704225,0.3355300695979638,0.540012774606655,-0.020797689370468886,1.8015043536822002,5.107853929201762
8,3,2.3703181876076593,1.2406433820724487,0.40669014084507044,0.28774553769155814,0.40669014084507044,0.3203160233787533,0.5415041205551452,-0.023796839820871662,1.786386748154958,5.006225956810845
8,4,2.5194334056642322,1.2386204202969868,0.4295774647887324,0.30474646947103184,0.4295774647887324,0.344331813666811,0.5355537581247981,-0.029299736351147576,1.8790917131635878,5.507996850543552
9,1,2.5024821956952414,1.2428538137012057,0.4014084507042254,0.28835183581609763,0.4014084507042254,0.30277249167357845,0.5026694085931556,-0.03185533501917437,1.867232965098487,5.441614932484097
9,2,2.397590888871087,1.2269286976920233,0.397887323943662,0.27792026280489956,0.397887323943662,0.3049842300145133,0.534481807767937,-0.023026439835969192,1.796774771478441,5.129135953055488
9,3,2.3648283150460987,1.2388465470737882,0.40492957746478875,0.287462953396052,0.40492957746478875,0.32064548686143796,0.5544293631662891,-0.013872077963582141,1.7765926321347554,4.992118914922078
9,4,2.508707841237386,1.235077526834276,0.426056338028169,0.3035307060000323,0.426056338028169,0.3502943503718943,0.5336304743611336,-0.040834498761732174,1.8630987869368658,5.480511758062574
10,1,2.4660997920566134,1.2215607795450423,0.41725352112676056,0.30604294570843865,0.41725352112676056,0.3227967806841046,0.5505394508220509,-0.03766746575425661,1.86613263686498,5.370023979081048
10,2,2.380037499798669,1.2190707988209195,0.43309859154929575,0.31420449406707035,0.43309859154929575,0.3554507284168764,0.5538436113442129,-0.021313580956503042,1.7973755399386089,5.088959574699402
10,3,2.3914337356885276,1.2509440978368123,0.4137323943661972,0.2998096561875353,0.4137323943661972,0.33317902197640753,0.5004001260717806,-0.049658614594636274,1.786975708272722,5.052576118045383
10,4,2.513904160923428,1.2360472877820332,0.4102112676056338,0.291189528475199,0.4102112676056338,0.3388630357846039,0.5393226445171352,-0.042473089921726936,1.874494579103258,5.495569970872667
11,1,2.4622351196077137,1.2237277958128188,0.397887323943662,0.2737321336224691,0.397887323943662,0.30126570748032094,0.5505515218140582,-0.011549372604648278,1.854264669948154,5.352085245980157
11,2,2.4024703436427646,1.238089872731103,0.3855633802816901,0.26401664259058627,0.3855633802816901,0.28861331547390506,0.4953694993353034,-0.00981772988876295,1.7967141336864896,5.119358009762234
11,3,2.3812197976642184,1.2473279635111492,0.36619718309859156,0.25124961371502974,0.36619718309859156,0.2812572758164387,0.5224706091252316,-0.06240688217763224,1.77648040983412,5.026967287063599
11,4,2.495616700914171,1.2422166334258185,0.40492957746478875,0.2871350482131886,0.40492957746478875,0.33166288786652537,0.5180903624089005,-0.017406692635654197,1.8545325133535597,5.4202167060640125
12,1,2.4990108013153076,1.2350741624832153,0.41725352112676056,0.2992092222159451,0.41725352112676056,0.3217520754764122,0.5364840889907371,-0.0452852432205928,1.8757617738511827,5.448196132977803
12,2,2.360795153511895,1.2205279469490051,0.41725352112676056,0.2995157344266706,0.41725352112676056,0.3289989936045234,0.5438737192062087,-0.02246767466663191,1.7855701843897502,5.021418478753832
12,3,2.363731880982717,1.2433454195658367,0.4014084507042254,0.28077664097794314,0.4014084507042254,0.31430691483527684,0.5339614571805499,0.004750535124553257,1.7688355048497517,4.977966838412815
12,4,2.490828620062934,1.2309041884210374,0.41725352112676056,0.2977818299055719,0.41725352112676056,0.34621983841269255,0.5382013247347665,-0.034113877336800824,1.8611126608318753,5.430652075343662
13,1,2.498149858580695,1.2289819055133395,0.4295774647887324,0.30874192507687487,0.4295774647887324,0.3332758632799653,0.512167896101003,-0.04800631356277507,1.8752323587735493,5.459541413519117
13,2,2.396587828795115,1.2196650836202834,0.40669014084507044,0.29020949881347907,0.40669014084507044,0.33046499334993,0.5709624117500602,-0.017756293252713995,1.806767635875278,5.1427407132254706
13,3,2.3807668818367853,1.2404237853156195,0.4119718309859155,0.29116707509189566,0.4119718309859155,0.3319285740971025,0.5359028538864117,-0.01737753938312281,1.7926049762301974,5.041567285855611
13,4,2.484546277258131,1.2433911893102858,0.40492957746478875,0.2803212032375247,0.40492957746478875,0.32131134551867935,0.5200250623811111,-0.023385688740246824,1.8382712867524889,5.380574663480123
14,1,2.447438372506036,1.2199038200908237,0.4225352112676056,0.2989169585413717,0.4225352112676056,0.3412493717187208,0.5669151105464014,-0.01367554379587621,1.8549351361062791,5.311685509151882
14,2,2.378879812028673,1.2132636838489108,0.43661971830985913,0.31569714634373375,0.43661971830985913,0.35223321504336935,0.5703495984731133,-0.01615462770708853,1.7979176309373643,5.098650667402479
14,3,2.3518844313091702,1.2349764837159052,0.40669014084507044,0.28623035486445497,0.40669014084507044,0.3297376473869469,0.5595969554616226,0.010306747790987503,1.7586697340011597,4.958002911673652
14,4,2.4987295932239957,1.2379624843597412,0.41901408450704225,0.30036283007458175,0.41901408450704225,0.34846382758493216,0.5358012307709235,-0.034745878367917316,1.8557801379097834,5.440519346131219
15,1,2.480838007397122,1.2271475858158536,0.4242957746478873,0.30494682371049797,0.4242957746478873,0.3441246413708516,0.5543600608496643,-0.02479376431232927,1.869508061144087,5.4061153994666205
15,2,2.3666935894224377,1.2138124306996663,0.43133802816901406,0.31092632719393287,0.43133802816901406,0.34628612654520396,0.5655770756180714,-0.0178732927763956,1.7961763673358493,5.0567493836085005
15,3,2.3951525886853537,1.2434026267793443,0.38028169014084506,0.2674499620304887,0.38028169014084506,0.302852673612603,0.5425821121491229,-0.04738097501706595,1.787184887462192,5.082568897141351
15,4,2.498136129644182,1.229359017478095,0.40492957746478875,0.2899449604326418,0.40492957746478875,0.3371555638660808,0.5535677571093447,-0.03794628379450837,1.8664850393931072,5.458615766631232
16,1,2.450370344850752,1.2224444150924683,0.42077464788732394,0.2992126345547759,0.42077464788732394,0.32643284744859263,0.5423701995692953,-0.009019618955649511,1.8528165618578594,5.315530618031819
16,2,2.377760330835978,1.221658964951833,0.41725352112676056,0.30045630727252653,0.41725352112676056,0.3444566710608478,0.5400372469782259,-0.0025319208675700366,1.7955566313531663,5.075330005751716
16,3,2.3707969321144953,1.2431983417934842,0.4119718309859155,0.29105224601446217,0.4119718309859155,0.33836254135839205,0.5425856289943853,-0.02073267008468549,1.7734707593917847,5.001860154999627
16,4,2.4984298414654202,1.2322249015172322,0.43485915492957744,0.30932698463508324,0.43485915492957744,0.3455661669621241,0.5366491902248494,-0.035762875584269826,1.854097889529334,5.452907734447056
17,1,2.4467545217937894,1.2186688317192926,0.43838028169014087,0.31360884560468744,0.43838028169014087,0.34446234067347636,0.5475944540145246,-0.03156781579231316,1.849759042263031,5.312287622027927
17,2,2.3763033548990884,1.225251297156016,0.41725352112676056,0.300083005540752,0.41725352112676056,0.34561610061033987,0.5430730542266848,-0.024031375348187112,1.7924616601732042,5.062091257837084
17,3,2.360000239478217,1.2313823501269023,0.41725352112676056,0.2949549618711296,0.41725352112676056,0.3445140937040603,0.5747560228671514,-0.030791818511670455,1.772610366344452,4.993441886372036
17,4,2.487304170926412,1.224245508511861,0.43133802816901406,0.2995294195077004,0.43133802816901406,0.3420555310544144,0.5605080980995534,-0.02837464692153424,1.851678921116723,5.434440784984165
18,1,2.4570316208733454,1.215717037518819,0.4225352112676056,0.29922722812283536,0.4225352112676056,0.31224613599198187,0.5760664821595873,-0.0002300883424741773,1.8578732079929776,5.353432218233745
18,2,2.3867893616358438,1.2171772850884333,0.44014084507042256,0.3174297320018421,0.44014084507042256,0.36486263562616716,0.5691301456696721,-0.0046484639597981214,1.8000741336080763,5.115883999400669
18,3,2.3574014570977955,1.2407005495495267,0.3890845070422535,0.2717052083157331,0.3890845070422535,0.31345172484180445,0.5391031379311166,-0.048892723257138115,1.7648414108488295,4.963036682870653
18,4,2.475821336110433,1.2279972301589117,0.43485915492957744,0.309219475981075,0.43485915492957744,0.35992859689003626,0.5568923011990937,-0.017220903278094335,1.8523231479856703,5.387410706943935
19,1,2.4613291025161743,1.2205914987458124,0.4014084507042254,0.2812516552305285,0.4014084507042254,0.3044030033861707,0.556176696259268,-0.01587469328817326,1.8513012395964727,5.35638329717848
19,2,2.399326655599806,1.2162335051430597,0.4225352112676056,0.30466408490389213,0.4225352112676056,0.34720943527167974,0.5621740263094008,-0.027672722467708244,1.8123248484399583,5.159877194298638
19,3,2.357938435342577,1.233051015271081,0.4102112676056338,0.28866087407772095,0.4102112676056338,0.33469735672965584,0.5716105390052997,0.008847606027505783,1.7658462193277147,4.982675539122687
19,4,2.495133227772183,1.2098427679803636,0.4507042253521127,0.322065450942967,0.4507042253521127,0.36930972628222164,0.5991386360290027,-0.024565854261733744,1.8657504320144653,5.49414410856035
20,1,2.451712045404646,1.2216481500201755,0.4295774647887324,0.3086440650669465,0.4295774647887324,0.3471082464370746,0.5610054726385317,-0.027939176126233756,1.848676734500461,5.321860882971022
20,2,2.3659764263365,1.2131541702482436,0.4454225352112676,0.3235713829462033,0.4454225352112676,0.37380296272850627,0.5756766426625997,-0.03087876983661353,1.7909279929267035,5.055894705984327
20,3,2.3598371810383267,1.2364560431904263,0.3855633802816901,0.2694392817946641,0.3855633802816901,0.30913854767318,0.5666841921865164,-0.0080620514993206,1.7758780784077115,4.981059710184733
20,4,2.5098242693477206,1.2131017645200093,0.43309859154929575,0.3037305897045305,0.43309859154929575,0.35134687672108667,0.5890272862739551,-0.041008474434784725,1.8831263780593872,5.535509917471144
21,1,2.4608849949306912,1.2202944424417284,0.426056338028169,0.3078300722207642,0.426056338028169,0.3460051229176718,0.5513864363816464,-0.030912073314883992,1.8573151032129924,5.355596012539333
21,2,2.397881693310208,1.2116480734613206,0.43485915492957744,0.31569393424768794,0.43485915492957744,0.36426721912746873,0.5764749932409677,-0.03635813743793248,1.8096336258782282,5.165759987301296
21,3,2.348866171307034,1.2371791402498882,0.36619718309859156,0.2546405785559731,0.36619718309859156,0.29631358289186466,0.5526667741185848,-0.025854551298898798,1.771627042028639,4.942802283498976
21,4,2.5067813396453857,1.218163510163625,0.43133802816901406,0.30843400031744556,0.43133802816901406,0.3580447679634906,0.5808607086724353,-0.04364428841977119,1.8748433788617451,5.513556043306987
22,1,2.442934056123098,1.1938732531335619,0.4595070422535211,0.33869828694639814,0.4595070422535211,0.3801330426505018,0.5890587596057733,-0.022012831646309294,1.8569149441189237,5.357409159342448
22,2,2.348400374253591,1.2034071485201518,0.4119718309859155,0.3004897585424088,0.4119718309859155,0.34739941257853074,0.5776087995842341,0.003991343297934935,1.7821806735462613,5.020051108466254
22,3,2.347660892539554,1.2259550823105707,0.40316901408450706,0.4282537999636864,0.40316901408450706,0.3299114150620959,0.5616494173933202,-0.02454075771250097,1.7649718787935045,4.964974231190151
22,4,2.4741441077656217,1.2096223168902926,0.4102112676056338,0.29877075366840583,0.4102112676056338,0.3457240921777697,0.5785174174021217,-0.02884801526130243,1.8508326212565105,5.424694750044081
23,1,2.4474963347117105,1.2263053920533922,0.4137323943661972,0.30086416152873907,0.4137323943661972,0.3459995069499424,0.5707422051219927,0.007047083978647395,1.8459498882293701,5.296941717465718
23,2,2.3469529814190335,1.2001582582791646,0.43309859154929575,0.30765921476214564,0.43309859154929575,0.3544326256930154,0.5664848791395711,-0.0018484230465374285,1.7862708899709914,5.022807240486145
23,3,2.3286422159936695,1.2180970244937472,0.44014084507042256,0.3118585391271395,0.44014084507042256,0.3630059365318377,0.5873315889080061,-0.03846124057960565,1.7556256651878357,4.919914166132609
23,4,2.4724396930800543,1.2270993457900152,0.4014084507042254,0.29022227013996094,0.4014084507042254,0.33680004609186054,0.5659233454570387,-0.007732807238547634,1.8494775361484952,5.378233724170261
24,1,2.4499338070551553,1.1989809672037761,0.43309859154929575,0.3111104901011004,0.43309859154929575,0.3525694411323371,0.5872123004999643,0.00047477137666307456,1.8631067540910509,5.368823700480991
24,2,2.3824444015820823,1.2209467026922438,0.3996478873239437,0.29024246751996224,0.3996478873239437,0.3358608032808343,0.5414874912411816,-0.03039577376521696,1.8045270178053114,5.092605617311266
24,3,2.3445145554012723,1.219376438193851,0.43838028169014087,0.31058427282769796,0.43838028169014087,0.3628740275834509,0.5890101879135609,-0.01024740723247164,1.7671323749754164,4.9698366853925915
24,4,2.4630086024602256,1.2142472796969943,0.44366197183098594,0.328151540328111,0.44366197183098594,0.37656713830532274,0.5766397423302173,0.00018999928471186145,1.8457920882436964,5.376784880956014
25,1,2.4409217834472656,1.2032579448488023,0.4278169014084507,0.31191995943833045,0.4278169014084507,0.35772514412845763,0.5747686648377606,-0.01599605122934955,1.8513201342688665,5.328803896903992
25,2,2.355293724271986,1.1914875706036885,0.44366197183098594,0.3214927135885257,0.44366197183098594,0.3699222361194192,0.5946928518883821,-0.002114355874095031,1.7923800879054599,5.070841179953681
25,3,2.3493955532709756,1.21388355228636,0.42077464788732394,0.3021163955564372,0.42077464788732394,0.35138753765926095,0.5920256979880288,-0.006433997852550277,1.770368582672543,4.998923301696777
25,4,2.4886699517567954,1.2137927412986755,0.40669014084507044,0.2910649342061761,0.40669014084507044,0.3384695177771276,0.573164344513829,-0.030980453730843127,1.8558416366577148,5.46338333023919
26,1,2.466756138536665,1.2079281210899353,0.42077464788732394,0.3046919786877691,0.42077464788732394,0.35146335039653454,0.5663588917673998,-0.02009529151103928,1.8685013784302607,5.404021342595418
26,2,2.353339069419437,1.2128364046414692,0.43309859154929575,0.3165965984586766,0.43309859154929575,0.3657646707305526,0.5754371745438985,-0.006840016629914958,1.7846980426046584,5.014511770672268
26,3,2.3245669735802545,1.2039088937971327,0.4454225352112676,0.32554826101978585,0.4454225352112676,0.3735303310937811,0.5941698272072915,-0.02050820410822074,1.7619366778267755,4.939435733689202
26,4,2.4520542356703015,1.190756036175622,0.4225352112676056,0.3101665877507592,0.4225352112676056,0.3575080796981617,0.6026485621663149,-0.03432445944852547,1.8470996684498258,5.395083136028713
27,1,2.425631092654334,1.184590584701962,0.44190140845070425,0.32116510012016214,0.44190140845070425,0.3665320733738914,0.5894023512885832,-0.01335621141706933,1.8556109733051724,5.321392112308079
27,2,2.3527075515853033,1.1923239628473918,0.4524647887323944,0.3295891495094382,0.4524647887323944,0.38117429455457624,0.5971705942055102,-0.021002834603323306,1.788835220866733,5.06026910410987
27,3,2.3344640135765076,1.1986821161376104,0.4454225352112676,0.3235235122798366,0.4454225352112676,0.37279132758891526,0.5848274637412754,-0.04623019619471802,1.775588677989112,4.984621591038174
27,4,2.4564177989959717,1.1808765861723158,0.4507042253521127,0.338827323430107,0.4507042253521127,0.38442744488939135,0.6105787570478342,0.008439402074091551,1.8616090483135648,5.4326804876327515
28,1,2.439598653051588,1.1877568496598139,0.4612676056338028,0.41804218979032565,0.4612676056338028,0.40643264482233443,0.6086537903998088,-0.03665215793541665,1.8610636724366083,5.360562761624654
28,2,2.375390264723036,1.1641910208596125,0.4612676056338028,0.5414600464836736,0.4612676056338028,0.3952554991944203,0.622986926784449,-0.04233274621406169,1.8238769173622131,5.201521621810065
28,3,2.3274959789382086,1.19430720143848,0.44366197183098594,0.41053595673097704,0.44366197183098594,0.377497829158278,0.6109203889255705,-0.013597828136513446,1.768027855290307,4.971602996190389
28,4,2.4666386776500278,1.1752441724141438,0.45598591549295775,0.41139865196252823,0.45598591549295775,0.39788606020254513,0.6258141527164824,-0.02914878438291857,1.869942718082004,5.4798923465940685
29,1,2.433602703942193,1.1772670712735918,0.4665492957746479,0.4182310493683403,0.4665492957746479,0.40815411334838153,0.6189781542236514,-0.010920341061010586,1.856582972738478,5.36505224969652
29,2,2.3489108549224005,1.1836382680469089,0.45422535211267606,0.3864893861333171,0.45422535211267606,0.38845094879309755,0.5902631093161795,0.00485431252834323,1.7874411808119879,5.067880047692193
29,3,2.334336585468716,1.194712433550093,0.44366197183098594,0.3993627706810313,0.44366197183098594,0.38164388692099477,0.6167709625425143,-0.016638284608121,1.7746715876791213,4.993459383646647
29,4,2.447807470957438,1.1633500456809998,0.45774647887323944,0.3903955648786335,0.45774647887323944,0.3988079126269394,0.6343268839933535,-0.012171770487478861,1.85766820775138,5.444874564806621
30,1,2.4239478508631387,1.1638018190860748,0.4595070422535211,0.4094298343147283,0.4595070422535211,0.39583923591221654,0.6377301572357135,-0.03548254062851419,1.8679323593775432,5.364288369814555
30,2,2.328224413924747,1.1672517789734735,0.4471830985915493,0.329430552912067,0.4471830985915493,0.3790669945599523,0.6118053531532645,-0.0028643312388614284,1.7912940515412226,5.037160383330451
30,3,2.337555574046241,1.1898654335074954,0.44190140845070425,0.4350970157027476,0.44190140845070425,0.3796376326751451,0.6215951184113214,-0.022175815859028614,1.7804760932922363,5.015499101744758
30,4,2.4375564323531256,1.1681566437085469,0.4225352112676056,0.36042601892071546,0.4225352112676056,0.37705449051561596,0.6251482593033375,-0.023123416660479457,1.8480992449654474,5.399489243825276
31,1,2.442311293549008,1.1708065238263872,0.4735915492957746,0.4128688154568436,0.4735915492957746,0.4040219284667224,0.6120801634877959,0.008695501211780199,1.8733519580629137,5.409155554241604
31,2,2.375163733959198,1.1640631357828777,0.45598591549295775,0.5414984588115007,0.45598591549295775,0.38982065365389584,0.6177498545415363,-0.03852968331054485,1.815826290183597,5.20106499724918
31,3,2.324724667602115,1.181364529662662,0.448943661971831,0.3818133106725406,0.448943661971831,0.38982104379232035,0.6166414185997537,-0.015296907534618764,1.7698366973135207,4.992564797401428
31,4,2.4301703108681574,1.1570027139451768,0.477112676056338,0.4609734574523307,0.477112676056338,0.41733539601057273,0.631109758261966,-0.008410005376259688,1.845057831870185,5.400894549157885
32,1,2.3814061217837863,1.1379330224461026,0.49295774647887325,0.40362547130752396,0.49295774647887325,0.4252787487644428,0.6391669080458589,-0.010374410936139666,1.8453770478566487,5.282843232154846
32,2,2.3390104439523487,1.1765149765544467,0.46830985915492956,0.4075843952604516,0.46830985915492956,0.40622612267319225,0.5954020763783183,-0.007233950155280278,1.7914885679880779,5.051499711142646
32,3,2.3203384743796454,1.1744739082124498,0.4753521126760563,0.42552489340924554,0.4753521126760563,0.41186502015545623,0.6326016913482074,-0.009436952841246793,1.7679371303982205,4.994022263420953
32,4,2.449033280213674,1.1526658998595343,0.4630281690140845,0.4055409341386136,0.4630281690140845,0.41021732796709104,0.6362557811218688,-0.05155037725704181,1.8640119896994696,5.473890317810906
33,1,2.4054245286517673,1.1369986401663885,0.4876760563380282,0.4095363849765258,0.4876760563380282,0.4201230209660377,0.636531223862058,-0.028990668514486284,1.8532383441925049,5.3650848335689965
33,2,2.33093390862147,1.1424688498179119,0.4788732394366197,0.4439838063880057,0.4788732394366197,0.41407597042833705,0.6287068799909754,-0.008207613998523433,1.7983153727319505,5.104018754429287
33,3,2.314521763059828,1.1627082228660583,0.4788732394366197,0.4220651658382118,0.4788732394366197,0.41119950725116616,0.6462496902312175,-0.040198658749289295,1.7784024344550238,5.002086546685961
33,4,2.427305453353458,1.1363751192887623,0.4982394366197183,0.4666263856133919,0.4982394366197183,0.43902311847325687,0.6591296776525043,-0.027977452098596478,1.8613327079349093,5.4394760264290705
34,1,2.392908467186822,1.1368870900736914,0.5,0.40660439042167773,0.5,0.43034880081801535,0.6605007761343056,-0.00031025354906044633,1.8490622242291768,5.3236247301101685
34,2,2.332661873764462,1.148420360353258,0.49471830985915494,0.37130817063562704,0.49471830985915494,0.42104679431880804,0.6298906273898146,-0.014239245610839779,1.7921576632393732,5.095892005496555
34,3,2.2901300920380487,1.156235741244422,0.47183098591549294,0.3436768911871046,0.47183098591549294,0.39579149469874275,0.6371619706282028,-0.02405836305555953,1.7606698738204107,4.935883522033691
34,4,2.422602633635203,1.142479161421458,0.5035211267605634,0.5853910562100648,0.5035211267605634,0.4354679787898347,0.6516734202238043,-0.029918463183517652,1.8566192587216694,5.409557223320007
35,1,2.426544659667545,1.14849082297749,0.49471830985915494,0.36473861632365523,0.49471830985915494,0.41948101191582227,0.6524708197545294,-0.05066714157008212,1.8584456973605685,5.4086701605055065
35,2,2.3190358413590326,1.1400075952212017,0.5,0.5743598915244447,0.5,0.42737568678188126,0.6417194627304748,-0.021736097739575966,1.797467589378357,5.070101618766785
35,3,2.2762702571021185,1.1335470080375671,0.48063380281690143,0.4076574864017543,0.48063380281690143,0.4103542998555328,0.6591866493302261,-0.017204747523239305,1.7619480888048809,4.942624462975396
35,4,2.397560132874383,1.1162785987059276,0.4982394366197183,0.46900796594649363,0.4982394366197183,0.4395633570267469,0.6739463749405936,-0.012874402135874652,1.8512542446454365,5.3872170315848456
36,1,2.3873609701792398,1.132342454459932,0.5017605633802817,0.43421271217045865,0.5017605633802817,0.438901711178827,0.6605024451896069,-0.009425174606135567,1.8416858381695218,5.315737379921807
36,2,2.3004351523187427,1.1209757725397747,0.5017605633802817,0.4459311884920305,0.5017605633802817,0.44182015663386465,0.6613505877686925,-0.04144466838837357,1.7930286526679993,5.052506857448154
36,3,2.2659831709331937,1.1121531691816118,0.4894366197183099,0.42570404990612903,0.4894366197183099,0.4258717571660339,0.6926783626974876,-0.03449087068112977,1.7713350057601929,4.958252973026699
36,4,2.3939466145303516,1.111972560485204,0.49295774647887325,0.4341050874487128,0.49295774647887325,0.44613472575967295,0.6719107792881607,-0.01592454208504912,1.8439062966240778,5.385219110382928
37,1,2.3774494926134744,1.1023863388432398,0.5176056338028169,0.46136829121237166,0.5176056338028169,0.4712228974067657,0.6804152259770929,-0.02294304613517162,1.8536930945184495,5.352596627341376
37,2,2.30492275291019,1.1019233630763159,0.5158450704225352,0.45739246931737554,0.5158450704225352,0.4596660882773125,0.6855962725795068,-0.029179026465524283,1.804966111977895,5.1119211249881324
37,3,2.2682555516560874,1.1062779128551483,0.5193661971830986,0.4614019448462717,0.5193661971830986,0.46840634280148663,0.6846290439993247,-0.017328340806601394,1.7705176141526964,4.9795364538828535
37,4,2.395009027587043,1.079403857390086,0.522887323943662,0.4726320288938984,0.522887323943662,0.4857298639727654,0.6948250962800664,-0.013037233925040415,1.8624884618653192,5.464754250314501
38,1,2.3588933679792614,1.1074244346883562,0.5299295774647887,0.4414224076451291,0.5299295774647887,0.46432779898688253,0.6769245580626156,-0.024264212094952775,1.8380691077974107,5.278987328211467
38,2,2.294537021054162,1.0963507460223303,0.528169014084507,0.4642732362839824,0.528169014084507,0.47770396503664536,0.6710007259937668,-0.01562744852334319,1.7962784700923495,5.090304851531982
38,3,2.2502842942873635,1.089837650458018,0.5017605633802817,0.4397105942197386,0.5017605633802817,0.4435349880023971,0.7008914409240736,-0.03141330766970696,1.7652238077587552,4.95799293782976
38,4,2.3900999890433416,1.090517179833518,0.5211267605633803,0.46482132490424327,0.5211267605633803,0.47932414773997545,0.6956893147710187,-0.01918195507039533,1.854987343152364,5.42245958911048
39,1,2.380527582433489,1.1065291464328766,0.5088028169014085,0.4377066252785193,0.5088028169014085,0.4560622218470263,0.6725472052709601,-0.0205506477856654,1.850415501329634,5.353190382321675
39,2,2.2527192102538214,1.0741599798202515,0.5563380281690141,0.5112712700041308,0.5563380281690141,0.5021210312723801,0.674896323856314,-0.02114229949890367,1.7783580952220492,5.002690580156115
39,3,2.258562035030789,1.0949902766280704,0.5,0.42873241476571494,0.5,0.44337486806671883,0.6861029481904317,-0.023235206459759405,1.761577910847134,4.973562571737501
39,4,2.386220004823473,1.0779651304086049,0.528169014084507,0.47767275987469243,0.528169014084507,0.48927805014496173,0.7037688359694673,-0.012561209269138729,1.8505690826310053,5.438814481099446
40,1,2.351028343041738,1.0647533668412104,0.5299295774647887,0.4692624914200268,0.5299295774647887,0.4778787698889249,0.7012100299898595,-0.019888393254681835,1.8609955840640597,5.3523365126715765
40,2,2.2715625829166837,1.0628419485357072,0.5299295774647887,0.4701847728528031,0.5299295774647887,0.4781167191089703,0.6950444488604198,-0.01645793186982525,1.8028581341107686,5.091910666889614
40,3,2.2710761494106717,1.116563661230935,0.49471830985915494,0.43583401032048297,0.49471830985915494,0.4510677137458528,0.678841478139371,-0.024451611513029547,1.7656062973870172,4.964938508139716
40,4,2.354295273621877,1.0522553126017253,0.5475352112676056,0.47766028424114865,0.5475352112676056,0.49480868467025996,0.7232809106375329,-0.020696756378995484,1.8484128250016107,5.392388330565558
41,1,2.3387639588779874,1.0689299901326497,0.5387323943661971,0.47217723594893757,0.5387323943661971,0.49052385723217157,0.7107205058658408,-0.02245587477022326,1.8408996131685045,5.301709731419881
41,2,2.246035191747877,1.0582278271516163,0.5563380281690141,0.4901944341840071,0.5563380281690141,0.48937543924593857,0.6950548727223335,-0.026602108370921806,1.783555507659912,5.017585423257616
41,3,2.240584466192457,1.063118080298106,0.5334507042253521,0.47949129805595,0.5334507042253521,0.4859757844306862,0.725169903485965,-0.04052868383371688,1.7730674081378512,4.988005903032091
41,4,2.348332146803538,1.0396748383839924,0.5563380281690141,0.509887764898678,0.5563380281690141,0.5159406255172043,0.7368896511054993,-0.011566345405003009,1.8558213777012296,5.401865720748901
42,1,2.3500969078805714,1.0743133293257818,0.5211267605633803,0.4554101122005445,0.5211267605633803,0.4774442975784789,0.6993517003612155,-0.017583922867135948,1.8468045724762812,5.326925171746148
42,2,2.266236576769087,1.0616217586729262,0.5528169014084507,0.49153617586746534,0.5528169014084507,0.5005193411747924,0.7201299568117108,-0.0019926147734883326,1.7962433298428853,5.077004273732503
42,3,2.2523469660017224,1.0608494844701555,0.5299295774647887,0.4919578220116746,0.5299295774647887,0.49064311964857893,0.7216917741413219,-0.023713790533012702,1.779703610473209,5.032507578531901
42,4,2.3408180607689753,1.0391263100836012,0.5545774647887324,0.5010387036836451,0.5545774647887324,0.5129978806770605,0.7337469560210872,-0.0308853990274347,1.8439014885160658,5.378098633554247
43,1,2.3639701339933605,1.0775796969731648,0.5334507042253521,0.47956364155597947,0.5334507042253521,0.5001819524102751,0.7186580463336568,-0.018667459485765647,1.8611727621820238,5.365547630521986
43,2,2.2429082658555775,1.0357252127594418,0.5563380281690141,0.5068679656580776,0.5563380281690141,0.509365541886555,0.7165840792777738,-0.014497241491363555,1.7907895644505818,5.059668633672926
43,3,2.2132176558176675,1.0305633942286174,0.5352112676056338,0.46440983611262354,0.5352112676056338,0.4766208882663635,0.7359724617919706,-0.03190551587833901,1.7677970793512132,4.972744067509969
43,4,2.3513656391037836,1.0391533838378058,0.5299295774647887,0.47272357120659264,0.5299295774647887,0.49239850811297986,0.7353565705118914,-0.01574403667775859,1.8479431404007807,5.413194047080146
44,1,2.325898395644294,1.0199410153759851,0.5757042253521126,0.5074385056488843,0.5757042253521126,0.5276577609200404,0.7366864378869485,-0.02630780039584857,1.8712171183692083,5.373132149378459
44,2,2.230752812491523,1.0230490565299988,0.5440140845070423,0.48701502053411755,0.5440140845070423,0.49903784602408774,0.7286687537973074,-0.006251121430021378,1.7859972914059956,5.048727909723918
44,3,2.2224338253339133,1.0479299790329404,0.5422535211267606,0.4683346028379256,0.5422535211267606,0.4896529991002086,0.7298768440041397,-0.022679093614497825,1.7679610186152988,4.9629427724414406
44,4,2.350276470184326,1.0078902608818479,0.5757042253521126,0.5304595033650499,0.5757042253521126,0.5314577128389568,0.7528591634626705,-0.021185959906640628,1.8636820514996846,5.482510844866435
45,1,2.3360394967926874,1.0375580257839627,0.5387323943661971,0.47725716200764295,0.5387323943661971,0.5007819395499522,0.7367496937350895,-0.043800275198742744,1.8621043960253398,5.365829441282484
45,2,2.2217196689711676,1.0071008602778118,0.579225352112676,0.5382127993567224,0.579225352112676,0.53778153276651,0.7517433972200473,-0.02005602047856092,1.7931804259618123,5.055830028322008
45,3,2.1884211566713123,0.9892621901300218,0.579225352112676,0.5185516810925729,0.579225352112676,0.5396317046715431,0.7589257179142882,-0.020664849431071053,1.7723490794499714,4.986458566453722
45,4,2.3281937109099493,1.008899254931344,0.545774647887324,0.49512577690009596,0.545774647887324,0.5132640396675902,0.7531441612646386,-0.02471357497428528,1.8548009660508897,5.40654722849528
46,1,2.30946292479833,1.0216622749964397,0.5704225352112676,0.5127096884074999,0.5704225352112676,0.5302362076931434,0.7386909822964477,-0.015973333521267064,1.8490456011560228,5.31433089574178
46,2,2.2520759105682373,1.0334493782785203,0.5580985915492958,0.5142861908904607,0.5580985915492958,0.5087488303549815,0.7250093243142978,-0.011896314855453172,1.7964780860477023,5.09553763601515
46,3,2.2271153728167215,1.055080533027649,0.5352112676056338,0.4872451676025025,0.5352112676056338,0.5032753724267213,0.7269243605722302,-0.020647682088266173,1.7703020440207586,4.961863252851698
46,4,2.334368732240465,1.0118548042244382,0.5545774647887324,0.4963274319296383,0.5545774647887324,0.5191625185269176,0.743155664097285,-0.024538968270419126,1.856167283323076,5.420234402020772
47,1,2.3111727635065713,1.0369284848372142,0.5580985915492958,0.4990242380207169,0.5580985915492958,0.5172830129004213,0.7393210361900082,-0.003242248856391239,1.8460469113455877,5.284409218364292
47,2,2.2216099434428744,1.011410848961936,0.5757042253521126,0.5240714354910333,0.5757042253521126,0.5376225241356396,0.7602082344666583,-0.036855166344608836,1.787845744027032,5.045407705836826
47,3,2.20771767033471,1.0223703847991095,0.5387323943661971,0.4769185578835254,0.5387323943661971,0.48797404381887505,0.7395364577018506,-0.026187345841947707,1.7694800827238295,4.9735278553432885
47,4,2.3292694687843323,1.0088501705063715,0.5721830985915493,0.5167688958305351,0.5721830985915493,0.5385608766725485,0.7521534965979605,-0.022600098187506745,1.851811905701955,5.4102475378248425
48,1,2.2980883055263095,1.0131275653839111,0.5563380281690141,0.5058575363888127,0.5563380281690141,0.5218659484427717,0.7515502263641473,-0.011196317941360778,1.8490858607821994,5.296329922146267
48,2,2.19736518462499,0.9796350962585874,0.5827464788732394,0.5225701636288318,0.5827464788732394,0.5275053011694122,0.7555840122803059,-0.02587704477757158,1.787980854511261,5.038735257254706
48,3,2.1980439490742154,1.0109590192635853,0.5440140845070423,0.47945214389787,0.5440140845070423,0.4969485084216968,0.7531941027882201,-0.013386859591543399,1.7699553900294833,4.967908687061733
48,4,2.3343735138575235,1.0350344710879855,0.545774647887324,0.48544854950599126,0.545774647887324,0.5022522144463855,0.7392162629914163,-0.013020376978522208,1.8454123006926642,5.366164326667786
49,1,2.2982074353430004,0.972241630156835,0.5845070422535211,0.5178598914749931,0.5845070422535211,0.5348527798353809,0.768395006050389,-0.0028136262598543738,1.8597679204410977,5.392127513885498
49,2,2.186625255478753,0.969237337509791,0.5809859154929577,0.5286856052409038,0.5809859154929577,0.5356691242709017,0.7671902354496098,-0.014682418141611198,1.7843220896191068,5.027196751700507
49,3,2.1950730284055076,1.0015987323390112,0.5721830985915493,0.5148014831591838,0.5721830985915493,0.5273494763083677,0.7546627592902218,-0.027176188410991342,1.768315487437778,4.9798463053173485
49,4,2.327469527721405,0.9980815185440911,0.573943661971831,0.5204759808853119,0.573943661971831,0.538792974109582,0.7594704525696768,-0.02679955651629018,1.8519638776779175,5.4293747080696955
50,1,2.277556207444933,0.9722742305861579,0.5897887323943662,0.531323911226746,0.5897887323943662,0.5559422159203536,0.7638009355817691,0.001277465192718985,1.8521672156121995,5.323213948143853
50,2,2.2125355468855963,1.0071891711817846,0.5686619718309859,0.5042762842446538,0.5686619718309859,0.5164810453562002,0.7545374455640736,-0.0067647731042288495,1.7796089582973056,5.02501032087538
50,3,2.1646891037623086,0.9696221186055077,0.579225352112676,0.5270807901195489,0.579225352112676,0.5442608276807243,0.7851827618813391,-0.009354869732096649,1.7615012923876445,4.953178511725532
50,4,2.315750002861023,0.9716377125846015,0.596830985915493,0.5483708144305208,0.596830985915493,0.5687727636641801,0.768108327430973,-0.030151534729901952,1.8588511215315924,5.452011757426792
51,1,2.2807593941688538,0.9821447763178084,0.5633802816901409,0.5001277344582999,0.5633802816901409,0.5239877033158733,0.7546940381221647,-0.011951988113336531,1.8505822685029771,5.31085999806722
51,2,2.1853603058391147,0.9474685788154602,0.6003521126760564,0.5487870864478336,0.6003521126760564,0.5595056067330013,0.775350113810986,-0.010439057024588916,1.7946050365765889,5.073774033122593
51,3,2.1571414271990457,0.9547371400727166,0.5845070422535211,0.523177410446232,0.5845070422535211,0.5459810987147462,0.7729651264953763,-0.02170399768899811,1.7767328884866502,4.962751282585992
51,4,2.312540610631307,0.9706530041164823,0.5827464788732394,0.5283677750951984,0.5827464788732394,0.549424885749592,0.7776064859242354,-0.012299008158228597,1.857417192724016,5.443611529138353
52,1,2.3140484425756664,1.0156822469499376,0.5651408450704225,0.5043927951269259,0.5651408450704225,0.5192515628511019,0.7439072756049211,-0.024409619164312613,1.855422510041131,5.343569344944424
52,2,2.215164542198181,0.9592513773176405,0.5862676056338029,0.53578519039136,0.5862676056338029,0.5421267879715356,0.7644041390070637,-0.020048683616458618,1.8053528401586745,5.145628386073643
52,3,2.1597736411624484,0.9435453712940216,0.5880281690140845,0.5377566633312154,0.5880281690140845,0.5557529907293794,0.7787010719172616,-0.028706340463734437,1.768601781792111,4.997639457384746
52,4,2.3045906755659313,0.9732321898142496,0.5915492957746479,0.5348635982343829,0.5915492957746479,0.5550388995886572,0.7810417037138793,-0.0349079220506483,1.8526822725931804,5.411093672116597
53,1,2.2343266208966575,0.9379848904079862,0.5774647887323944,0.511022713763069,0.5774647887323944,0.5371887329867565,0.7859418875051098,-0.014123335223854117,1.8392705983585782,5.259123815430535
53,2,2.1860368649164834,0.9681922727160983,0.596830985915493,0.5366489828292194,0.596830985915493,0.5550233237899315,0.7543405827226682,-0.0038283644777237225,1.7873313029607136,5.027673972977532
53,3,2.1149514582422047,0.9148334330982633,0.5897887323943662,0.5416211861674927,0.5897887323943662,0.5583821507737851,0.7990535815347407,0.005205751364118161,1.7589720024002924,4.9152266184488935
53,4,2.2664102911949158,0.9181701408492194,0.6073943661971831,0.5625896779922706,0.6073943661971831,0.5816113944634099,0.7941263992754712,-0.02085759056299863,1.8593218525250752,5.412303818596734
54,1,2.280877689520518,0.9536472923225827,0.6003521126760564,0.6128302049366662,0.6003521126760564,0.5567185557152722,0.7765167187186331,-0.033796241377988645,1.8698167535993788,5.377748409907023
54,2,2.1544287867016263,0.916104280286365,0.6109154929577465,0.5614959814395291,0.6109154929577465,0.5786327736142022,0.7960279011563607,0.006736751460006074,1.7833393944634333,5.04385240872701
54,3,2.1168197923236423,0.9145727919207679,0.596830985915493,0.5405030190952482,0.596830985915493,0.5630543186434087,0.7969674132626401,-0.025346204627542335,1.759329014354282,4.922062582439846
54,4,2.2400250103738575,0.9026205175452762,0.6179577464788732,0.5629216209803918,0.6179577464788732,0.5861100883743542,0.8103883785067254,-0.012239465809639194,1.8482735355695088,5.360635373327467
55,1,2.2611998187171087,0.9511963095929887,0.5827464788732394,0.5228867540445067,0.5827464788732394,0.5418980697442772,0.7851162129080174,-0.010249426940154516,1.8524063494470384,5.31787449783749
55,2,2.1507913337813482,0.9067792263295915,0.6285211267605634,0.6367088956030499,0.6285211267605634,0.5930050078555594,0.7899915792500841,-0.023071795520130056,1.7926948269208272,5.053486002816094
55,3,2.1795518663194446,0.9813746081458198,0.5757042253521126,0.5229690378558268,0.5757042253521126,0.5411087290229791,0.7623830820266477,-0.02195869868038569,1.773450685871972,4.97529853714837
55,4,2.265798204474979,0.9176193442609575,0.5880281690140845,0.5317735439148911,0.5880281690140845,0.5561454953154211,0.7913576581684894,-0.03287368631749277,1.851222938961453,5.41154866748386
56,1,2.212224053012,0.8915362623002794,0.6179577464788732,0.5587658124775581,0.6179577464788732,0.5784457238986589,0.8098371782149103,-0.01708022776015894,1.8440347181426153,5.293828686078389
56,2,2.1818393203947277,0.9527289337582059,0.5915492957746479,0.540848201292479,0.5915492957746479,0.5558204829063448,0.7737527899092685,-0.030847499651091903,1.7900782691107855,5.049763348367479
56,3,2.1171691748831005,0.899688657787111,0.6126760563380281,0.5609021777725174,0.6126760563380281,0.579511281595277,0.814499593159371,-0.006267687552985235,1.768950018617842,4.9579569233788385
56,4,2.2542593545383878,0.9152731696764628,0.6285211267605634,0.574047793596268,0.6285211267605634,0.5979514792769954,0.8003579726345811,-0.003163052652337406,1.8481944269604154,5.3785603576236305
57,1,2.24553202258216,0.9301160176595052,0.6003521126760564,0.5404724553526419,0.6003521126760564,0.564774563171906,0.7879219050347424,0.01143843013183421,1.8511069019635518,5.314835839801365
57,2,2.1443376342455545,0.9033394654591879,0.625,0.5718302217820814,0.625,0.5901381872586043,0.7994629535837705,-0.01825492667503359,1.781952632798089,5.0400000015894575
57,3,2.112773703204261,0.9025945034292009,0.6126760563380281,0.5691877078635308,0.6126760563380281,0.5840423130454978,0.8132408884117333,-0.01582319484702155,1.7587990959485371,4.936525026957194
57,4,2.2672525379392834,0.9141803317599826,0.6038732394366197,0.5667929307405052,0.6038732394366197,0.5797775751700784,0.7968035723982978,-0.03340418960739466,1.850244164466858,5.42442074086931
58,1,2.2265503075387745,0.8895364238156213,0.625,0.574409253356433,0.625,0.5959906092956915,0.8142267429651213,-0.013001023394813016,1.853543844487932,5.346249143282573
58,2,2.111548443635305,0.8597536649968889,0.6514084507042254,0.5949085588102897,0.6514084507042254,0.6182242572884694,0.8152232926951786,-0.01666463239726612,1.785445597436693,5.032402767075433
58,3,2.1202868024508157,0.9125110838148329,0.5915492957746479,0.5389095802196312,0.5915492957746479,0.5613570037067883,0.7992788119932426,-0.010963401552483099,1.762500822544098,4.938429991404216
58,4,2.249445762899187,0.8986482587125566,0.6214788732394366,0.5696701315286741,0.6214788732394366,0.5933087853158396,0.8092434911833569,-0.010478733512917726,1.8485946655273438,5.401306443744236
59,1,2.196359680758582,0.8507558438513014,0.6144366197183099,0.5536649742906079,0.6144366197183099,0.5781729410740591,0.8264346126865164,-0.02645505454893171,1.856257094277276,5.336101651191711
59,2,2.2014794614579944,0.9521866175863478,0.5845070422535211,0.5439507112168893,0.5845070422535211,0.5603805982520945,0.7816684785394226,-0.030123451340792196,1.8039454221725464,5.116495847702026
59,3,2.126024511125353,0.9140983356369866,0.5880281690140845,0.6003555907011373,0.5880281690140845,0.5544341647965065,0.804876022661259,-0.023527409306906666,1.7634447879261441,4.953852123684353
59,4,2.2526218957371182,0.8977207243442535,0.6109154929577465,0.561879761216267,0.6109154929577465,0.5740323466905853,0.809079003097767,-0.002459128575188263,1.8526374962594774,5.414057824346754
60,1,2.2381236619419522,0.8859535720613267,0.6003521126760564,0.5471406069203907,0.6003521126760564,0.566592832670011,0.8140596734742269,-0.02400620876607884,1.864806075890859,5.3931869400872126
60,2,2.101507047812144,0.8442556195788913,0.6302816901408451,0.5743449730089237,0.6302816901408451,0.5895942711435669,0.82409323556184,-0.007112004642462644,1.7850069602330525,5.035093492931789
60,3,2.0966010755962796,0.8708162109057108,0.6355633802816901,0.6225770292891063,0.6355633802816901,0.6008117641701822,0.8148169464225048,-0.005752513251582547,1.7620183494355943,4.956765598720974
60,4,2.22320059272978,0.8720881972048018,0.6355633802816901,0.5862173915331571,0.6355633802816901,0.607155432330004,0.818453966250057,-0.0035084631160073876,1.8440976209110684,5.375796066390143
61,1,2.181450711356269,0.8393590781423781,0.6426056338028169,0.6566602566048968,0.6426056338028169,0.615663507699015,0.8306350117211385,-0.0331514012459877,1.8521200683381822,5.312997659047444
61,2,2.1242529220051236,0.8658607635233138,0.6390845070422535,0.6128799140991874,0.6390845070422535,0.6033227801788001,0.8200876572901958,-0.005105376712796428,1.7929817703035142,5.060501138369243
61,3,2.053261068132189,0.8221258057488335,0.6302816901408451,0.5941595381204552,0.6302816901408451,0.5952151239643114,0.8485300682069271,-0.006295264666498879,1.7571185959710016,4.925909850332472
61,4,2.21848072608312,0.8486284249358707,0.6408450704225352,0.6367296937985952,0.6408450704225352,0.6247640877940296,0.8255124677336989,-0.01558055950884718,1.8543421824773152,5.414802445305718
62,1,2.2085041205088296,0.8806318839391073,0.6144366197183099,0.561383077879039,0.6144366197183099,0.5853053342428047,0.8196635129699908,-0.022101055075905096,1.8524577882554796,5.306872420840794
62,2,2.1347657243410745,0.8809458348486159,0.6566901408450704,0.636056659928721,0.6566901408450704,0.6231488593365307,0.8195912758364632,-0.020888129967478797,1.7892993953492906,5.060345305336846
62,3,2.090666499402788,0.877246273888482,0.6320422535211268,0.5831041087762707,0.6320422535211268,0.6033985737388636,0.8200784919414984,-0.03558312131760877,1.7592120965321858,4.921980182329814
62,4,2.226811693774329,0.8889746069908142,0.6056338028169014,0.6042017489522484,0.6056338028169014,0.5863940074641926,0.8187098231270511,-0.018302039195584596,1.8374295632044475,5.348431256082323
63,1,2.1958395507600574,0.8498004078865051,0.6338028169014085,0.5997063294359619,0.6338028169014085,0.6084007497840254,0.8278047869360323,-0.009144784288248164,1.8529007103708055,5.336597323417664
63,2,2.124914195802477,0.8870844509866502,0.6126760563380281,0.6208400390701756,0.6126760563380281,0.5882548018810199,0.8156391782991479,-0.014006085870660767,1.7822489208645291,5.013183448049757
63,3,2.095903992652893,0.8431559801101685,0.6461267605633803,0.6598603272305121,0.6461267605633803,0.6165011843827335,0.8238052510449694,-0.02978568682225302,1.7754677931467693,5.018982450167338
63,4,2.173472238911523,0.7981185019016266,0.6443661971830986,0.6430496140946106,0.6443661971830986,0.624155313811839,0.8475762242800242,-0.014693780753181507,1.8474735286500719,5.382630705833435
64,1,2.194808887110816,0.8667316171858046,0.647887323943662,0.6343142760715033,0.647887323943662,0.6243914133996719,0.8212505566498665,-0.005724849760933015,1.8462592363357544,5.2936555941899615
64,2,2.094659984111786,0.8342883123291863,0.6390845070422535,0.6201665488285751,0.6390845070422535,0.6196380907174196,0.8331606067470134,-0.009230056358645822,1.787742210759057,5.035527096854316
64,3,2.085278047455682,0.8681008319060007,0.6179577464788732,0.5978033732847169,0.6179577464788732,0.5808411571721864,0.8231261774978574,-0.019311288947484462,1.7607975337240431,4.925358030531141
64,4,2.2348214056756763,0.8580115636189779,0.6355633802816901,0.6232924455518922,0.6355633802816901,0.6183157954957151,0.8232147865030588,-0.014853303536120022,1.856782270802392,5.447377443313599
65,1,2.1966723203659058,0.8369703789552053,0.6373239436619719,0.6354432536132977,0.6373239436619719,0.6148919557585661,0.8296508210770395,-0.024822768927603045,1.8528820739852057,5.369309862454732
65,2,2.1273219452963934,0.8675325645340813,0.6390845070422535,0.6339355393185246,0.6390845070422535,0.6113652888621098,0.8226243559002611,-0.03616347734498526,1.7897843652301364,5.066830343670315
65,3,2.0393522249327765,0.8026410871081882,0.653169014084507,0.6372081390253006,0.653169014084507,0.6311101139400923,0.8416912210328755,-0.018726597491433905,1.7573090394337971,4.925011316935222
65,4,2.2033950554000006,0.8346959319379594,0.6320422535211268,0.5994410689816132,0.6320422535211268,0.6066241088419257,0.8295659889626288,-0.021832042691939835,1.849013500743442,5.397026141484578
66,1,2.1397853758600025,0.7765964302751753,0.6602112676056338,0.6417083308653999,0.6602112676056338,0.6402515651369198,0.858144085861993,-0.009956148824145528,1.8526509536637201,5.3205593427022295
66,2,2.088474611441294,0.8125827378696866,0.653169014084507,0.6467898934963162,0.653169014084507,0.6303919244546817,0.8401480634461173,-0.0055682257344797925,1.7875303957197402,5.065555519527859
66,3,2.0604166123602123,0.8327527211772071,0.6355633802816901,0.6401629602499553,0.6355633802816901,0.6163971772244144,0.8362764696594963,-0.0023897273351047854,1.7588454021347895,4.924965527322557
66,4,2.1911483075883655,0.8195086022218069,0.6496478873239436,0.6408420506337816,0.6496478873239436,0.6311231913271556,0.8361461232435689,-0.0100579734661288,1.8530868490537007,5.391640808847216
67,1,2.1534386939472623,0.7868635521994697,0.6672535211267606,0.6454904867803312,0.6672535211267606,0.6508686263925014,0.8562536435797303,-0.007407273493536426,1.8544883131980896,5.3421138525009155
67,2,2.0850208931499057,0.8165101673867967,0.6602112676056338,0.637815644245528,0.6602112676056338,0.6375542145244978,0.841711224663741,-0.017388652990046438,1.786449174086253,5.044879039128621
67,3,2.0859532025125294,0.87158845199479,0.6179577464788732,0.6120845225591656,0.6179577464788732,0.5987593203276094,0.8225673483020711,-0.010377926755014144,1.7545945578151279,4.91947082678477
67,4,2.218443989753723,0.8628514044814639,0.6232394366197183,0.6238992223220882,0.6232394366197183,0.6032434447498136,0.8260695774250406,-0.0016326692933192888,1.8432533476087782,5.381493091583252
68,1,2.1504228048854404,0.8117402195930481,0.6408450704225352,0.6223182655746914,0.6408450704225352,0.6173110726531092,0.8403952436403379,-0.011644376322309746,1.8426727652549744,5.274015347162883
68,2,2.0558614134788513,0.7489573856194814,0.6690140845070423,0.6578768360801158,0.6690140845070423,0.6406859826722398,0.859010519170427,-0.01562632689474408,1.7931663062837389,5.105303910043505
68,3,2.0349101490444608,0.7960583137141334,0.6443661971830986,0.629507637649256,0.6443661971830986,0.6208095584748976,0.8541108358845825,-0.040755398949430255,1.7574750847286649,4.925564209620158
68,4,2.16098854276869,0.8029783765474955,0.6390845070422535,0.6212467915601718,0.6390845070422535,0.6218943825303899,0.8413504056472125,0.0006691700417889024,1.8373052212927077,5.329678720898098
69,1,2.159549825721317,0.8289433717727661,0.6197183098591549,0.6221237513365782,0.6197183098591549,0.5991215527608964,0.8371008355763719,-0.014619023815622967,1.8405767281850178,5.26429804166158
69,2,2.0822438995043435,0.8260165320502387,0.6355633802816901,0.5987630177087382,0.6355633802816901,0.5976856491895235,0.8332480320517288,-0.018031593636168575,1.7798715101348028,5.013440979851617
69,3,2.02302262518141,0.780184934536616,0.6566901408450704,0.6358099895785716,0.6566901408450704,0.6316846062641248,0.8563302158065575,-0.006190497528641314,1.763292716609107,4.92297703689999
69,4,2.1755634215142994,0.7954253686798943,0.6654929577464789,0.6505137738866243,0.6654929577464789,0.6496805055658175,0.8479977785147993,-0.025709643239171687,1.8512373169263203,5.3958852953381005
70,1,2.1402739021513195,0.7901072170999315,0.6549295774647887,0.6515036503144245,0.6549295774647887,0.6374307870829894,0.850493333968876,-0.02791458338108499,1.8462358845604792,5.290662672784594
70,2,2.103873782687717,0.8224388824568855,0.6443661971830986,0.6286405437488055,0.6443661971830986,0.617492012641251,0.838795083406489,-0.01568912710758208,1.8092282281981573,5.093888243039449
70,3,2.0218534800741406,0.7841670347584618,0.6742957746478874,0.6542309123281359,0.6742957746478874,0.6510714234476015,0.858971675935503,-0.013517980329622148,1.7585061523649428,4.909788343641493
70,4,2.1604283584488764,0.7861605452166663,0.6742957746478874,0.6642421017140969,0.6742957746478874,0.6603944296314238,0.85100526608185,-0.016802278835316153,1.8442113863097296,5.367053098148769
71,1,2.1607863505681357,0.7963149646917979,0.6496478873239436,0.6426896655766756,0.6496478873239436,0.6184900461786667,0.8402523588940294,-0.006575514810212679,1.8548673457569547,5.344552755355835
71,2,2.040978643629286,0.7594303554958768,0.6725352112676056,0.6462688992519955,0.6725352112676056,0.6530907516154618,0.863630637010977,-0.020426468011280896,1.782511658138699,5.031257748603821
71,3,2.006394452518887,0.7216944479280047,0.6883802816901409,0.676990857712218,0.6883802816901409,0.6631268903222305,0.8750921281770304,-0.016692736794009733,1.7745208674006991,5.004027737511529
71,4,2.1619696484671698,0.781375613477495,0.6602112676056338,0.6511030638809158,0.6602112676056338,0.647432536585985,0.8507375257378054,-0.014503613177646812,1.8462465670373704,5.383355538050334
72,1,2.1267686221334667,0.7689937684271071,0.6408450704225352,0.6152928081975141,0.6408450704225352,0.6202116683045088,0.857292280319513,-0.007577958340134527,1.8458513220151265,5.294909768634373
72,2,2.0344554119639926,0.7456369002660116,0.6954225352112676,0.6821660754194926,0.6954225352112676,0.6814907002269396,0.8668018134292287,-0.036135611837595505,1.7819729579819574,5.041698455810547
72,3,2.022376630041334,0.7751378118991852,0.6602112676056338,0.6354485079953778,0.6602112676056338,0.6340248982492565,0.8662016499178069,0.003234149531155528,1.7623241941134136,4.932600312762791
72,4,2.1328145729170904,0.7561706966824002,0.6954225352112676,0.6812723159001871,0.6954225352112676,0.6793147814249514,0.8632353281243055,0.006976218658490629,1.838978926340739,5.3449833790461225
73,1,2.1177415914005704,0.7607597642474704,0.6742957746478874,0.6568349952005371,0.6742957746478874,0.6510469625600878,0.8443457911180079,-0.008637757294170711,1.848252256711324,5.2840323315726385
73,2,2.0795569949679904,0.8094958497418298,0.6426056338028169,0.6107553287055447,0.6426056338028169,0.6184247807532383,0.8473161312514471,-0.021173609627351153,1.7903033627404108,5.0430327786339655
73,3,2.034053133593665,0.7614769637584686,0.6408450704225352,0.6269642133584012,0.6408450704225352,0.616656145085378,0.8665894228986355,-0.03419980248227317,1.770391861597697,5.003397332297431
73,4,2.13086254729165,0.7246631648805406,0.6830985915492958,0.6735319958316323,0.6830985915492958,0.6696770317853064,0.8717377672351507,-0.02346785566933196,1.8526353504922655,5.411994126107958
74,1,2.0790448784828186,0.7082292387882868,0.6848591549295775,0.6665700795362336,0.6848591549295775,0.6693070617620741,0.8685559014400113,0.0061675427475789135,1.8432886004447937,5.277614514033
74,2,2.0140691068437366,0.7382520602809058,0.6795774647887324,0.6600297660057467,0.6795774647887324,0.6536359932251498,0.8658982170846578,-0.009487195065253085,1.779643800523546,4.990975326961941
74,3,2.0078762438562183,0.7660938335789574,0.6566901408450704,0.6412955049307804,0.6566901408450704,0.6318397126399468,0.858256414626358,-0.029676778071449084,1.7574799524413214,4.905368394321865
74,4,2.1195574204126992,0.7331099112828573,0.6672535211267606,0.6640823950760623,0.6672535211267606,0.6587279572937608,0.8713899864549717,-0.01772100221666606,1.8434964484638638,5.354601330227322
75,1,2.1333661874135337,0.7731632358498044,0.653169014084507,0.6330358940698955,0.653169014084507,0.6382307115332646,0.8428233246432175,-0.019536298133049135,1.8499689830674066,5.307172973950704
75,2,2.0339190430111356,0.7468406822946336,0.6795774647887324,0.6772385650803214,0.6795774647887324,0.6598896954671861,0.8654385933432253,0.005072566917751153,1.784946812523736,5.037101851569282
75,3,2.021566470464071,0.7649164663420783,0.6496478873239436,0.6269447010971585,0.6496478873239436,0.6247095029209733,0.8576396871987028,-0.0002558487094299622,1.764283001422882,4.953749669922723
75,4,2.1234211325645447,0.7311965111229155,0.670774647887324,0.6725287785999894,0.670774647887324,0.6591874901856887,0.8704681583782633,-0.019702350443908445,1.849244733651479,5.371945155991448
76,1,2.1199279692437916,0.745216988854938,0.670774647887324,0.6524325978030138,0.670774647887324,0.6578410096287822,0.8607884223984457,-0.032280614043185496,1.8497522407107883,5.327586783303155
76,2,2.009118696053823,0.7466091811656952,0.7059859154929577,0.7019357385012066,0.7059859154929577,0.6804125924231854,0.8696990321990413,0.0011432752344461283,1.7713079651196797,4.954974028799269
76,3,2.0305119819111295,0.75670768154992,0.6549295774647887,0.634393740460224,0.6549295774647887,0.6367029969915576,0.855988643671806,-0.024275784743109652,1.7763717373212178,5.002721852726406
76,4,2.121111578411526,0.706626801027192,0.6901408450704225,0.6947016278646243,0.6901408450704225,0.6760494018945167,0.8831302384168014,-0.009126529397142091,1.8538002239333258,5.421575864156087
77,1,2.0997613867123923,0.7291963828934563,0.6690140845070423,0.6576035481179761,0.6690140845070423,0.6534682925315535,0.8684530403894446,-0.01332752164716644,1.846830579969618,5.297746154997084
77,2,2.025489012400309,0.7278711332215203,0.6936619718309859,0.6758346872287211,0.6936619718309859,0.6780692060329881,0.8737755197101716,-0.00996509612124541,1.7886840767330594,5.053263823191325
77,3,1.9647769331932068,0.7166217234399583,0.6919014084507042,0.6795455846499239,0.6919014084507042,0.6747153669928804,0.8749371768723913,-0.014423299104477705,1.7505708667967055,4.877138945791456
77,4,2.167415281136831,0.7706245813104842,0.6584507042253521,0.6640105567030501,0.6584507042253521,0.6476078277954622,0.8682059881933305,-0.02351537970692763,1.8547957870695326,5.426593449380663
78,1,2.1245906286769443,0.7683559159437815,0.6549295774647887,0.6392932315452264,0.6549295774647887,0.6411844350636338,0.851630118337203,-0.006322267814460325,1.8437466621398926,5.289138118426005
78,2,2.0010411143302917,0.7108685854408476,0.7059859154929577,0.6790054472388228,0.7059859154929577,0.6784087577127551,0.8714139396018957,0.010614330387184956,1.7761035164197285,5.011443588468763
78,3,1.9476279815038045,0.6757757878965802,0.7024647887323944,0.7001014106670675,0.7024647887323944,0.6866440172636,0.8886592865440054,-0.011096385142519871,1.7515589661068387,4.915282991197374
78,4,2.11312562889523,0.7160917007260852,0.6919014084507042,0.6921896458621564,0.6919014084507042,0.6793523892641584,0.8810772883611719,-0.007392350250919666,1.8466128442022536,5.372871345943874
79,1,2.0941178335083857,0.7414849102497101,0.6672535211267606,0.6454345048055343,0.6672535211267606,0.653412072350844,0.8692689760265029,0.0032116881164026,1.8345495329962835,5.250261161062452
79,2,1.973887324333191,0.6874530265728632,0.6971830985915493,0.6727285986261667,0.6971830985915493,0.6805093013415546,0.875545200037695,-0.012793281853831218,1.7709557347827487,4.975567195150587
79,3,1.9683905045191448,0.7097362577915192,0.6830985915492958,0.6760534937777742,0.6830985915492958,0.6650318445327846,0.8753622431857593,0.0003263409850476906,1.7549334234661527,4.90525029765235
79,4,2.151207665602366,0.7411246514982648,0.676056338028169,0.6755635695048031,0.676056338028169,0.656883925970065,0.8711785707680803,-0.03262232203629889,1.8580855462286208,5.441401150491503
80,1,2.0681531031926474,0.6913436104853948,0.7112676056338029,0.7038606172077821,0.7112676056338029,0.6989895258148181,0.8837360282310591,-0.00989887561175995,1.8433677951494853,5.280708458688524
80,2,2.0055300725830927,0.7216581453879675,0.6813380281690141,0.6581491196961139,0.6813380281690141,0.6593560188009235,0.8707123279309159,-0.007457573379749949,1.7772016525268555,5.001231061087714
80,3,1.9731482333607144,0.7311379214127859,0.6813380281690141,0.6673898167525615,0.6813380281690141,0.6709532519723658,0.8737331215526041,0.0017866208571710729,1.748894174893697,4.871172176467048
80,4,2.122374859121111,0.7421027521292368,0.6848591549295775,0.6804407941925451,0.6848591549295775,0.6717702804658963,0.8663353932232944,-0.0019658473740651328,1.8412636386023626,5.343009657329983
81,1,2.1321927507718406,0.7634835425350401,0.6742957746478874,0.6531060334395881,0.6742957746478874,0.6572954205780377,0.8608290982409588,-0.03608408633435922,1.852941142188178,5.325847294595507
81,2,1.9746377997928195,0.6783200237486098,0.704225352112676,0.6913285720611382,0.704225352112676,0.686304463621159,0.8881580414223609,-0.01065525251209265,1.7781845662328932,4.999379091792637
81,3,1.9714489380518596,0.7188477118810018,0.6795774647887324,0.677315679909707,0.6795774647887324,0.6598018573436335,0.8771282639382437,0.009026507133524375,1.7520841625001695,4.894185013241238
81,4,2.1112670633527966,0.6903993851608701,0.7024647887323944,0.6985651059327902,0.7024647887323944,0.6958037102648862,0.8864946062915104,-0.02690710251413142,1.8548502789603338,5.426624735196431
82,1,2.0906664265526667,0.7154510054323409,0.6954225352112676,0.6796820520074511,0.6954225352112676,0.6785780417841533,0.8775339575809681,-0.0007718103741727322,1.8459491862191095,5.299502280023363
82,2,1.9987787670559354,0.6916176213158501,0.6936619718309859,0.6744747741476078,0.6936619718309859,0.6744701243154542,0.8775374266591713,0.00955266792337539,1.783161414994134,5.0488212373521595
82,3,1.9646475447548761,0.7149630089600881,0.6637323943661971,0.6427578235011986,0.6637323943661971,0.6406524477660466,0.867633027244554,-0.020957464181870167,1.7461032271385193,4.880577961603801
82,4,2.1047872768508062,0.6864244706100888,0.704225352112676,0.6884831717578197,0.704225352112676,0.6914093687294703,0.8929880320700583,-0.022278949158125005,1.850893669658237,5.4143003887600365
83,1,2.0848395691977606,0.6973028563790851,0.6778169014084507,0.6633223375819978,0.6778169014084507,0.6630961478283903,0.8715757425654418,0.0006938917341724471,1.8482088049252827,5.3224249548382225
83,2,1.9733938111199274,0.6698259678151872,0.7165492957746479,0.7126652497256197,0.7165492957746479,0.7031313877073709,0.8859464904266735,-0.013171071829199077,1.7842718892627292,5.015051894717747
83,3,1.9578551120228238,0.6849056697554059,0.6936619718309859,0.6854460595222952,0.6936619718309859,0.6844591198915912,0.8797221968638602,0.0003782701534120747,1.7631951305601332,4.9280703862508135
83,4,2.0800191362698874,0.6945789059003195,0.698943661971831,0.6940600015714932,0.698943661971831,0.6895888610006818,0.8862819242625843,0.010392552369530073,1.8286981847551134,5.312712934282091
84,1,2.0700246029429965,0.698965299460623,0.6901408450704225,0.6820361909424454,0.6901408450704225,0.6832484317691662,0.8745802393229393,-0.014360896263934553,1.8404532472292583,5.269162760840522
84,2,1.9566626416312323,0.6731711311472787,0.7024647887323944,0.6873838077407558,0.7024647887323944,0.689679704423163,0.8915721237744059,0.0030264371642162446,1.7693152228991191,4.951476063993242
84,3,1.9697768224610224,0.7163048932949702,0.6971830985915493,0.6846077630125454,0.6971830985915493,0.6852493422176367,0.8731935548865981,0.008779655943621623,1.7548072867923312,4.89454452196757
84,4,2.1312778923246594,0.7395284341441261,0.6742957746478874,0.6567400405670267,0.6742957746478874,0.6578352255947267,0.8752038301640994,-0.010682476653189887,1.8456266588634915,5.3786930375629005
85,1,2.0768175058894687,0.6905766361289554,0.704225352112676,0.6950727345937057,0.704225352112676,0.6973813195844313,0.8823391665161879,-0.017146330915180474,1.8407815827263727,5.311379313468933
85,2,1.9889855517281427,0.6918857213523653,0.7059859154929577,0.6880697231003696,0.7059859154929577,0.6826826179710562,0.8794742359680633,-0.018740320200299143,1.7781868113411798,5.015551646550496
85,3,1.9401307503382366,0.6791501906183031,0.7095070422535211,0.7005585046376459,0.7095070422535211,0.6988118202244422,0.8866635357277513,-0.0012565094624819029,1.7568512161572774,4.8824186192618475
85,4,2.0752058492766485,0.6702460845311483,0.7130281690140845,0.6953609355907132,0.7130281690140845,0.6972086293019052,0.8932576676238319,-0.018907073058392454,1.843023591571384,5.353445079591539
86,1,2.036622961362203,0.6584954940610461,0.721830985915493,0.7085586437060998,0.721830985915493,0.7063080723783537,0.8950910754628901,-0.01154262512359372,1.8334357142448425,5.252253532409668
86,2,1.9912781053119235,0.7221002048916287,0.6813380281690141,0.6711957673038562,0.6813380281690141,0.6715245946191865,0.869778341320637,-0.0055782024506880745,1.7711686227056715,4.952693065007527
86,3,1.9445678459273443,0.6517308602730433,0.7077464788732394,0.6869051116513741,0.7077464788732394,0.6894668191299973,0.8939815807505995,-0.01820606869689123,1.7707682715521917,4.961187296443516
86,4,2.101839628484514,0.6848279883464178,0.7007042253521126,0.6946302148125584,0.7007042253521126,0.6929311101907177,0.8889077464370339,-0.026547849658661304,1.8458087974124484,5.408199932840136
87,1,2.108382774723901,0.756674243344201,0.6672535211267606,0.6544204205654577,0.6672535211267606,0.6573952500955843,0.8600812456181356,-0.01574216845426668,1.8354644974072774,5.262369341320461
87,2,1.9839687214957342,0.6858581238322787,0.7059859154929577,0.6972278125330702,0.7059859154929577,0.695221116346616,0.8843634308367363,0.007606896291405318,1.7782362169689603,5.012893345620897
87,3,1.959712823232015,0.7001256313588884,0.7024647887323944,0.6909167992760716,0.7024647887323944,0.6924903856626976,0.8765671049985079,-0.024491420953071108,1.7529101106855605,4.898749404483372
87,4,2.0642669995625815,0.6389523479673598,0.7341549295774648,0.7447812863596522,0.7341549295774648,0.7257928887717667,0.9064606423954855,-0.014150884824483345,1.8422051668167114,5.390001005596584
88,1,2.072412888209025,0.713114427195655,0.6725352112676056,0.6639232241137211,0.6725352112676056,0.6639296906912034,0.8750055208768264,-0.01144629357584992,1.8318096465534635,5.2441090610292225
88,2,1.935134722126855,0.5952060189512041,0.7376760563380281,0.724168619350647,0.7376760563380281,0.7247246274043029,0.9105452495849282,-0.021937462915141204,1.7861709131134882,5.061634805467394
88,3,1.954723272058699,0.7155369321505228,0.6936619718309859,0.677523374236122,0.6936619718309859,0.6807877726006417,0.8733440326761044,0.0004002347689903152,1.7462150785658095,4.8461578951941595
88,4,2.0650513900650873,0.644739160935084,0.7253521126760564,0.7173869717006588,0.7253521126760564,0.7113290528455379,0.8976432000664457,-0.022488418771213325,1.8464787403742473,5.379113064871894
89,1,2.0871170361836753,0.6992793199088838,0.704225352112676,0.692947666603952,0.704225352112676,0.6943578848149569,0.8790910023567813,-0.010952880303524148,1.8529223932160273,5.325404736730787
89,2,1.954952895641327,0.6458416101005342,0.7112676056338029,0.6935243976844281,0.7112676056338029,0.6911307530291702,0.8964932659196632,0.0029609987374233926,1.775007685025533,5.0095457500881615
89,3,1.8900234301884968,0.6309647924370236,0.7059859154929577,0.6905020725560309,0.7059859154929577,0.6935509291397562,0.8977933724387512,-0.005097990621830251,1.7412614888615079,4.827826791339451
89,4,2.06609610054228,0.6587772270043691,0.7200704225352113,0.7161748854329268,0.7200704225352113,0.7119462620562188,0.8947300621550872,-0.00552333679023187,1.8366950286759272,5.349839939011468
90,1,2.0536378820737204,0.6733979913923476,0.6971830985915493,0.6890256831948058,0.6971830985915493,0.6896547227037768,0.8879934274892526,-0.007503194590151807,1.8478923307524786,5.274197406238979
90,2,1.9538909263081021,0.6366489032904307,0.7288732394366197,0.7160126675971746,0.7288732394366197,0.716781890940384,0.9004431538709425,-0.00789383992275594,1.7789471083217197,5.027455435858832
90,3,1.8987296091185675,0.6095390948984358,0.721830985915493,0.7069506462852522,0.721830985915493,0.7072337294240623,0.9114849659464082,-0.012464593755918685,1.7551877829763625,4.906840602556865
90,4,2.069239225652483,0.6651172902848985,0.7288732394366197,0.7299514125099513,0.7288732394366197,0.7223793906854777,0.8993809796078898,-0.002883953482242463,1.8382020658916898,5.345523635546367
91,1,2.017337183157603,0.6413370139069028,0.6954225352112676,0.6823679839253773,0.6954225352112676,0.6870789406480549,0.8937164127265135,-0.004482121094660396,1.8366353511810303,5.228003991974725
91,2,1.9394632312986586,0.6254914055267969,0.7359154929577465,0.7255858228268409,0.7359154929577465,0.7261799986132366,0.9006651429273511,-0.006362994028866531,1.7830951809883118,5.005397266811794
91,3,1.9343526562054951,0.647153283158938,0.7147887323943662,0.7111852402989799,0.7147887323943662,0.702221328751021,0.8975098018807608,-0.01724348721062441,1.7592323554886713,4.9378177589840355
91,4,2.0570304526223078,0.6561251829067866,0.7077464788732394,0.702656474594337,0.7077464788732394,0.7020951723856653,0.8950521286061726,-0.017937670268916905,1.83498701122072,5.32580926683214
92,1,2.055528587765164,0.6854512112008201,0.7077464788732394,0.706144531153346,0.7077464788732394,0.7010225575394188,0.8761979032338898,-0.0037283323915555666,1.836104114850362,5.252375695440504
92,2,1.9634359545177884,0.6609442598289914,0.6848591549295775,0.671668233596541,0.6848591549295775,0.6712918026775749,0.885941661764617,-0.00755551707277391,1.7796282304657831,5.002583132849799
92,3,1.9161018994119432,0.6438772363795174,0.7200704225352113,0.7138787400473899,0.7200704225352113,0.7122753891006038,0.8981227723520055,-0.013272242310818028,1.7508520417743259,4.884625964694553
92,4,2.0678180191251965,0.628715854552057,0.7130281690140845,0.7068255293298645,0.7130281690140845,0.7035959509399136,0.9053382458729566,-0.02570591154843238,1.854952381716834,5.425722824202643
93,1,2.0355847014321222,0.6172717610994974,0.7411971830985915,0.7282750593410005,0.7411971830985915,0.728726196515296,0.9059135183121869,-0.008987615487141332,1.8554496698909335,5.344981392224629
93,2,1.9253707726796467,0.6211797330114577,0.7464788732394366,0.7395402063555295,0.7464788732394366,0.7374322693267007,0.9012492391992204,-0.013898851537991863,1.7669421434402466,4.968483063909742
93,3,1.8729934957292345,0.591991717616717,0.7552816901408451,0.7469997731751696,0.7552816901408451,0.7486262263646838,0.9149739124873941,-0.004234249021867642,1.7406896617677476,4.861997458669874
93,4,2.0398957199520535,0.6234033488565021,0.7095070422535211,0.7102795775901711,0.7095070422535211,0.70473259677355,0.902932821611374,0.0006685612586766476,1.836331354247199,5.345044294993083
94,1,2.0256521039538913,0.6445422967274984,0.6936619718309859,0.6780620536405244,0.6936619718309859,0.679506568503479,0.898502590790009,-0.018922650849811262,1.8340741793314617,5.248241358333164
94,2,1.9062979022661846,0.601023996869723,0.7429577464788732,0.7366073135284305,0.7429577464788732,0.7359544340555578,0.9051206828336369,0.015536120263206943,1.7744904822773404,4.951936841011047
94,3,1.8916667567359076,0.6057634270853467,0.7183098591549296,0.7079111822501829,0.7183098591549296,0.708684935855907,0.9000627939027579,-0.02806236314113497,1.753149727980296,4.892107672161526
94,4,2.082974294821421,0.6747944669591056,0.6936619718309859,0.6815813274441831,0.6936619718309859,0.6823272586601765,0.8924351670819746,-0.008321545967108213,1.8433396485116746,5.368727021747166
95,1,2.0592358907063804,0.6691914896170298,0.7200704225352113,0.7124478899541037,0.7200704225352113,0.7095241087927139,0.8883956745490188,-0.008640884629760093,1.8435071309407551,5.302672664324443
95,2,2.011256900098589,0.6976326604684194,0.7059859154929577,0.6996037666678034,0.7059859154929577,0.6956186964393514,0.884618572109258,-0.01177524003674768,1.782407025496165,5.076379908455743
95,3,1.9439907007747226,0.6777477198176913,0.7165492957746479,0.7097808125238717,0.7165492957746479,0.7060810987806407,0.8918597937330206,0.013578447900165047,1.7508116563161213,4.898557517263624
95,4,2.0526971552107067,0.6457637300093969,0.7288732394366197,0.7203701558767812,0.7288732394366197,0.7207205084664918,0.8981492865969065,-0.01066351958350209,1.8334942724969652,5.335541592703925
96,1,2.030027296808031,0.6182066880994372,0.7306338028169014,0.7258366730898957,0.7306338028169014,0.722062381395235,0.9059954265788411,-0.032859724839389814,1.8464755217234294,5.324275175730388
96,2,1.9461844099892511,0.6235054615471098,0.7165492957746479,0.7019536427912337,0.7165492957746479,0.7066966803103212,0.8987914229075662,-0.004694893535070577,1.7824667758411832,5.032435059547424
96,3,1.921934598022037,0.6490010917186737,0.7200704225352113,0.7152866766519893,0.7200704225352113,0.7107887268626434,0.90316345773752,-0.005704840980339521,1.745622581905789,4.892112612724304
96,4,2.048666477203369,0.6360521846347384,0.7059859154929577,0.7074677358887084,0.7059859154929577,0.702653266589331,0.8999231307497462,-0.0059111664168987055,1.8403334418932598,5.344766391648187
97,1,2.0135588579707675,0.6273867007758882,0.721830985915493,0.7165443635760712,0.721830985915493,0.7177742549502578,0.9044479627565998,-0.0037092655198265323,1.837518831094106,5.247960329055786
97,2,1.9370741777949863,0.6505160166157616,0.7253521126760564,0.7149672998504518,0.7253521126760564,0.7156214996109074,0.9038525515252551,0.01360222088326657,1.7607894738515217,4.939043111271328
97,3,1.9196016589800518,0.6430243336492114,0.7077464788732394,0.7037359551509873,0.7077464788732394,0.6967105959955792,0.8938518965590819,-0.0045186700539099345,1.7521320978800456,4.898281971613566
97,4,2.0186186366611056,0.594830185174942,0.7341549295774648,0.7268866780251504,0.7341549295774648,0.7261626928017719,0.9171641271030209,-0.00958324333711369,1.8370298080974155,5.340791357888116
98,1,2.00596551100413,0.600085457166036,0.7253521126760564,0.7190101642986548,0.7253521126760564,0.7203954442538003,0.9046390128586261,-0.005763570056296796,1.8397059904204474,5.28635221057468
98,2,1.947656253973643,0.6401739219824473,0.7323943661971831,0.7242134708722828,0.7323943661971831,0.7242976770191131,0.8947541908790321,-0.008107764175718124,1.7808625962999132,4.998448292414348
98,3,1.9106914930873447,0.6265238225460052,0.7253521126760564,0.7178400742011272,0.7253521126760564,0.7173993671263043,0.9002210037214277,0.003323511516885924,1.762518670823839,4.907082623905605
98,4,2.051291459136539,0.6589098076025645,0.7165492957746479,0.7187759301503017,0.7165492957746479,0.7127044551917063,0.9023200784628453,0.004301273419645257,1.827214823828803,5.300181865692139
99,1,2.020453049076928,0.636594315369924,0.7235915492957746,0.717788762374292,0.7235915492957746,0.7153071794175228,0.8995966829441078,-0.004013829891538867,1.8358283307817247,5.249456538094415
99,2,1.895129726992713,0.58847862150934,0.7359154929577465,0.7279430180434245,0.7359154929577465,0.7190305622677933,0.9078366147276736,0.004134501902876231,1.7703298264079623,4.943982164065043
99,3,1.937285754415724,0.6307253407107459,0.698943661971831,0.6846710077768997,0.698943661971831,0.6877604781870238,0.9035213712841401,-0.014831702163188076,1.7706255515416462,4.985926495658027
99,4,2.076083858807882,0.6665721866819594,0.6901408450704225,0.6838012158479418,0.6901408450704225,0.6851540649903403,0.8906643540511118,-0.01583972729568739,1.8386591143078275,5.36494419309828
100,1,1.9980600542492337,0.611668724152777,0.7200704225352113,0.717959616783997,0.7200704225352113,0.71050270785944,0.896270955135875,0.005128555705177673,1.8360709614223905,5.232973085509406
100,2,1.9174258642726474,0.5941641678412756,0.7394366197183099,0.7255874266225849,0.7394366197183099,0.7271205832891535,0.9109489564789656,-0.005911612512357278,1.7748310897085402,5.005036234855652
100,3,1.9467801451683044,0.6735043459468417,0.698943661971831,0.693285162266536,0.698943661971831,0.6880180490836834,0.8952047141204552,-0.02324105590588288,1.7469771835539076,4.917756703164843
100,4,2.037710852093167,0.6079916689130995,0.7447183098591549,0.7362240158440314,0.7447183098591549,0.7391236066694351,0.9093846214486005,-0.011460629125704447,1.8323652744293213,5.3737221823798285
101,1,2.0291301806767783,0.6274762335750792,0.7147887323943662,0.7026807458168034,0.7147887323943662,0.7067566496420659,0.9029987679004561,-0.019563613985833506,1.8413044214248657,5.299655887815687
101,2,1.9190106921725802,0.5924787273009618,0.7394366197183099,0.7259583268515033,0.7394366197183099,0.7287147478163193,0.912301078582382,-0.01685336447453345,1.777964837021298,5.014251867930095
101,3,1.921010262436337,0.6396379768848419,0.7077464788732394,0.7010021924457848,0.7077464788732394,0.6954783775050383,0.9038612854935504,-0.009181485714421456,1.753752847512563,4.910878817240397
101,4,2.0387989348835416,0.63929097685549,0.7165492957746479,0.7118292672826136,0.7165492957746479,0.7105078103143964,0.9031879186473759,-0.0066078620946044,1.8265139725473192,5.304317315419515
102,1,1.9863824115859137,0.5969345784849591,0.7376760563380281,0.7285901096961734,0.7376760563380281,0.7298500212291111,0.9086135924607643,-0.008628834880491487,1.8360707230038114,5.2284270657433405
102,2,1.9027566379970975,0.5802418738603592,0.7411971830985915,0.72524555007733,0.7411971830985915,0.729204234862614,0.9138832310388872,-0.005948813225489236,1.7766082882881165,4.988624188635084
102,3,1.8539664612876043,0.5555828048123254,0.7447183098591549,0.7524461303260175,0.7447183098591549,0.7372209600268236,0.9199434139958115,-0.002059494088860081,1.7470849421289232,4.8835281531016035
102,4,2.0015424887339273,0.5904428760210673,0.7235915492957746,0.7087483877930143,0.7235915492957746,0.709574530877933,0.9094752950589091,0.0003433724568125962,1.8326667944590251,5.294107993443807
103,1,2.0289914939138622,0.6374742504623201,0.7059859154929577,0.6953854204683683,0.7059859154929577,0.6956894244780893,0.8933758695022789,-0.0017101436218787125,1.8394029405381944,5.275864866044786
103,2,1.9127398596869574,0.602417916059494,0.7411971830985915,0.7363220371421376,0.7411971830985915,0.7338688406315662,0.9032944353169983,0.011022703931208078,1.7706350551711187,4.970157504081726
103,3,1.8673971891403198,0.5795365191168256,0.7447183098591549,0.7457340195016251,0.7447183098591549,0.7392826840219914,0.9126627247534195,-0.025979777379314672,1.7406869067086115,4.872405290603638
103,4,2.0298608011669583,0.6035401125748953,0.7253521126760564,0.7173050949022153,0.7253521126760564,0.7186365305653603,0.9089035326707415,0.0029208566085845433,1.8386331531736586,5.357942342758179
104,1,2.0361718601650662,0.6456730448537402,0.7235915492957746,0.7126429478250706,0.7235915492957746,0.7143529825846288,0.9002245882212089,-0.006449483956560753,1.8340104752116733,5.28066881497701
104,2,1.9315989481078253,0.5980017781257629,0.7341549295774648,0.7219530441859995,0.7341549295774648,0.7221439360151434,0.909763372293372,-0.020708002114440793,1.7804304030206468,5.043325477176243
104,3,1.88408186700609,0.6133521778715981,0.7359154929577465,0.7288416342481048,0.7359154929577465,0.7290767098372873,0.905115815010052,-0.017183139204412612,1.7388961447609796,4.849117596944173
104,4,2.0360334051979914,0.5665336069133546,0.7464788732394366,0.745345444063802,0.7464788732394366,0.7326305545904603,0.9153039262109159,-0.040757083533544236,1.8583811389075384,5.464866015646193
105,1,1.9775659905539618,0.6025514271524217,0.7411971830985915,0.7304899581596089,0.7411971830985915,0.7286457152512956,0.9078967824620457,0.011275731165249048,1.822809060414632,5.185933007134332
105,2,1.9236412710613675,0.5992919223176109,0.7411971830985915,0.7358757655955063,0.7411971830985915,0.7354626827153581,0.9110378537349162,-0.01336026837537374,1.7824798027674358,5.013789547814263
105,3,1.8762788971265156,0.589873860279719,0.7411971830985915,0.7291063672588114,0.7411971830985915,0.7320736213425351,0.9140791900133055,-0.008536973783192625,1.7509049375851948,4.877890401416355
105,4,1.9925238953696356,0.5757312344180213,0.7376760563380281,0.7276301718333089,0.7376760563380281,0.7299971770991355,0.9175610563616214,0.007647136118036468,1.8281811475753784,5.298373222351074
106,1,2.0091947317123413,0.6128271023432413,0.7411971830985915,0.7385993500390775,0.7411971830985915,0.737716720883907,0.9042158247637422,-0.021808859867196606,1.8378507163789537,5.267385721206665
106,2,1.898428009616004,0.5988922433720695,0.7429577464788732,0.7296176493983317,0.7429577464788732,0.7315353432223697,0.8976467306027053,-0.004156456446759327,1.7617131140496995,4.930677930514018
106,3,1.8663703004519145,0.5609961880577935,0.7605633802816901,0.7548282116944088,0.7605633802816901,0.7479649772471614,0.92251408740412,-0.011002377207338876,1.7541758881674872,4.9122431013319225
106,4,2.0491551094584994,0.6372659537527297,0.721830985915493,0.7099381098835333,0.721830985915493,0.7093760286348553,0.8983246174787505,-0.009018941146576642,1.8373942772547405,5.343562947379218
107,1,1.973065561718411,0.5773055768675275,0.7464788732394366,0.7429585191521106,0.7464788732394366,0.7412323287300764,0.9132894963613092,-0.016712882273749896,1.8355443676312764,5.229838649431865
107,2,1.876566661728753,0.5629374202754762,0.7535211267605634,0.7453323779574291,0.7535211267605634,0.7449121564060499,0.9187992344246945,0.001980468848313377,1.7627695600191753,4.941701398955451
107,3,1.8948388364579942,0.6257061229811774,0.7130281690140845,0.7021218674791486,0.7130281690140845,0.7049113160410584,0.9059531793118359,0.0031752832451977797,1.7445160746574402,4.856148335668776
107,4,2.0059865381982593,0.5655643244584402,0.7588028169014085,0.7628642278537552,0.7588028169014085,0.7525315117709839,0.921611429854374,-0.016996493320159622,1.8413842850261264,5.366971532503764
108,1,1.9982084764374628,0.6151573956012726,0.7288732394366197,0.7232776098213647,0.7288732394366197,0.7243559614940662,0.9046357899491431,0.009667872110690978,1.830622096856435,5.225327571233113
108,2,1.8931904766294692,0.5379420104953978,0.7640845070422535,0.7582266749080504,0.7640845070422535,0.7576914976207445,0.9213550435810314,-0.019923219963542627,1.7836325102382236,5.055436809857686
108,3,1.858259638150533,0.5739751987987094,0.7605633802816901,0.7564981096015373,0.7605633802816901,0.7510360521371562,0.9165335592229287,-0.008693295397722567,1.743205037381914,4.854923182063633
108,4,2.0426699188020496,0.639677827556928,0.7429577464788732,0.7440040511144681,0.7429577464788732,0.7405872806418498,0.9063199291261677,0.010566078108544597,1.8370100723372564,5.31631792916192
109,1,2.0354371269543967,0.6415805766979853,0.7200704225352113,0.7083891151355146,0.7200704225352113,0.712404823500693,0.8966355625539673,-0.011886830195323661,1.8341781497001648,5.287768893771702
109,2,1.9302062922053866,0.6041131913661957,0.7235915492957746,0.7110163768638322,0.7235915492957746,0.7118006259696126,0.9121107646780154,-0.0287668617883865,1.7862425843874614,5.024423400561015
109,3,1.9162311024136014,0.6215376208225886,0.7024647887323944,0.6930276432419727,0.7024647887323944,0.6939430141454789,0.9017239413205228,-0.011777287325980046,1.7630672852198284,4.937182333734301
109,4,1.9906499187151592,0.549727534254392,0.7764084507042254,0.7730226242989277,0.7764084507042254,0.7705349553409165,0.9252260721597557,-0.005304317326003671,1.8411225345399644,5.352801985210842
110,1,1.973477496041192,0.5792368004719416,0.7411971830985915,0.7265086330638921,0.7411971830985915,0.7296113256147503,0.9088758567822808,-0.016195616930605672,1.835704551802741,5.226705657111274
110,2,1.8642153408792284,0.5520041055149503,0.7411971830985915,0.7346122242849666,0.7411971830985915,0.7366102052920334,0.9235294627526645,0.008479916370643825,1.7637853489981756,4.9260413779152765
110,3,1.8868328928947449,0.6111468192603853,0.7253521126760564,0.7169303106610024,0.7253521126760564,0.7187065643411285,0.9030775104298318,0.01043038933844287,1.7520319024721782,4.863433599472046
110,4,2.0026922821998596,0.561752673652437,0.7693661971830986,0.7669039635459991,0.7693661971830986,0.7612780283351295,0.927469822376453,-0.01138589557417169,1.8382249275843303,5.364884482489692
111,1,1.9953696992662218,0.5859367185168796,0.7411971830985915,0.7299275242900094,0.7411971830985915,0.7330520468655561,0.9140588053071448,6.87512925506839e-05,1.8474514947997198,5.2840465439690485
111,2,1.9320154984792073,0.5895001689592997,0.7394366197183099,0.734138223674812,0.7394366197183099,0.7337949152556756,0.9144426522812417,-0.02872050729124065,1.7874224583307903,5.064551168017918
111,3,1.8899116383658514,0.5804347809818056,0.7394366197183099,0.7354274310914027,0.7394366197183099,0.7336603726413913,0.9192596203541089,0.0004485147604781359,1.759572399987115,4.945357296201918
111,4,1.9873122506671481,0.5576805886295106,0.778169014084507,0.7770596995319378,0.778169014084507,0.7712728885070864,0.9269568302567849,-0.0010031778422245896,1.833446482817332,5.323119282722473
112,1,1.954445673359765,0.5591434985399246,0.7411971830985915,0.7293454362678058,0.7411971830985915,0.7339564319184919,0.9149873991154007,-0.007114446934006757,1.832807223002116,5.210150625970629
112,2,1.9100375440385606,0.5740363399187723,0.75,0.7413238706217165,0.75,0.7434587054851423,0.9133859770741772,0.003609112593915942,1.781932446691725,5.027373578813341
112,3,1.8931404683325026,0.55092853307724,0.7552816901408451,0.7477346778310395,0.7552816901408451,0.7503773587352137,0.9201511319529992,-0.030845128326174143,1.7920202612876892,5.024968120786879
112,4,2.034515857696533,0.6283164338933097,0.7306338028169014,0.7261110996535226,0.7306338028169014,0.725290050843575,0.9078126141458809,0.008003324985839888,1.826483302646213,5.3156476153267755
113,1,1.9923820760515,0.604767287770907,0.7306338028169014,0.7221884552134642,0.7306338028169014,0.7224178266397734,0.9055464724354465,-0.00657411124883045,1.8401212692260742,5.2301497724321155
113,2,1.8895165390438504,0.573185952173339,0.7535211267605634,0.7376093512913511,0.7535211267605634,0.7423135405839419,0.9146358541157829,-0.005739850305797933,1.7654275430573358,4.960954401228163
113,3,1.8353481226497226,0.5462759998109605,0.7588028169014085,0.758101332937237,0.7588028169014085,0.7489377851774671,0.926665927831777,0.008018661191146248,1.748352328936259,4.843182961146037
113,4,2.0168609817822776,0.5928085313902961,0.7411971830985915,0.7403813662962648,0.7411971830985915,0.73191508613791,0.9117356611074006,-0.007393389641331627,1.8355501294136047,5.33964987595876
114,1,1.981818311744266,0.5680075155364143,0.7464788732394366,0.748385022567249,0.7464788732394366,0.7434769741699334,0.9182363218152396,-0.0025454951112779955,1.839603304862976,5.280710048145718
114,2,1.891064829296536,0.5920852604839537,0.7482394366197183,0.740823170481632,0.7482394366197183,0.74352826836327,0.9083148752667458,0.014694216193787413,1.7623853484789531,4.922016991509332
114,3,1.845427519745297,0.5350596076912351,0.7658450704225352,0.7660462409110139,0.7658450704225352,0.7591827394044187,0.9206626798497766,0.0002074261821268797,1.7532921234766643,4.902952498859829
114,4,1.9573333462079365,0.523788387576739,0.7605633802816901,0.7573826090120561,0.7605633802816901,0.7552574169070218,0.9296120580332256,0.008873968140119426,1.8348554770151775,5.302271419101292
115,1,2.0079156491491528,0.5998961710267596,0.7323943661971831,0.7254700392009615,0.7323943661971831,0.7258087000848574,0.9116208998396931,-0.010475199950160663,1.848551677332984,5.293294376797146
115,2,1.8409080240461562,0.5172809660434723,0.7588028169014085,0.7534018293261251,0.7588028169014085,0.753124636793001,0.9242106373439706,0.010976791013747045,1.7611112395922344,4.929371012581719
115,3,1.833830197652181,0.526968777179718,0.772887323943662,0.7686131215246833,0.772887323943662,0.7666317211227284,0.9288620497091985,-0.014405565427600742,1.7448612054189045,4.883173253801134
115,4,1.99650549226337,0.5690066052807702,0.7323943661971831,0.7306589522538256,0.7323943661971831,0.7281727028329718,0.9190329845779813,0.00012792547491857764,1.8335725400182936,5.3273360464307995
116,1,1.9307771258884006,0.5315651264455583,0.7552816901408451,0.7498750022948798,0.7552816901408451,0.7506139412431841,0.9234226865722862,0.003347703545982794,1.8249293102158441,5.195604920387268
116,2,1.8613653249210782,0.5602284901671939,0.7570422535211268,0.7520456019580591,0.7570422535211268,0.751302603211341,0.9188024458450941,0.010018460429640275,1.7568884756830003,4.897351132498847
116,3,1.882923384507497,0.5868799255953895,0.7394366197183099,0.7326163786531049,0.7394366197183099,0.7306909689411221,0.9075948340192131,-0.022271784052619648,1.748937600188785,4.9070245954725475
116,4,2.005504290262858,0.6207371486557854,0.7482394366197183,0.7456271459641407,0.7482394366197183,0.7425129700175134,0.9098607654892131,0.025055064837253727,1.8199387788772583,5.236627446280585
117,1,2.0110218392478094,0.6206657224231296,0.7077464788732394,0.6997031956002512,0.7077464788732394,0.6964628572773323,0.9010472731114254,0.0029073903756243746,1.840997450881534,5.255185789532131
117,2,1.896168741914961,0.5770875828133689,0.7447183098591549,0.7289651196545578,0.7447183098591549,0.7314943662049481,0.9114277114753045,-0.01238383472662119,1.7769751813676622,4.97402466668023
117,3,1.8306372960408528,0.5389212916294733,0.7746478873239436,0.7752108028581087,0.7746478873239436,0.7679179465198606,0.9237491910051134,-0.003193205914335362,1.7424799866146512,4.844641102684869
117,4,1.943201608128018,0.517048211561309,0.7676056338028169,0.7650840572123768,0.7676056338028169,0.7612710169239681,0.9292373130746721,0.00357635960768643,1.821015351348453,5.270892673068577
118,1,1.9686151478025649,0.6093377239174314,0.7429577464788732,0.7351840474010484,0.7429577464788732,0.7381680155241428,0.9051511838081757,0.018187200137424253,1.8120781117015414,5.14026231235928
118,2,1.8773177199893527,0.554955350028144,0.7588028169014085,0.7440348271804462,0.7588028169014085,0.7466023769643009,0.9195817733699776,-0.006827197658776596,1.764428973197937,4.962829669316609
118,3,1.8601363897323608,0.5875686705112457,0.7394366197183099,0.7344510122930623,0.7394366197183099,0.7303024178231101,0.9114017178193508,0.012364178552133565,1.7305535342958238,4.829460978507996
118,4,1.9635390506850348,0.5396088113387426,0.7605633802816901,0.7508468263324011,0.7605633802816901,0.745040409447001,0.9281138397186743,0.005984865474822354,1.8157733546362982,5.28604273001353
119,1,1.9628619750340779,0.5504216634564929,0.7517605633802817,0.7411515368808596,0.7517605633802817,0.7443552116655624,0.9188711419150992,-0.008586697249232778,1.8343681361940172,5.258555862638685
119,2,1.8732275896602206,0.5413586050271988,0.7640845070422535,0.7650377560933961,0.7640845070422535,0.75921602035631,0.9201332529879876,-0.011383599142520184,1.7709649867481656,4.980921665827434
119,3,1.8473082251018949,0.5485377477275001,0.75,0.7426604767493852,0.75,0.7411492949938506,0.9225190530396321,0.009448038857659324,1.744995911916097,4.877772516674465
119,4,1.972678303718567,0.5143033199840121,0.7816901408450704,0.7782737142552284,0.7816901408450704,0.7737233049624445,0.9266915294705881,-0.004347079084919159,1.8378737767537434,5.3755530913670855
120,1,1.973584983083937,0.5608859260876974,0.75,0.7505687477483716,0.75,0.746654054462722,0.9194032944989818,0.01046535821743555,1.83872871266471,5.269882573021783
120,2,1.8523874150382147,0.5093295656972461,0.7640845070422535,0.7584275530157067,0.7640845070422535,0.7592905305228048,0.928621949640964,-0.013356992210009633,1.7779893345303006,4.986188875304328
120,3,1.8413821127679613,0.5563845833142599,0.75,0.7454708121354902,0.75,0.7422757309988967,0.923072546188203,0.005194259948060331,1.743372877438863,4.839709467358059
120,4,2.002089003721873,0.5762094540728463,0.7429577464788732,0.7353320089747046,0.7429577464788732,0.7345074964968674,0.9185067233859305,-0.004074524081864261,1.8347775008943346,5.329141087002224
121,1,1.9336869385507371,0.5157358464267519,0.7658450704225352,0.7640185787722114,0.7658450704225352,0.7627030841767021,0.930615747819683,0.00044503363282288877,1.8338075280189514,5.242239356040955
121,2,1.8805199795299106,0.5153910881943173,0.772887323943662,0.7683663843534768,0.772887323943662,0.7613889079837578,0.9263147776048088,-0.019062943434061008,1.7861010564698114,5.06582056151496
121,3,1.8447742991977267,0.5419825083679624,0.7359154929577465,0.7307722201263134,0.7359154929577465,0.7292407089065479,0.9236646616425082,-0.008765787940929526,1.7440150380134583,4.884621712896559
121,4,1.9651517271995544,0.5481069187323252,0.7552816901408451,0.7566246512893788,0.7552816901408451,0.7542306387114621,0.9242943343887258,-0.006849071168744114,1.8258941306008234,5.271589424875048
122,1,2.0020851294199624,0.59693919453356,0.7359154929577465,0.7308645910774956,0.7359154929577465,0.7280288680998552,0.901554633693551,-0.01363980318358804,1.8421851992607117,5.280758778254191
122,2,1.867946273750729,0.5433563242355982,0.7623239436619719,0.7563693028884444,0.7623239436619719,0.751915552435049,0.9237496684378038,-7.469828019912583e-06,1.7687546743286982,4.958655993143718
122,3,1.8102039496103923,0.5158637149466409,0.7570422535211268,0.7526124469911227,0.7570422535211268,0.7531712175017443,0.9284883409338842,0.010710987930743987,1.7404667735099792,4.830331047375997
122,4,1.9606613914171855,0.5121879892216789,0.7658450704225352,0.7557509873714954,0.7658450704225352,0.7547339623987293,0.9353511333724652,-0.0166225673917495,1.8282497392760382,5.340432431962755
123,1,1.917262680000729,0.5035276611646017,0.7605633802816901,0.7608434084323041,0.7605633802816901,0.7600348493952216,0.9303631065592762,0.005361708366948936,1.8355830444229975,5.215977536307441
123,2,1.858288115925259,0.49677674141195083,0.801056338028169,0.7982215348934922,0.801056338028169,0.7956606232988847,0.931146411100427,-0.0098465175491389,1.7739812864197626,5.035147733158535
123,3,1.8269674446847703,0.5344418436288834,0.7658450704225352,0.755427844207375,0.7658450704225352,0.7563759570626515,0.9251783679641561,0.0005482771967062483,1.738952312204573,4.842860334449345
123,4,2.0309940444098578,0.6002260678344302,0.7411971830985915,0.746298057241001,0.7411971830985915,0.7348586766274453,0.9120325734765071,0.0005751126750759283,1.8423283497492473,5.369452502992418
124,1,1.9419475661383734,0.5404905064238442,0.7376760563380281,0.7349036265107556,0.7376760563380281,0.7334404965908564,0.9200805995171485,0.01258826533348123,1.8251742786831326,5.212013853920831
124,2,1.8546492589844599,0.5088345350490676,0.7746478873239436,0.7651139101887164,0.7746478873239436,0.7674471934480815,0.9267874162676963,-0.0217003573353709,1.7777149743503995,4.994883325364855
124,3,1.8076656924353705,0.5033207734425863,0.7658450704225352,0.75965973157413,0.7658450704225352,0.7609196107905385,0.9286395130289933,0.00670000422511563,1.7364999850591023,4.851136989063686
124,4,1.9495706094635858,0.5196264170938067,0.778169014084507,0.7752170071712324,0.778169014084507,0.7746451697245175,0.9313045006493155,0.010680720692605394,1.821880002816518,5.286106838120355
125,1,1.9426544772254095,0.53448443280326,0.7640845070422535,0.7618637070562332,0.7640845070422535,0.7577100313746888,0.9203408603573341,0.003100184681636642,1.8362341986762152,5.228384296099345
125,2,1.853500783443451,0.509802531864908,0.7693661971830986,0.7587991727481878,0.7693661971830986,0.7600634159435182,0.9270521611205775,-0.013633589450527728,1.7765683730443318,4.988796578513251
125,3,1.8027092417081196,0.5204743776056502,0.7605633802816901,0.7523407179211672,0.7605633802816901,0.7545693754056177,0.9226702792276973,0.01564895441488867,1.7341479526625738,4.794590459929572
125,4,1.9494513604376051,0.5106824702686734,0.7640845070422535,0.7624107834665392,0.7640845070422535,0.7580261521522366,0.9332507335299054,-0.007725672309929044,1.833371102809906,5.306578516960144
126,1,1.9936974710888333,0.5431304458114836,0.7447183098591549,0.7361561643678665,0.7447183098591549,0.7392621554582425,0.9179495423516201,-0.030274400903661514,1.8526948690414429,5.378353714942932
126,2,1.8685109814008076,0.5361199743217893,0.7535211267605634,0.7458361970818291,0.7535211267605634,0.7462817467019333,0.92183896202949,-0.027730511522896073,1.7744910385873582,4.97742317782508
126,3,1.8421644767125447,0.5182497849067053,0.7693661971830986,0.7642760996412756,0.7693661971830986,0.7618599166450488,0.9313182230497797,-0.010980957861424612,1.7569290532006159,4.931298534075419
126,4,1.9467245936393738,0.4775614274872674,0.7869718309859155,0.782974982792294,0.7869718309859155,0.7799469032975124,0.938046993313927,-0.0012074474914633981,1.8419278462727864,5.374771886401707
127,1,1.9406194024615817,0.5280231270525191,0.7605633802816901,0.7570525794060551,0.7605633802816901,0.7567771188024353,0.9261628836671946,0.012273345336881403,1.8309633400705125,5.2366771300633745
127,2,1.8607718216048346,0.5089843521515528,0.7764084507042254,0.7688040530875091,0.7764084507042254,0.7694225323694003,0.9293088164486965,-0.0034467864656426705,1.7827255725860596,5.014942354626125
127,3,1.8085477219687567,0.4980006946457757,0.7535211267605634,0.7414818622773588,0.7535211267605634,0.7441953357506967,0.9347718297329981,0.007850928804957746,1.7478738758299086,4.866490549511379
127,4,1.971147855122884,0.5684156980779436,0.7711267605633803,0.7743929960795986,0.7711267605633803,0.767233016278648,0.91733601868717,0.007042297958977817,1.813533087571462,5.244189434581333
128,1,1.9291748073365953,0.5265723350975249,0.7711267605633803,0.7692469856092006,0.7711267605633803,0.7662518675490948,0.9232139288636585,0.007620715095852937,1.8228394124242995,5.201913807127211
128,2,1.8752721415625677,0.5196230510870615,0.7676056338028169,0.7561059422168135,0.7676056338028169,0.7585791960220745,0.9244242505422152,-0.009454788444880347,1.7789334389898512,5.038453062375386
128,3,1.8170167009035747,0.5047299249304665,0.7746478873239436,0.7768937000544305,0.7746478873239436,0.7704664434417956,0.9340603916266375,0.004049026359259855,1.743457966380649,4.8790190484788685
128,4,1.9735232326719496,0.5651578704516093,0.7394366197183099,0.739991454211971,0.7394366197183099,0.7354072759414105,0.9188969783605019,0.009406025363673742,1.8187147710058424,5.259709027078417
129,1,1.9290773471196492,0.49663131435712177,0.7746478873239436,0.7682579721182968,0.7746478873239436,0.7686550192877007,0.9299998463951045,-0.005984567833856813,1.836563958062066,5.2714511553446455
129,2,1.825188034110599,0.4812014765209622,0.7992957746478874,0.7961686787391014,0.7992957746478874,0.7953370925944327,0.9363421490974269,0.0035956181537275533,1.7681673169136047,4.961156460973951
129,3,1.8128089904785156,0.5175073593854904,0.7834507042253521,0.7780295426097696,0.7834507042253521,0.7773438164972577,0.9303170189172525,0.002261646615488444,1.7357840935389202,4.835179183218214
129,4,1.927065418826209,0.4818090829584334,0.7852112676056338,0.7898261149594595,0.7852112676056338,0.781981246340976,0.9365551770066871,0.00041948745211006777,1.8306687209341261,5.299330088827345
130,1,1.9292518032921686,0.5153051830000348,0.7605633802816901,0.7512903801877744,0.7605633802816901,0.7539972724612821,0.9278534502642677,-0.006055924134466872,1.8284166124131944,5.228460404607985
130,2,1.8663429750336542,0.5444291979074478,0.7552816901408451,0.7494111357643578,0.7552816901408451,0.7486778838286715,0.9203908336036688,-0.006217886646335824,1.7650561332702637,4.950808352894253
130,3,1.8377196325196161,0.5204926398065355,0.7535211267605634,0.7476659778369854,0.7535211267605634,0.749529700795144,0.9257666295875828,0.001973553749957113,1.7491085926691692,4.911249068048265
130,4,1.9588526354895697,0.5133019602961011,0.7658450704225352,0.7627821262669054,0.7658450704225352,0.7602512551779909,0.926464743319508,0.005649990855504883,1.8375212748845418,5.331804076830546
131,1,1.9397366444269817,0.5042018642028173,0.7693661971830986,0.7586681248115971,0.7693661971830986,0.7604073037654312,0.9264650055282038,0.0037332270976397908,1.8360066480106778,5.289317607879639
131,2,1.852885021103753,0.5111454957061343,0.7799295774647887,0.7683700470333176,0.7799295774647887,0.7683174860107094,0.9311684534908828,-0.013593938349333312,1.771741469701131,4.983610365125868
131,3,1.8138244416978624,0.4928494360711839,0.7869718309859155,0.7898471785602996,0.7869718309859155,0.7840331652157353,0.93350777115302,-0.0008119434198061715,1.750583098994361,4.896099209785461
131,4,1.9650747511121962,0.5303822292221917,0.75,0.7458300131941056,0.75,0.742611397345678,0.9251959394730062,0.001153133239996551,1.8347704940372043,5.312690483199225
132,1,1.9268095095952351,0.5205248759852515,0.7623239436619719,0.7526864370560157,0.7623239436619719,0.7510482536219437,0.9236991194516506,-0.0022923396777110305,1.8364541000790067,5.2081401745478315
132,2,1.8309305244021945,0.48675747050179374,0.7816901408450704,0.7731139064827733,0.7816901408450704,0.7750811824579519,0.9286761303610913,-0.0066000772725745005,1.7669913570086162,4.967334164513482
132,3,1.8253747555944655,0.5253655943605635,0.7588028169014085,0.7602392851176477,0.7588028169014085,0.7556815761340331,0.9242948314810442,0.0022267777755455853,1.7367973658773634,4.858729203542073
132,4,1.9365090396669176,0.5094663898150126,0.7693661971830986,0.7655486953571848,0.7693661971830986,0.7628488548677996,0.9334357327075303,0.010426130900984432,1.8239583637979295,5.2662749952740135
133,1,1.937977327240838,0.5253752817710241,0.7588028169014085,0.7591784011723138,0.7588028169014085,0.7552339449386578,0.9240759199704908,0.0014764992622715578,1.8318829205301073,5.23404864470164
133,2,1.8276100423600938,0.4670177035861545,0.795774647887324,0.7874733756643968,0.795774647887324,0.7847865713439338,0.9377760244344946,-0.00013523320355157686,1.7726787858539157,5.002325283156501
133,3,1.7763730221324496,0.5203935619857576,0.7623239436619719,0.7587463202521124,0.7623239436619719,0.755680687463035,0.9295859298859388,0.02813285382016939,1.709586997826894,4.706991500324673
133,4,1.9377954999605815,0.4881255295541551,0.7799295774647887,0.78273600191392,0.7799295774647887,0.7756841910521791,0.9340814261088776,0.00781412433201123,1.8326783378918965,5.32035854127672
134,1,1.9204711715380351,0.48561126821570927,0.7852112676056338,0.7860781237772582,0.7852112676056338,0.7842076384467528,0.936454065196571,-0.007229776445081937,1.8195644749535456,5.268477453125848
134,2,1.8189617726537917,0.483184019724528,0.7816901408450704,0.7793587124119286,0.7816901408450704,0.7799703797254367,0.9391390025555328,0.0026905851089530364,1.766284790303972,4.935776419109768
134,3,1.815495318836636,0.49565132790141636,0.7816901408450704,0.7758264802458552,0.7816901408450704,0.7771027466085941,0.9326077419052898,-0.012309869411199159,1.748370110988617,4.895131058163113
134,4,1.9476751354005601,0.5071938402122922,0.7834507042253521,0.7817454708257543,0.7834507042253521,0.7802763955443492,0.9326230342743744,0.019458092060238963,1.8348473575380113,5.308797876040141
135,1,1.9278108477592468,0.4932747615708245,0.7799295774647887,0.7685589300576489,0.7799295774647887,0.7718382845197587,0.9293329575770917,-0.00943270553300568,1.8372647431161668,5.275061501397027
135,2,1.8322902388042874,0.47249051100677913,0.7904929577464789,0.7854712005622612,0.7904929577464789,0.7858038093232956,0.9408594739921057,-0.0008825746052547601,1.7699073950449626,5.005156013700697
135,3,1.793713132540385,0.5050527420308855,0.7658450704225352,0.7624560140433011,0.7658450704225352,0.7628052546611619,0.9309701432482823,0.007392032897357126,1.7357094287872314,4.800587150785658
135,4,1.9232948753568861,0.47518767416477203,0.7764084507042254,0.7822102001403952,0.7764084507042254,0.7754783435151672,0.9392198469321389,-0.013791553265584566,1.830408102936215,5.302211509810554
136,1,1.9440187480714586,0.5433436847395368,0.75,0.7440503731315092,0.75,0.7447266365505109,0.9211063645818797,0.011552424857005583,1.824152668317159,5.212260299258762
136,2,1.8215054604742262,0.4762654768096076,0.8133802816901409,0.8087739836602759,0.8133802816901409,0.8079589029855495,0.9395069157566134,-0.0019085128201670187,1.7707344889640808,4.960398594538371
136,3,1.7791025704807706,0.4785974505874846,0.7711267605633803,0.7671596086474003,0.7711267605633803,0.7671448212652514,0.939725143794663,0.004608650044478191,1.738423181904687,4.813614341947767
136,4,1.9756464891963534,0.5469336526261436,0.7640845070422535,0.7637418607456476,0.7640845070422535,0.7636027174103145,0.9270354828546354,0.006300827045493396,1.8276612824863858,5.309309588538276
137,1,1.9340261353386774,0.5358672638734182,0.7447183098591549,0.7459694329998618,0.7447183098591549,0.7416085548797906,0.9196177758625861,0.028077824731883694,1.811927980846829,5.196396615770128
137,2,1.8775813976923625,0.5267132139868207,0.772887323943662,0.7660008544042574,0.772887323943662,0.7651135440663637,0.9272539232226706,-0.020346669961343933,1.790383345550961,5.029606991344028
137,3,1.8222518497043185,0.5251205215851465,0.7570422535211268,0.7540809450776825,0.7570422535211268,0.7475480819749162,0.9310632522941873,0.010338757272979948,1.736171027024587,4.848891417185466
137,4,1.930904123518202,0.5108202480607562,0.75,0.7504882390720267,0.75,0.74622384518584,0.9273932973273273,0.016643810102696555,1.8151900437143114,5.244432992405361
138,1,1.9319746030701532,0.5151149597432878,0.7588028169014085,0.7513917926363642,0.7588028169014085,0.7523923325235519,0.9222874401309686,0.0016934316797286852,1.8343357311354742,5.237980153825548
138,2,1.8698136607805889,0.537916855679618,0.772887323943662,0.7610441998808285,0.772887323943662,0.7622222372455519,0.9263425817028361,-0.013193551339135245,1.7683684296078153,4.977572600046794
138,3,1.8442264927758112,0.551370738281144,0.7464788732394366,0.7417001602132949,0.7464788732394366,0.7414021686466513,0.9151214258263607,0.019930869276734042,1.744592507680257,4.860889726214939
138,4,1.917421989970737,0.5208464629120297,0.7816901408450704,0.7787318928678372,0.7816901408450704,0.7752189134400623,0.9322275805106982,0.02851279232131021,1.8021369973818462,5.176098108291626
139,1,1.9105374018351238,0.4926055123408635,0.7658450704225352,0.758117038290504,0.7658450704225352,0.7611024386703613,0.9324694106709825,0.011162145350884778,1.834861199061076,5.219044817818536
139,2,1.8475859893692865,0.5410591314236323,0.7693661971830986,0.7671359975869436,0.7693661971830986,0.7612077419398088,0.9243218163268371,0.0005197766474108745,1.761126246717241,4.896148549185859
139,3,1.839859704176585,0.5528433935509788,0.7640845070422535,0.7630127641992467,0.7640845070422535,0.7599333920118779,0.9199583771737687,0.012254782182273938,1.7465790907541912,4.842897521124946
139,4,1.9828484389517043,0.5445858637491862,0.7517605633802817,0.7593555074825923,0.7517605633802817,0.7450519951034643,0.9209006727935802,-0.0065120753623104655,1.8394771085845099,5.3387942049238415
140,1,1.9530435469415452,0.5161769406663047,0.772887323943662,0.7703775573573587,0.772887323943662,0.7682971474219245,0.9296827739520098,-0.0017537077355198605,1.841148058573405,5.305732091267903
140,2,1.843746284643809,0.48861326111687553,0.7799295774647887,0.7734089781269181,0.7799295774647887,0.7746861771353126,0.9356894972593874,-0.01560888610688016,1.7698683142662048,5.005723158518474
140,3,1.8160225881470575,0.5018059462308884,0.7570422535211268,0.7551806628951245,0.7570422535211268,0.7532718396422028,0.9347920226008464,-0.004460490167848441,1.7550893094804552,4.882527987162272
140,4,1.9297409786118402,0.48469338814417523,0.7975352112676056,0.8023419059074416,0.7975352112676056,0.796448697711365,0.9434930966872836,0.011381556648918378,1.824939078754849,5.301518559455872
141,1,1.9119237528906927,0.47555993166234756,0.7904929577464789,0.7828474333680971,0.7904929577464789,0.7847549877323009,0.936971878300507,-0.010291014314165015,1.8328275548087225,5.2634391519758434
141,2,1.8125178416570027,0.45615485310554504,0.7904929577464789,0.786757762172223,0.7904929577464789,0.7883962639932639,0.941604387086123,-0.0063494219795354745,1.7683028048939176,4.9773646460639105
141,3,1.8131180670526292,0.5068474378850725,0.7552816901408451,0.7496707947564643,0.7552816901408451,0.7445596573196224,0.9290965914268474,0.01241876109893525,1.7494808899031744,4.861082739300198
141,4,1.959170162677765,0.4957554092009862,0.7676056338028169,0.7651264974515255,0.7676056338028169,0.7619785219049927,0.9331752352039271,-0.0009703474720723637,1.844215644730462,5.373804370562236
142,1,1.9117804633246527,0.4750084794229931,0.7711267605633803,0.76190055851766,0.7711267605633803,0.7632591627237763,0.9344971044360089,-0.008949449942065035,1.8382345173094008,5.264248225424025
142,2,1.792915443579356,0.45411304632822674,0.8028169014084507,0.7934092502544196,0.8028169014084507,0.7943214994508694,0.9383480230590919,0.006111123035014265,1.7610610789722867,4.916787584622701
142,3,1.7472994128863018,0.42546261681450737,0.8098591549295775,0.80800715222738,0.8098591549295775,0.8041247332909158,0.9441873348685984,0.004559871458705622,1.741657965713077,4.831585089365642
142,4,1.935558749569787,0.5046305937899483,0.7922535211267606,0.7919053579664627,0.7922535211267606,0.7892862536747822,0.9335193043846008,-0.0016529077770222056,1.8199183940887451,5.2743908696704445
143,1,1.8834157188733418,0.45023639169004226,0.7816901408450704,0.7788551557323083,0.7816901408450704,0.7790239746655969,0.9426528480718793,0.0015336207647820288,1.8279205428229437,5.227500571144952
143,2,1.854097757074568,0.5348343484931521,0.7711267605633803,0.7660702556145524,0.7711267605633803,0.7676887275844217,0.9243977137457671,-0.001958699579421408,1.7623288101620145,4.932378874884711
143,3,1.801009092066023,0.5242326507965723,0.7588028169014085,0.7567234766641787,0.7588028169014085,0.7557489562568095,0.9232197883727458,0.005809687619350634,1.7395427094565497,4.780153897073534
143,4,1.936076197359297,0.48892032437854344,0.7658450704225352,0.7611181763620672,0.7658450704225352,0.7589730693070804,0.9308084246667148,0.010924489856372954,1.8269611332151625,5.312772989273071
144,1,1.9458251198132832,0.5390267454915576,0.7746478873239436,0.77646235363511,0.7746478873239436,0.7737623874953097,0.9216075771142094,-0.0035396760618153778,1.8285058736801147,5.228354454040527
144,2,1.798081596692403,0.44676173395580715,0.8116197183098591,0.8069242875234902,0.8116197183098591,0.8035939443024194,0.9440640691094229,-0.001380086610779152,1.762479265530904,4.951161026954651
144,3,1.7966144813431635,0.4745670474237866,0.7816901408450704,0.770576720141309,0.7816901408450704,0.7733949239056718,0.9414238932440564,0.013290762210452667,1.747606548998091,4.8813915782504615
144,4,1.9434613121880426,0.5025530209143957,0.7746478873239436,0.7699519622876525,0.7746478873239436,0.7669652969992582,0.9351750675144225,-0.01017414804239114,1.8327394657664828,5.3055804702970715
145,1,1.9089842637379963,0.49499256246619755,0.778169014084507,0.7791456629706354,0.778169014084507,0.7776722322972212,0.9311684514191845,0.0054981685383442835,1.8310123549567328,5.20829799440172
145,2,1.8373162481519911,0.4794200410445531,0.8116197183098591,0.8050037665884466,0.8116197183098591,0.8049121841160077,0.9372401629816379,-0.007370905984995568,1.768791092766656,5.005740496847364
145,3,1.8071478936407301,0.4969257911046346,0.7834507042253521,0.7757935091781922,0.7834507042253521,0.7745171858968015,0.9377091948056473,-0.00497186480920897,1.7407422926690843,4.8643326494428845
145,4,1.9108883804745145,0.4500417825248506,0.7904929577464789,0.7902846528844918,0.7904929577464789,0.785525132909908,0.9415644508585213,0.003606373859808887,1.8226307034492493,5.319530275132921
146,1,1.897025956047906,0.4867991308371226,0.7764084507042254,0.7724472308156188,0.7764084507042254,0.7710278033310194,0.9310137828452476,0.0018571320272774416,1.8252369629012213,5.187554995218913
146,2,1.7994550797674391,0.44191303932004505,0.8169014084507042,0.8125908864156622,0.8169014084507042,0.8117836003328117,0.9381357361997831,-0.0031646303232137907,1.7679496076371934,4.9670530160268145
146,3,1.7708118889066908,0.4546852873431312,0.7992957746478874,0.7945421126965398,0.7992957746478874,0.7926118581543609,0.9445586047408915,-0.006774976474561267,1.7457640171051025,4.841773788134257
146,4,1.9036272433069017,0.44265681836340165,0.7922535211267606,0.7846051692854843,0.7922535211267606,0.7809194208673513,0.9405910989349575,0.0013617869413122818,1.8328838215933905,5.312557962205675
147,1,1.8957223759757147,0.4394573461678293,0.8028169014084507,0.8032681762975561,0.8028169014084507,0.8019943130791932,0.9399941951645943,-0.005352713225653005,1.84308037492964,5.2936739259296
147,2,1.801465306017134,0.48472824030452305,0.7869718309859155,0.7786772742708543,0.7869718309859155,0.7788592221067392,0.93595116011846,0.010856194009691067,1.7539916104740567,4.873851617177327
147,3,1.7852826515833538,0.4760868524511655,0.7834507042253521,0.7771790438668545,0.7834507042253521,0.7773210907050029,0.933565659468808,-0.0007480263878667515,1.7376962105433147,4.840072704686059
147,4,1.9316647516356573,0.46588889757792157,0.7922535211267606,0.7876752914511662,0.7922535211267606,0.7885882696579697,0.9422473564543301,0.004323258217290626,1.8378664652506511,5.3518081771002874
148,1,1.912045909298791,0.4778689013587104,0.7816901408450704,0.7769239527309434,0.7816901408450704,0.776309624341337,0.9373315687286172,-0.012112611434095477,1.8347612354490492,5.258458707067701
148,2,1.8186774518754747,0.4593472323483891,0.7975352112676056,0.7897426053032255,0.7975352112676056,0.7910323352587424,0.9381943563865012,-0.01111098198337368,1.7714863287078009,4.990447693400913
148,3,1.8152588340971205,0.49775707887278664,0.7746478873239436,0.775222403911013,0.7746478873239436,0.7695996874010531,0.9286382318222283,-0.007251080839399959,1.7478403780195448,4.889429463280572
148,4,1.9512526326709323,0.4990285138289134,0.7799295774647887,0.7809563675760859,0.7799295774647887,0.7767328553007432,0.9349276220454034,-0.004965789688877287,1.8264988660812378,5.339775429831611
149,1,1.9125518004099529,0.514086107412974,0.778169014084507,0.7776290256319323,0.778169014084507,0.7769500686799107,0.9315301426438308,0.013228770981649096,1.8230034708976746,5.175638185607062
149,2,1.787021964788437,0.4432091812292735,0.8098591549295775,0.8046155629295431,0.8098591549295775,0.8047144724540186,0.9453934987416657,-0.00207880229140045,1.768322421444787,4.922584970792134
149,3,1.8205825752682157,0.5539879633320702,0.7464788732394366,0.7445007889945536,0.7464788732394366,0.7360903504440114,0.9240621332317168,0.01383066518942,1.7323491507106357,4.775969756974114
149,4,1.9360551635424297,0.5338894393708971,0.7711267605633803,0.7784713297285235,0.7711267605633803,0.7653659358518469,0.9304105839405858,0.020432487881162364,1.8230967786577013,5.2077750364939375
150,1,1.8604334460364447,0.4583813150723775,0.7975352112676056,0.7974421844595493,0.7975352112676056,0.7948846157323648,0.9405184601591836,-0.0007291673316411895,1.8005441625912983,5.131888270378113
150,2,1.8164884845415752,0.4544261131021712,0.772887323943662,0.7679763073559389,0.772887323943662,0.7671172665196337,0.9415333922963895,-0.015946059567572224,1.78190897570716,4.994633820321825
150,3,1.793054011132982,0.5231713917520311,0.7834507042253521,0.781524025915773,0.7834507042253521,0.7803016917265689,0.9260743993782944,0.028187885475009833,1.7354353070259094,4.756113251050313
150,4,1.9228380587365892,0.4785560154252582,0.7975352112676056,0.8019308571800562,0.7975352112676056,0.7943918713691606,0.9443426094673926,0.02738243733059531,1.8217552304267883,5.292829301622179
