epoch,fold,total_loss,cross_entropy_loss,accuracy,precision,recall,f1_score,auc,r2_score,mae_loss,mse_loss
1,1,7.333652416865031,1.3534546229574416,0.3626760563380282,0.30968823694857317,0.3626760563380282,0.29152852262160284,0.5002783228906467,-14.011161631054966,8.45351372824775,78.30724822150336
1,2,2.6945658789740667,1.339781595600976,0.40492957746478875,0.30567198157498454,0.40492957746478875,0.3442917119492831,0.5481834805663307,-4.344304612552934,4.64060182041592,26.790597703721787
1,3,0.8685829043388367,1.3861168556743197,0.38204225352112675,0.2437302072783913,0.38204225352112675,0.23663958333615828,0.517790286505882,-0.26189372510129916,2.045601122909122,6.388330472840203
1,4,0.7767965098222097,1.2728820774290297,0.38204225352112675,0.2806119056999339,0.38204225352112675,0.32326527975190594,0.49792657202162816,-0.050544063337405465,1.8823871082729764,5.634847256872389
2,1,0.7429037325912051,1.234494235780504,0.43309859154929575,0.31653013318003254,0.43309859154929575,0.35204547700589495,0.5353364744261475,-0.010323933321935153,1.8558228744400873,5.34962715042962
2,2,0.7210050423940023,1.230696115228865,0.4119718309859155,0.29553534073622084,0.4119718309859155,0.3393126325328861,0.549054908861949,-0.024703251281302574,1.8051684763696458,5.11621011628045
2,3,0.7181711892286936,1.267945064438714,0.3732394366197183,0.2580774217314758,0.3732394366197183,0.29890770978167397,0.5136584534803632,-0.021806861168435,1.772900766796536,4.994502809312609
2,4,0.7512619131141238,1.2464328871832953,0.397887323943662,0.4802967661457978,0.397887323943662,0.3300352451911521,0.552604023557246,-0.03018314034705294,1.8584140539169312,5.415432585610284
3,1,0.7395199537277222,1.22883141040802,0.4471830985915493,0.3313686466625842,0.4471830985915493,0.3698774412409672,0.5565739341048207,-0.028943098286962288,1.8541329238149855,5.325142953130934
3,2,0.7171893848313226,1.2223593526416354,0.40492957746478875,0.28953911990967546,0.40492957746478875,0.33240239863261567,0.5462494604517385,0.015905319280796415,1.794725729359521,5.092218372556898
3,3,0.7135969979895486,1.2507863110966153,0.4084507042253521,0.29300060079648776,0.4084507042253521,0.3371251616462985,0.5485381794200209,-0.04823472518389682,1.771364728609721,4.984424498346117
3,4,0.7570231424437629,1.2470446758800082,0.40669014084507044,0.33620979574906623,0.40669014084507044,0.3453960233432727,0.5405061117031011,-0.02107857144127312,1.8667602737744649,5.4791856739256115
4,1,0.7394911232921813,1.2215941879484389,0.4154929577464789,0.29969508984818943,0.4154929577464789,0.3322326080557052,0.5359274887186287,-0.025891299945016932,1.8557805551422968,5.3419087992774115
4,2,0.7190105881955888,1.2227072649531894,0.40316901408450706,0.2900209226372729,0.40316901408450706,0.3341120424388879,0.5575656846253819,-0.024391872124813974,1.8027280569076538,5.113669368955824
4,3,0.7133223414421082,1.2310917112562392,0.4119718309859155,0.2925005470534082,0.4119718309859155,0.3399854806264496,0.5674480762444422,-0.004526124928664554,1.7790910138024225,5.028611898422241
4,4,0.7478664947880639,1.2132168345981174,0.4507042253521127,0.525008980036021,0.4507042253521127,0.3791299424606615,0.5528145993918642,-0.03983158770235162,1.8618566658761766,5.454200188318889
5,1,0.7371471259329054,1.1984239021937053,0.4524647887323944,0.3288718321364091,0.4524647887323944,0.3732609074748866,0.6123954034411677,-0.021978119856626455,1.8614777723948162,5.369672258694966
5,2,0.7117461926407285,1.2029919889238145,0.4471830985915493,0.32466787876138825,0.4471830985915493,0.37418807225859446,0.5811638689003554,-0.0370953755061143,1.7931731873088412,5.078631586498684
5,3,0.7075505256652832,1.2110951873991225,0.43838028169014087,0.38155392061978255,0.43838028169014087,0.3550446193453365,0.59552495157137,-0.03271221597208296,1.7834725446171231,5.012707339392768
5,4,0.7429031232992808,1.1984668175379436,0.43309859154929575,0.32988724610514175,0.43309859154929575,0.3698491856304471,0.5947506591145127,-0.016510312457607146,1.8601428667704265,5.434358398119609
6,1,0.7340432504812876,1.1912285950448778,0.4647887323943662,0.34100306013981463,0.4647887323943662,0.38935672280307726,0.6030444424178264,-0.005642839771224706,1.856392092174954,5.352229926321241
6,2,0.7066947999927733,1.181656539440155,0.43661971830985913,0.32149048401282426,0.43661971830985913,0.3702582582571998,0.5888857132734137,-0.06909497654073338,1.798685352007548,5.07002505991194
6,3,0.6973677674929301,1.175788899262746,0.4788732394366197,0.47045478067520174,0.4788732394366197,0.4029430575567781,0.6316492050135181,-0.01290673465062575,1.7774676150745816,4.980839689572652
6,4,0.738258527384864,1.1639284425311618,0.4524647887323944,0.4002871367024207,0.4524647887323944,0.38879399379099366,0.6125864015157825,-0.029697645602698053,1.8651057879130046,5.4623448848724365
7,1,0.7312365505430434,1.1633717947536044,0.4595070422535211,0.3382101117342352,0.4595070422535211,0.3893700886244382,0.626008322655763,-0.0050056020565831805,1.860957596037123,5.386799825562371
7,2,0.7022344271341959,1.1424675318929884,0.4753521126760563,0.34900080791009386,0.4753521126760563,0.4024879062605421,0.6228240921727408,-0.028292977596491076,1.8014439940452576,5.114220831129286
7,3,0.6890866789552901,1.1503924628098805,0.4823943661971831,0.3452633749858274,0.4823943661971831,0.40242392674941274,0.6547729801833939,-0.0232412943157414,1.7689734233750238,4.949157728089227
7,4,0.7328731980588701,1.1531830496258206,0.5017605633802817,0.4150893785258988,0.5017605633802817,0.43448415046288663,0.6497168369596462,-0.018197293951390137,1.8538913660579257,5.427890353732639
8,1,0.7299667066997952,1.1727361877759297,0.477112676056338,0.35592136150234743,0.477112676056338,0.4075156975227488,0.6324815130028939,-0.03475156759526277,1.8568480610847473,5.350706577301025
8,2,0.7053014073106978,1.1676177548037634,0.4788732394366197,0.35178485699500234,0.4788732394366197,0.40559241917392075,0.6037720986911577,-0.034425252253656335,1.7951701548364427,5.0874478287167015
8,3,0.6904267569382986,1.1515985429286957,0.4735915492957746,0.413030817596587,0.4735915492957746,0.40100938803542907,0.6267120712844148,-0.023769398151362697,1.7659341428014967,4.959724929597643
8,4,0.731252004702886,1.1384261780314975,0.4859154929577465,0.40509680374644613,0.4859154929577465,0.42672187393996264,0.65267588440647,-0.03195564734912004,1.8592601749632094,5.445566495259603
9,1,0.7255338264836205,1.122917738225725,0.5017605633802817,0.4474928273343767,0.5017605633802817,0.43651395406108306,0.6581043822663961,-0.04434359574479951,1.8736670348379347,5.419377287228902
9,2,0.7047072334422005,1.1448700957828097,0.4788732394366197,0.4094417602795456,0.4788732394366197,0.41039470734285516,0.6445206251566182,-0.02888730674586726,1.7998409734831915,5.135672052701314
9,3,0.6848953432506986,1.099347644382053,0.5264084507042254,0.48256267239958384,0.5264084507042254,0.4600646208491613,0.6640440592610981,-0.045222259665289366,1.7823244002130296,5.0215415424770775
9,4,0.7273023111952676,1.1090530223316617,0.5123239436619719,0.4997627500572708,0.5123239436619719,0.45357482618950257,0.6800612141525688,-0.0304204731755362,1.8650509383943346,5.46964160601298
10,1,0.7135935541656282,1.0944899751080408,0.5316901408450704,0.4830714375608742,0.5316901408450704,0.4658867932675084,0.6776604038231859,-0.033335416364455694,1.862030651834276,5.353140314420064
10,2,0.6839404304822286,1.0805738866329193,0.5140845070422535,0.419867483000668,0.5140845070422535,0.44481479808740004,0.682269354065832,-0.031420908906808265,1.788060810830858,5.055263174904717
10,3,0.6707291884554757,1.051972207095888,0.5387323943661971,0.45277897821284974,0.5387323943661971,0.4670930115646893,0.706231803748119,-0.018370175449835546,1.7671566208203633,4.974752373165554
10,4,0.7153987652725644,1.0597950783040788,0.5563380281690141,0.5070782084156537,0.5563380281690141,0.5083144295256381,0.7214896049945299,-0.043574262220571924,1.8565239707628887,5.452968239784241
11,1,0.7112729946772257,1.098771846956677,0.5176056338028169,0.4459453845788144,0.5176056338028169,0.4611260579896414,0.6786918630781835,-0.026922080638445367,1.851606759760115,5.316276338365343
11,2,0.6932640456491046,1.1081443197197385,0.528169014084507,0.5183080303609068,0.528169014084507,0.47087333992525376,0.6976789625019479,-0.03211354328187399,1.7906577454672918,5.092952065997654
11,3,0.673488426539633,1.0807205107476976,0.5334507042253521,0.4767501290993779,0.5334507042253521,0.49262943663573744,0.709254191768925,-0.021870817000560372,1.7638991210195754,4.939081761572096
11,4,0.7126651770538754,1.0529386467403836,0.5211267605633803,0.4877306809601558,0.5211267605633803,0.47974993237520874,0.7067808344025799,-0.019055832168109132,1.8643715050485399,5.438556512196858
12,1,0.7098972764280107,1.0745820668008592,0.5492957746478874,0.472510209774255,0.5492957746478874,0.4901688394216941,0.7157404270890414,-0.043032316076822896,1.8587145076857672,5.357091122203403
12,2,0.6879167523649004,1.0633523695998721,0.5422535211267606,0.4826830466782357,0.5422535211267606,0.4804395645077153,0.719412371934565,-0.04346264379495435,1.805895249048869,5.138407031695048
12,3,0.6662465482950211,1.0305409696367052,0.5492957746478874,0.49127242784513553,0.5492957746478874,0.5009560344230981,0.7444387366816287,-0.0192259115232849,1.7695068187183804,4.976753764682346
12,4,0.7115624315208859,1.04856918586625,0.5334507042253521,0.48172065874012665,0.5334507042253521,0.500628473191102,0.7292083153842173,0.005037285968609528,1.8608202007081773,5.437266535229153
13,1,0.7117941677570343,1.0425045126014285,0.5475352112676056,0.4928085596701063,0.5475352112676056,0.5045516688255626,0.7066872261252503,-0.0601057200956161,1.8826975093947516,5.453072706858317
13,2,0.6797309650315179,1.034404241376453,0.545774647887324,0.48280726126657014,0.545774647887324,0.4912687742942816,0.7185517871391706,-0.032634955914354835,1.8013353082868788,5.1181181404325695
13,3,0.6651061011685265,1.012406239906947,0.5686619718309859,0.5033154553366781,0.5686619718309859,0.5192298179309015,0.7434863409829388,-0.012434815461913828,1.7759215434392293,5.005375372038947
13,4,0.7067257116238276,1.008777870072259,0.5669014084507042,0.5355931239999883,0.5669014084507042,0.5362107353957306,0.7667552688261212,-0.026657704980246555,1.8614098164770339,5.474887251853943
14,1,0.7019812365372976,1.0065609845850203,0.5809859154929577,0.5315607848971765,0.5809859154929577,0.5378430194842968,0.7479096066426801,-0.07849841036847449,1.8754145039452448,5.428836478127374
14,2,0.6693100598123338,0.9782075782616934,0.579225352112676,0.52373485379682,0.579225352112676,0.5407419017707181,0.7392067254125049,-0.04071240174981772,1.8033850987752278,5.130998147858514
14,3,0.669372151295344,1.0000561541981168,0.5721830985915493,0.5261967327498743,0.5721830985915493,0.5272611770800084,0.7526228629919274,-0.06312213958626067,1.7836196091439989,5.081158558527629
14,4,0.6967273089620802,0.9857728481292725,0.573943661971831,0.526830831524367,0.573943661971831,0.5414633273995328,0.7752975192576762,-0.02116948181574374,1.8519966536098056,5.418201406796773
15,1,0.6922571129269071,1.0085614257388644,0.5580985915492958,0.5021865773891716,0.5580985915492958,0.5244049297971372,0.7547717201972002,-0.038871939766499386,1.8515691028700934,5.316718882984585
15,2,0.6603110531965891,0.95247792535358,0.6003521126760564,0.5901225036469574,0.6003521126760564,0.5502191777884462,0.7648201896424669,-0.04021568759235783,1.7967822750409443,5.09118746386634
15,3,0.664871010515425,1.0099551147884793,0.5651408450704225,0.5138048058280126,0.5651408450704225,0.5356304657414321,0.7610339294870186,-0.02965901995855913,1.7780821985668607,5.0096827612982855
15,4,0.6988282203674316,0.9695519407590231,0.5633802816901409,0.5295768472285641,0.5633802816901409,0.5372147480182317,0.7760489183121153,-0.018722992268496386,1.8651552862591214,5.479479789733887
16,1,0.690322102771865,0.9877108666631911,0.5933098591549296,0.5318384910498303,0.5933098591549296,0.5517117662726159,0.7676691039513814,-0.0361007522022867,1.8586885796652899,5.343112985293071
16,2,0.6558076540629069,0.9391643835438622,0.6126760563380281,0.5600227107811236,0.6126760563380281,0.576342683015403,0.7732683761184245,-0.0006546627946921735,1.7956478661961026,5.073153350088331
16,3,0.6503345999452803,0.9565332730611166,0.6161971830985915,0.5700255237482773,0.6161971830985915,0.5766448195242077,0.7810787827658354,-0.02164552797340713,1.7710045841005113,4.970296369658576
16,4,0.6921258701218499,0.9383130272229513,0.5774647887323944,0.5312788513806959,0.5774647887323944,0.5489745422156656,0.7786858388699442,-0.01433725320900181,1.8602260549863179,5.477427151468065
17,1,0.6903623673650954,0.9431608749760522,0.6003521126760564,0.5505390161815187,0.6003521126760564,0.5659801708861255,0.7766357028197759,-0.04915338162486904,1.8766884671317206,5.447236326005724
17,2,0.6577714764409595,0.9387476543585459,0.5950704225352113,0.5428830327279961,0.5950704225352113,0.5584053050752519,0.76932590422803,-0.007707317993700613,1.8033164872063532,5.094713634914822
17,3,0.6509799460570017,0.9576688309510549,0.5669014084507042,0.5175139264519295,0.5669014084507042,0.5387538090864025,0.7715476731184915,-0.04573127394246734,1.7712650895118713,4.974906868404812
17,4,0.6848762432734171,0.9334399236573113,0.5985915492957746,0.5556545733838658,0.5985915492957746,0.5700326526801675,0.7935063922185613,-0.005765587228729219,1.8535762031873066,5.408244424396091
18,1,0.6815510657098558,0.9475694894790649,0.6091549295774648,0.5565347307726959,0.6091549295774648,0.5700387323943663,0.7830592357328362,-0.029566494188246084,1.8554993205600314,5.339908599853516
18,2,0.6575689431693819,0.9305105242464278,0.5933098591549296,0.5366814509824488,0.5933098591549296,0.5534260431502875,0.7768015977732381,-0.022688898492222,1.7966205477714539,5.113305595186022
18,3,0.6480123301347097,0.9357457790109847,0.5880281690140845,0.528119470759151,0.5880281690140845,0.5505717867975933,0.7806139699469792,-0.0395818945998514,1.7794957690768771,4.993535333209568
18,4,0.6928973098595937,0.9532346328099569,0.5757042253521126,0.5298608339193959,0.5757042253521126,0.5466392602276086,0.785227278947978,-0.008094721169534358,1.858279334174262,5.451444493399726
19,1,0.6846479856305652,0.9345153835084703,0.6003521126760564,0.552514528804855,0.6003521126760564,0.5730488121428452,0.775263385726717,-0.021410557755413784,1.8710421456231012,5.404357737965054
19,2,0.6559046506881714,0.9410747720135583,0.6073943661971831,0.5497288640004869,0.6073943661971831,0.5718733813773732,0.7828751067002879,-0.028539070522958898,1.7875606682565477,5.070294194751316
19,3,0.6451088471545113,0.9453364445103539,0.5985915492957746,0.5527353455502744,0.5985915492957746,0.5707885865185915,0.7955666165945356,0.00479791340121527,1.760630680455102,4.939133048057556
19,4,0.6885742081536187,0.9501537382602692,0.5827464788732394,0.5364489742743189,0.5827464788732394,0.554839435371645,0.7973009514272964,-0.03412060541523676,1.8553137249416776,5.411998550097148
20,1,0.685037288400862,0.9246203601360321,0.5880281690140845,0.5283351731659458,0.5880281690140845,0.5476425729906821,0.7838812919296138,-0.013375689508012822,1.8681938118404813,5.433405796686809
20,2,0.6469032383627362,0.8809084130658044,0.6144366197183099,0.564877600117752,0.6144366197183099,0.5810594468210266,0.8014288580704576,-0.009942991835972803,1.7962031563123066,5.10874617099762
20,3,0.6406041830778122,0.9153032799561819,0.6056338028169014,0.5507710002706295,0.6056338028169014,0.5687565885169417,0.7854963645966411,-0.05342818849312425,1.7655147910118103,4.959943466716343
20,4,0.6843883726331923,0.9207145273685455,0.5845070422535211,0.5467621040602152,0.5845070422535211,0.5640016118889359,0.8082214648459637,-0.014486624360369849,1.8517544468243916,5.43256155649821
21,1,0.6704606463511785,0.8937911887963613,0.6073943661971831,0.5465714923332806,0.6073943661971831,0.5675240183167388,0.8074188240157132,-0.018873351363303703,1.854369388686286,5.340456260575189
21,2,0.6611567536989847,0.9297607805993822,0.5915492957746479,0.5448502516238986,0.5915492957746479,0.560220681147736,0.7932296915115156,-0.026811017958099148,1.8035932514402602,5.152610143025716
21,3,0.6463945657014847,0.92640710539288,0.6003521126760564,0.5554762165513867,0.6003521126760564,0.5763628815720451,0.7971369429654998,-0.02340489209291241,1.769676638974084,4.997384309768677
21,4,0.6854274736510383,0.9112399187352922,0.6091549295774648,0.5625442377585672,0.6091549295774648,0.5819863781995107,0.8078063416186365,-0.023347369781381522,1.8654284212324355,5.467587510744731
22,1,0.668524424235026,0.8715029690000746,0.6161971830985915,0.5961751711230397,0.6161971830985915,0.5848473232452442,0.8025504010242572,-0.02519442213706169,1.8620813422732883,5.370923479398091
22,2,0.6376064668099085,0.8536054823133681,0.6443661971830986,0.5967302475001333,0.6443661971830986,0.6086024807232041,0.8297222285914546,0.004622306316972247,1.7917665044466655,5.071147825982836
22,3,0.6347519589795007,0.8813206785255008,0.6109154929577465,0.5675765079772211,0.6109154929577465,0.5873888694155885,0.8086093822775663,-0.0034328234397906776,1.765620423687829,4.973285277684529
22,4,0.678052963482009,0.8781466914547814,0.6267605633802817,0.5795153498730519,0.6267605633802817,0.5953865402560289,0.8189682346433975,-0.045004879902787565,1.8590632147259183,5.462122877438863
23,1,0.6695567783382204,0.8911731772952609,0.6267605633802817,0.571830771977751,0.6267605633802817,0.5949460304262133,0.8083053078717407,0.0016624622806116207,1.8590423729684618,5.3371787203682794
23,2,0.6424689822726779,0.8541123734580146,0.6443661971830986,0.595539955795904,0.6443661971830986,0.6091616703022276,0.8085925940427021,-0.0316004116971087,1.7969554927614,5.123110837406582
23,3,0.6386077950398127,0.8841094606452518,0.5721830985915493,0.522486178000642,0.5721830985915493,0.5396947004077233,0.808045829859991,-0.036961046570728406,1.7749167680740356,5.010976155598958
23,4,0.684456949432691,0.8907478584183587,0.5897887323943662,0.617295801463191,0.5897887323943662,0.5691712450126554,0.8062315325102096,-0.0087446749633866,1.8615521523687575,5.503622624609205
24,1,0.680526915523741,0.893598175711102,0.6179577464788732,0.5776550965343427,0.6179577464788732,0.5930529278623249,0.8145322433898656,-0.05664635687637576,1.8779421581162348,5.454533139864604
24,2,0.6478555368052589,0.8845565252833896,0.6302816901408451,0.5837598783234513,0.6302816901408451,0.5926168210656678,0.8207610901767397,-0.03025384179011681,1.8014064497417874,5.112546629375881
24,3,0.6337257872025172,0.8608008788691627,0.6038732394366197,0.5841770905495645,0.6038732394366197,0.5769689552473789,0.8305380903221249,0.001965385179580892,1.7750027378400166,5.009608149528503
24,4,0.6746746980481677,0.8490221831533644,0.6267605633802817,0.5770520918776305,0.6267605633802817,0.5954867181292121,0.8213239781896513,-0.036504496640038075,1.873969574769338,5.493327379226685
25,1,0.6645015246338315,0.8413696471187804,0.6461267605633803,0.6156947263289885,0.6461267605633803,0.6205105640432655,0.8265754382033177,-0.05208022936098877,1.8598506848017375,5.39741309483846
25,2,0.629889417025778,0.8132632672786713,0.6637323943661971,0.6473167510757142,0.6637323943661971,0.6313858292354958,0.8421321162310538,-0.024705186897223896,1.7985755271381803,5.0792337788475885
25,3,0.6363475521405538,0.8558332274357477,0.6373239436619719,0.6523430183396661,0.6373239436619719,0.6105656871308048,0.8311947810397716,-0.015053553906104522,1.7797010805871751,5.04970031314426
25,4,0.676282771759563,0.8920104106267294,0.6232394366197183,0.5996294645871327,0.6232394366197183,0.5989237061288224,0.8155341075885683,-0.02128000988822909,1.8532408939467535,5.410157481829326
26,1,0.6640564600626627,0.8439134591155582,0.6443661971830986,0.6151830601003284,0.6443661971830986,0.6144322746980306,0.8272046529690629,-0.026013459577543863,1.8700457082854376,5.38915397061242
26,2,0.6322491417328516,0.790926069021225,0.647887323943662,0.6239355210167594,0.647887323943662,0.6202265651158243,0.8380650982413469,-0.04945126962554536,1.8084530764155917,5.155032965872023
26,3,0.6303438908523984,0.8605213065942129,0.6302816901408451,0.6452858525974555,0.6302816901408451,0.6000653021960067,0.8272012320149921,-0.021939175204923833,1.7664376894632976,4.9743022256427345
26,4,0.665930911898613,0.8332789738972982,0.6461267605633803,0.6466915102522592,0.6461267605633803,0.6317090212358637,0.8399806802023803,-0.05885989839605932,1.8597494694921706,5.431845863660176
27,1,0.6637824691004224,0.8483217060565948,0.602112676056338,0.5942795467443355,0.602112676056338,0.579209038226831,0.8235197667083587,-0.008440997315618759,1.8608451154496934,5.372776627540588
27,2,0.6342678202523125,0.8249011834462484,0.6602112676056338,0.6505591342214355,0.6602112676056338,0.6252163868901196,0.8425493624985123,-0.01487141767221023,1.7999115255143907,5.0995014905929565
27,3,0.637885246011946,0.8674971030818092,0.6232394366197183,0.5991936185393415,0.6232394366197183,0.6041427657430147,0.8233378563840754,-0.017286452967660182,1.7816731797324286,5.042005472713047
27,4,0.6649984816710154,0.8448980251948038,0.6338028169014085,0.6111400110630575,0.6338028169014085,0.6148029772318588,0.8424798972915742,-0.008847799241702425,1.8501773940192328,5.396595305866665
28,1,0.6603651791810989,0.8438117239210341,0.6197183098591549,0.5973090968869665,0.6197183098591549,0.6032862288471552,0.8280156802806268,-0.0631496329572927,1.849565519226922,5.3446923229429455
28,2,0.6370206359359953,0.8246577547656165,0.6514084507042254,0.6407198711239952,0.6514084507042254,0.616749110321932,0.8370461234785875,-0.019623671064798787,1.8003716071446736,5.133034123314752
28,3,0.6257442865106795,0.855145106712977,0.6320422535211268,0.6160557849314299,0.6320422535211268,0.6143123358398557,0.8376945998167643,-0.02942479709134216,1.7622094286812677,4.935110529263814
28,4,0.6625825729635026,0.8266397416591644,0.6285211267605634,0.6153389578632638,0.6285211267605634,0.6169664927230895,0.8428087674167977,-0.0069124341424868785,1.8517615795135498,5.411484320958455
29,1,0.6510696179336972,0.8012639648384519,0.6426056338028169,0.6304132225787156,0.6426056338028169,0.6179877876578008,0.8521990531400633,-0.01907636419451597,1.8580476641654968,5.343669109874302
29,2,0.6280274209049013,0.8190956910451254,0.6408450704225352,0.6427976293977858,0.6408450704225352,0.620372842319338,0.8390155111785188,-0.017754330674372598,1.7887259589301214,5.044020771980286
29,3,0.6197183943457074,0.8195340385039648,0.6443661971830986,0.6303810524469665,0.6443661971830986,0.6244295453143052,0.8454501237018458,-0.010008958008225655,1.761990037229326,4.950748099221124
29,4,0.6684786213768853,0.8520533508724637,0.5950704225352113,0.5719983279074944,0.5950704225352113,0.5784259759709186,0.8247077804230915,-0.01569772150567572,1.852879265944163,5.4173942936791315
30,1,0.6466974334584342,0.7746462888187833,0.653169014084507,0.6218858136301114,0.653169014084507,0.6298604850394967,0.8548771089182776,-0.011580789734993324,1.866743975215488,5.356032689412435
30,2,0.6203586889637841,0.7783061497741275,0.6742957746478874,0.6647865907865058,0.6742957746478874,0.6480508345812375,0.8546468302388488,-0.020251682413948258,1.7899682256910536,5.054539296362135
30,3,0.6182103753089905,0.8035989966657426,0.6320422535211268,0.6320107495849251,0.6320422535211268,0.6113326227762848,0.8472942271805981,-0.05399973897114707,1.7753602531221178,4.970806426472134
30,4,0.6551686426003774,0.77373868227005,0.6602112676056338,0.6536578121681014,0.6602112676056338,0.6412669179196142,0.8545776468631476,-0.022331170127173117,1.8659546309047275,5.449333217408922
31,1,0.6480684777100881,0.7707502378357781,0.6795774647887324,0.6469830611576436,0.6795774647887324,0.6576255662800118,0.8637097731919969,-0.04176166985261531,1.8592001001040142,5.379969437917073
31,2,0.6189947293864356,0.7689384950531853,0.647887323943662,0.6390091000736567,0.647887323943662,0.6286625252174075,0.8521807825261701,-0.004640040235358356,1.7902298039860196,5.059221373664008
31,3,0.615314727028211,0.7907451887925466,0.6408450704225352,0.660367977817178,0.6408450704225352,0.622951508756114,0.8503282263731209,-0.009816295922343343,1.763850794898139,4.970751232571072
31,4,0.6654109391901228,0.8247455656528473,0.6426056338028169,0.6334891572848776,0.6426056338028169,0.629283642838463,0.847193928902355,0.009464572112016456,1.8534472386042278,5.445263544718425
32,1,0.6584645675288306,0.8261111246214973,0.6302816901408451,0.6022543190922318,0.6302816901408451,0.6141827627321468,0.840964823171226,-0.010891682658837887,1.8638477855258517,5.365775797102186
32,2,0.6128480268849267,0.7431686752372317,0.6866197183098591,0.6786015017515014,0.6866197183098591,0.6645079944004898,0.8663670626615312,-0.018324463249596024,1.7927595045831468,5.052803940243191
32,3,0.61737346318033,0.8025485873222351,0.6320422535211268,0.6205121301786509,0.6320422535211268,0.6162128686458743,0.8432034531406103,-0.01957677553464321,1.7665246261490717,4.965833240085178
32,4,0.6573591149515576,0.7798859775066376,0.6637323943661971,0.6362502973874142,0.6637323943661971,0.6427165706936879,0.8626712678173672,-0.02372405489202767,1.8625175423092313,5.460677756203546
33,1,0.6440138734049268,0.7482331593831381,0.676056338028169,0.6569525721020747,0.676056338028169,0.6560419918472147,0.8662559171800317,-0.009378331340259338,1.8656287325753107,5.3880700137880115
33,2,0.6094417538907793,0.7051724493503571,0.698943661971831,0.6751982691861863,0.698943661971831,0.6746863549181266,0.8761937432367741,-0.019065641634888664,1.7922123471895854,5.103788177172343
33,3,0.616588251458274,0.7854040794902377,0.6514084507042254,0.6354586522721215,0.6514084507042254,0.634004753413912,0.8593142826502912,-0.029920652948670412,1.769636909166972,4.995062867800395
33,4,0.6460302670796713,0.774418337477578,0.6778169014084507,0.6710943009092054,0.6778169014084507,0.6714629161937803,0.860755802164149,-0.028766525007992927,1.8440376321474712,5.348967565430535
34,1,0.652000735203425,0.8149769869115617,0.6426056338028169,0.6439285079339995,0.6426056338028169,0.6224926096386584,0.8451820507281299,-0.0054287019529126734,1.8510672516292996,5.320284750726488
34,2,0.62917846110132,0.7969534231556786,0.6690140845070423,0.6510352523514457,0.6690140845070423,0.6477091456894806,0.8481669463306577,-0.04003049353944288,1.7997465663486056,5.109967748324077
34,3,0.6060886747307248,0.7518331408500671,0.6690140845070423,0.6519283969842949,0.6690140845070423,0.6492860129343305,0.8623329841599596,-0.07587752785807567,1.7723904980553522,4.957642495632172
34,4,0.6423250089089075,0.7645588517189026,0.6619718309859155,0.6624445730989712,0.6619718309859155,0.6520320862297346,0.8647738802066265,-0.008533329319684979,1.8421777486801147,5.330934498045179
35,1,0.6498189336723752,0.7628245585494571,0.6637323943661971,0.6500830679471266,0.6637323943661971,0.6423553659694144,0.8575704739166634,-0.018535131097611846,1.8761946029133267,5.4177836709552345
35,2,0.6232045855787065,0.7669044964843326,0.6725352112676056,0.6515071823617673,0.6725352112676056,0.6440855192354606,0.8622875982579628,-0.037743862606402834,1.7985142601860895,5.11244195037418
35,3,0.6271366940604316,0.8469651738802592,0.6549295774647887,0.6392973745023978,0.6549295774647887,0.6405930581431639,0.8474938937311725,-0.022895304349186185,1.768398768372006,4.969481706619263
35,4,0.6441444870498445,0.732526398367352,0.6883802816901409,0.6803524476591498,0.6883802816901409,0.6749043613491178,0.8758976721345669,-0.033664763176503465,1.8559415605333116,5.425750904613071
36,1,0.6309985038306978,0.7067247678836187,0.6919014084507042,0.6798190818551476,0.6919014084507042,0.6786672536947329,0.8784614178154658,-0.004839275437291235,1.8563067317008972,5.338537123468187
36,2,0.6079740524291992,0.7175484630796645,0.6971830985915493,0.6850821615851699,0.6971830985915493,0.6741586019897646,0.8688227217454121,-0.021482100888550182,1.7869904769791498,5.057247559229533
36,3,0.595946244067616,0.722571892870797,0.6883802816901409,0.6833037371189067,0.6883802816901409,0.672057572297308,0.8726902551770568,-0.002830269240174932,1.7537461982833014,4.913721919059753
36,4,0.6617784086200926,0.7986274626519945,0.6302816901408451,0.6231128295507741,0.6302816901408451,0.6190567826495719,0.8532051383351613,-0.017412368963767078,1.8621848954094782,5.465788377655877
37,1,0.6533012506034639,0.8130615916517046,0.6566901408450704,0.6293113165876176,0.6566901408450704,0.634469349350441,0.8467730145930944,-0.0440913990320877,1.8683462275399103,5.3388356765111284
37,2,0.6142109996742673,0.7206225660112169,0.6830985915492958,0.6816728009221082,0.6830985915492958,0.6690847655576834,0.87034535153782,-0.029714002771403347,1.7921927571296692,5.120053185356988
37,3,0.6000141965018378,0.7315939764181772,0.670774647887324,0.6711845144943736,0.670774647887324,0.6471347206510615,0.870756170372449,-0.006670676506540962,1.7627073129018147,4.936180353164673
37,4,0.6469655599859025,0.752210236257977,0.6637323943661971,0.6441400875258608,0.6637323943661971,0.6484038048901486,0.864856477598873,-0.034110101423520556,1.8549639185269673,5.411908838484022
38,1,0.6377265503009161,0.7445248133606381,0.670774647887324,0.661405171789795,0.670774647887324,0.6618555072393307,0.8698181745456522,-0.012786383297147541,1.846352756023407,5.324237055248684
38,2,0.62196141646968,0.7593081560399797,0.6883802816901409,0.6654658586671732,0.6883802816901409,0.6671382374014682,0.8661644313431578,-0.018694717949361284,1.7986413439114888,5.115484979417589
38,3,0.6065111292733086,0.7537015395032035,0.6901408450704225,0.6764138501287686,0.6901408450704225,0.675572139752711,0.8664356901697026,-0.00834355279927812,1.7712228496869404,4.957469979921977
38,4,0.641882696085506,0.7286125636763043,0.6672535211267606,0.6651803945428446,0.6672535211267606,0.6634361730276703,0.8691459847042409,-0.02565227656787994,1.8545268972714741,5.408569958474901
39,1,0.6367860320541594,0.7357181509335836,0.6813380281690141,0.6653460434213133,0.6813380281690141,0.6665494273002055,0.868590864410285,-0.0303541507065066,1.8566865258746676,5.335739824506971
39,2,0.6086908843782213,0.7147378209564421,0.6742957746478874,0.6544334863598695,0.6742957746478874,0.6529356917577236,0.8694577409152484,-0.027653133555222142,1.7938942048284743,5.073033677207099
39,3,0.6011860138840146,0.7190825806723701,0.676056338028169,0.66297522376533,0.676056338028169,0.6559351558290312,0.8799625324441636,-0.023098091104701624,1.769369410143958,4.978916433122423
39,4,0.6429005132781135,0.7511797828806771,0.6778169014084507,0.6759763316663585,0.6778169014084507,0.6686155287376974,0.8719276009366559,-0.028059793536208355,1.8475023905436199,5.368281020058526
40,1,0.6286693960428238,0.7065035882923338,0.6848591549295775,0.6786796607319214,0.6848591549295775,0.6744584962805877,0.8735476955535574,-0.022489761132261643,1.849665641784668,5.314417878786723
40,2,0.6181194831927618,0.7683817595243454,0.676056338028169,0.6651262705922232,0.676056338028169,0.6515778260896649,0.8596167101934782,-0.010145396233723458,1.787094169192844,5.052601469887628
40,3,0.6085289865732193,0.7382916476991441,0.6690140845070423,0.6571596307495142,0.6690140845070423,0.6594857582970988,0.87541066434635,-0.01959209498852288,1.776618520418803,5.015379442109002
40,4,0.6333579652839236,0.6790095981624391,0.6936619718309859,0.6871307060201258,0.6936619718309859,0.6837456568984905,0.8876578801065442,-0.0224720564780041,1.8520977298418682,5.430512070655823
41,1,0.6441993133889304,0.7541117469469706,0.6637323943661971,0.6468036592323355,0.6637323943661971,0.6491192025679587,0.8692740861955124,-0.04092642497734378,1.8634705543518066,5.3758560286627874
41,2,0.6094628423452377,0.7237332330809699,0.6813380281690141,0.6634472540994315,0.6813380281690141,0.6626836008481161,0.8757846472686921,-0.027653730779273245,1.7897993856006198,5.059738622771369
41,3,0.5943624824285507,0.6896915038426717,0.704225352112676,0.6931073902197926,0.704225352112676,0.6921830627773027,0.8909819227670899,-0.0025420248054885963,1.765369130505456,4.969330906867981
41,4,0.6441515071524514,0.7217447972959943,0.670774647887324,0.6634953607414563,0.670774647887324,0.6602916851771574,0.8725384266401047,-0.01431835305671747,1.8619269529978435,5.4494946002960205
42,1,0.6340116825368669,0.7247593733999464,0.6690140845070423,0.6691029921843753,0.6690140845070423,0.6640051826022133,0.8732373118765142,-0.006456332048751845,1.8491684132152133,5.331931127442254
42,2,0.6047228657537036,0.7107846041520437,0.6954225352112676,0.6798830314779529,0.6954225352112676,0.6747854005877669,0.8833299607808138,0.003852579463213379,1.78779137134552,5.038102282418145
42,3,0.5867937356233597,0.6759513285424974,0.7059859154929577,0.6957349057012254,0.7059859154929577,0.694545470043243,0.8921251258322387,-0.02013330929380852,1.7578216592470806,4.91961051358117
42,4,0.6368109467956755,0.6935158752732806,0.6901408450704225,0.6973583275528814,0.6901408450704225,0.6876723581026741,0.8870805773211237,-0.017240687657744225,1.852883471382989,5.435583763652378
43,1,0.6319794472720888,0.683741506603029,0.6919014084507042,0.6772267837495239,0.6919014084507042,0.6784088866296055,0.8848573722087991,0.023175805920511605,1.8699100150002375,5.40350948439704
43,2,0.5948620322677824,0.6724951581822501,0.7024647887323944,0.6932159633905515,0.7024647887323944,0.6881745991391837,0.8891718150924928,-0.029961129937151387,1.78004562192493,5.017036159833272
43,3,0.5951639811197916,0.6910234623485141,0.6901408450704225,0.6778912930470485,0.6901408450704225,0.6749859515089657,0.8869703908846209,-0.006289736773235521,1.7711689670880635,4.977166493733724
43,4,0.6382911453644434,0.7303161041604148,0.6778169014084507,0.6752264279927033,0.6778169014084507,0.671982196995837,0.8768948861908671,-0.020362824003437696,1.8451616565386455,5.364625480439928
44,1,0.6250036590629153,0.645055063896709,0.6901408450704225,0.6788809545357379,0.6901408450704225,0.681337310797335,0.8952151036548595,-0.04678116519766662,1.8701471487681072,5.416773570908441
44,2,0.6135221140252219,0.7322127951516045,0.698943661971831,0.6852570401179724,0.698943661971831,0.6807727783775023,0.8782304695477617,-0.02713621281979317,1.7947142985132005,5.085489537980822
44,3,0.6030616445673836,0.7297769453790452,0.6778169014084507,0.6715708858058207,0.6778169014084507,0.6659835670229539,0.8785863698187244,0.00018286180906057492,1.7689311371909247,4.9740329715940685
44,4,0.6452984942330254,0.7315138777097067,0.6514084507042254,0.63736507371736,0.6514084507042254,0.6407377598926896,0.8696581631748869,-0.009544516414224491,1.8528635965453253,5.439153075218201
45,1,0.6325069467226664,0.721814889046881,0.6813380281690141,0.6688946000935586,0.6813380281690141,0.6707506225943759,0.8775743761725823,-0.006967387512729406,1.8532052569919162,5.319643603430854
45,2,0.5969149950477812,0.652952253818512,0.7024647887323944,0.6985034568934836,0.7024647887323944,0.6891988976387364,0.8971604524201064,-0.007078504841339317,1.797428912586636,5.086832390891181
45,3,0.5966141025225321,0.6798191451364093,0.6883802816901409,0.6797998370552165,0.6883802816901409,0.6758056050863592,0.8917261299387492,-0.010833522668686202,1.7787159813774958,5.020343926217821
45,4,0.6384413010544248,0.6984667413764529,0.6778169014084507,0.6649407569067424,0.6778169014084507,0.6673525263104798,0.8849583622077084,-0.025341825949934504,1.8602982891930475,5.440624025132921
46,1,0.6374070362912284,0.7226814048157798,0.698943661971831,0.6853466477771514,0.698943661971831,0.6869522474842271,0.8709593986459726,-0.003668005323206547,1.8609354231092665,5.373119513193767
46,2,0.6077631049686008,0.665963426232338,0.727112676056338,0.7166199852173066,0.727112676056338,0.7171675223550833,0.8920317184529167,-0.021431922085665356,1.8223825097084045,5.176189263661702
46,3,0.5836066073841519,0.659475757016076,0.698943661971831,0.6904058285779333,0.698943661971831,0.685308296918154,0.8933432271385975,-0.011047540469216077,1.7577232718467712,4.92257911629147
46,4,0.6353601316610972,0.6951675183243222,0.6901408450704225,0.7056380952507713,0.6901408450704225,0.6826239256017063,0.884183379252576,-0.05416621058014748,1.8520748681492276,5.411373217900594
47,1,0.6190574897660149,0.6659051974614462,0.7147887323943662,0.710444350595552,0.7147887323943662,0.7100713096408733,0.8961641329612287,-0.02529645711825279,1.8552793396843805,5.302659697002834
47,2,0.5942282246218787,0.6202263202932146,0.7183098591549296,0.6994832921580113,0.7183098591549296,0.6990533838001045,0.9000759855571401,-0.024909459337021378,1.8010620872179668,5.131298661231995
47,3,0.5850394152932696,0.6532442933983273,0.698943661971831,0.6905752110126316,0.698943661971831,0.6912983762831127,0.897912778474437,-0.004475526971046806,1.765060497654809,4.953711483213636
47,4,0.632931982477506,0.6561778667900298,0.7007042253521126,0.6995441730321598,0.7007042253521126,0.696489724363886,0.9007420163176421,-0.03725515729935114,1.8648653825124104,5.476243469450209
48,1,0.6135383397340775,0.6546827968623903,0.7112676056338029,0.706690404243079,0.7112676056338029,0.7023697406664061,0.88908642455644,0.007069312461724042,1.843990339173211,5.265755520926581
48,2,0.5993244465854433,0.6402185493045383,0.7411971830985915,0.738528103027974,0.7411971830985915,0.7330192658801814,0.8988730060244191,-0.021056722749274837,1.8054483864042494,5.143964952892727
48,3,0.579875667889913,0.6413591851790746,0.7147887323943662,0.7116583317977171,0.7147887323943662,0.706589787839119,0.8925798233419061,-0.02830992397795451,1.7614769405788846,4.922693610191345
48,4,0.6218946874141693,0.6549888418780433,0.7024647887323944,0.7110805506310964,0.7024647887323944,0.6956580680886008,0.9018104372214976,-0.012508632071225989,1.835467557112376,5.3573050366507635
49,1,0.6096367769771152,0.6299014025264316,0.7130281690140845,0.6992581681576184,0.7130281690140845,0.7049962530657785,0.8961477161820465,-0.0171897012999902,1.8480509983168707,5.279951969782512
49,2,0.5906155871020423,0.6548381927940581,0.704225352112676,0.6915200090589941,0.704225352112676,0.6873542074919491,0.8998548086932419,-0.01775970440687269,1.7784592972861395,5.011429932382372
49,3,0.5942851387792163,0.6958956072727839,0.6830985915492958,0.6717488726827368,0.6830985915492958,0.6714994392311808,0.8819172243079955,0.018275096829080573,1.7702751027213202,4.95671108033922
49,4,0.6315277400943968,0.6903748330142763,0.6971830985915493,0.6932860331898517,0.6971830985915493,0.690832563386176,0.8841366617371349,-0.04146157389142746,1.8434027632077534,5.384105536672804
50,1,0.6181695908308029,0.6744841585556666,0.7130281690140845,0.6990753996474743,0.7130281690140845,0.7037464857691309,0.8923667816869327,-0.03138616511103831,1.8472217917442322,5.272957430945502
50,2,0.5925994349850549,0.6485252612166934,0.704225352112676,0.7017434031974095,0.704225352112676,0.688539772970723,0.8944074888332354,-0.037522820217755326,1.7884799639383953,5.047513643900554
50,3,0.5846851799223158,0.6468173828389909,0.7183098591549296,0.7070738564230268,0.7183098591549296,0.7098012145557188,0.8978831400313216,-0.011445117485818557,1.763916638162401,4.961390627755059
50,4,0.625805891222424,0.6483169678184721,0.7130281690140845,0.7235080689763227,0.7130281690140845,0.7107973487670269,0.8997168394275745,-0.017119248177991597,1.8505636519855924,5.416471110449897
51,1,0.6180389953984154,0.6308648122681512,0.7095070422535211,0.694015873952635,0.7095070422535211,0.6983560784999854,0.9008847255596787,-0.025108860066041405,1.8618276649051242,5.371247344546848
51,2,0.597308455242051,0.6444217264652252,0.7323943661971831,0.7183670576473763,0.7323943661971831,0.7170812998558728,0.8992192512371722,-0.02988255414147667,1.7922171354293823,5.109912448459202
51,3,0.5903958396779166,0.6840107258823183,0.6813380281690141,0.6703992842622079,0.6813380281690141,0.6691267976497906,0.8785752425485189,-0.029321015589172772,1.7661049895816379,4.9413884613249035
51,4,0.6183113124635484,0.6516455875502692,0.7007042253521126,0.6940638811544291,0.7007042253521126,0.6928894413114508,0.8987180896814023,-0.0011703518525820744,1.835449026690589,5.326101197136773
52,1,0.6168650454945035,0.6566789249579111,0.7059859154929577,0.7001232328663664,0.7059859154929577,0.7010822211553526,0.8946129421735828,-0.021610276316553323,1.85372613535987,5.298516458935207
52,2,0.5778550191058053,0.5778606318765216,0.7535211267605634,0.7479021604469656,0.7535211267605634,0.7442088814542004,0.9088186175395967,-0.013950894249776358,1.7908037106196086,5.048195547527737
52,3,0.5819757580757141,0.6230035821596781,0.7130281690140845,0.6999009694634967,0.7130281690140845,0.6978146521426892,0.9048194473669549,-0.04473014411298548,1.771799385547638,4.989716317918566
52,4,0.630742664138476,0.6105593707826402,0.7183098591549296,0.7162878425771964,0.7183098591549296,0.7126216063410021,0.9016510524777717,-0.03768649957403336,1.87194514936871,5.559492044978672
53,1,0.6088288360171847,0.606793741385142,0.7341549295774648,0.718703965207459,0.7341549295774648,0.7188288521491856,0.9034986968069028,-0.03168986943051877,1.8649974531597562,5.325855493545532
53,2,0.6003829075230492,0.645118138856358,0.7130281690140845,0.7068279211336672,0.7130281690140845,0.7011127690549045,0.8938290274078471,-0.01458236943901392,1.7953120999866061,5.142764846483867
53,3,0.5812342945072386,0.6468602534797456,0.704225352112676,0.6952686892770077,0.704225352112676,0.6933104319542055,0.8992223903146539,-0.0300665940169349,1.7671786745389302,4.923226303524441
53,4,0.6409334159559674,0.6595793382989036,0.7165492957746479,0.7063508716407567,0.7165492957746479,0.7068210214537266,0.8961989289002221,-0.03485958784655829,1.883387307325999,5.556892699665493
54,1,0.6184994611475203,0.6421360870202383,0.7095070422535211,0.7106539072183828,0.7095070422535211,0.7068281989093362,0.9034390448252105,-0.01997256770522604,1.8629451725218031,5.35047091378106
54,2,0.5978443986839719,0.658407469590505,0.698943661971831,0.6870643002321398,0.698943661971831,0.6859917848450084,0.8919421483838426,-0.02698841209947589,1.7865886290868123,5.0817495584487915
54,3,0.5862673819065094,0.6582074711720148,0.6848591549295775,0.6635624606792179,0.6848591549295775,0.6658739547974821,0.8902153290189497,-0.010823787766523818,1.7691144082281325,4.954714152548048
54,4,0.6167485862970352,0.5922696888446808,0.7447183098591549,0.7401297788358551,0.7447183098591549,0.7363357404312882,0.9115341134296001,-0.04528537360748275,1.8535614940855238,5.4432783126831055
55,1,0.6106662932369444,0.6135638339651955,0.7323943661971831,0.7242976470398794,0.7323943661971831,0.7255218307856295,0.9032851715365202,-0.02322304198296643,1.8539863692389593,5.331304470698039
55,2,0.5900051328870985,0.6265525933769014,0.7359154929577465,0.7242798058190412,0.7359154929577465,0.7270136964367876,0.9027662292829435,-0.018050322872116054,1.7927727037005954,5.069464723269145
55,3,0.5933131029208502,0.6911530213223563,0.6848591549295775,0.6829781788675777,0.6848591549295775,0.6742549855565343,0.8908554252214287,-0.02218349719467505,1.7620082563824124,4.954245381885105
55,4,0.6215575370523665,0.6185573124223285,0.7200704225352113,0.7127119171224445,0.7200704225352113,0.7128482000455864,0.9041183694994408,-0.012989715745734598,1.8543146914905972,5.43777510854933
56,1,0.6161162803570429,0.6396040386623807,0.7095070422535211,0.7084562916582943,0.7095070422535211,0.7042947258459478,0.894964570208563,-0.03903733791410535,1.855597284105089,5.329067918989393
56,2,0.5775740146636963,0.5792445457643933,0.7341549295774648,0.7238954945746542,0.7341549295774648,0.7160114856717673,0.9055800566437967,0.01057556861779263,1.782443470425076,5.043186108271281
56,3,0.5788203097052045,0.6275647001134025,0.7288732394366197,0.7143612409712716,0.7288732394366197,0.7166162256142776,0.9011175088876937,-0.002382067631214735,1.764105545149909,4.944489704238044
56,4,0.6207811848984824,0.6275917539993922,0.7253521126760564,0.7139788323825034,0.7253521126760564,0.7095268034492456,0.9014917216733558,-0.039732573999955445,1.8496542043156095,5.410307963689168
57,1,0.609900262620714,0.6187790085872015,0.7147887323943662,0.7046698244544742,0.7147887323943662,0.7070854518038309,0.8982136328564846,-0.0036637476709744377,1.846998155117035,5.307718674341838
57,2,0.5791585081153445,0.5678386522663964,0.7429577464788732,0.72974051561933,0.7429577464788732,0.7318536517499937,0.9153946699187578,-0.015481673245051786,1.793060216638777,5.086749103334215
57,3,0.5777476049131818,0.6272517508930631,0.721830985915493,0.7279318140225405,0.721830985915493,0.7147076097954737,0.9051737794576092,0.010909257640170922,1.7644648618168302,4.933027452892727
57,4,0.6225382718775008,0.6397572242551379,0.7095070422535211,0.6923581192611873,0.7095070422535211,0.6971062493896674,0.8959862915870553,-0.008874133931324746,1.845842527018653,5.401304576132032
58,1,0.616231330566936,0.6469720519251294,0.7165492957746479,0.7067356865552288,0.7165492957746479,0.7058894300149584,0.8952425046681518,0.034328140714791844,1.8447889553176031,5.3142240974638195
58,2,0.5839701394240061,0.5781141834126579,0.7588028169014085,0.7660292932292551,0.7588028169014085,0.7471601501577464,0.9186943252825523,-0.03471264724672429,1.7991550498538547,5.115266402562459
58,3,0.568762931558821,0.5694886793692907,0.7570422535211268,0.7525135008161697,0.7570422535211268,0.7456777316515129,0.9167557258151103,-0.029946608616941317,1.7653404672940571,4.967830379803975
58,4,0.6284291363424725,0.6443247314956453,0.7059859154929577,0.7075198300892404,0.7059859154929577,0.7050156387494348,0.9029081113975074,-0.011541448048286274,1.8603082166777716,5.454188386599223
59,1,0.6201356848080953,0.6606230404641893,0.7183098591549296,0.7168066602555915,0.7183098591549296,0.7096174002256924,0.900833939308362,-0.007543007195923934,1.8495840893851385,5.3243587546878395
59,2,0.5783459660079744,0.600469837586085,0.7323943661971831,0.7328215670836613,0.7323943661971831,0.7220450779551015,0.9056856417990107,-0.016459433426389003,1.7842827704217699,5.00112952126397
59,3,0.5818291687303119,0.6124047868781619,0.7306338028169014,0.7216889757140598,0.7306338028169014,0.7200535780430773,0.9077121673704862,-0.026260108624606815,1.7779598633448284,5.011553949779934
59,4,0.6056512461768256,0.559870719909668,0.7482394366197183,0.7481816598222595,0.7482394366197183,0.7470055640477489,0.9199559281702941,-0.025955522593309466,1.8508174551857843,5.399609022670322
60,1,0.6010393699010214,0.6098072197702196,0.7447183098591549,0.7345353869247229,0.7447183098591549,0.7323473008743433,0.9064656778132081,0.003919969037569082,1.8376427623960707,5.2313476536009045
60,2,0.5740089962879816,0.587374261683888,0.7464788732394366,0.739116946897919,0.7464788732394366,0.7376414360825025,0.9117869328696238,0.005557130850501579,1.778679072856903,4.983821882141961
60,3,0.5755758219295077,0.5821326788928773,0.75,0.7446539742552827,0.75,0.7410399951106522,0.9092663049410293,-0.04170666036309223,1.7827570173475478,5.013365414407518
60,4,0.6111354149050183,0.589778075615565,0.7447183098591549,0.7346821488178175,0.7447183098591549,0.731513732613795,0.9156296455341004,-0.012435241711186595,1.8537739051712885,5.388539221551683
61,1,0.616481418410937,0.6305807729562124,0.7359154929577465,0.718718125019924,0.7359154929577465,0.7204454415515011,0.890831281368784,0.002747580857615617,1.8580602606137593,5.35453904999627
61,2,0.5663217571046617,0.5451036112176048,0.7711267605633803,0.7612476459188409,0.7711267605633803,0.7605314027434638,0.9171567712716485,-0.015952370874416033,1.7739380929205153,4.997759024302165
61,3,0.5736394690142738,0.5709728532367282,0.7288732394366197,0.7171477941431474,0.7288732394366197,0.718363603766547,0.911065216406117,-0.018835308042080223,1.7722433010737102,5.015713188383314
61,4,0.6226420584652159,0.6273332519663705,0.7323943661971831,0.7314145365258107,0.7323943661971831,0.7263089853795948,0.9106745089011473,-0.02461953538860917,1.8495531611972384,5.429989205466376
62,1,0.6047055605385039,0.6063692784971662,0.7376760563380281,0.7288010560198838,0.7376760563380281,0.7277387607367218,0.9065475239776319,-0.022225728769344366,1.84314583407508,5.2792379061381025
62,2,0.5757187008857727,0.5783445222510232,0.7447183098591549,0.7385596344684551,0.7447183098591549,0.7393015608349429,0.912760662861307,0.0016194234805912977,1.781727181540595,5.022732959853278
62,3,0.5702465855413013,0.5962868001725938,0.7288732394366197,0.7170958616147011,0.7288732394366197,0.7175427842881558,0.9087618387564159,-0.03992884677254804,1.762750466664632,4.920187473297119
62,4,0.6033714512983958,0.575734837187661,0.7341549295774648,0.7339100883424702,0.7341549295774648,0.7232861170485075,0.9104258078641894,-0.007102083914267032,1.8386312921841939,5.334421277046204
63,1,0.5968595859077241,0.5710764676332474,0.7411971830985915,0.7435108310810273,0.7411971830985915,0.7391235494251666,0.9084778438194205,0.018390992263729422,1.8368439541922674,5.274581048223707
63,2,0.5711394763655133,0.5585129923290677,0.7482394366197183,0.7424476772659416,0.7482394366197183,0.7418159281931107,0.9174628304342467,0.007849168935436635,1.7832450403107538,5.018709752294752
63,3,0.5753377344873216,0.5913024296363195,0.7394366197183099,0.7356040230653567,0.7394366197183099,0.7283592577637562,0.9115964201381115,-0.023281134240111134,1.7769114308887057,4.988047705756293
63,4,0.6259904106458029,0.6007075806458791,0.7288732394366197,0.7250406027175772,0.7288732394366197,0.7196632003190141,0.9047951034983579,-0.067396071967325,1.8705768320295546,5.528893576727973
64,1,0.6167081991831461,0.63868005739318,0.7147887323943662,0.7015482518205127,0.7147887323943662,0.7038398635846485,0.8947574943545306,-0.014410103617650494,1.8571123480796814,5.336694015396966
64,2,0.5762336999177933,0.5772784849007925,0.7447183098591549,0.7370617818974626,0.7447183098591549,0.736031543266529,0.9143830147099669,-0.009074763173552158,1.7861406670676336,5.030415773391724
64,3,0.5935182968775431,0.6975252661440108,0.7077464788732394,0.6972587411028979,0.7077464788732394,0.6967756622148291,0.8875624901244055,-0.01662429959608791,1.7672268019782171,4.941920200983684
64,4,0.611726893319024,0.6050747616423501,0.7306338028169014,0.7373415368788593,0.7306338028169014,0.729200666363774,0.9097550713224969,0.002562727130308029,1.841853506035275,5.359058724509345
65,1,0.6072067535585828,0.6016172899140252,0.7306338028169014,0.7178594892411779,0.7306338028169014,0.7193384302241933,0.9098896611813566,-0.011497279631479618,1.8492704961034987,5.316303028000726
65,2,0.5769272612200843,0.5640001760588752,0.7640845070422535,0.7536073159424431,0.7640845070422535,0.7549757001476691,0.9222701282789434,-0.01939169791559925,1.7858639889293246,5.072233226564196
65,3,0.5802776598268085,0.6199701842334535,0.7130281690140845,0.7128337947260811,0.7130281690140845,0.7067718233529063,0.9016128700093937,0.0015880518599079574,1.7841038439008925,4.976560261514452
65,4,0.6001707795593474,0.5264042963584264,0.7816901408450704,0.7812022394453257,0.7816901408450704,0.7777155377928439,0.9324993067764942,-0.015654333068745085,1.8458927936024137,5.416091998418172
66,1,0.6162468973133299,0.6437803324725893,0.7288732394366197,0.7169059259551591,0.7288732394366197,0.7209259755399213,0.8943917661178081,-0.008684659129819972,1.8478678464889526,5.319941149817573
66,2,0.5786900404426787,0.5962560292747285,0.7517605633802817,0.7512118070047985,0.7517605633802817,0.7424795122582701,0.9080392962033677,-0.022433080020213936,1.7866353657510545,5.013758831553989
66,3,0.5573398636447059,0.5465114480919309,0.7447183098591549,0.7349116712431556,0.7447183098591549,0.7365597611194906,0.9207660960255003,-0.04547442939381141,1.745916763941447,4.894083910518223
66,4,0.6141270134184096,0.612714312142796,0.7394366197183099,0.7338051386600268,0.7394366197183099,0.7337779749219938,0.9132647653772126,0.006418692580202112,1.8423389659987555,5.368394944402906
67,1,0.6038105934858322,0.5638239416811202,0.7623239436619719,0.7578869001146569,0.7623239436619719,0.7590264572784694,0.9178076369709719,-0.024196142159989886,1.8565381434228685,5.369058450063069
67,2,0.5908801058928171,0.6044574876626333,0.7464788732394366,0.7403583508382094,0.7464788732394366,0.7405080133462237,0.9120963498820717,-0.03409341968148838,1.805251936117808,5.130928463406033
67,3,0.57974431084262,0.6159700916873084,0.7095070422535211,0.7012906064174884,0.7095070422535211,0.6961656703405963,0.9067303471901105,-0.039473395179160375,1.7705787950091891,4.980150368478563
67,4,0.6150056156847212,0.615854776567883,0.7341549295774648,0.7348224789476376,0.7341549295774648,0.7305524756916757,0.9078446812683986,-0.014227823347293889,1.842687600188785,5.372388932440016
68,1,0.6043943100505405,0.560855766137441,0.7605633802816901,0.7578881795563263,0.7605633802816901,0.7552080811055368,0.9129375984365418,-0.01408507658245961,1.8652521305614047,5.381473011440701
68,2,0.5717839565542009,0.5264001488685608,0.7517605633802817,0.7404807282204554,0.7517605633802817,0.7406899837097679,0.9233847948453786,-0.034033542093296454,1.7972304158740573,5.101393991046482
68,3,0.5626842247115241,0.5683695293135114,0.7464788732394366,0.7434222209750379,0.7464788732394366,0.7396990588807394,0.9175384743835766,0.009468561637571593,1.7556754615571764,4.90139102935791
68,4,0.6110008872217603,0.5885122997893227,0.7200704225352113,0.715140838615162,0.7200704225352113,0.7137613756676163,0.9109177696543419,-0.013592039595706096,1.8454001545906067,5.392514056629604
69,1,0.6078858077526093,0.5889096806446711,0.721830985915493,0.7117372593219828,0.721830985915493,0.7146072588161103,0.9107270849890403,-0.04279109809164572,1.864230665895674,5.354947288831075
69,2,0.5799453324741788,0.5972325917747285,0.7570422535211268,0.7514362995762262,0.7570422535211268,0.7466184228950301,0.9148721665462287,-0.023145098815818388,1.788442333539327,5.026405334472656
69,3,0.5727737959888246,0.5926391631364822,0.7482394366197183,0.7417401717110091,0.7482394366197183,0.7387320129952207,0.9125403607360589,-0.007459372230049333,1.7652108073234558,4.9562452634175616
69,4,0.6028762973017163,0.5636128468645943,0.721830985915493,0.7187439474689565,0.721830985915493,0.7177625130354603,0.9127196919107935,-0.023886213375043486,1.8444698916541205,5.3565497398376465
70,1,0.5957093917661243,0.5611027429501215,0.75,0.7416023823080975,0.75,0.7408047020497609,0.9199260212260493,-0.028180347430152963,1.84420688284768,5.2852836449941
70,2,0.5656687716643015,0.5396920227342181,0.7658450704225352,0.7619089057569496,0.7658450704225352,0.7600389667254588,0.9232188878420873,0.006239113653388362,1.7740266455544367,5.000893248452081
70,3,0.5597513268391291,0.5343451632393731,0.7411971830985915,0.7339527226412188,0.7411971830985915,0.7328538755652386,0.9248233788183873,-0.01767660917341507,1.766195833683014,4.947456280390422
70,4,0.6135197944111295,0.5906202760007646,0.7588028169014085,0.7570246453805085,0.7588028169014085,0.7538114586100174,0.9134982650699026,0.003194584236810516,1.8470340900950961,5.412234915627374
71,1,0.6003142297267914,0.572745637761222,0.727112676056338,0.7200788088147816,0.727112676056338,0.7206989483258666,0.9149797943141613,-0.014260426241242019,1.8506947954495747,5.311929596794976
71,2,0.5787817902035184,0.5624140136771731,0.7658450704225352,0.7577559184734356,0.7658450704225352,0.7580096906476169,0.9223576472046813,-0.013450027731761738,1.7953654130299885,5.095459262530009
71,3,0.5711940245495902,0.6056214074293772,0.7464788732394366,0.7429734137914836,0.7464788732394366,0.7365626589781831,0.9123541002371389,0.013350339406853817,1.7565115955140855,4.909109565946791
71,4,0.6084914455811182,0.569635240568055,0.7535211267605634,0.7698905576011357,0.7535211267605634,0.7552003185873415,0.9238089939559345,0.0036932973718306616,1.8433436552683513,5.408790972497728
72,1,0.6088107277949651,0.5670308073361715,0.7535211267605634,0.7424500146797789,0.7535211267605634,0.7464604560903284,0.9180657291899745,-0.031292719287788984,1.865252329243554,5.4167374107572765
72,2,0.5852188451422585,0.5770228074656593,0.7429577464788732,0.7310559066354586,0.7429577464788732,0.7317006940258944,0.9133018740424204,-0.0533791442903393,1.8013074265586004,5.131538073221843
72,3,0.5538281483782662,0.5295008288489448,0.7447183098591549,0.7323831398079276,0.7447183098591549,0.733752901313771,0.928848076502738,-0.012051349320087779,1.7536866002612643,4.891865836249457
72,4,0.5961508833699756,0.5134215934409035,0.7676056338028169,0.7633287667910016,0.7676056338028169,0.7572678415769195,0.9279514814236602,-0.040346480958286746,1.8509142729971144,5.399932636155023
73,1,0.6041099280118942,0.5908026347557703,0.7535211267605634,0.747179708150866,0.7535211267605634,0.7470513126561596,0.9151474542988107,-0.031508823586752666,1.841269161966112,5.30777825249566
73,2,0.5637738406658173,0.5261142071750429,0.7869718309859155,0.7827391683527557,0.7869718309859155,0.7816047833775197,0.9253819544643099,-0.0029394989800295424,1.7822475367122226,5.012940380308363
73,3,0.5551745411422517,0.5288831227355533,0.7816901408450704,0.7807155077259516,0.7816901408450704,0.7744344020369969,0.9262750999768483,-0.023270894129003628,1.7634728418456183,4.909729202588399
73,4,0.6084515137804879,0.5574244343572192,0.75,0.75361076030652,0.75,0.7440199320462197,0.9233979218168091,-0.031187385486109553,1.8500258922576904,5.434983518388536
74,1,0.6017815404468112,0.5667700154913796,0.7693661971830986,0.7645242805878204,0.7693661971830986,0.7641109691059087,0.9204808171444046,-0.014390753872141726,1.8514529201719496,5.338250067498949
74,2,0.5574575844738219,0.4923954904079437,0.778169014084507,0.768161899323871,0.778169014084507,0.7671873507922927,0.9310072229839004,-0.013625304521779347,1.7841457790798612,5.018354270193312
74,3,0.5660619603263007,0.554611979259385,0.7429577464788732,0.7466209929383686,0.7429577464788732,0.7369607429563931,0.9221472538850604,-0.03641161794890668,1.7722206777996488,4.972813884417216
74,4,0.6080836256345113,0.5718909568256803,0.7535211267605634,0.7550935879870059,0.7535211267605634,0.749285376380956,0.9160107610268756,-0.00803675636171941,1.8470370570818584,5.39926020304362
75,1,0.6056300832165612,0.5869371841351191,0.7323943661971831,0.7178101684179764,0.7323943661971831,0.7231908925498217,0.9001321950568151,-0.0145985147204295,1.8475131657388475,5.336293988757664
75,2,0.5660457362731298,0.5288326458798515,0.7764084507042254,0.77088940745805,0.7764084507042254,0.76341376619576,0.9267841857176994,-0.0030774498333718814,1.7766447729534574,5.029468788041009
75,3,0.5511281672451231,0.5161474181546105,0.7746478873239436,0.7705779866595022,0.7746478873239436,0.7696835085613735,0.9304025496577059,-0.021527682527980208,1.7566910982131958,4.895739568604363
75,4,0.5983405974176195,0.5340785748428769,0.7588028169014085,0.7676864567319418,0.7588028169014085,0.7577561547113205,0.9257368347499716,0.009807907402406335,1.8411518666479323,5.378235737482707
76,1,0.5994651499721739,0.5828667134046555,0.7359154929577465,0.7300784339486165,0.7359154929577465,0.728347255779114,0.9128084040860973,-0.004776869684695262,1.8452948066923354,5.273978445265028
76,2,0.5645357171694437,0.5170382228162553,0.7904929577464789,0.7853764189991593,0.7904929577464789,0.7831563021082316,0.9270526360379846,-0.007104406634607763,1.789854923884074,5.041659156481425
76,3,0.5685690210925208,0.6104580842786365,0.7323943661971831,0.7246707506636177,0.7323943661971831,0.7203612596695508,0.907108772145838,0.00581629175252274,1.755793617831336,4.866790480083889
76,4,0.6056353698174158,0.5511121418741014,0.75,0.7608315020221047,0.75,0.747803948827273,0.9215893960921249,-0.025300863095166104,1.8560177485148113,5.417652050654094
77,1,0.603979703452852,0.5674959950976901,0.75,0.7426426827251306,0.75,0.7443651381731143,0.9185006898008207,-0.0077068603281038595,1.8633318742116292,5.362506137953864
77,2,0.5586184594366286,0.4735331568453047,0.7834507042253521,0.7764905032452565,0.7834507042253521,0.7717865119699155,0.9385401846432531,-0.02652297898921474,1.7888880835639105,5.077805625067817
77,3,0.5534646560748419,0.5263048857450485,0.7676056338028169,0.7562176081799922,0.7676056338028169,0.756379696612748,0.9265386610806816,-0.013818084556420196,1.741993162367079,4.894839750395881
77,4,0.5953806804286109,0.5269441654284795,0.7341549295774648,0.7319085656279982,0.7341549295774648,0.7304560493612868,0.9232401721353087,0.0323703856795049,1.8394872215059068,5.360372357898289
78,1,0.5900028596321741,0.5399996671411726,0.7588028169014085,0.7463233257570113,0.7588028169014085,0.7478455515623776,0.9221265102438383,-0.01452765418920654,1.8382113840844896,5.270783729023403
78,2,0.5630357364813486,0.5236441377136443,0.7605633802816901,0.7576833250340488,0.7605633802816901,0.7536633000042561,0.9258053897404381,0.015033116706809513,1.778746055232154,5.009251713752747
78,3,0.5549588832590315,0.5507776356405683,0.7394366197183099,0.7379020177404264,0.7394366197183099,0.7327508462716852,0.9245117605725709,-0.027760653556058834,1.7483265532387628,4.857177787356907
78,4,0.6043651650349299,0.5352974914842181,0.7799295774647887,0.7761572398184635,0.7799295774647887,0.7756678223253937,0.9261214354165711,-0.004549966164710151,1.856800701883104,5.439976149135166
79,1,0.5922898666726218,0.5434698959191641,0.7693661971830986,0.7661677790360127,0.7693661971830986,0.7625979221397103,0.9170047099746292,-0.017798615896460923,1.845036698712243,5.287094871203105
79,2,0.558126226067543,0.5214421335193846,0.7764084507042254,0.7792311739577203,0.7764084507042254,0.7656528469638058,0.9243431177037755,0.019463487419627556,1.7705276277330186,4.958285596635607
79,3,0.5708324544959598,0.5781437324153053,0.7693661971830986,0.7649331889584655,0.7693661971830986,0.7644541782821112,0.9197161804924927,-0.034763321696073435,1.7717318336168926,4.967336999045478
79,4,0.5899857067399554,0.5025133407778211,0.7588028169014085,0.7538171912808529,0.7588028169014085,0.7533329130858597,0.9333078342616261,-0.023601482197513013,1.835805012120141,5.3575952715343895
80,1,0.584249551097552,0.5299234771066241,0.7394366197183099,0.7309158072489043,0.7394366197183099,0.7343204060077713,0.9233218834821599,0.005627757307023695,1.8289466434054904,5.230987151463826
80,2,0.5737708740764194,0.5842869778474172,0.7658450704225352,0.7638740840410536,0.7658450704225352,0.7574381494148476,0.9175638181569314,-0.008737260143042658,1.7812899417347379,4.986436724662781
80,3,0.5695128821664386,0.5489379498693678,0.7482394366197183,0.7429631019966043,0.7482394366197183,0.7435896185460009,0.9217782215886896,-0.015846046546930115,1.779486404524909,5.022771729363336
80,4,0.5934838420814939,0.5027814673052894,0.7588028169014085,0.7601796432041594,0.7588028169014085,0.7502087112989834,0.930051328435064,-0.05322521796481694,1.8482633630434673,5.3947321441438465
81,1,0.5885351598262787,0.5253793597221375,0.7623239436619719,0.7519533325695376,0.7623239436619719,0.7552084743880163,0.9247217220697188,0.00016736884319745737,1.8437234891785517,5.288345946205987
81,2,0.5729412386814753,0.5572830380664932,0.7852112676056338,0.7784657598579756,0.7852112676056338,0.7790502897651361,0.923060641760494,-0.019278609676395497,1.781022032101949,5.039517760276794
81,3,0.55537249147892,0.5236155639092127,0.7623239436619719,0.7595986844340263,0.7623239436619719,0.7578643289925502,0.9235786790647871,0.0014288324780907802,1.7663930389616225,4.9245813025368586
81,4,0.590276375412941,0.5073709057437049,0.7711267605633803,0.7666910513088062,0.7711267605633803,0.7656614220312525,0.9337904107115245,-0.04654861660860754,1.8460499313142564,5.349774758021037
82,1,0.5833979000647863,0.4892010639111201,0.7852112676056338,0.783627180659982,0.7852112676056338,0.7816114657744764,0.9321109281813609,0.019420627542450997,1.8372808628612094,5.316370619667901
82,2,0.5606404112444984,0.5074770400921503,0.7834507042253521,0.7755796008929141,0.7834507042253521,0.7743464070280621,0.9302903280339869,-0.028137353403318244,1.783620344267951,5.021173265245226
82,3,0.553359705540869,0.5192608849869834,0.7640845070422535,0.7579282977666472,0.7640845070422535,0.7543704033587271,0.9296473661286591,-0.006977300668727926,1.7638555235332913,4.910021291838752
82,4,0.6000617361731,0.54559901687834,0.7640845070422535,0.7669915903621706,0.7640845070422535,0.7613371933113504,0.924132451724748,0.012178387096742793,1.8452660971217685,5.3684132893880205
83,1,0.5952621383799447,0.5231943039430512,0.7904929577464789,0.7805234765493645,0.7904929577464789,0.7820965121554954,0.9318256383523086,-0.046331676754239215,1.8581576413578458,5.3667081064648094
83,2,0.5581827627287971,0.49755212995741105,0.772887323943662,0.7573631651135696,0.772887323943662,0.7603028672724396,0.9309151855877196,-0.025186228217748186,1.7781820429695978,5.015058398246765
83,3,0.5673808720376756,0.5646280729108386,0.7676056338028169,0.7681300289273026,0.7676056338028169,0.7617989726085254,0.9197004673457327,-0.02633956087730338,1.763498756620619,4.963126712375217
83,4,0.5915922058953179,0.5047915097739961,0.7799295774647887,0.7787045907986488,0.7799295774647887,0.77483724298326,0.928911637487668,-0.03317493120464299,1.8427885969479878,5.369607885678609
84,1,0.5889402263694339,0.5537001275353961,0.7570422535211268,0.7510222013966574,0.7570422535211268,0.7534393034098104,0.9214074767583248,-0.019151055721770005,1.8333722684118483,5.229220708211263
84,2,0.5534953938590156,0.4880882451931636,0.7852112676056338,0.7785115696042625,0.7852112676056338,0.7778198932987451,0.9309636268782686,-0.01951234905013899,1.7755268812179565,4.9854127168655396
84,3,0.5522586935096316,0.5315938707855012,0.7676056338028169,0.7670806440899827,0.7676056338028169,0.7630818189688856,0.9285831018791975,0.014396759583504504,1.7550740506913927,4.8709206448660956
84,4,0.5999275694290797,0.5429853879743152,0.7552816901408451,0.7494756272152492,0.7552816901408451,0.7459205981018998,0.9304309470710717,-0.015025367879774487,1.8442453212208219,5.3714579873614845
85,1,0.5956463134951062,0.5415238042672476,0.7394366197183099,0.7298278442642695,0.7394366197183099,0.7331232098703108,0.9225072011456086,-0.015475545492823928,1.8497546977467008,5.329145974583096
85,2,0.565601357155376,0.5449122910698255,0.7992957746478874,0.7933401064850136,0.7992957746478874,0.7933478173383294,0.9277865549391218,-0.0036742320746430135,1.770457062456343,4.98693663544125
85,3,0.5613875952031877,0.5368856837352117,0.7623239436619719,0.7633150193709366,0.7623239436619719,0.7603364687861207,0.9283003746531993,-0.00691964102940279,1.7606323957443237,4.959344810909695
85,4,0.5968177715937296,0.5373137527041965,0.7517605633802817,0.7427934521231313,0.7517605633802817,0.745079937073201,0.9274013713294922,-0.013393667788668795,1.83593746026357,5.353318293889363
86,1,0.6034872167640262,0.5341789060168796,0.7764084507042254,0.7746428307796867,0.7764084507042254,0.7706847363668378,0.9219631136801516,-0.02568492170620784,1.8685755199856229,5.434148099687365
86,2,0.5721283737156126,0.548170761929618,0.7588028169014085,0.7490135121627198,0.7588028169014085,0.7482735292845865,0.9189788461848396,-0.016324635220824835,1.7914316720432706,5.051510519451565
86,3,0.5508105456829071,0.526195529434416,0.778169014084507,0.7677014145233994,0.778169014084507,0.7688393157838637,0.9314593230030861,-0.015447151624623068,1.7470382584465876,4.866724676556057
86,4,0.5932551804516051,0.5186597539318932,0.7711267605633803,0.7707869392141631,0.7711267605633803,0.7635301395766318,0.9309955088550551,0.012055853430084307,1.8318904903199937,5.355716228485107
87,1,0.5821092675129572,0.49125907404555214,0.7711267605633803,0.7658186445522532,0.7711267605633803,0.7669145284795748,0.9298672177766425,-0.018629132128464843,1.8440991905000474,5.294819619920519
87,2,0.5484310537576675,0.4604353838496738,0.7975352112676056,0.7927064975967835,0.7975352112676056,0.7937498782956345,0.9430926798415156,-0.025374282647995905,1.775395029120975,4.993747313817342
87,3,0.5466821822855208,0.4713636901643541,0.7904929577464789,0.7885339391333237,0.7904929577464789,0.7809574932382586,0.9422288815070892,-0.00664812990685304,1.7608055803510878,4.947537554634942
87,4,0.5885655449496375,0.49159032437536454,0.7852112676056338,0.7858449465591322,0.7852112676056338,0.7829215562226136,0.9372927617542753,-0.010537196868025234,1.837870677312215,5.367877589331733
88,1,0.5943545699119568,0.5170925160249075,0.7588028169014085,0.753911819812197,0.7588028169014085,0.7516514221242221,0.9259495114319003,-3.8042156295325924e-05,1.8649161391788058,5.372884035110474
88,2,0.5549077474408679,0.49353058636188507,0.7922535211267606,0.7867664543186962,0.7922535211267606,0.7865328032255572,0.9328336458313244,-0.012829010559323839,1.7662082248263888,4.986610703998142
88,3,0.5576789246665107,0.5354084836112128,0.7535211267605634,0.7464561756997405,0.7535211267605634,0.7491719355841374,0.9214960336595749,-0.00260239126747952,1.7609811623891194,4.919852985276116
88,4,0.5960287534528308,0.5169492926862505,0.772887323943662,0.7716766926336768,0.772887323943662,0.7677884475857382,0.9268353274706685,-0.03615542751139267,1.841468334197998,5.390668180253771
89,1,0.5834625528918372,0.522269704275661,0.7623239436619719,0.7589402207022824,0.7623239436619719,0.7549011022037924,0.9214250669800714,-0.006006488015097622,1.8376368151770697,5.239704873826769
89,2,0.5478443006674448,0.4544401731755998,0.7852112676056338,0.7764547740488277,0.7852112676056338,0.7789674928220301,0.9375546540990283,-0.011839525338035672,1.765277710225847,5.003220597902934
89,3,0.5465161055326462,0.470090980331103,0.7764084507042254,0.7703489649851848,0.7764084507042254,0.7695757367193208,0.9358723621957202,0.018395857161700224,1.7730166580941942,4.950350006421407
89,4,0.5817548284928004,0.47017835080623627,0.7904929577464789,0.7951171943944367,0.7904929577464789,0.7818546413616835,0.940609489392486,0.016811168619623618,1.8360022637579176,5.342196358574761
90,1,0.586728475160069,0.47003425078259575,0.7992957746478874,0.797860309498503,0.7992957746478874,0.7959614958314267,0.9406173779199224,-0.02766637449404974,1.8660040299097698,5.3949029843012495
90,2,0.5551478531625536,0.46999577350086635,0.778169014084507,0.7721618209441359,0.778169014084507,0.7740793899465248,0.9388149461221951,0.017385910682585104,1.7857120434443157,5.044357339541118
90,3,0.5587795409891341,0.5240293393532435,0.7605633802816901,0.7554627216899965,0.7605633802816901,0.7527092960267933,0.9280740189313792,-0.010837654363140992,1.7672002845340304,4.961416840553284
90,4,0.5989633202552795,0.5516040805313323,0.7605633802816901,0.7602387700779656,0.7605633802816901,0.7554797291474559,0.9233717857106741,-0.021511194205032336,1.8349473873774211,5.338637603653802
91,1,0.5957585242059495,0.5958138936095767,0.7359154929577465,0.7236071905324857,0.7359154929577465,0.7245835217991691,0.9106271497269034,0.028880369916428505,1.8357212940851848,5.20320557223426
91,2,0.558452394273546,0.5140499489174949,0.7816901408450704,0.7828062116405643,0.7816901408450704,0.7762824500816795,0.9273466052219909,-0.00871102464288831,1.779884848329756,4.978294081158108
91,3,0.5649636470609241,0.5662055959304174,0.7429577464788732,0.7334129690706813,0.7429577464788732,0.7316889269663664,0.9231198845682624,-0.013031129270539399,1.7602942321035597,4.932101686795552
91,4,0.6199161956707636,0.591638500491778,0.7588028169014085,0.7536930597499091,0.7588028169014085,0.7526947715163012,0.9216023548980963,-0.0030967344071566316,1.8676767018106248,5.482863770590888
92,1,0.5908066829045614,0.5157610989279218,0.7570422535211268,0.748102350289877,0.7570422535211268,0.7502532056281854,0.9250457330178886,-0.04735921819533573,1.846319595972697,5.336111572053698
92,2,0.5536837958627276,0.4473699347840415,0.8063380281690141,0.8004834242826211,0.8063380281690141,0.7987722322584212,0.941912593344569,-0.024624997240579205,1.792989558643765,5.082544565200806
92,3,0.5454464389218224,0.48311976508961785,0.7746478873239436,0.7757938579390209,0.7746478873239436,0.7684942005456353,0.9354280973212272,0.004238489377996313,1.7558737595876057,4.9082121054331465
92,4,0.5858029060893588,0.47928283777501846,0.7834507042253521,0.7770976460124834,0.7834507042253521,0.778307285736096,0.9356819182769731,-0.020067053649141853,1.840673612223731,5.365438991122776
93,1,0.584151609076394,0.5196112626128726,0.7570422535211268,0.7604132177274806,0.7570422535211268,0.7555206496633855,0.9309445611274121,-0.03174927020960849,1.8277142776383295,5.251860618591309
93,2,0.5485686709483465,0.48309817247920567,0.778169014084507,0.7734752806157442,0.778169014084507,0.7672684155849976,0.9336201651435394,0.03658050276356595,1.7672399481137593,4.940984050432841
93,3,0.5544936094019148,0.5133483658234278,0.7834507042253521,0.7744329510195807,0.7834507042253521,0.7741379512123842,0.9295780869756323,-0.02032572666205068,1.7641447186470032,4.937733345561558
93,4,0.5827203624778323,0.4980367918809255,0.7746478873239436,0.7776355569313316,0.7746478873239436,0.7735133245636048,0.9399651315610386,0.00789841122162449,1.8318298657735188,5.286490003267924
94,1,0.5997017903460397,0.5149326109223895,0.7799295774647887,0.7747094568387431,0.7799295774647887,0.7763546843978755,0.9373338153862077,-0.039669873179214665,1.8725450568728976,5.437167909410265
94,2,0.5584193534321256,0.5058076075381703,0.7711267605633803,0.7648534019809322,0.7711267605633803,0.7666171516864327,0.9285130621211378,0.01808081661206906,1.7763452861044142,4.998183382882012
94,3,0.5449014521307416,0.4704583105113771,0.772887323943662,0.7682294366870576,0.772887323943662,0.7631102426623726,0.9329389457021329,-0.022467377911096875,1.759395056300693,4.933593008253309
94,4,0.5778689053323534,0.45548470318317413,0.7940140845070423,0.7968111143697538,0.7940140845070423,0.7857308757836926,0.9431866240477758,-0.0014485574409912605,1.8370421396361456,5.33220899105072
95,1,0.5780442340506448,0.48867009580135345,0.7834507042253521,0.7821325504573834,0.7834507042253521,0.7823290617982414,0.931167816353389,0.017592001640906574,1.8513428370157878,5.255308230717977
95,2,0.5617580844296349,0.4822044339444902,0.8098591549295775,0.8094792995390944,0.8098591549295775,0.8047344744464352,0.9421007469233533,-0.045375834262857184,1.7825149695078533,5.091052704387241
95,3,0.5497410926553938,0.506359737780359,0.7658450704225352,0.7599686144960813,0.7658450704225352,0.7624098038193742,0.9314693787946173,-0.012307770632822734,1.7481914162635803,4.9013655450609
95,4,0.5822480188475715,0.4592073592874739,0.7799295774647887,0.7862366538881009,0.7799295774647887,0.7760278961653894,0.9376911339252814,0.005211259736583984,1.8446668651368883,5.3710059192445545
96,1,0.5744039101733102,0.46082652111848194,0.7922535211267606,0.7899669534867392,0.7922535211267606,0.7867090216030556,0.9400442479603828,-0.014101567945014493,1.836667901939816,5.2818498611450195
96,2,0.5588465299871233,0.4890994446145164,0.7940140845070423,0.794199137477193,0.7940140845070423,0.7879008150262656,0.9358847490991112,-0.03953372142400213,1.7833547062344022,5.040464864836799
96,3,0.5347729391521878,0.46091848942968583,0.7799295774647887,0.7746011284743678,0.7799295774647887,0.7734291922567764,0.9379320975887178,-0.007530639198162659,1.7467578848203023,4.84005151854621
96,4,0.5964034663306342,0.5323000152905782,0.7676056338028169,0.7690828315782959,0.7676056338028169,0.7664707925072451,0.9272797893136612,-0.00865456539517373,1.8355894552336798,5.359590305222405
97,1,0.5930622567733129,0.561449420120981,0.7517605633802817,0.7517185865420002,0.7517605633802817,0.7490098780662741,0.918432518140017,-0.014201504626496941,1.8356413178973727,5.253812220361498
97,2,0.5513028452793757,0.4672055227888955,0.8028169014084507,0.8009295278692136,0.8028169014084507,0.7982144140995986,0.9395364008319651,0.02218984324507478,1.7701635029580858,5.009307781855266
97,3,0.5514666073852115,0.5110810978545083,0.7816901408450704,0.7807736668147317,0.7816901408450704,0.7710061891518106,0.929784994921062,-0.03901798074622054,1.756481899155511,4.91050730811225
97,4,0.5874117546611362,0.49519093831380206,0.7922535211267606,0.7965059999075099,0.7922535211267606,0.7911497330498436,0.9369303482989668,-0.020659706076969986,1.8370755049917433,5.343831049071418
98,1,0.5589360346396764,0.43113695416185593,0.8169014084507042,0.8148955181130995,0.8169014084507042,0.8148857260323402,0.9475736105564974,-0.016036575645444806,1.8290530112054613,5.177732136514452
98,2,0.5403200205829408,0.4607967966132694,0.8169014084507042,0.8146590091523654,0.8169014084507042,0.8090140348893751,0.9417996887253038,0.031147195011962614,1.7638531062338088,4.902005685700311
98,3,0.541171305709415,0.4910148017936283,0.7922535211267606,0.7906097615946822,0.7922535211267606,0.7881340614976545,0.9387838830870052,-0.034914580583443655,1.7505952782101102,4.841996391614278
98,4,0.5835550261868371,0.46047864026493496,0.7816901408450704,0.7813664195351775,0.7816901408450704,0.7802394366624733,0.9394527551900235,0.010917683440381687,1.848293171988593,5.3831184970008
99,1,0.5781997856166627,0.49935031765037113,0.7816901408450704,0.787292029407678,0.7816901408450704,0.7823849449061229,0.9340472102307202,0.0035157796771365657,1.8393625020980835,5.234084738625421
99,2,0.545494771665997,0.4171955742769771,0.8063380281690141,0.797914957196992,0.8063380281690141,0.7958944094604797,0.9470028638682311,-0.02450462043771018,1.7795663939581976,5.062389387024774
99,3,0.54326774014367,0.47089391615655685,0.7799295774647887,0.7775556996044429,0.7799295774647887,0.7743716936301566,0.938081321355856,-0.018414523559959983,1.7625608841578166,4.911130415068732
99,4,0.5732308162583245,0.46339308884408736,0.8133802816901409,0.8186925609976757,0.8133802816901409,0.8062850506468625,0.9457494524681805,0.012328695996563943,1.82018158170912,5.262480391396417
100,1,0.5738365170028474,0.44882189399666256,0.7922535211267606,0.7837870129981224,0.7922535211267606,0.7836040168526176,0.9384599750616351,0.0024838109440105116,1.8435711397065058,5.304217471016778
100,2,0.5448366635375552,0.4598396321137746,0.801056338028169,0.7941553734612731,0.801056338028169,0.7962460910441492,0.9418649821565934,0.008600180144228586,1.7705499198701646,4.9548945559395685
100,3,0.5459097954961989,0.5030721558464898,0.7640845070422535,0.7738544406156282,0.7640845070422535,0.7617790427446994,0.9318750428320939,0.026698356725687544,1.7558734152052138,4.864573359489441
100,4,0.5767517586549123,0.44582824740144944,0.7940140845070423,0.7943380152962145,0.7940140845070423,0.7923560723944914,0.9411230853027321,-0.014178619843455698,1.8386372062895033,5.342827863163418
101,1,0.5799518360031976,0.49500354793336654,0.7764084507042254,0.7694876189687745,0.7764084507042254,0.7685840946068375,0.9377528099348071,0.008701341835776533,1.8343085911538866,5.261442356639439
101,2,0.557438818944825,0.5166731973489126,0.795774647887324,0.7932084771981401,0.795774647887324,0.7903003769726641,0.9312039233230746,0.007896057405918366,1.767195873790317,4.963684850268894
101,3,0.5450954569710625,0.4862724360492494,0.7904929577464789,0.7905570048768915,0.7904929577464789,0.7841398695783277,0.9325990189470268,-0.024456004790427865,1.7482161190774705,4.897514594925775
101,4,0.5910569164488051,0.4870897978544235,0.7869718309859155,0.7887026899857403,0.7869718309859155,0.7843829261543814,0.9368860490857356,0.018468256398472827,1.850324312845866,5.403363625208537
102,1,0.5858863294124603,0.5186487088600794,0.7640845070422535,0.7630977532327538,0.7640845070422535,0.7631715574084214,0.9282564810801531,-0.03459647636318586,1.847578956021203,5.273750848240322
102,2,0.5401358919011222,0.44614732099903953,0.7746478873239436,0.7679171096243363,0.7746478873239436,0.7682815904844634,0.940515392687538,-0.014357782963108301,1.749342918395996,4.932145357131958
102,3,0.5452947434451845,0.47082333929008907,0.7922535211267606,0.7857642133480991,0.7922535211267606,0.7848410160440811,0.9405874639119212,-0.026124972383044787,1.759323259194692,4.93504265944163
102,4,0.5691057708528307,0.42473327616850537,0.8169014084507042,0.81345669801284,0.8169014084507042,0.8100533878938198,0.9471287895256068,0.005924152546708306,1.823374953534868,5.30417279402415
103,1,0.5691891097360187,0.4917354981104533,0.7711267605633803,0.7665772907870638,0.7711267605633803,0.758947933555192,0.9316675099905168,0.014484245395496975,1.809126873811086,5.151905973752339
103,2,0.5518869078821607,0.4582542371418741,0.8080985915492958,0.8093501691516671,0.8080985915492958,0.8073267001322308,0.9432408828053427,-0.04793025270892648,1.7904178102811177,5.036386158731249
103,3,0.5382585244046317,0.493868640727467,0.7922535211267606,0.7842588286195482,0.7922535211267606,0.7852966679638899,0.9331417392380592,0.0073266697053551155,1.725101391474406,4.800939003626506
103,4,0.5860688007540173,0.4850115320748753,0.7834507042253521,0.7877153726959458,0.7834507042253521,0.7799479966108771,0.9346894456569842,-0.039420695123030036,1.8363062010871039,5.3531218899620905
104,1,0.5833737038903766,0.46229994462596047,0.8028169014084507,0.8013667379938533,0.8028169014084507,0.7978739843604584,0.9385672735468527,-0.012242814636063581,1.8483399086528354,5.379327681329515
104,2,0.5450129624870088,0.4669598622454537,0.7940140845070423,0.7903175533005143,0.7940140845070423,0.7847039386638104,0.9386564925323744,0.011552979571249566,1.7718343337376912,4.9396507607565985
104,3,0.5443254858255386,0.4728374083836873,0.7852112676056338,0.779502383833775,0.7852112676056338,0.7764801452392515,0.9385263143701723,-0.03143572399432637,1.75103360414505,4.919666793611315
104,4,0.5700485342078738,0.4443434211942885,0.7922535211267606,0.7858666321550313,0.7922535211267606,0.7839367114010969,0.9417903220235866,0.0321590226335714,1.8177227179209392,5.271535913149516
105,1,0.5781576467884911,0.48952481978469425,0.7834507042253521,0.7799027185762408,0.7834507042253521,0.7807672797452783,0.9345783295209078,-0.014160521921782188,1.8355009290907118,5.253800961706373
105,2,0.5426147729158401,0.3992619282669491,0.8169014084507042,0.8114438392742598,0.8169014084507042,0.8089149162599303,0.953096172951363,-0.03542018088914878,1.7936432626512315,5.070870055092706
105,3,0.5509257896078957,0.48338476816813153,0.7852112676056338,0.7812229428499212,0.7852112676056338,0.7815852933981057,0.9393290203661017,0.01351878319044808,1.7710337903764513,4.966509991221958
105,4,0.5886038111315833,0.4739958511458503,0.7746478873239436,0.7848588131691773,0.7746478873239436,0.773289577116276,0.9371188488769178,-0.0443979604919833,1.8565310306019254,5.409104228019714
106,1,0.5798267043299146,0.4764506154590183,0.7816901408450704,0.7756481049172188,0.7816901408450704,0.777580611701509,0.9338930176899285,-0.03900343156302877,1.8292746080292597,5.305658671591017
106,2,0.551520319448577,0.4819469716813829,0.7940140845070423,0.7903847525290784,0.7940140845070423,0.7883739060332705,0.9394826345245684,0.001819449253550487,1.7694944275750055,4.975336697366503
106,3,0.5408095849884881,0.4466063380241394,0.8045774647887324,0.8043406857663752,0.8045774647887324,0.8009794260660915,0.9436281467965494,-0.0331803795969039,1.7650110125541687,4.939736657672459
106,4,0.5805571360720528,0.427852483259307,0.8063380281690141,0.8056816031955378,0.8063380281690141,0.8022403581489793,0.9460553770110414,-0.014074397244331571,1.8521746198336284,5.423939254548815
107,1,0.5787580377525754,0.46905671225653756,0.7940140845070423,0.7847137942142004,0.7940140845070423,0.7858247824051958,0.9415715141469821,-0.012645823000089873,1.8381043208969965,5.309295826488071
107,2,0.552064468463262,0.447458126478725,0.7940140845070423,0.7898546040422713,0.7940140845070423,0.7914159021499518,0.941244975953075,-0.004775612110839322,1.789542231294844,5.061862428983052
107,3,0.5560259769360224,0.5035575992531247,0.7693661971830986,0.7775107891356857,0.7693661971830986,0.7665923347572063,0.9340504710387105,-0.042011294152128675,1.7695181965827942,4.976074126031664
107,4,0.5848932961622874,0.49346337219079334,0.7588028169014085,0.7665472450592272,0.7588028169014085,0.7563762348188946,0.9320419016345237,-0.02005370824626107,1.8313098351160686,5.320260908868578
108,1,0.5813830378982756,0.4854308995935652,0.7588028169014085,0.7525972412033024,0.7588028169014085,0.7511584522875654,0.9300327644995374,-0.005476361011444331,1.8395324216948614,5.3017210430569115
108,2,0.5605200048949983,0.5276530285676321,0.7904929577464789,0.7912134243368709,0.7904929577464789,0.7845142910958027,0.9259660401094587,-0.005024743992664504,1.7742251886261835,4.968596312734816
108,3,0.5341740681065453,0.4556361834208171,0.795774647887324,0.7896798755346056,0.795774647887324,0.7865009906028975,0.941819298687526,-0.003006609235187252,1.7486417492230732,4.846274932225545
108,4,0.567955967452791,0.42645756403605145,0.8151408450704225,0.8166220673882769,0.8151408450704225,0.8124723992723826,0.948441727743045,0.011261835550430699,1.8270752827326457,5.287234478526646
109,1,0.5703083624442419,0.45115502675374347,0.7834507042253521,0.7755828059048276,0.7834507042253521,0.7771170606864807,0.9395560621736234,0.030570514568578178,1.8410548236634996,5.256984194119771
109,2,0.5493785838286082,0.4331877397166358,0.8063380281690141,0.8052237168968504,0.8063380281690141,0.8012076845997292,0.947275110935465,-0.004114119779223824,1.782341096136305,5.068580057885912
109,3,0.5370338526037004,0.44587168759769863,0.7992957746478874,0.7989444389172661,0.7992957746478874,0.7974558460885243,0.9415939370384124,-0.026105225208116867,1.7546880046526592,4.900615692138672
109,4,0.5771023266845279,0.4217207340730561,0.8028169014084507,0.8006229308262713,0.8028169014084507,0.797232361179784,0.9479602723289496,-0.007777054177132481,1.845176060994466,5.402607109811571
110,1,0.5819909522930781,0.48830802407529617,0.7834507042253521,0.7788139468482976,0.7834507042253521,0.7775694339084289,0.9341178839515324,0.01662783922624822,1.841867936982049,5.299838026364644
110,2,0.550918428434266,0.44223455753591323,0.8151408450704225,0.813256303343547,0.8151408450704225,0.8129077880715281,0.9426600908809514,-0.0317411190937098,1.7790725496080186,5.062074316872491
110,3,0.5418428513738844,0.47854674028025734,0.7852112676056338,0.7940354287687147,0.7852112676056338,0.7819065761712424,0.9310082937606173,-0.013606195921034514,1.7537026471561856,4.880125708050198
110,4,0.5797310156954659,0.4569330546591017,0.7816901408450704,0.7808091728278731,0.7816901408450704,0.7735197306154273,0.9389690283740422,-0.003953132572289464,1.8332280317942302,5.34889899359809
111,1,0.5796754558881124,0.4801339887910419,0.7975352112676056,0.7982177237672954,0.7975352112676056,0.7974169764170748,0.9366573583476967,-0.005271063442884305,1.8450333608521357,5.2948916753133135
111,2,0.5387431151337094,0.4358852273888058,0.8045774647887324,0.803343811783873,0.8045774647887324,0.8030022544563566,0.9488115280484535,0.012888968194215145,1.7730053663253784,4.941853125890096
111,3,0.5418379108111063,0.46979475435283446,0.7992957746478874,0.799457024359532,0.7992957746478874,0.7945246332644176,0.9370123721730292,0.022386887490470353,1.748974038494958,4.898145649168226
111,4,0.5733621584044563,0.4158494994044304,0.823943661971831,0.8251851625026034,0.823943661971831,0.8199575583958018,0.947808915312403,-0.00703757053420806,1.8382175630993314,5.373789336946276
112,1,0.5893594440486696,0.5070802470048269,0.7711267605633803,0.7645689260049334,0.7711267605633803,0.7593805490148178,0.9341135537633789,-0.02278544203851718,1.8475510676701863,5.336672359042698
112,2,0.5555108967754576,0.45991650223731995,0.8080985915492958,0.804822119553139,0.8080985915492958,0.8055051989318374,0.9462783723721452,-0.025248953922882178,1.7862018081876967,5.073516885439555
112,3,0.5379142512877783,0.4408658742904663,0.8045774647887324,0.8011925189157412,0.8045774647887324,0.8005242591694357,0.9445655798519496,0.002407226048547262,1.7548127174377441,4.921263906690809
112,4,0.5755102568202548,0.4421198781993654,0.801056338028169,0.8037509140570738,0.801056338028169,0.7956877341999805,0.9428812215263054,-0.009856082401403121,1.8283545639779832,5.332706252733867
113,1,0.5768662757343717,0.43631644050280255,0.8221830985915493,0.8177535988133123,0.8221830985915493,0.8151488409530113,0.9446287377743247,-0.04948768206409815,1.8554394907421536,5.367358618312412
113,2,0.5426035026709238,0.418327616320716,0.8186619718309859,0.8126599364772845,0.8186619718309859,0.8124383637574588,0.9506770823575178,-0.01734385154101603,1.769597093264262,5.025804724958208
113,3,0.5347347093953027,0.44379788637161255,0.7975352112676056,0.7955572152257079,0.7975352112676056,0.7956780184898127,0.9439884743799211,-0.009831125365566296,1.7521259321106806,4.880758788850573
113,4,0.5867160492473178,0.46717817419105107,0.772887323943662,0.772028093944961,0.772887323943662,0.7663078942058389,0.9384399936858296,-0.024210982995654717,1.8440347909927368,5.403777281443278
114,1,0.5646107362376319,0.4081052425834868,0.8098591549295775,0.8083636408130687,0.8098591549295775,0.8062449945062566,0.9496170042935043,-0.027334832075658344,1.8458493550618489,5.295076277520922
114,2,0.5435922493537267,0.429564634958903,0.8133802816901409,0.8052627697015653,0.8133802816901409,0.8042417454087919,0.9461573210435656,-0.03309193787925402,1.7765048013793097,5.010361419783698
114,3,0.5335284074147543,0.4459750254948934,0.8028169014084507,0.7989163156570828,0.8028169014084507,0.7984255586636063,0.9434234967245072,-0.01615555415365333,1.7531520062022738,4.861039943165249
114,4,0.5793770369556215,0.4686884615156386,0.795774647887324,0.7954882436696683,0.795774647887324,0.7907902861924148,0.9425935275345226,-0.005873042960968133,1.8404192792044745,5.31552059120602
115,1,0.5737252715561125,0.4629826678170098,0.7887323943661971,0.7842648582004547,0.7887323943661971,0.7825853718299022,0.9427300795854519,-0.019298859396944312,1.8449454704920452,5.26744446489546
115,2,0.5474879311190711,0.4694784465763304,0.8045774647887324,0.7998547995364247,0.8045774647887324,0.8009137949152181,0.9418392702738001,-0.006999932917203244,1.782092935509152,4.959806601206462
115,3,0.5386333449019326,0.47233109010590446,0.7904929577464789,0.7982188493401227,0.7904929577464789,0.7879376333266969,0.9390529705651173,0.010368028886682645,1.7511739465925429,4.856036172972785
115,4,0.5792228281497955,0.4506513360473845,0.8116197183098591,0.8085681876265104,0.8116197183098591,0.8062813719845242,0.9444876111115701,0.014869374527161083,1.835073106818729,5.355683922767639
116,1,0.5709803054730097,0.4682203365696801,0.7940140845070423,0.7927898556247455,0.7940140845070423,0.7911750319531781,0.9346760717494427,-0.018439946811217967,1.8334954579671223,5.222452852461073
116,2,0.5441225783692466,0.44348493383990395,0.7940140845070423,0.7852536424500708,0.7940140845070423,0.7872319618353242,0.9444705446262143,0.01874277152012427,1.7658429741859436,4.983523024453057
116,3,0.5305000841617584,0.44663620326254105,0.7975352112676056,0.798181440023806,0.7975352112676056,0.7930149095035811,0.9453385825575527,-0.028713794423100847,1.7268256346384685,4.826257917616102
116,4,0.5744629866547055,0.40062612626287675,0.8133802816901409,0.818271958556668,0.8133802816901409,0.8107288452792394,0.9496057427784195,-0.01174445567558191,1.853866073820326,5.419471025466919
117,1,0.5690153108702766,0.419674179620213,0.8098591549295775,0.805309063386265,0.8098591549295775,0.8036830435757645,0.9460577153779185,-0.005437737304822887,1.8491700026724074,5.316683477825588
117,2,0.5372734053267373,0.3884172737598419,0.8204225352112676,0.8159623362853203,0.8204225352112676,0.8160642429590252,0.9524893694896964,-0.021713134629623543,1.7885215481122334,5.036172548929851
117,3,0.5245442473226123,0.41259489705165225,0.7940140845070423,0.7922901042619352,0.7940140845070423,0.7902074942034579,0.9475711025522502,0.02371791553476643,1.7475141949123807,4.839937488238017
117,4,0.5760768370495902,0.4538414552807808,0.7975352112676056,0.8008354866056919,0.7975352112676056,0.7968916895607233,0.9435169514686848,0.0021596231017241285,1.8288710713386536,5.314347359869215
118,1,0.5737149880992042,0.43378624071677524,0.8133802816901409,0.8109087592933487,0.8133802816901409,0.8093587416012243,0.9472660442262442,-0.008208540293223265,1.8488547139697604,5.3363067573971215
118,2,0.5356065796481239,0.39590665532482994,0.829225352112676,0.8247083320645202,0.829225352112676,0.8234778764310443,0.9516255199461268,-0.0033548934813207865,1.7731665836440191,5.00135244263543
118,3,0.5262374331553777,0.4388549079497655,0.8098591549295775,0.8043549747578619,0.8098591549295775,0.8017116097658292,0.9437457883301148,0.03030440937183343,1.7391756574312847,4.796075277858311
118,4,0.5791176954905192,0.4452679579456647,0.8028169014084507,0.8031621065805704,0.8028169014084507,0.7939427147149755,0.9442808617479624,-0.004225058767865386,1.8372021317481995,5.3681446181403265
119,1,0.5667001456022263,0.4369320861167378,0.7887323943661971,0.7824100464409375,0.7887323943661971,0.7836070008934485,0.9446269981883647,-0.02000556331692871,1.8263831403520372,5.247253179550171
119,2,0.5334680295652814,0.4167848039004538,0.8204225352112676,0.8136254819648404,0.8204225352112676,0.8125780809639265,0.949120535142383,-0.017982778340216887,1.7582256727748447,4.92662266890208
119,3,0.5300183329317305,0.4323706535829438,0.7992957746478874,0.8010034550676519,0.7992957746478874,0.7938296553097506,0.9444332290249349,-0.002038154242849144,1.7499998874134488,4.8541503349939985
119,4,0.5594646400875516,0.39562459621164536,0.8309859154929577,0.8355831879514296,0.8309859154929577,0.826497981866917,0.9525194860621311,0.017218718254714216,1.815713597668542,5.266853120591906
120,1,0.5667091641161177,0.4183230929904514,0.8028169014084507,0.7996286833808955,0.8028169014084507,0.798656476245296,0.9478366116622883,-0.034163205148323605,1.8377239041858249,5.29462288485633
120,2,0.5299613210890028,0.3987656922803985,0.801056338028169,0.7968425319425632,0.801056338028169,0.793989181207011,0.9482912245816246,-0.003661282646962194,1.7734791702694364,4.932906998528375
120,3,0.5325681815544764,0.41646421949068707,0.8116197183098591,0.8069554628519677,0.8116197183098591,0.8062137221142267,0.9513176260476014,0.007536278275613206,1.7570298512776692,4.916802565256755
120,4,0.5750746130943298,0.4335171894894706,0.8080985915492958,0.8110437903453542,0.8080985915492958,0.8068662601098349,0.9500598982822489,-0.013011909736813765,1.8386589421166315,5.351593414942424
121,1,0.5670291549629636,0.4346233440770043,0.7904929577464789,0.7848847357650174,0.7904929577464789,0.7857922284220131,0.9447759585566132,-0.00396004537342276,1.8346146212683783,5.26011308034261
121,2,0.5398854712645212,0.4449373318089379,0.8116197183098591,0.8075108361407163,0.8116197183098591,0.8070049389246002,0.9417994286239668,0.0013180190277184423,1.7662634319729276,4.931964410675897
121,3,0.5388885719908608,0.4567977529433038,0.7904929577464789,0.7850110136423636,0.7904929577464789,0.7852661668938361,0.9410060544048466,0.002434951604479929,1.7494359811147053,4.895388073391384
121,4,0.5733051316605674,0.4306996895207299,0.7975352112676056,0.8011756096633783,0.7975352112676056,0.7881704068300749,0.9474387289011095,-0.0013582484253864546,1.838327043586307,5.337746620178223
122,1,0.5782908035649194,0.4925096548265881,0.7816901408450704,0.7787400420100011,0.7816901408450704,0.7778166934339111,0.935211793712437,0.01354012842646335,1.838710453775194,5.24942131837209
122,2,0.538790257440673,0.4062102792991532,0.8327464788732394,0.8287221817478051,0.8327464788732394,0.8293797554433109,0.954544446326554,-0.0015122342548923307,1.7702049149407282,5.011616985003154
122,3,0.5377263774474462,0.4245361652639177,0.8063380281690141,0.8062086814886104,0.8063380281690141,0.8047373988088854,0.9493981233126438,-0.01754869746326726,1.7796824508243136,4.956861721144782
122,4,0.5833661688698663,0.4484891924593184,0.8063380281690141,0.8070013468553854,0.8063380281690141,0.7976565696085354,0.944567578363239,-0.021124300122623563,1.857909580071767,5.408357858657837
123,1,0.5696089383628633,0.43648722602261436,0.7940140845070423,0.7845135808415485,0.7940140845070423,0.7865212832785261,0.9417439413074278,-0.03171155061490083,1.836132354206509,5.28240888648563
123,2,0.534661622511016,0.39887379109859467,0.8116197183098591,0.8091653894039719,0.8116197183098591,0.8077932673181842,0.9515292629451423,-0.022329693231678327,1.7703460653622944,4.983101195759243
123,3,0.5364968081315359,0.4358498255411784,0.8063380281690141,0.8031637072238526,0.8063380281690141,0.7999316873942389,0.944529449786465,-0.006689963543208943,1.761362440056271,4.917993850178188
123,4,0.5748693711227841,0.4639888612760438,0.7940140845070423,0.7904190676112192,0.7940140845070423,0.7865534774985389,0.9399430029516026,-0.015862319477136122,1.8297234906090631,5.279695113499959
124,1,0.5665618711047702,0.4372066838873757,0.7904929577464789,0.7885233554171268,0.7904929577464789,0.7871377170155548,0.9394166732005317,0.0005677246445067174,1.8336573441823323,5.250266604953342
124,2,0.5408705390161939,0.3964412071638637,0.8257042253521126,0.8239319808392475,0.8257042253521126,0.8174113655897114,0.9574752603338169,-0.00986167943782812,1.7893420060475667,5.060618095927769
124,3,0.5346836580170525,0.4360930191146003,0.7869718309859155,0.7852587071843362,0.7869718309859155,0.7814575147766327,0.9474713751257835,-0.021509662382395156,1.744901908768548,4.8963199853897095
124,4,0.572828569346004,0.42584799478451413,0.8133802816901409,0.8161847484949343,0.8133802816901409,0.8124568913624381,0.9482630444272397,-0.03219218346723696,1.8408922089470758,5.342796206474304
125,1,0.5659634984201856,0.4438576681746377,0.7975352112676056,0.7956910523845538,0.7975352112676056,0.7898576619988043,0.9398315189103086,0.002209498434073698,1.8377727998627558,5.225326816240947
125,2,0.5397752887672849,0.41529792381657493,0.8274647887323944,0.8283985376791643,0.8274647887323944,0.8235734415768408,0.9499220855095706,-0.008183045883586315,1.777108179198371,5.002747999297248
125,3,0.5360458195209503,0.44366930921872455,0.8080985915492958,0.8078503226129381,0.8080985915492958,0.8032464614868067,0.9428383702322685,-0.018462422613277907,1.7616931663619146,4.893277208010356
125,4,0.5901399602492651,0.4617288096083535,0.7992957746478874,0.8005605667621416,0.7992957746478874,0.7928793276508002,0.9426223385435745,-0.025327359784275805,1.8566271000438266,5.452497243881226
126,1,0.5775804039504793,0.49277150796519387,0.7799295774647887,0.7771490544719726,0.7799295774647887,0.777935972288627,0.940060280760792,0.024924437745670547,1.8231720195876226,5.239701840612623
126,2,0.5435466799471114,0.46965207325087654,0.7992957746478874,0.7932067047658192,0.7992957746478874,0.7931989572695496,0.9406595478784067,0.01171126553144397,1.7610681123203702,4.914930370118883
126,3,0.5293807569477293,0.4246711797184414,0.8098591549295775,0.805969814572879,0.8098591549295775,0.8052288920490651,0.9492005671229855,0.005657371805734446,1.7502608365482755,4.864427500300938
126,4,0.5771138138241239,0.4280127700832155,0.8151408450704225,0.8167570622983054,0.8151408450704225,0.8103691089903613,0.9501188653041392,-0.030924732063072335,1.841270301077101,5.388002501593696
127,1,0.5688720924986733,0.45635706186294556,0.772887323943662,0.7690404681221543,0.772887323943662,0.7707915489659654,0.9365662062578044,0.016038810240403212,1.8330836362308927,5.23055104414622
127,2,0.5305303252405591,0.40464945634206134,0.8133802816901409,0.8069251036860339,0.8133802816901409,0.8037463153717578,0.9523970962520558,-0.001170152070461894,1.7643016576766968,4.922759003109402
127,3,0.5375032507710986,0.44664645608928466,0.7887323943661971,0.7963425157624048,0.7887323943661971,0.7801030157860699,0.9390416692133181,-0.003848779350445364,1.7517645359039307,4.903881112734477
127,4,0.5756467249658372,0.43014439443747204,0.8028169014084507,0.7989559440599198,0.8028169014084507,0.7949205606612576,0.9495872132907329,0.00045659045408719123,1.842671361234453,5.365858846240574
128,1,0.5867107030418184,0.47881433533297646,0.7940140845070423,0.7890561251412056,0.7940140845070423,0.7894216816403906,0.9355094033799216,-0.04494069131843448,1.857307301627265,5.3733526600731745
128,2,0.5338866776890225,0.38116138097312713,0.8362676056338029,0.8331459711596291,0.8362676056338029,0.8322812248868587,0.9553065632505896,-0.038013892038302854,1.782965812418196,5.014630807770623
128,3,0.5367227991422018,0.41588833265834385,0.8257042253521126,0.8263414323270173,0.8257042253521126,0.8240648655057496,0.9508170255723832,-0.023263036142722404,1.761704961458842,4.965629286236233
128,4,0.5670806368192037,0.3923330381512642,0.8221830985915493,0.822070533835195,0.8221830985915493,0.8175040799912855,0.9520875512846262,0.014865231290667746,1.8316837814119127,5.35721042421129
129,1,0.5706371366977692,0.42933746178944904,0.8080985915492958,0.8110567513140414,0.8080985915492958,0.8020925786809099,0.9494464599498035,-0.011601645507057112,1.8464189569155376,5.310070726606581
129,2,0.5537543710735109,0.46339353256755406,0.7992957746478874,0.791198758346237,0.7992957746478874,0.7926667760779817,0.9404052630246841,-0.024312657902257673,1.7707040905952454,5.045590387450324
129,3,0.5348083774248759,0.42917075753211975,0.7940140845070423,0.7936043894215298,0.7940140845070423,0.7900451034596694,0.9505797930870646,0.019512489778570785,1.761851171652476,4.914507177140978
129,4,0.5755809777312808,0.41498363266388577,0.8116197183098591,0.8183462989562056,0.8116197183098591,0.8077506564812603,0.9496826915498628,0.000536397233338648,1.8372981746991475,5.400937769148085
130,1,0.5638088782628378,0.4377697143289778,0.8028169014084507,0.7999785927006564,0.8028169014084507,0.8001068549550959,0.9446973276156745,-0.0060864373049906995,1.826495157347785,5.216572668817308
130,2,0.5270064307583703,0.38007481147845584,0.8397887323943662,0.837945867559299,0.8397887323943662,0.8341156298928802,0.9552598197590618,-0.04233442406921628,1.7596603102154202,4.944339553515117
130,3,0.524242189195421,0.40102674894862705,0.823943661971831,0.8226546776226988,0.823943661971831,0.8211464498463346,0.9540400014380719,0.0100703260965338,1.7477839986483257,4.863145311673482
130,4,0.5607675893439187,0.4037697902984089,0.8133802816901409,0.812373901115294,0.8133802816901409,0.8068030096404337,0.9517836902663797,0.018421668998907847,1.818560348616706,5.261977288458082
131,1,0.5646915203995175,0.42685817927122116,0.7975352112676056,0.7944276344578601,0.7975352112676056,0.7906441976582638,0.9439986522336998,-0.010008375521588952,1.8427801132202148,5.2518497705459595
131,2,0.5341873980230756,0.37789437423149747,0.8204225352112676,0.8182878185629201,0.8204225352112676,0.8168073798517479,0.9542745698486184,-0.03212080694738728,1.7755022313859727,5.0283865266376075
131,3,0.5243696918090185,0.3933599889278412,0.8204225352112676,0.8220135501248529,0.8204225352112676,0.8171735614669077,0.9543173755486822,-0.01275475362947387,1.7597603731685214,4.881533238622877
131,4,0.570938863688045,0.38928532269265914,0.8133802816901409,0.8066702032367908,0.8133802816901409,0.8069220410576261,0.952344265417127,-0.009012253947760396,1.8396778570281134,5.406681484646267
132,1,0.568838025132815,0.41051093737284344,0.8151408450704225,0.8138681895858105,0.8151408450704225,0.8109155626648985,0.9511318719459394,-0.016145099924997686,1.8530676629808214,5.338520023557875
132,2,0.5284044212765164,0.38176999903387493,0.8274647887323944,0.8207085968199157,0.8274647887323944,0.8230440595021511,0.9537769306097945,-0.005803673164115786,1.7624432841936748,4.953693230946858
132,3,0.5373931113216612,0.4422195769018597,0.8045774647887324,0.7960932552058668,0.8045774647887324,0.7981387310343045,0.9430065149412027,-0.018037390643482754,1.7554726600646973,4.91197591357761
132,4,0.572972415222062,0.4242690751949946,0.8257042253521126,0.8201158564288961,0.8257042253521126,0.8158244543990285,0.9472348887400046,-0.007294011005304801,1.8475641012191772,5.349895079930623
133,1,0.5643170542187161,0.4202846876449055,0.8169014084507042,0.8154704448125658,0.8169014084507042,0.8073513405465483,0.9421368819420004,-0.008179228690641471,1.8386145565244887,5.262225283516778
133,2,0.532292827963829,0.408898972802692,0.8204225352112676,0.8184790159857661,0.8204225352112676,0.8176256988983518,0.9528353864617172,0.009413395575433414,1.7690466377470229,4.932002438439263
133,3,0.5321219248904122,0.415058439804448,0.8080985915492958,0.8073648739190152,0.8080985915492958,0.8005931608863857,0.9484916369238048,0.0023225635562330593,1.7581557896402147,4.918158544434442
133,4,0.5699160413609611,0.4275868915849262,0.7975352112676056,0.8005686830428118,0.7975352112676056,0.7939497794925829,0.9494568475059917,0.03242981928597233,1.823150290383233,5.309136125776503
134,1,0.5593816257185407,0.3974997185998493,0.7940140845070423,0.7923126070855585,0.7940140845070423,0.7916111145926356,0.9476383854080781,-0.025172059973841643,1.8399785492155287,5.258510496881273
134,2,0.5307160864273707,0.3845014837053087,0.823943661971831,0.8178218264435104,0.823943661971831,0.8162248397800765,0.9553359662597667,-0.01952320989060574,1.7697005404366388,4.973810871442159
134,3,0.5208160678545634,0.3725739195942879,0.8345070422535211,0.8335623953063038,0.8345070422535211,0.8294627227572727,0.9578336195549234,0.014593104791453593,1.7516626252068415,4.891275816493565
134,4,0.5653397209114499,0.3849455581771003,0.8186619718309859,0.8204610897927559,0.8186619718309859,0.817474317215633,0.9540273938669126,-0.010483390208140708,1.8353230622079637,5.3567642370859785
135,1,0.555274087521765,0.3845207111703025,0.8133802816901409,0.809771710849901,0.8133802816901409,0.8095292116524218,0.9534274419073432,-0.028471954513160647,1.8359543018870883,5.244559486707051
135,2,0.5373348212904401,0.4016899863878886,0.8186619718309859,0.817660575101092,0.8186619718309859,0.8148115565660407,0.9523868661383028,0.011888103440811149,1.7732690970102947,5.006689296828376
135,3,0.5283277597692277,0.4285209940539466,0.801056338028169,0.7948963167078704,0.801056338028169,0.7945344316878201,0.9473919951610567,-0.007339902632067963,1.7490337358580694,4.844950861401028
135,4,0.5667530248562495,0.4198458848728074,0.829225352112676,0.8325829435487383,0.829225352112676,0.8219797902385361,0.9550064176207599,0.004234786215187691,1.8408415185080633,5.289106461736891
136,1,0.5822627262936698,0.47526925471093917,0.7834507042253521,0.7827049288846032,0.7834507042253521,0.7817916738258559,0.9376360191362715,0.008292197982333716,1.8488989339934454,5.333396567238702
136,2,0.5419219649500318,0.4268956035375595,0.8045774647887324,0.8050728463620553,0.8045774647887324,0.7960952189589584,0.9468129554481589,0.0030629603723637544,1.7827409704526265,4.996800608105129
136,3,0.5378542244434357,0.43197306907839245,0.8098591549295775,0.8135595442514789,0.8098591549295775,0.808566645937513,0.9448423491168757,-0.00686030238959523,1.760348829958174,4.940842270851135
136,4,0.5709268583191766,0.4300154017077552,0.795774647887324,0.7918864530706364,0.795774647887324,0.787336345600576,0.9463080071117421,-0.006180494198217756,1.838720699151357,5.313807355033027
137,1,0.5718855063120524,0.44872398840056527,0.8045774647887324,0.8016169617890327,0.8045774647887324,0.8019713393118515,0.9403051546735638,-0.0056400827530405095,1.8364902072482638,5.2793894211451216
137,2,0.544576914774047,0.43380173875225914,0.8274647887323944,0.8276042604310071,0.8274647887323944,0.8195535318333722,0.9498805258973367,0.006370795084963077,1.7733978231747944,5.013525724411011
137,3,0.5345704787307315,0.41806769536601174,0.8045774647887324,0.8066032375445333,0.8045774647887324,0.7992805122098185,0.9486599249197397,0.009161191051980655,1.7566270762019687,4.936946921878391
137,4,0.5676869816250272,0.41358858429723316,0.8080985915492958,0.8060487473734578,0.8080985915492958,0.8048715179654259,0.9534683280411922,0.012320907562320849,1.8358657227622137,5.31553758515252
138,1,0.5597489111953311,0.39630386067761314,0.8257042253521126,0.822383279409458,0.8257042253521126,0.8219254711751883,0.9526604222608405,0.01327702533912245,1.8246961765819125,5.267158548037211
138,2,0.5333465288082758,0.408426852689849,0.823943661971831,0.8223048263246534,0.823943661971831,0.8172572027205715,0.9530949104936336,0.012193104653566933,1.7545043296284146,4.943244907591078
138,3,0.5262293749385409,0.4024972981876797,0.8063380281690141,0.8096678432600687,0.8063380281690141,0.8026232014047497,0.9522667305563872,0.0026185680792123467,1.7545450660917494,4.88053121831682
138,4,0.5672631594869826,0.3679274237818188,0.8116197183098591,0.8117195837875367,0.8116197183098591,0.8079860968150026,0.9549571521979364,-0.010588180665523694,1.8485681547058954,5.41852863629659
139,1,0.5562215629551146,0.3881286440624131,0.801056338028169,0.7977444374712102,0.801056338028169,0.7960406982839968,0.9472930737323133,-0.018887952257070184,1.8318176401986017,5.247853212886387
139,2,0.5277403046687444,0.36770372341076535,0.8345070422535211,0.829005298963126,0.8345070422535211,0.8277687648724352,0.9561814711167724,-0.002753124458590994,1.764987627665202,4.981303559409247
139,3,0.5308512283696069,0.4121990137630039,0.8045774647887324,0.8053003743288772,0.8045774647887324,0.8028662332447305,0.9484748424264818,-0.013820278553430265,1.7591939899656508,4.912760853767395
139,4,0.5842725286881129,0.45329056514634025,0.801056338028169,0.8038298723258185,0.801056338028169,0.7981036336613107,0.9444039935930568,-0.03623380756798644,1.8531101014879015,5.4056674639383955
140,1,0.580495814482371,0.4594513128201167,0.7975352112676056,0.8011192107576914,0.7975352112676056,0.7918011931902956,0.9429319108282725,-0.0095877641025921,1.8584866391287909,5.350465946727329
140,2,0.530441391799185,0.36490840713183087,0.852112676056338,0.8487161204933005,0.852112676056338,0.8484341412979568,0.9627002503979833,-0.015651295451283742,1.7701486084196303,5.014621416727702
140,3,0.523088201880455,0.3892629560497072,0.8028169014084507,0.8026673808401377,0.8028169014084507,0.7983088954180653,0.9473487224004185,0.00046385255151282223,1.7505667606989543,4.876900288793776
140,4,0.5537220570776198,0.3681282483869129,0.8204225352112676,0.8167139954089951,0.8204225352112676,0.8128944550766034,0.9584271645418156,0.030633753519789697,1.8124227987395392,5.266269577874078
141,1,0.5610282321770986,0.37740761207209694,0.8186619718309859,0.8183483383763007,0.8186619718309859,0.8123419638820906,0.9551674542199026,-0.04326667575061727,1.8543830778863695,5.3272502819697065
141,2,0.5324071877532535,0.3712325261698829,0.8345070422535211,0.8287827499432412,0.8345070422535211,0.8282464136023514,0.958193413904239,-0.02778438656248383,1.7859635220633612,5.016850868860881
141,3,0.5268454551696777,0.4093734646836917,0.8169014084507042,0.8159148391588246,0.8169014084507042,0.8117105281050385,0.9516055210950671,0.014495749032960026,1.7443295386102464,4.870764401223925
141,4,0.5653705232673221,0.36981596300999325,0.8186619718309859,0.8269068601307367,0.8186619718309859,0.814911238990889,0.9521143796571274,-0.0053248015908340385,1.844057434135013,5.392294738027784
142,1,0.5530275702476501,0.3783309832215309,0.8186619718309859,0.8173130316409907,0.8186619718309859,0.8103543244036449,0.9512110037921924,-0.013499272913504168,1.8290721376736958,5.233516799079047
142,2,0.535820045404964,0.41961900393168133,0.8045774647887324,0.8008371927895027,0.8045774647887324,0.8014799471261683,0.9434635941499098,0.0061450574770851585,1.7608419921663072,4.947453459103902
142,3,0.5284960998429192,0.406077091064718,0.8221830985915493,0.8230188827022943,0.8221830985915493,0.8170905246036464,0.9552370445401817,-0.010102199419258273,1.7482869426409404,4.896257374021742
142,4,0.5616427262624105,0.37388863911231357,0.8345070422535211,0.829226923638536,0.8345070422535211,0.8250092418519852,0.9592454757877464,0.010389149503794215,1.8347567121187847,5.343019578191969
143,1,0.5739600310722986,0.425206505590015,0.8045774647887324,0.8079465038091799,0.8045774647887324,0.8045765366245106,0.94811178293017,-0.01954754862262642,1.8546922273106046,5.35889376534356
143,2,0.538598476184739,0.3950803312990401,0.8063380281690141,0.8026157235812535,0.8063380281690141,0.7984886699813699,0.9534581545511167,-0.016720419029863542,1.7829121748606365,5.035457544856602
143,3,0.547224736875958,0.44652702328231597,0.7975352112676056,0.7909678635445191,0.7975352112676056,0.7901451731354543,0.9413719813040626,-0.029587594688640584,1.7721777823236253,5.012092179722256
143,4,0.5732381492853165,0.4256931121150653,0.7904929577464789,0.7887018073219637,0.7904929577464789,0.7857008564805794,0.9499807370413953,-0.004906117582185621,1.8357408775223627,5.348697463671367
144,1,0.5701706012090048,0.4248924371269014,0.8045774647887324,0.8021198560931816,0.8045774647887324,0.8025693108943353,0.9487799916719362,-0.04282690181084359,1.8381264739566379,5.3151412275102405
144,2,0.5270766433742311,0.3654969135920207,0.8397887323943662,0.8367817691791041,0.8397887323943662,0.8347610965231772,0.959835892216389,-0.005652899160121683,1.7797488305303786,4.977488544252184
144,3,0.5267074621385999,0.39526724567015964,0.8151408450704225,0.8126140045597382,0.8151408450704225,0.806736254913087,0.9528172653659805,0.005454687118350066,1.7506682409180536,4.9017115169101295
144,4,0.5576004948880937,0.38268476559056175,0.8257042253521126,0.826115585853023,0.8257042253521126,0.8211567063963464,0.9551149235945321,-0.03271554609945859,1.8333457840813532,5.277110947502984
145,1,0.5772045039468341,0.46577009393109214,0.7799295774647887,0.7738137849345511,0.7799295774647887,0.7737040793145973,0.9390234028399181,0.007113985125115629,1.839936461713579,5.2978159586588545
145,2,0.5268186926841736,0.39277586506472695,0.8186619718309859,0.8145495627352611,0.8186619718309859,0.8149015114425222,0.9558577898796925,0.022456118953169457,1.7599122325579326,4.909714142481486
145,3,0.5283246470822228,0.42129845254951054,0.8186619718309859,0.8154964438770514,0.8186619718309859,0.8130877347340454,0.9500109436475717,-0.013430863439163332,1.747923493385315,4.860928588443333
145,4,0.5816730062166849,0.41013211260239285,0.8274647887323944,0.8281972727593991,0.8274647887323944,0.8246257716156019,0.9524127073345097,-0.024558773667030964,1.8564552002482944,5.477864702542623
146,1,0.5820125275188022,0.46916992796791923,0.7975352112676056,0.7909782284564464,0.7975352112676056,0.7914953778194342,0.9421384044260142,0.010610906241197093,1.8497770031293232,5.344699144363403
146,2,0.5334313876099057,0.40494621048371,0.8257042253521126,0.8277203794028886,0.8257042253521126,0.8248834571213287,0.9511423970568011,-0.009664965983575913,1.7736829982863531,4.954497615496318
146,3,0.5336191339625252,0.4364508034454452,0.795774647887324,0.7893242030182676,0.795774647887324,0.7884128464171036,0.9460355057338576,-0.012845541568731855,1.7442448735237122,4.883607043160333
146,4,0.5580534885327021,0.3969750644432174,0.8327464788732394,0.8364502834760551,0.8327464788732394,0.8299062692356804,0.9534696944424023,0.01849118567572383,1.8266195125050015,5.245365473959181
147,1,0.5561780465973748,0.39818821681870353,0.8221830985915493,0.8264466038864369,0.8221830985915493,0.8199849483288217,0.9560811879500775,0.020077608811057246,1.8177620106273227,5.224282476637098
147,2,0.521017387509346,0.38335059252050185,0.8309859154929577,0.8280031288303524,0.8309859154929577,0.824421657264737,0.9541377162356409,0.02981535024427584,1.7478608422809176,4.8656174474292335
147,3,0.5160593771272235,0.3749578826957279,0.8274647887323944,0.8266930605380037,0.8274647887323944,0.8254806661340425,0.9573372904014903,-0.00045055097066759586,1.7338490883509319,4.833458728260464
147,4,0.5556030190653272,0.36862607465849984,0.8274647887323944,0.8267488213883692,0.8274647887323944,0.8214639478119689,0.9563020935658084,-0.013037581113996,1.824823021888733,5.286544322967529
148,1,0.5532311283879809,0.38655316415760255,0.8186619718309859,0.8152407201112591,0.8186619718309859,0.8124789373488278,0.9528164830961219,-0.0009294331833142877,1.8228021727667914,5.218785074022081
148,2,0.5243946893347634,0.34290243436892826,0.8433098591549296,0.8401448639821791,0.8433098591549296,0.8397750138973109,0.961445329286057,-0.017738835104800454,1.786378304163615,4.996710419654846
148,3,0.5222945825921165,0.3621616106894281,0.8221830985915493,0.8169299079009708,0.8221830985915493,0.8175261214436351,0.9564585580318641,-0.040648618226927447,1.7466581265131633,4.9314552545547485
148,4,0.5629849665694766,0.41290481636921567,0.8080985915492958,0.8144481601713862,0.8080985915492958,0.804040955664867,0.9501713938728935,-0.018736132507136682,1.8200722932815552,5.263922002580431
149,1,0.5717718253533045,0.43650706940227085,0.8045774647887324,0.8025641743270644,0.8045774647887324,0.8014980286078403,0.9458903804864467,0.0018866577368664705,1.8428319295247395,5.308361238903469
149,2,0.5352257986863455,0.3839181976185905,0.829225352112676,0.8260305395352594,0.829225352112676,0.8218220574388434,0.9561094669054867,-0.012539796416222382,1.7784719864527385,5.02510306570265
149,3,0.5155091749297248,0.37523122214608723,0.8345070422535211,0.8328439779459329,0.8345070422535211,0.8289663782254739,0.9568913692361046,0.016023276705829592,1.7478715247578092,4.822502268685235
149,4,0.5640818095869489,0.3760557323694229,0.8151408450704225,0.8182937724603189,0.8151408450704225,0.809004197900589,0.9573351947928295,0.009128390959474264,1.8405192626847162,5.363470951716105
150,1,0.5512530191077126,0.3771711339553197,0.8080985915492958,0.8038329929070457,0.8080985915492958,0.8054375144329694,0.9547533486077808,0.002862642892184075,1.8384050263298883,5.217478884590997
150,2,0.536672314008077,0.37974173078934353,0.8450704225352113,0.8474986517183428,0.8450704225352113,0.8397034220183585,0.9529140232410969,-0.025440394495923613,1.7847536471154954,5.050243417421977
150,3,0.5283086581362618,0.3949539032247331,0.8151408450704225,0.812416757839293,0.8151408450704225,0.8108720553323538,0.9524577872778619,0.00133944434156541,1.7578175796402826,4.921211732758416
150,4,0.548973422911432,0.35119544135199654,0.8397887323943662,0.8425924633471844,0.8397887323943662,0.837336213413451,0.9620322413382242,0.01925699204464648,1.8049218853314717,5.252562774552239
