epoch,fold,total_loss,cross_entropy_loss,accuracy,precision,recall,f1_score,auc,r2_score,mae_loss,mse_loss
1,1,18.326537768046062,1.5231790675057306,0.10915492957746478,0.4375692553671502,0.10915492957746478,0.0791728981115957,0.48845871598289364,-10.07939966309138,7.180004252327813,57.53437254163954
1,2,13.030458821190727,1.4907789031664531,0.07570422535211267,0.39192777994006417,0.07570422535211267,0.03108038188157871,0.49900435467581417,-7.084148787430587,5.924597210354275,39.9563774532742
1,3,9.402555492189196,1.4297354684935675,0.1619718309859155,0.20376457036121895,0.1619718309859155,0.14689135883916457,0.47847160503206376,-4.803463170697276,4.840196053187053,28.00580162472195
1,4,6.963175720638699,1.3544894986682467,0.36619718309859156,0.2831924197788675,0.36619718309859156,0.29932991741934833,0.5186433825349679,-2.8041009333799787,3.99606900744968,20.05010959837172
2,1,4.6448950502607556,1.2994038926230536,0.3996478873239437,0.2793089163785962,0.3996478873239437,0.2816467538383942,0.5107831778182457,-1.3976624380788487,3.018355886141459,12.451040585835775
2,2,3.3314388857947455,1.2698950635062323,0.3873239436619718,0.23643820793409775,0.3873239436619718,0.24516472600163378,0.5013281831751344,-0.6411128334931078,2.373348481125302,8.141707473331028
2,3,2.677102287610372,1.2805730700492859,0.3538732394366197,0.2281297715689076,0.3538732394366197,0.2403468673047349,0.46020657004433885,-0.24191184452910242,1.969541847705841,5.935670296351115
2,4,2.6151075230704413,1.2573026087548997,0.40316901408450706,0.2825741134437653,0.40316901408450706,0.3221428799727259,0.48502405330238174,-0.09242745375229533,1.9333367215262518,5.783318784501818
3,1,2.497489823235406,1.2477821972635057,0.38028169014084506,0.2500035423810468,0.38028169014084506,0.2692444342900482,0.49194153026905063,-0.05020253050198842,1.8739488455984328,5.4134739769829645
3,2,2.405629687839084,1.2304181589020624,0.4102112676056338,0.2966216075253363,0.4102112676056338,0.34054427790552194,0.5371094845611528,-0.004477766065272837,1.808630605538686,5.1477897432115345
3,3,2.40301333533393,1.2611495786243014,0.3714788732394366,0.2539162366940919,0.3714788732394366,0.2553058524621599,0.49558694444956747,-0.01048932999402119,1.7888742354181077,5.067361977365282
3,4,2.5344940026601157,1.2601832813686795,0.3503521126760563,0.25397681679211476,0.3503521126760563,0.29444843511218316,0.46898557819172276,-0.05189835987971514,1.8723377055592008,5.507885456085205
4,1,2.50484879149331,1.2578450441360474,0.38028169014084506,0.24752042874561994,0.38028169014084506,0.27338267166925306,0.46787580384663285,-0.043957932110849196,1.8703192869822185,5.414524091614617
4,2,2.411159780290392,1.2418750259611342,0.375,0.25338036977989803,0.375,0.2794721513949598,0.495346616666909,-0.043125582076572355,1.8094326390160456,5.139490723609924
4,3,2.3965675301022,1.2694376905759175,0.3485915492957746,0.2298768822649516,0.3485915492957746,0.25023364290898814,0.4404172035546394,-0.03755805195250761,1.7821416523721483,5.026536968019274
4,4,2.525283349884881,1.251312964492374,0.3996478873239437,0.24198189989736593,0.3996478873239437,0.26631527375733327,0.48618924937213526,-0.03710908731137219,1.8659347229533725,5.497880670759413
5,1,2.4911778370539346,1.238201293680403,0.40492957746478875,0.2802197123836991,0.40492957746478875,0.2868766949166182,0.5021848416739807,-0.05110367966877538,1.873108360502455,5.41478955745697
5,2,2.3964436716503568,1.235354529486762,0.40492957746478875,0.27602939295957324,0.40492957746478875,0.27925111415267884,0.5223070526105202,0.01039319294421992,1.8014864656660292,5.1056514448589745
5,3,2.394942111439175,1.2638552520010207,0.352112676056338,0.2501419725922427,0.352112676056338,0.29172513009963946,0.46925293166463955,-0.04420351820613777,1.7843583822250366,5.034144547250536
5,4,2.5330743193626404,1.251283433702257,0.4084507042253521,0.27720227550441706,0.4084507042253521,0.29685956942524194,0.49133416190865237,-0.040768095366956913,1.8723516530460782,5.523919582366943
6,1,2.498519559701284,1.2407593064837985,0.40669014084507044,0.29490882823964976,0.40669014084507044,0.2873342140883301,0.4957938658988097,-0.07923779767913963,1.8735821114646063,5.433293422063191
6,2,2.4177863001823425,1.244664238558875,0.38380281690140844,0.27107755762446617,0.38380281690140844,0.2977358829332255,0.4703265520658078,-0.04976127775573169,1.812981711493598,5.1550708346896705
6,3,2.392285088698069,1.263976017634074,0.3732394366197183,0.2515843541492114,0.3732394366197183,0.2720479150246165,0.4686678412730144,-0.03559079684445132,1.782165871726142,5.025006082322863
6,4,2.5313343008359275,1.2661643822987874,0.3890845070422535,0.25987146281947,0.3890845070422535,0.2911363170713229,0.4392262339894639,-0.027349872235429062,1.868761036131117,5.483397285143535
7,1,2.4820711414019265,1.232228782441881,0.42077464788732394,0.2878100703150585,0.42077464788732394,0.31331397192242805,0.5294602532326482,-0.05769923820099376,1.8653596308496263,5.398369921578301
7,2,2.4079046183162265,1.237303614616394,0.3996478873239437,0.2773390180621598,0.3996478873239437,0.28988447648495724,0.49955816505725803,-0.02254093653254774,1.8073978159162734,5.139306770430671
7,3,2.38378604915407,1.2548771964179144,0.36795774647887325,0.2594804126098943,0.36795774647887325,0.2966604154562902,0.5032309125023688,-0.001003993971826267,1.7805762622091506,5.017906599574619
7,4,2.539709766705831,1.2546469105614557,0.39436619718309857,0.27329450347834705,0.39436619718309857,0.30805105449042,0.4959776986485632,-0.04759732340659961,1.871740135881636,5.538189676072863
8,1,2.4939141737090216,1.2354122797648113,0.4084507042253521,0.29068751275770566,0.4084507042253521,0.25494593174812424,0.5510636803210311,-0.027705596127340026,1.867042640844981,5.430418398645189
8,2,2.442116525438097,1.2537287010086908,0.34683098591549294,0.25892045056408103,0.34683098591549294,0.2947421492834731,0.4892364806740476,-0.07415270063635182,1.8217209643787808,5.215021292368571
8,3,2.4133441978030734,1.2615068157513936,0.36795774647887325,0.2453913474083174,0.36795774647887325,0.2569493552295545,0.4854025592168636,-0.029481833348431463,1.7927761011653476,5.100964493221706
8,4,2.525194035636054,1.2534094386630588,0.36795774647887325,0.25212562137531064,0.36795774647887325,0.2935309531608254,0.46992348663934075,-0.031185559491608394,1.8750665717654758,5.492691251966688
9,1,2.5088485611809626,1.2529448138342962,0.3732394366197183,0.2113130129833601,0.3732394366197183,0.24167471430547202,0.47159776567146483,-0.039312672028153806,1.8730655246310763,5.43929057651096
9,2,2.3990801175435386,1.240787943204244,0.4154929577464789,0.29372625635021826,0.4154929577464789,0.29947140777356446,0.48805900020771337,-0.03754071965489025,1.8008661071459453,5.101761778195699
9,3,2.4029419355922275,1.2637952168782551,0.38028169014084506,0.25778342030937285,0.38028169014084506,0.2623277035820221,0.45507944810222833,-0.04809876141259939,1.789727164639367,5.060950729582045
9,4,2.5258486204677157,1.245322095023261,0.3785211267605634,0.24669781122412004,0.3785211267605634,0.28277639232037893,0.5035892138643029,-0.05202116446463356,1.8767778211169772,5.513743718465169
10,1,2.50633532471127,1.2467572093009949,0.4102112676056338,0.29705892358984826,0.4102112676056338,0.28380351438442475,0.4710342862462555,-0.01806968667193365,1.8731893102327983,5.445350766181946
10,2,2.436391247643365,1.2489092614915636,0.3767605633802817,0.2690711361171051,0.3767605633802817,0.3104054787980176,0.46811410488822713,-0.04914802922675765,1.8208416832817926,5.207182380888197
10,3,2.391803973250919,1.2627724409103394,0.3538732394366197,0.24692356882946548,0.3538732394366197,0.2818532182399208,0.46227332972495067,-0.043513655698635745,1.7817669179704454,5.026210692193773
10,4,2.510498470730252,1.2452694839901395,0.41901408450704225,0.29156460502143294,0.41901408450704225,0.26474722861886146,0.5223602218312626,-0.054455181707013134,1.8642792834175959,5.462699254353841
11,1,2.490192002720303,1.2378477917777166,0.40669014084507044,0.2892011489225207,0.40669014084507044,0.3035479045602285,0.5022602842741228,-0.053957913928693646,1.8713873889711168,5.412328349219428
11,2,2.408633212248484,1.2304632796181574,0.38204225352112675,0.2582176460401755,0.38204225352112675,0.2762343339021167,0.5365503029392322,-0.011222051060526317,1.8084623946083918,5.157696194118923
11,3,2.397472196155124,1.2569628821478949,0.3626760563380282,0.25096457129008215,0.3626760563380282,0.28164573364081674,0.47556784884516407,-0.05344389971937913,1.7844272984398737,5.058660374747382
11,4,2.5107651948928833,1.2436184883117676,0.41901408450704225,0.293724635951301,0.41901408450704225,0.3275078836504157,0.5155545505592685,-0.019758888127237695,1.860744681623247,5.467440684636434
12,1,2.4883009327782526,1.2369200256135728,0.3961267605633803,0.25001501772091067,0.3961267605633803,0.2546803710321004,0.5290831119275385,-0.024782910589934648,1.868482642703586,5.408189535140991
12,2,2.4031161069869995,1.229401707649231,0.4084507042253521,0.2899798512034888,0.4084507042253521,0.32486151666094126,0.523248310451514,-0.022917720571352662,1.8077817956606548,5.141782959302266
12,3,2.385837005244361,1.2516818973753188,0.36619718309859156,0.24968432144431107,0.36619718309859156,0.25887226735443164,0.5272946624799739,-0.029945381970915008,1.7857421305444505,5.032198627789815
12,4,2.519730885823568,1.250674545764923,0.3873239436619718,0.26341994599769597,0.3873239436619718,0.3009182243788382,0.49169505852808815,-0.05552099230881513,1.8658661246299744,5.480862074428135
13,1,2.4911399020089044,1.2514312598440382,0.36795774647887325,0.25695673092854304,0.36795774647887325,0.2946410687983328,0.47482509069231904,-0.04363641400556406,1.85896983411577,5.383793287807041
13,2,2.421719776259528,1.2430000305175781,0.3961267605633803,0.2639486053135299,0.3961267605633803,0.28532599121788177,0.48596640306830374,-0.04349440797510473,1.8115453521410625,5.172065655390422
13,3,2.3736301726765103,1.2497556805610657,0.3714788732394366,0.2620413041977354,0.3714788732394366,0.2960877625302376,0.5065459750938531,-0.058834570788949714,1.7753345833884344,4.996003813213772
13,4,2.508292489581638,1.233554979165395,0.4242957746478873,0.29164141475358174,0.4242957746478873,0.30822238892121606,0.5415477655796759,-0.02769881488548709,1.867287536462148,5.482679751184252
14,1,2.5206222534179688,1.2422709200117323,0.3996478873239437,0.2896490667558457,0.3996478873239437,0.3341578291805974,0.5229411637579404,-0.02278583187522165,1.8901867005560133,5.503441916571723
14,2,2.40451278951433,1.2327092621061537,0.4154929577464789,0.29726474790773627,0.4154929577464789,0.30978250118689665,0.5307190751902304,-0.06318279195049992,1.8048654860920377,5.138720896508959
14,3,2.387554062737359,1.2458812263276842,0.39436619718309857,0.2767670401736208,0.39436619718309857,0.3171201311519263,0.5312406301388874,-0.008539977040613156,1.787883460521698,5.0514571401807995
14,4,2.500830590724945,1.2340173257721796,0.4242957746478873,0.29330096731551414,0.4242957746478873,0.32710945507161193,0.5579100431530282,-0.03084837371490523,1.860943032635583,5.4567281405131025
15,1,2.4801990720960827,1.2213200661871169,0.4507042253521127,0.3437841917805922,0.4507042253521127,0.3424032956039764,0.5681852838492865,-0.03635627556127785,1.8717007570796542,5.417583227157593
15,2,2.409952017996046,1.2347715828153822,0.4154929577464789,0.30462774144240284,0.4154929577464789,0.3515188900805974,0.5309033349464364,-0.07783398765440941,1.8109032313028972,5.152039501402113
15,3,2.378526839945051,1.239251560635037,0.4119718309859155,0.5083562729953408,0.4119718309859155,0.3100053506192496,0.5689542282783024,-0.03759210217367537,1.7841784821616278,5.036835630734761
15,4,2.524666097429064,1.2342915733655293,0.43661971830985913,0.5116065654181183,0.43661971830985913,0.3642920410075197,0.5462147102223711,-0.038823855403830265,1.8796494272020128,5.535539891984728
16,1,2.485463665591346,1.223922226164076,0.45598591549295775,0.3472952695073394,0.45598591549295775,0.3554341635590767,0.5484105978177336,-0.05258879120666693,1.8669340875413682,5.429060273700291
16,2,2.3884732590781317,1.2126906381713018,0.43661971830985913,0.313909947326814,0.43661971830985913,0.3598135678305936,0.5793546969342241,-0.02651467433915511,1.809204896291097,5.131965888871087
16,3,2.364429361290402,1.2265950904952154,0.4454225352112676,0.31463182972649606,0.4454225352112676,0.3607050592203804,0.5669937470766687,-0.03903365162296746,1.7816014422310724,5.0193758143319025
16,4,2.5150093370013766,1.2420456608136494,0.44190140845070425,0.31108464594801166,0.44190140845070425,0.35556919498643236,0.530326390791177,-0.039278828244127206,1.870339936680264,5.485257691807217
17,1,2.476118564605713,1.20734879705641,0.46830985915492956,0.34126392973223957,0.46830985915492956,0.391854042257631,0.5780815834756343,-0.039981988966864446,1.8717224134339228,5.436581214269002
17,2,2.382495701313019,1.2097538709640503,0.4507042253521127,0.3239540718070433,0.4507042253521127,0.37409981122254765,0.5943884075612386,-0.022100859993389843,1.8071510394414265,5.118893067042033
17,3,2.389244715372721,1.2463342348734539,0.4119718309859155,0.2914029923824914,0.4119718309859155,0.3188202728527819,0.5589068554859931,-0.038460241245831917,1.790813234117296,5.05603567759196
17,4,2.4962163633770413,1.2321448988384671,0.43838028169014087,0.31422472742362617,0.43838028169014087,0.36522301844386634,0.5554517109818171,-0.02099611109825328,1.8642467194133334,5.445716288354662
18,1,2.4572301705678306,1.2036814623408847,0.47007042253521125,0.34162664933847303,0.47007042253521125,0.39364381779398194,0.5831518020712193,-0.052546001243181095,1.8622652093569438,5.382176889313592
18,2,2.4005592134263782,1.2059615386856928,0.45422535211267606,0.32943327042938686,0.45422535211267606,0.38091151916097493,0.5898032674151327,-0.048382903770697094,1.8170885576142206,5.187953657574123
18,3,2.364163597424825,1.212814728418986,0.45774647887323944,0.32237119296978456,0.45774647887323944,0.3743770905968914,0.5937941471210518,-0.030440239307061967,1.7865454488330417,5.050644093089634
18,4,2.507317754957411,1.2399072448412578,0.4242957746478873,0.30345952031950374,0.4242957746478873,0.3523243321915907,0.5515709219621043,-0.03521865267691693,1.8618945413165622,5.464608709017436
19,1,2.4945815205574036,1.2323741383022733,0.43133802816901406,0.3084873978168528,0.43133802816901406,0.3484660082737512,0.5504240072730852,-0.04601452307260301,1.8695166971948411,5.439731955528259
19,2,2.3720737165874906,1.1921027435196772,0.4612676056338028,0.33057244269909,0.4612676056338028,0.3809035266022042,0.6148542730156283,-0.015902322116236656,1.8095848361651103,5.125339190165202
19,3,2.3594845599598355,1.2162726918856304,0.45598591549295775,0.3205763753042595,0.45598591549295775,0.3741509307291916,0.5845634257944871,-0.04331673178262685,1.783025900522868,5.026978810628255
19,4,2.500275452931722,1.2009701331456502,0.45598591549295775,0.3250504345527792,0.45598591549295775,0.37835739267821694,0.6081487225012729,-0.04854828387991983,1.8818543950716655,5.5319877465566
20,1,2.4697510401407876,1.199963351090749,0.4647887323943662,0.3371640264063456,0.4647887323943662,0.384585660091525,0.5939452110902784,-0.03320258779478946,1.8738869494862027,5.432588895161946
20,2,2.4024113880263434,1.2117422819137573,0.45422535211267606,0.32761594168620256,0.45422535211267606,0.3682172556572423,0.5795795432861588,-0.03233845201817531,1.8164402378929987,5.180639227231343
20,3,2.3521970046891107,1.206323093838162,0.44190140845070425,0.5302296734955186,0.44190140845070425,0.3645235611198053,0.6045361952729442,-0.043182249235688586,1.784992025958167,5.025902655389574
20,4,2.586397965749105,1.2286248803138733,0.43133802816901406,0.3050071616137503,0.43133802816901406,0.35283458889340485,0.560129530879485,-0.10844405941350344,1.8885886470476787,5.75453503926595
21,1,2.473916106753879,1.209760798348321,0.45774647887323944,0.333319045365631,0.45774647887323944,0.38261056049220155,0.5754427144292759,-0.03481772643247205,1.8742237753338284,5.423611667421129
21,2,2.396744476424323,1.2159799734751384,0.4471830985915493,0.32148034004222253,0.4471830985915493,0.3638778411795695,0.5697794224236561,-0.017515870005895273,1.806785477532281,5.151861521932814
21,3,2.3636385334862604,1.2286820080545213,0.40316901408450706,0.28804413490748415,0.40316901408450706,0.3235310740849592,0.5606571827819005,-0.029813789665560364,1.7813858720991347,5.011870251761542
21,4,2.491688357459174,1.2145210835668776,0.44366197183098594,0.31064254983024525,0.44366197183098594,0.35016031049035506,0.5774662730830609,-0.025510298703652845,1.862238711780972,5.471745252609253
22,1,2.4640369746420117,1.1885982354482014,0.47183098591549294,0.34484640050455695,0.47183098591549294,0.3971955654479554,0.6181993358400484,-0.03418740645477092,1.8785339461432562,5.440060642030504
22,2,2.3944548765818277,1.2080352637502882,0.4647887323943662,0.3359451581282567,0.4647887323943662,0.38686285909606777,0.5832431655275936,-0.04188712332052047,1.8099011050330267,5.162767118877834
22,3,2.343829850355784,1.2091913223266602,0.4507042253521127,0.31609000423513417,0.4507042253521127,0.36761584585880797,0.6095172189068443,-0.01812616959848179,1.7718168430858188,4.99131965637207
22,4,2.493638926082187,1.2017874585257635,0.4595070422535211,0.3250198681126215,0.4595070422535211,0.37662646521271875,0.6095192009998689,-0.025246008377695528,1.8739527132776048,5.507958769798279
23,1,2.49346661567688,1.2087741494178772,0.4647887323943662,0.33881067337858234,0.4647887323943662,0.38872802289054803,0.5845740028625952,-0.06389882702422289,1.878769662645128,5.491082085503472
23,2,2.3784972296820746,1.1880551775296528,0.47183098591549294,0.3400950004695804,0.47183098591549294,0.39086142325767587,0.6279711979985168,-0.053654523463224635,1.80454601181878,5.156195176972283
23,3,2.3440188037024603,1.1946629418267145,0.45774647887323944,0.3231272102310835,0.45774647887323944,0.37745050209955217,0.6242993164122097,-0.024224719172051934,1.7838093770874872,5.025849024454753
23,4,2.462979276974996,1.1799038549264271,0.47007042253521125,0.3330171721016791,0.47007042253521125,0.3876733606406342,0.6453189557168112,-0.0046773392927876856,1.8624086380004883,5.456821812523736
24,1,2.4640880823135376,1.1677882936265733,0.4788732394366197,0.3492421498621523,0.4788732394366197,0.4026361319905617,0.6372764622975835,-0.04977535026550961,1.8900768558184307,5.488787386152479
24,2,2.380073520872328,1.1840107043584187,0.4647887323943662,0.3348206148805755,0.4647887323943662,0.38626692587960193,0.6230319020206353,-0.03272075133514596,1.809964742925432,5.170886675516765
24,3,2.3325755662388272,1.1886006659931607,0.45774647887323944,0.3235609851371067,0.45774647887323944,0.3784599584224041,0.6303903862091021,-0.006210495045891884,1.7798142035802205,5.001850194401211
24,4,2.4746608999040394,1.177216801378462,0.45598591549295775,0.32565132579514644,0.45598591549295775,0.37904024097688327,0.6451865683848579,-0.04076144193072029,1.8725161486201816,5.502030332883199
25,1,2.466210424900055,1.1667525900734796,0.4894366197183099,0.3598827004580676,0.4894366197183099,0.4144972508849891,0.6472611168427548,-0.04354672913457036,1.884217573536767,5.4982784854041205
25,2,2.3575250705083213,1.1865829361809626,0.4630281690140845,0.3351050864774137,0.4630281690140845,0.38411890829115514,0.6146352688480523,-0.029689524193753813,1.7968312170770433,5.089723328749339
25,3,2.3329054448339672,1.1852873033947415,0.4788732394366197,0.3381104717737318,0.4788732394366197,0.3955460890745992,0.6328168488715455,-0.0393110706242088,1.7713053623835247,5.010680966907078
25,4,2.4524806870354547,1.1693283319473267,0.4735915492957746,0.34546001073690785,0.4735915492957746,0.3994969818913481,0.6512707780865212,-0.029571384244981624,1.8627774715423584,5.446502619319492
26,1,2.4392382701238,1.1557441420025296,0.4841549295774648,0.35382722524356874,0.4841549295774648,0.406754658679234,0.6505366983068,-0.0611949942162231,1.8748548825581868,5.434057659573025
26,2,2.353325148423513,1.1590593523449368,0.4894366197183099,0.3552959693645746,0.4894366197183099,0.4099238465041863,0.6516454144834161,-0.04617266763568484,1.8072903354962666,5.139945228894551
26,3,2.330869005786048,1.1685925324757893,0.4612676056338028,0.3272831433042701,0.4612676056338028,0.38267324857537616,0.6596934773285243,-0.026918421454248165,1.783763395415412,5.042847381697761
26,4,2.4744170043203564,1.1810446977615356,0.45422535211267606,0.5275411590799259,0.45422535211267606,0.3828143836562927,0.6401695836553268,-0.025932549646268788,1.86874344613817,5.492285490036011
27,1,2.4686148828930325,1.1958269145753648,0.45422535211267606,0.42974648544705213,0.45422535211267606,0.373209984095637,0.6024409837260539,-0.04852058458349684,1.8766277233759563,5.4384532769521075
27,2,2.3803164230452643,1.1992852422926161,0.45422535211267606,0.3284623301678759,0.45422535211267606,0.37946844570066224,0.606819177802647,-0.032801153902820346,1.813968559106191,5.136055628458659
27,3,2.319821019967397,1.1576018929481506,0.49119718309859156,0.5678375810418064,0.49119718309859156,0.4098727848083024,0.6735756633640207,-0.036969289314424,1.7790811392996047,5.031665550337897
27,4,2.4728650318251715,1.1704073018497891,0.477112676056338,0.3480418437066837,0.477112676056338,0.4024548802768568,0.6491596013441994,-0.027983700859077087,1.8734720018174913,5.51193286312951
28,1,2.4202828407287598,1.1534799602296617,0.4876760563380282,0.48741646107242115,0.4876760563380282,0.4186405155737604,0.657586986585946,-0.019960143064518432,1.8607419795460172,5.37615610493554
28,2,2.362784319453769,1.1620375613371532,0.48063380281690143,0.555588660166125,0.48063380281690143,0.4088176308113305,0.6595719386376725,-0.039469479387512996,1.8134142888916864,5.164526475800408
28,3,2.3082768321037292,1.1611254215240479,0.47183098591549294,0.3382958499832499,0.47183098591549294,0.39404280902047994,0.66453305747514,-0.039179977616120354,1.7733743654357061,4.984963244862026
28,4,2.4537029332584805,1.1487225360340543,0.49119718309859156,0.42774819746187426,0.49119718309859156,0.4173836343588463,0.6751910677296836,-0.06510678143952409,1.8679671552446153,5.498657094107734
29,1,2.4274926119380527,1.1395395696163177,0.49119718309859156,0.45622754785462255,0.49119718309859156,0.4253228351543013,0.6707314449349554,-0.02032149575713782,1.874917791949378,5.432716250419617
29,2,2.3584164248572455,1.1568417913383908,0.49295774647887325,0.3638204700350075,0.49295774647887325,0.41856657488792404,0.6608196322106005,-0.05126654398738206,1.8122740851508246,5.162090354495579
29,3,2.2952750855022006,1.120333343744278,0.5105633802816901,0.440075034965195,0.5105633802816901,0.43482663619906464,0.7010286667996665,-0.03246330987284174,1.784182482295566,5.036805748939514
29,4,2.4498369495073953,1.1434336172209845,0.4753521126760563,0.38438281717824646,0.4753521126760563,0.4068316983733495,0.6751217894555349,-0.035726226830087526,1.8693731824556987,5.498111128807068
30,1,2.4351869225502014,1.1364983717600505,0.47007042253521125,0.3820023157316603,0.47007042253521125,0.403749398415672,0.6803527898121107,-0.04424995332355097,1.8737658990754023,5.465460035536024
30,2,2.333512716823154,1.1327778730127547,0.4859154929577465,0.41962274698046237,0.4859154929577465,0.4261733104977225,0.6689155523588217,-0.02774162674198566,1.806260433461931,5.135227203369141
30,3,2.291417876879374,1.1370337009429932,0.4876760563380282,0.4226389961823449,0.4876760563380282,0.4150377874292405,0.6816082728098543,-0.026787259919808237,1.7678287227948506,4.98498080836402
30,4,2.474727736579047,1.1636689040395949,0.47007042253521125,0.40486228505961264,0.47007042253521125,0.4079735462333024,0.6587266351363367,-0.045467658634328556,1.8717647393544514,5.533864736557007
31,1,2.4103583494822183,1.125451621082094,0.5105633802816901,0.4019192772931804,0.5105633802816901,0.4385302850282921,0.6884433288382306,-0.018552662052173208,1.869012455145518,5.408473796314663
31,2,2.3203341828452215,1.1252850194772084,0.5070422535211268,0.4481328858187515,0.5070422535211268,0.4367513991359775,0.673149738771348,-0.024889640170655314,1.7983925806151495,5.1087820000118676
31,3,2.2998086545202465,1.1125099029805925,0.4876760563380282,0.36869431934457986,0.4876760563380282,0.41095384069267876,0.7057102135054355,-0.009391727430309471,1.7962201767497592,5.070172270139058
31,4,2.4587050808800592,1.126464585463206,0.47183098591549294,0.40415807073689153,0.47183098591549294,0.41780836463224996,0.6841357192154744,-0.04143622584007156,1.8843344516224332,5.56726598739624
32,1,2.3976831899748907,1.1231653292973836,0.49119718309859156,0.3637284152452509,0.49119718309859156,0.41787146238722606,0.6830124599717586,-0.033372000816582315,1.8614794744385614,5.371557911237081
32,2,2.337084220515357,1.1278125378820631,0.49471830985915494,0.4120575604857686,0.49471830985915494,0.4286591222181817,0.6826264517789098,-0.0273455425702529,1.8053806357913547,5.1587180561489525
32,3,2.303260346253713,1.1233122050762177,0.5017605633802817,0.4015420252824341,0.5017605633802817,0.4200284345107439,0.7029894509856928,-0.01510447842824969,1.783582369486491,5.056472407446967
32,4,2.4326537582609387,1.1036713951163821,0.5088028169014085,0.45152004563287423,0.5088028169014085,0.44844870255122465,0.704307361687617,-0.022402091719868622,1.8721814221805997,5.533612449963887
33,1,2.3820225397745767,1.0753474401103125,0.5264084507042254,0.4612970997108919,0.5264084507042254,0.4643710121612594,0.7125527303803174,-0.024077579433452012,1.8774279024865892,5.4309309058719215
33,2,2.3187241421805487,1.1062191857231989,0.5070422535211268,0.37219604807300394,0.5070422535211268,0.4292770753776064,0.7079895927655304,-0.032791947913540787,1.8066662086380854,5.147902091344197
33,3,2.27836051914427,1.1022934648725722,0.5052816901408451,0.4591333107802894,0.5052816901408451,0.43865722987593003,0.704008674803908,-0.014913490043479305,1.7858521938323975,5.0225167936748925
33,4,2.406366421116723,1.091246184375551,0.5123239436619719,0.4333234233076905,0.5123239436619719,0.4560544619718112,0.7153475436773313,-0.03423363178131167,1.8664028247197468,5.47498012913598
34,1,2.3707906670040555,1.0776672959327698,0.5211267605633803,0.4587436899348021,0.5211267605633803,0.46995909804205044,0.7190563063781703,-0.05276379749282434,1.8679495983653598,5.3880782392289905
34,2,2.2981431749131946,1.1071490612294939,0.4859154929577465,0.41277646464209394,0.4859154929577465,0.4280248038361325,0.6876817354491123,-0.031434263423208764,1.7943170600467258,5.077129205067952
34,3,2.287946727540758,1.0970320767826505,0.5105633802816901,0.4756258321070703,0.5105633802816901,0.4415699592476312,0.7064594847806968,-0.024527977492497133,1.7918140159712896,5.066747413741218
34,4,2.6910030841827393,1.2512501080830891,0.4278169014084507,0.34986305858601124,0.4278169014084507,0.3658835761996588,0.5681261697274873,-0.1493037536068751,1.910497572686937,6.050426416926914
35,1,2.517048822508918,1.246097789870368,0.38380281690140844,0.3144062279625707,0.38380281690140844,0.33432668815726435,0.5122617801847867,-0.0691357306304996,1.8838483492533367,5.4826010598076715
35,2,2.4104260073767767,1.2492604189448886,0.4102112676056338,0.29881777993690917,0.4102112676056338,0.2795680558378467,0.49171376318824395,-0.009529054216512511,1.806199034055074,5.1198122766282825
35,3,2.389893372853597,1.256306681368086,0.3609154929577465,0.25343279421075177,0.3609154929577465,0.2916421718718106,0.4980064613051489,-0.018448361648172984,1.7843059367603726,5.0349289708667335
35,4,2.5014228224754333,1.2384377982881334,0.4014084507042254,0.27041287917506984,0.4014084507042254,0.31096421628031845,0.5374420671716883,-0.01593038071202235,1.8623802728123136,5.448387649324205
36,1,2.4912457731035023,1.2260477542877197,0.43133802816901406,0.30829184460885584,0.43133802816901406,0.3376955319779667,0.5560894654886057,-0.019679535236764245,1.8758884006076388,5.443374302652147
36,2,2.3901001281208463,1.220182842678494,0.4137323943661972,0.298876524208677,0.4137323943661972,0.3454006874068242,0.5676694086171399,-0.051013404455033884,1.8027532696723938,5.119906968540615
36,3,2.3811624911096363,1.2494736313819885,0.3873239436619718,0.2726870482152172,0.3873239436619718,0.31425017219675555,0.5393136785684123,-0.011419534279926147,1.7810940742492676,5.021769642829895
36,4,2.524427890777588,1.2475076913833618,0.4084507042253521,0.4763699543607643,0.4084507042253521,0.31533247460776653,0.5329676472391809,-0.041708420923523226,1.869685259130266,5.503908263312446
37,1,2.4760843051804438,1.2146609160635207,0.44190140845070425,0.32592560192070297,0.44190140845070425,0.3751544918505549,0.5766978497250679,-0.059953319295086516,1.8717916210492451,5.41940536763933
37,2,2.39114463991589,1.2240542504522536,0.4278169014084507,0.3083602570473187,0.4278169014084507,0.3499019865273369,0.5454505937897077,-0.020572762511106513,1.8042462997966342,5.114355444908142
37,3,2.3561723828315735,1.2301757269435458,0.4278169014084507,0.3010046631150475,0.4278169014084507,0.3517432532846962,0.5764776377143401,-0.023800689200696334,1.772427088684506,4.983497725592719
37,4,2.5109366708331637,1.2269039286507502,0.4647887323943662,0.32577785608347626,0.4647887323943662,0.3743076649138711,0.5747022574191119,-0.05016997252655431,1.8618107967906528,5.507013003031413
38,1,2.493945883380042,1.213107877307468,0.4471830985915493,0.3259000819630525,0.4471830985915493,0.375061143805187,0.5703959865852872,-0.04228293940155137,1.8856706420580547,5.482567641470167
38,2,2.3871431946754456,1.2134793996810913,0.4471830985915493,0.324389829141641,0.4471830985915493,0.3638529896306106,0.567041957081728,-0.0334278017497085,1.8031080696317885,5.125692049662272
38,3,2.3564691411124334,1.2177232636345758,0.4278169014084507,0.3047396219421794,0.4278169014084507,0.355932736804315,0.5872442554339744,-0.013713103346634448,1.7825720840030246,5.01354267862108
38,4,2.5015775892469616,1.2114596366882324,0.4524647887323944,0.32030768517174063,0.4524647887323944,0.37072808988764044,0.5880075938344871,-0.022968004257268415,1.8673369354671903,5.511852727995978
39,1,2.462403370274438,1.1987959808773465,0.4630281690140845,0.3370449186211518,0.4630281690140845,0.3875533484417173,0.5957163845523565,-0.03618464636173879,1.8675896525382996,5.410820325215657
39,2,2.3575511707199945,1.1811134815216064,0.4524647887323944,0.32578646680191437,0.4524647887323944,0.37717717194254635,0.6303322837670731,-0.020318167359074435,1.799604766898685,5.1025722821553545
39,3,2.3606547779507108,1.2234999272558424,0.4507042253521127,0.3186870204969655,0.4507042253521127,0.3725924866945473,0.5781221708031482,-0.031122354438673172,1.782154745525784,5.014015873273213
39,4,2.496163878175947,1.2042338252067566,0.4524647887323944,0.3267306242911547,0.4524647887323944,0.3792953523238381,0.5965656690030282,-0.033069545440637116,1.8702462116877239,5.5106670194202
40,1,2.450894210073683,1.1853352818224165,0.4859154929577465,0.3554509528434978,0.4859154929577465,0.41000597013794765,0.6183856686652315,-0.014986771126473064,1.8679377635320027,5.403864807552761
40,2,2.38410124513838,1.1854854623476665,0.47183098591549294,0.3455174068907588,0.47183098591549294,0.39891377787017307,0.6155359177428785,-0.034049606891440654,1.8138611316680908,5.180871340963575
40,3,2.381409532494015,1.2148728768030803,0.4454225352112676,0.3135592561141521,0.4454225352112676,0.3663301752963826,0.6021105393843048,-0.021209716939021295,1.7974977095921834,5.103328201505873
40,4,2.4680065910021463,1.1898700727356806,0.4753521126760563,0.34262973488170406,0.4753521126760563,0.3977013716125815,0.6136011650678487,-0.0008637563226410183,1.8612015048662822,5.450324972470601
41,1,2.45971949895223,1.1795118782255385,0.47007042253521125,0.34031627709519524,0.47007042253521125,0.390237882649319,0.618375101555291,-0.016628492867498235,1.8788859248161316,5.446870406468709
41,2,2.353022403187222,1.1569899254375033,0.49471830985915494,0.3587148530061514,0.49471830985915494,0.4133829207084308,0.6527847949324803,0.007864884404668815,1.8113937907748752,5.143764628304376
41,3,2.326782100730472,1.1755189564492967,0.46830985915492956,0.3340424759276827,0.46830985915492956,0.38985751393790613,0.6453226235093543,-0.025087003549010056,1.7747166885270014,5.013062702284919
41,4,2.5010068151685925,1.2067894041538239,0.4471830985915493,0.3201181387389759,0.4471830985915493,0.37228314570489446,0.607007082360649,-0.044117029283505804,1.87134583791097,5.5208474000295
42,1,2.445953481727176,1.175937487019433,0.48063380281690143,0.3523932028026792,0.48063380281690143,0.40639072440214846,0.6216200157883145,-0.049268883605805724,1.8733563952975802,5.40932387775845
42,2,2.3383754425578647,1.1605371170573764,0.49295774647887325,0.3568352386198007,0.49295774647887325,0.4114058403692207,0.6465567359564136,-0.00889814243309317,1.7932070824835036,5.0866647428936425
42,3,2.308483123779297,1.154031965467665,0.4753521126760563,0.340091051358657,0.4753521126760563,0.3964846740087262,0.659261257884279,-0.019995760248911143,1.7776593234803941,5.002202365133497
42,4,2.473637064297994,1.1799913711018033,0.4735915492957746,0.5427609539429272,0.4735915492957746,0.4000028922105865,0.6293063842849553,-0.028963660947909364,1.872977117697398,5.492143538263109
43,1,2.44660802019967,1.1698312262694042,0.4841549295774648,0.3520460937900814,0.4841549295774648,0.4051709257450936,0.6412125614490942,-0.04401131092175192,1.8706656164593167,5.425753633181254
43,2,2.336218681600359,1.143874618742201,0.4982394366197183,0.5700329528703137,0.4982394366197183,0.424652291484995,0.6621040742243947,-0.04657733915026929,1.8062373399734497,5.118354797363281
43,3,2.3060135576460095,1.1583369043138292,0.4841549295774648,0.34329014970325095,0.4841549295774648,0.4014096518390576,0.6660292125657697,-0.02598730802276461,1.768458326657613,4.983925567732917
43,4,2.4492071866989136,1.141087767150667,0.4859154929577465,0.3547813822896823,0.4859154929577465,0.4101174316760199,0.6688424340651332,-0.02386233838273899,1.866870555612776,5.501485625902812
44,1,2.4146592219670615,1.1468154258198209,0.49119718309859156,0.46064543153652143,0.49119718309859156,0.4207498101973105,0.6543580480198866,-0.057636010636506585,1.8606041934755113,5.372961229748196
44,2,2.3176628947257996,1.1108016272385914,0.5105633802816901,0.37059971435757405,0.5105633802816901,0.42823892678035785,0.695274885531382,-0.03692988712142409,1.8049712710910373,5.133672383096483
44,3,2.306430346435971,1.1222732067108154,0.4894366197183099,0.4599480915136198,0.4894366197183099,0.4108949823354331,0.6908754803782332,-0.033922751869901235,1.790155549844106,5.069463478194343
44,4,2.4289683633380466,1.1220465302467346,0.4982394366197183,0.46450477055883693,0.4982394366197183,0.42624470841679435,0.6900379160892276,-0.023280317082640556,1.8697735004954867,5.478452576531304
45,1,2.3894661333825855,1.0960002806451585,0.522887323943662,0.384867849069727,0.522887323943662,0.4432521261078265,0.7031354090570874,-0.035999383692125964,1.8695848849084642,5.407553023762173
45,2,2.3359831836488514,1.1398912403318617,0.4876760563380282,0.49187492526712306,0.4876760563380282,0.4169548456415775,0.661309310764117,-0.025239453540029766,1.8025445871882968,5.126864181624518
45,3,2.2864740226003857,1.1122505565484364,0.5070422535211268,0.41566620056246234,0.5070422535211268,0.42406741596429137,0.7012390097348208,-0.042263705197955304,1.7834955983691745,5.026328603426616
45,4,2.4865199592378406,1.1843550006548564,0.49119718309859156,0.3648334457389873,0.49119718309859156,0.4170451047907804,0.6420487948932638,-0.02995356069502475,1.8783328466945224,5.524904648462932
46,1,2.4390068584018283,1.1566633582115173,0.4982394366197183,0.3625044236231521,0.4982394366197183,0.41539036755417436,0.652914237160624,-0.022139543007912543,1.870534234576755,5.431141442722744
46,2,2.3040720224380493,1.1058103177282546,0.5088028169014085,0.37003006606285793,0.5088028169014085,0.4282397782397782,0.7011276614646547,-0.025071584204723996,1.7996790276633368,5.100015825695461
46,3,2.2760187784830728,1.096096674601237,0.5105633802816901,0.4546564996017577,0.5105633802816901,0.4321999266450456,0.7142119050503354,0.012181424868991764,1.7840700613127813,5.029170182016161
46,4,2.4137311379114785,1.0952125489711761,0.5088028169014085,0.37904209905494785,0.5088028169014085,0.4333170073069999,0.7077994719361922,-0.05309983283411612,1.867015282313029,5.490274442566766
47,1,2.3924679425027637,1.1228594250149198,0.5176056338028169,0.5264580199644469,0.5176056338028169,0.4473271299540227,0.6712188289504927,-0.02201355921419923,1.855939096874661,5.35488760471344
47,2,2.3172013097339206,1.1038338277075026,0.5176056338028169,0.5810793331417073,0.5176056338028169,0.4388950446842148,0.6993124997221859,-0.031066675990444104,1.8106436729431152,5.148391769991981
47,3,2.2915432188245983,1.1011568937036726,0.528169014084507,0.37968163558043044,0.528169014084507,0.4416654096024145,0.7101636598647545,-0.062251860979665175,1.7910315328174167,5.069111122025384
47,4,2.4209473729133606,1.116619050502777,0.4894366197183099,0.4381959943195611,0.4894366197183099,0.42414299145824746,0.697635145781202,-0.025328381581185777,1.859864698515998,5.4643800258636475
48,1,2.368078178829617,1.0709970858361986,0.5264084507042254,0.42950629833416964,0.5264084507042254,0.4559383855017469,0.7160450749610681,-0.03487136748748343,1.8707936339908176,5.394600576824612
48,2,2.2959319353103638,1.0748960044648912,0.5123239436619719,0.3816932622952394,0.5123239436619719,0.43634731122433756,0.7174980317762611,-0.026632700587582603,1.810228341155582,5.145015570852491
48,3,2.2761657569143505,1.08803309334649,0.5123239436619719,0.5934571419255112,0.5123239436619719,0.43289281141393815,0.723851394635074,-0.00849517914380371,1.78382232454088,5.048475133048163
48,4,2.4283521903885736,1.0869145956304338,0.5352112676056338,0.5434578491590376,0.5352112676056338,0.4758833488586851,0.7142839627323888,-0.04110910793280054,1.8727079232533772,5.558373106850518
49,1,2.3790210286776223,1.0613136556413438,0.5422535211267606,0.4761361539634748,0.5422535211267606,0.47939262665359406,0.7249064292111034,-0.03613088822156629,1.877309223016103,5.453671362664965
49,2,2.28269624710083,1.0457503696282704,0.5440140845070423,0.4767243911710663,0.5440140845070423,0.4676276368346505,0.72933041267919,-0.04860915833168722,1.8110071023305256,5.168903019693163
49,3,2.2624768813451133,1.0780770149495866,0.5404929577464789,0.5183723230096828,0.5404929577464789,0.47924168795830746,0.7248258201045509,-0.03103566570252103,1.784970137808058,5.026076383060879
49,4,2.3923725154664783,1.067005604505539,0.5404929577464789,0.4867550909424648,0.5404929577464789,0.47343852980799667,0.7245148033235167,-0.017339146830127605,1.8683448963695102,5.484895057148403
50,1,2.37503582239151,1.058553417523702,0.5651408450704225,0.5258093044482434,0.5651408450704225,0.49539439921809697,0.7266751241730396,-0.024221026822129232,1.8742488755120172,5.446827967961629
50,2,2.2751705249150596,1.0304497414165072,0.551056338028169,0.4945864165196197,0.551056338028169,0.4759281752418746,0.7329939493141845,-0.05323014548343008,1.8169658051596747,5.179518845346239
50,3,2.251452326774597,1.0535947249995337,0.5616197183098591,0.5209010222277782,0.5616197183098591,0.5091530589866718,0.729258522580664,-0.012591409764916905,1.791218962934282,5.046453290515476
50,4,2.39942905637953,1.0623727639516194,0.5580985915492958,0.46807281059016603,0.5580985915492958,0.4845803773515723,0.7275907688098388,-0.03306670685420898,1.8688852190971375,5.519226749738057
51,1,2.362415333588918,1.0457952585485246,0.5475352112676056,0.49996036500005847,0.5475352112676056,0.48708828096124,0.731598516524555,-0.0037789826121374936,1.8726806773079767,5.434528589248657
51,2,2.247470246420966,1.0097352133856878,0.5598591549295775,0.5179628041005152,0.5598591549295775,0.4950178593546619,0.7484432196562231,-0.04215427633398394,1.8057578206062317,5.135518537627326
51,3,2.258951955371433,1.0400981571939256,0.5404929577464789,0.5036086621760302,0.5404929577464789,0.47328172050699074,0.7389303848620824,-0.00858553480160662,1.803892731666565,5.102943976720174
51,4,2.370440979798635,1.028436501820882,0.5809859154929577,0.518027970246597,0.5809859154929577,0.5299481442001888,0.7435963322687626,-0.08302652681653089,1.8688632978333368,5.501784616046482
52,1,2.342176695664724,1.034489654832416,0.5422535211267606,0.49733484408475137,0.5422535211267606,0.48323811678639444,0.7402784960065592,0.0039736122744199465,1.8645181126064725,5.393446379237705
52,2,2.2359687553511725,0.9911357561747233,0.5862676056338029,0.579042996719053,0.5862676056338029,0.5166782904821124,0.7636132799465284,-0.022523076444793455,1.8079936570591397,5.14057895872328
52,3,2.243918650680118,1.0488397777080536,0.528169014084507,0.5102661907625283,0.528169014084507,0.48203954079570155,0.7326942146553838,-0.011132329046256828,1.7851299974653456,5.032435960239834
52,4,2.3873186972406177,1.0310287574927013,0.545774647887324,0.507257442492044,0.545774647887324,0.48449195321056265,0.743717411789969,-0.05513662905421879,1.8836383355988398,5.551994959513347
53,1,2.318706062104967,1.0101623468928866,0.5633802816901409,0.49989476249556897,0.5633802816901409,0.5103574705833727,0.7447121834154424,-0.019601159161657833,1.8606819709142048,5.371974600685967
53,2,2.2290508813328214,0.9786495864391327,0.5880281690140845,0.5437721988532925,0.5880281690140845,0.5243949016628758,0.7669465282738593,-0.027938209666536595,1.8119047284126282,5.146653744909498
53,3,2.2288092772165933,1.0243489642937977,0.5528169014084507,0.5196318705717663,0.5528169014084507,0.49850015277433657,0.7401535166764166,-0.0006985169096074273,1.7850459681616888,5.039216452174717
53,4,2.3667849169837103,1.024716532892651,0.5827464788732394,0.5543946805871904,0.5827464788732394,0.5304067273855487,0.7494095412096389,-0.0360694183177126,1.8722395102183025,5.49827774365743
54,1,2.3460593356026544,1.0280097656779819,0.5633802816901409,0.5315424121569556,0.5633802816901409,0.5070237600511506,0.7380664939301061,-0.04713509782798275,1.8719066116544936,5.421508259243435
54,2,2.2373947037590876,1.0108684798081715,0.5440140845070423,0.5113227309412628,0.5440140845070423,0.48883862683649343,0.7608475102561423,-0.03397216016432991,1.7997610966364543,5.099289072884454
54,3,2.218049314286974,1.0279312431812286,0.5528169014084507,0.5401554520481677,0.5528169014084507,0.4909179271040271,0.7478529818774783,0.02338030483338205,1.7777187029520671,4.994991302490234
54,4,2.3487893541653952,1.0096152193016477,0.5721830985915493,0.511208741176985,0.5721830985915493,0.5272547589317108,0.7534915841870431,-0.0102873629611413,1.8666118449634976,5.473528861999512
55,1,2.332291450765398,1.0142380628320906,0.5845070422535211,0.5593167362871988,0.5845070422535211,0.5330095586085424,0.7462905416296475,-0.049454847325035356,1.8738147815068562,5.4077491362889605
55,2,2.267617324988047,1.0347220732106104,0.5563380281690141,0.5196241045179384,0.5563380281690141,0.4921211099526346,0.7374241129257901,0.00413264229277055,1.8029035992092557,5.144372728135851
55,3,2.267417165968153,1.079742345545027,0.5316901408450704,0.49648911447299715,0.5316901408450704,0.48285387045071504,0.7141321776530671,-0.03963913011976805,1.7794710795084636,5.03865831428104
55,4,2.338114937146505,1.0029292073514726,0.5704225352112676,0.5209544201113888,0.5704225352112676,0.5211504472441014,0.7595313036472553,-0.03659323799826231,1.8607669936286078,5.453548166486952
56,1,2.3193746209144592,0.996042337682512,0.573943661971831,0.5869984947277651,0.573943661971831,0.5378548230480609,0.7610624117061839,0.004800057706507044,1.872828205426534,5.407149778472053
56,2,2.249372078312768,1.0126800503995683,0.5651408450704225,0.5044021223855705,0.5651408450704225,0.500811668926363,0.7462451113524532,0.0016027110098607578,1.7988056937853496,5.134986685381995
56,3,2.2176738580067954,1.0118794706132677,0.5721830985915493,0.5373891692540275,0.5721830985915493,0.5184708617928471,0.7501543649026646,-0.01992619903949211,1.7832200527191162,5.031194024615818
56,4,2.352769692738851,1.0130003657605913,0.5616197183098591,0.5026347778262308,0.5616197183098591,0.5101031858294582,0.7546864165067732,-0.034423389497921564,1.8632900648646884,5.478897889455159
57,1,2.3555770847532482,1.0238634844621022,0.5757042253521126,0.5146158199195171,0.5757042253521126,0.5224763212817425,0.7429033779846463,-0.02911719003979374,1.8768506778611078,5.462908665339152
57,2,2.2301977939075894,0.9769452412923177,0.5721830985915493,0.5154517883726013,0.5721830985915493,0.5159636273252476,0.7652976243049047,-0.03417347763368328,1.8105322321256,5.154453688197666
57,3,2.1933878858884177,0.967605150408215,0.5897887323943662,0.5432511224220136,0.5897887323943662,0.5441790046243196,0.7805959934151712,-0.03265420231449401,1.7905124558342829,5.05354740884569
57,4,2.3505556318495007,0.985522081454595,0.5616197183098591,0.5108706158519745,0.5616197183098591,0.5124397753866876,0.7679673950897694,-0.02467447480588958,1.8764348427454631,5.535633616977268
58,1,2.345797962612576,1.0021715660889943,0.5845070422535211,0.5296363984705759,0.5845070422535211,0.5426615971057197,0.7531590448998958,-0.0012850037560996341,1.8807410134209528,5.4809260500801935
58,2,2.241454992029402,1.0139294962088268,0.5686619718309859,0.5450971331867172,0.5686619718309859,0.5136573348271707,0.7493865911582804,-6.819029575177993e-05,1.799707551797231,5.105680995517307
58,3,2.2034320963753595,0.9910073843267229,0.579225352112676,0.5457091023264603,0.579225352112676,0.5309061787968795,0.7738375635783363,-0.006152961435460069,1.7826119462649028,5.0324229796727495
58,4,2.308740384048886,0.9468350013097128,0.5704225352112676,0.5233519919139183,0.5704225352112676,0.5371458049482025,0.7900850691579161,-0.02732890374409047,1.8710590071148343,5.486519429418776
59,1,2.289116336239709,0.9636148479249742,0.5827464788732394,0.5173705612117848,0.5827464788732394,0.5253908653826747,0.7740421456636986,-0.017176373718879256,1.8590653936068218,5.381952895058526
59,2,2.2021186682913036,0.9534728394614326,0.602112676056338,0.5613835319609968,0.602112676056338,0.5509901813804269,0.7832689009932626,-0.015666863996451674,1.8009299900796678,5.11562532848782
59,3,2.19870126247406,0.9602151612440745,0.596830985915493,0.5461885552802014,0.596830985915493,0.5516480640931234,0.7851903700191534,-0.05081584994344146,1.792734099758996,5.088501930236816
59,4,2.346617864237891,0.9799541764789157,0.5897887323943662,0.5293583485601485,0.5897887323943662,0.5407251594723561,0.7751753072088629,-0.015189179990794166,1.875339474942949,5.535499625735813
60,1,2.3073174953460693,0.9890872736771902,0.579225352112676,0.5327096719164053,0.579225352112676,0.5378564811041523,0.7547976878562374,-0.02099248929760078,1.861226671271854,5.383187810579936
60,2,2.2184978657298617,0.9552842809094323,0.5827464788732394,0.5530922930103734,0.5827464788732394,0.5265054918305232,0.7794363384583775,-0.036527185633357995,1.8117151657740276,5.165995955467224
60,3,2.1802998847431607,0.9454309940338135,0.5950704225352113,0.5553594784371122,0.5950704225352113,0.5650659402030739,0.7946612319748153,-0.007995138780484634,1.7885122100512187,5.061660528182983
60,4,2.336536063088311,0.9608398709032271,0.6003521126760564,0.5506691107877987,0.6003521126760564,0.562477174614066,0.7848860250012538,0.018256300092098887,1.8784801695081923,5.546493689219157
61,1,2.2950548264715405,0.969898952378167,0.573943661971831,0.5131563977462901,0.573943661971831,0.5178007483697397,0.7689888862994585,-0.012384104474705948,1.8642711440722148,5.387085027164883
61,2,2.188148478666941,0.9301496777269576,0.6267605633802817,0.5739844726384227,0.6267605633802817,0.5874366154950476,0.7870853180978566,-0.019022687816968586,1.8033800853623285,5.123478717274136
61,3,2.1743072072664895,0.9542530708842807,0.573943661971831,0.5509407036083914,0.573943661971831,0.5281751662756098,0.781948011395875,-0.0012342012346375775,1.7820101579030354,5.021100097232395
61,4,2.3301009005970426,0.9728871981302897,0.5933098591549296,0.5538276192485857,0.5933098591549296,0.5600669284101337,0.7828210458033626,-0.0210836621209185,1.8661300076378717,5.496932586034139
62,1,2.2878690560658774,0.9643083612124125,0.6056338028169014,0.5510920490056992,0.6056338028169014,0.5744054939096879,0.7761625727310345,0.00027693049254118307,1.864120410548316,5.376177072525024
62,2,2.200788756211599,0.9300836655828688,0.6038732394366197,0.5674704703213301,0.6038732394366197,0.5501408091292326,0.78946327809638,-0.017580934929561476,1.8096498515870836,5.165767047140333
62,3,2.2027115292019315,0.9639838635921478,0.5704225352112676,0.5306518684490354,0.5704225352112676,0.5416695929608412,0.7752261152727701,-0.005823165657264484,1.7923831343650818,5.0930759641859265
62,4,2.327905787361993,0.9576712316936917,0.5880281690140845,0.5502940997661893,0.5880281690140845,0.548596989111845,0.7861628003810897,-0.023751456891693445,1.8749816483921475,5.525119516584608
63,1,2.3166760206222534,0.9905360771550072,0.5809859154929577,0.5241094445023776,0.5809859154929577,0.5450739582325203,0.7612455797317844,-0.04259612867072171,1.876746674378713,5.411002371046278
63,2,2.197183847427368,0.9531131287415823,0.5880281690140845,0.5498718711185339,0.5880281690140845,0.5521526772359422,0.782686206186971,-0.004437440976131191,1.7944639060232375,5.100015348858303
63,3,2.1944572726885476,0.9647220770517985,0.5950704225352113,0.584648111922087,0.5950704225352113,0.5656231653621957,0.7802246240716401,-0.014402644223645122,1.7932500839233398,5.0638391971588135
63,4,2.3236835996309915,0.9727917148007287,0.5862676056338029,0.5394412226980672,0.5862676056338029,0.5411740137555274,0.7776796627882471,-0.020158185079798274,1.8682040903303359,5.475764486524794
64,1,2.2642859750323825,0.9290000200271606,0.6091549295774648,0.565079375733719,0.6091549295774648,0.5787311449907945,0.7883497888809934,-0.017897972621107927,1.8614856004714966,5.3799529737896385
64,2,2.18144373761283,0.9046640396118164,0.6179577464788732,0.5789629045210251,0.6179577464788732,0.5821626859022578,0.8009410494633833,0.004229209327956451,1.8208743532498677,5.160596105787489
64,3,2.178428683016035,0.9560071097479926,0.5774647887323944,0.5401253649664151,0.5774647887323944,0.5445800352839069,0.7820027986861171,0.01042865356758138,1.7835554083188374,5.030745638741387
64,4,2.273886958758036,0.9158171017964681,0.6003521126760564,0.5520113001352548,0.6003521126760564,0.55904536185856,0.7963947290794928,0.004784259031750837,1.8604423138830397,5.442716466055976
65,1,2.274494151274363,0.9293404817581177,0.6197183098591549,0.5711770623742455,0.6197183098591549,0.585284562674112,0.7892282735995552,-0.01799220890756037,1.8688968883620367,5.413186020321316
65,2,2.223818216058943,0.9518561727470822,0.5985915492957746,0.5869910658034906,0.5985915492957746,0.5656696285186402,0.7806961380120008,-0.011209673827123456,1.815747896830241,5.191729585329692
65,3,2.138041529390547,0.9078633685906728,0.6320422535211268,0.5980925897776975,0.6320422535211268,0.5945291079281617,0.8037049162344546,-0.01943777949641956,1.779092358218299,5.008457077874078
65,4,2.2979750765694513,0.9342094527350532,0.6056338028169014,0.5533356852458965,0.6056338028169014,0.5707946804850412,0.7970162060045549,-0.051740337507806045,1.8680629995134141,5.480094737476772
66,1,2.3135992023679943,0.9760453237427605,0.5669014084507042,0.5225590715978844,0.5669014084507042,0.5243546422980544,0.7667218350110305,0.0020150568908778865,1.8748835722605388,5.434557994206746
66,2,2.199791775809394,0.955144981543223,0.5933098591549296,0.5428544627793888,0.5933098591549296,0.5598502028309434,0.7799441570307409,0.00034726668116968895,1.7981726858350966,5.103967414961921
66,3,2.1639373898506165,0.9180247849888272,0.5933098591549296,0.5609654129711859,0.5933098591549296,0.5534757077069634,0.7973801115333947,-0.017673520425362854,1.7925119267569647,5.071066591474745
66,4,2.270305335521698,0.8797090583377414,0.625,0.5800779848872522,0.625,0.5930574815977853,0.821853482740406,-0.02756914097077079,1.8768322269121807,5.515029788017273
67,1,2.2602238059043884,0.9036099149121178,0.6214788732394366,0.5745886528254919,0.6214788732394366,0.5826523307918275,0.8038180713109953,-0.020375534945382023,1.8674120240741305,5.425655921300252
67,2,2.195806364218394,0.9306449790795644,0.6161971830985915,0.5683110464504271,0.6161971830985915,0.5879868987047945,0.7903224961532431,-0.006335076492576475,1.8062393599086337,5.147849387592739
67,3,2.163853347301483,0.9346248606840769,0.6056338028169014,0.588463834934078,0.6056338028169014,0.5606481709768967,0.8006705788055084,-0.02119382796932534,1.7811053925090365,5.032053060001797
67,4,2.2897973391744824,0.9166709449556139,0.5985915492957746,0.6214189749517686,0.5985915492957746,0.5750475167190298,0.7987956536733969,-0.03425365687004134,1.863582922352685,5.493758718172709
68,1,2.2410289777649774,0.891306781106525,0.6390845070422535,0.6666187884158,0.6390845070422535,0.608853520164969,0.8080203255798984,-0.002599049828933886,1.868429594569736,5.390380607710944
68,2,2.202681733502282,0.9401307006676992,0.602112676056338,0.5644241362274917,0.602112676056338,0.5661479889612911,0.7828749333684761,-0.019991844055414765,1.8084758718808491,5.148633983400133
68,3,2.1510542962286205,0.9161468082004123,0.6003521126760564,0.5582097216382874,0.6003521126760564,0.5621219029946504,0.8021539287310344,-0.013016593803035548,1.7781963679525588,5.032504849963718
68,4,2.2824494441350303,0.9171413448121812,0.625,0.576383828678416,0.625,0.5928524401621907,0.802763041267935,-0.01100590404509294,1.8656757407718234,5.4681681924396095
69,1,2.245191865497165,0.9062341319190131,0.6144366197183099,0.5640255939263414,0.6144366197183099,0.5793420128926065,0.7987128763382383,-0.047220266218615414,1.86097823911243,5.369426488876343
69,2,2.2221053971184626,0.9514402978950076,0.5950704225352113,0.5446526644942014,0.5950704225352113,0.5473071199090932,0.7806490933041967,-0.018374538753501035,1.8145066367255316,5.186990446514553
69,3,2.1527987321217856,0.929502010345459,0.5774647887323944,0.5316881176450357,0.5774647887323944,0.5459778275429081,0.7934954177225206,-0.028514983391993765,1.777506901158227,5.007157656881544
69,4,2.3099630541271634,0.907953656382031,0.6091549295774648,0.6255385634842264,0.6091549295774648,0.5772866859952366,0.8094257862822617,0.020069629338036132,1.8864135543505351,5.581318100293477
70,1,2.3069387475649514,0.953852978017595,0.5880281690140845,0.5644393334383764,0.5880281690140845,0.5419152688056571,0.7801661988021992,-0.013810820191112683,1.877907673517863,5.464138587315877
70,2,2.1927233603265552,0.9128839605384402,0.6197183098591549,0.6431327344007329,0.6197183098591549,0.59756110567425,0.7969622990924454,0.012000214544376497,1.8171251747343276,5.179015239079793
70,3,2.172740512424045,0.939682447248035,0.5880281690140845,0.5528654469423433,0.5880281690140845,0.5400151585110257,0.8094322038533259,0.0002804651674788161,1.784049881829156,5.049875775973002
70,4,2.276253276401096,0.9017704824606577,0.6232394366197183,0.5951465327779062,0.6232394366197183,0.5943417588739549,0.8114153916887781,-0.0341725704574769,1.8678235080507066,5.483379615677728
71,1,2.233194053173065,0.8710349069701301,0.6302816901408451,0.6276610264907696,0.6302816901408451,0.603008466663189,0.8120057497227053,0.0023041066704873048,1.8656094868977864,5.411565118365818
71,2,2.1653577089309692,0.8690934578577677,0.6197183098591549,0.6207216846969693,0.6197183098591549,0.5787158266874596,0.818067005598828,0.035826378158740346,1.8170737624168396,5.189974149068196
71,3,2.1289567483796015,0.8864241540431976,0.5950704225352113,0.6142230390093731,0.5950704225352113,0.5693502671342628,0.8129934096160913,-0.008879893505636005,1.7830324636565313,5.028199275334676
71,4,2.2667413221465216,0.8838324811723497,0.6126760563380281,0.5782538920519082,0.6126760563380281,0.5777048786266471,0.8172283242337772,-0.03863842970318965,1.8718504177199469,5.4935282998614845
72,1,2.311515748500824,0.9821770754125383,0.5897887323943662,0.5769333496865724,0.5897887323943662,0.5582768474547154,0.7645257861304535,0.0047666168583127,1.8693461616834004,5.413305732938978
72,2,2.166070361932119,0.8973663316832649,0.6408450704225352,0.6278736131433043,0.6408450704225352,0.6126249067773735,0.805799707637663,-0.02181877941400323,1.810790737469991,5.126379556126064
72,3,2.148740768432617,0.903593616353141,0.6144366197183099,0.6349081437860882,0.6144366197183099,0.586774304362762,0.803485559203927,-0.01596357143557059,1.7878809703720941,5.0540840360853405
72,4,2.248277895980411,0.8711787561575571,0.6109154929577465,0.5582808741734515,0.6109154929577465,0.5737150103417709,0.8242713232541587,0.012000238899624427,1.8643543389108446,5.461509148279826
73,1,2.287398729059431,0.9318169719643064,0.5915492957746479,0.5393556510914916,0.5915492957746479,0.5488712347271295,0.7895201405627283,-0.028677590778125372,1.8768306109640334,5.450422604878743
73,2,2.1142808728747897,0.8486810161007775,0.6461267605633803,0.5954793488176868,0.6461267605633803,0.6156265252676162,0.8279765804020307,0.008992828247988194,1.790964510705736,5.0673469172583685
73,3,2.118173817793528,0.8689346280362871,0.6161971830985915,0.5634771910910258,0.6161971830985915,0.5790541834181994,0.8233181125231924,-0.01198901849365086,1.783997701274024,5.033065054151747
73,4,2.264690703815884,0.8855567442046272,0.6232394366197183,0.5853709175720662,0.6232394366197183,0.5941212283420466,0.8144453149588303,-0.030219886356448233,1.8680768013000488,5.482669777340359
74,1,2.249848140610589,0.8851924174361758,0.6197183098591549,0.5808298949206542,0.6197183098591549,0.5878318332001978,0.8126464235940444,0.02862318366967298,1.8685787783728705,5.434044533305698
74,2,2.1321667234102883,0.8598014480537839,0.6338028169014085,0.5880669826864912,0.6338028169014085,0.5950107349672038,0.8252435546846086,-0.015387025480241734,1.802914281686147,5.101018879148695
74,3,2.1202492581473456,0.8523632056183286,0.6320422535211268,0.6619714722575328,0.6320422535211268,0.6095862841731293,0.8263036002305335,-0.0056201859373541385,1.7919221056832209,5.078649944729275
74,4,2.27939854727851,0.9053653379281362,0.5915492957746479,0.6160779889302478,0.5915492957746479,0.5627055457057597,0.8156527064525066,-0.01233311619572608,1.869185659620497,5.485475672615899
75,1,2.289008378982544,0.9595030281278822,0.5897887323943662,0.6107480041628547,0.5897887323943662,0.5663205416663999,0.7847749811665692,-0.03601257744764963,1.868635932604472,5.391187522146437
75,2,2.1449731720818415,0.8635583056343926,0.6496478873239436,0.6666818043851255,0.6496478873239436,0.6093995447883392,0.8213824030981566,-0.005583585751155029,1.808616406387753,5.1349409686194525
75,3,2.099889702267117,0.8519081142213609,0.6285211267605634,0.6571910434970332,0.6285211267605634,0.6058771577138984,0.8310584655850446,-0.004508289572038748,1.779860430293613,5.011846515867445
75,4,2.2506569425264993,0.8749870757261912,0.6161971830985915,0.6248716537576715,0.6161971830985915,0.5897250887957415,0.8199222705441253,0.009100205189142674,1.8636753559112549,5.460553116268581
76,1,2.2695445087220936,0.9275073210398356,0.6197183098591549,0.58853692004971,0.6197183098591549,0.5823875459146344,0.7893215214755367,-0.015831638500668488,1.8665980829132929,5.400964525010851
76,2,2.1468136774169073,0.8423670993910896,0.6443661971830986,0.6301136871198361,0.6443661971830986,0.6122500064259951,0.8288877135133691,-0.0028365348086860642,1.8191638853814867,5.190522127681309
76,3,2.1330394877327814,0.8577359782324897,0.6302816901408451,0.6585311718350918,0.6302816901408451,0.6042767287267977,0.8307783224277043,-0.01653390860684323,1.7974327471521165,5.108747561772664
76,4,2.2628031969070435,0.8832962347401513,0.6232394366197183,0.5828588506167136,0.6232394366197183,0.5945175072289085,0.8131116182059643,-0.013994617819234723,1.863420930173662,5.481652577718099
77,1,2.251591145992279,0.8799908525413938,0.6338028169014085,0.6022763188540567,0.6338028169014085,0.6009896138302903,0.804307279546784,-0.025861319422733287,1.879708429177602,5.451991624302334
77,2,2.1662044061554804,0.885662727885776,0.6302816901408451,0.6487783014410082,0.6302816901408451,0.5935033626473184,0.8089580624417463,-0.05301021481538992,1.8092875215742323,5.154134856330024
77,3,2.1466101937823825,0.9132188426123725,0.6161971830985915,0.57465447259203,0.6161971830985915,0.588726883015313,0.8068246246692298,-0.011360023787841067,1.7852272788683574,5.024523178736369
77,4,2.248158587349786,0.8355229265160031,0.6355633802816901,0.6382255030806213,0.6355633802816901,0.614049196846807,0.839417725752017,6.0266710963152725e-05,1.8813356823391385,5.544308291541205
78,1,2.2171864840719433,0.8313670621977912,0.647887323943662,0.6063604487696094,0.647887323943662,0.6155648044604298,0.8297648641122873,-0.005253356972672485,1.8761037521892123,5.450764894485474
78,2,2.080909503830804,0.783222195174959,0.6778169014084507,0.6694863921983742,0.6778169014084507,0.6578622039747726,0.8497257119121076,-0.015377823551489422,1.8087745441330805,5.108846346537272
78,3,2.1160427464379206,0.843134429719713,0.6496478873239436,0.6229939734561213,0.6496478873239436,0.6166608769551907,0.8353760334547572,-0.02685595955754705,1.7987803154521518,5.086161904864841
78,4,2.2316784395111933,0.8072833120822906,0.6602112676056338,0.6519681872840635,0.6602112676056338,0.6383261437617574,0.8444933752002146,-0.0017362983330304615,1.8781118724081252,5.555266790919834
79,1,2.21304679579205,0.8445133765538534,0.6320422535211268,0.5860662206235514,0.6320422535211268,0.6054849150751104,0.8228085487070501,-0.027877041162668537,1.866481946574317,5.406291272905138
79,2,2.143263856569926,0.8367179897096422,0.6461267605633803,0.6678541424636792,0.6461267605633803,0.6211047587599456,0.8335126796239309,-0.021818659374779115,1.8171554406483967,5.191870782110426
79,3,2.069485584894816,0.7906384633647071,0.6549295774647887,0.6762368276572142,0.6549295774647887,0.6337036630904831,0.8528004480314011,0.024042642911351053,1.7863002551926508,5.053462068239848
79,4,2.21761472357644,0.8278779089450836,0.6461267605633803,0.670030554781682,0.6461267605633803,0.6188603851512404,0.8391012432680259,-0.009997933148059523,1.8578566842608981,5.460333744684855
80,1,2.195846524503496,0.8399763272868263,0.6496478873239436,0.6344777570349299,0.6496478873239436,0.6238257254535626,0.8288580009122931,0.017009264652605882,1.858950548701816,5.359543482462565
80,2,2.1485170589552984,0.8564960294299655,0.6373239436619719,0.5867778631736427,0.6373239436619719,0.6021049020240439,0.8239642357385493,-0.0024670607171055625,1.811323020193312,5.163232723871867
80,3,2.112850454118517,0.854526529709498,0.6408450704225352,0.6677544758350855,0.6408450704225352,0.6158958191827177,0.8348092161008215,0.02164256670039555,1.782891783449385,5.048939506212871
80,4,2.211836814880371,0.8016030225488875,0.6672535211267606,0.6155884254475804,0.6672535211267606,0.6357004160619201,0.8487971393063378,-0.056396712670349514,1.8715023464626737,5.502382159233093
81,1,2.225040634473165,0.8337257140212588,0.6373239436619719,0.5907744570933139,0.6373239436619719,0.6083351374067187,0.823210135339175,-0.033235756629585333,1.878813538286421,5.471441904703776
81,2,2.1027593082851834,0.8198024763001336,0.6637323943661971,0.6759161927268293,0.6637323943661971,0.635881126844662,0.8352729492483237,0.006973666687512536,1.7988722258143954,5.096325106090969
81,3,2.0985320607821145,0.8454701701800028,0.602112676056338,0.564854601771712,0.602112676056338,0.5817536133752388,0.8317421855945043,0.008895973376763067,1.780945705042945,5.022342907057868
81,4,2.2435242467456393,0.8354125784503089,0.6514084507042254,0.6837650743594144,0.6514084507042254,0.6296283576942351,0.8388401483821041,-0.023587378404779535,1.8743311100535922,5.529118061065674
82,1,2.2091704739464655,0.8289428154627482,0.6373239436619719,0.6208421837876276,0.6373239436619719,0.6048656595686674,0.8294974372524991,-0.0026077302797160584,1.8717292083634272,5.429701434241401
82,2,2.1219349238607617,0.8070720500416226,0.676056338028169,0.6931157936830553,0.676056338028169,0.6555149863009926,0.8498889230104939,-0.008028990142921133,1.8162100911140442,5.1899481481975975
82,3,2.0865235328674316,0.8307289050685035,0.6338028169014085,0.6625287438919231,0.6338028169014085,0.6157086720952676,0.8434510367061187,0.010407692555603809,1.7791465255949233,5.016710850927565
82,4,2.198024650414785,0.7769545978969998,0.6654929577464789,0.6712229524966945,0.6654929577464789,0.6478295549460801,0.8549023998387826,-0.017040212719375836,1.87402829196718,5.5138545698589745
83,1,2.2230214012993708,0.8517653246720632,0.6461267605633803,0.6150224610104222,0.6461267605633803,0.6233737419532148,0.8217793490193835,0.014689056858992133,1.8751407265663147,5.422618760002984
83,2,2.1554148462083607,0.852592666943868,0.6690140845070423,0.6846750799160979,0.6690140845070423,0.6439412101621672,0.8323124115286987,-0.032071984239561147,1.8133743007977803,5.1953330172432794
83,3,2.1401759915881686,0.8949375417497423,0.6390845070422535,0.5949301553221124,0.6390845070422535,0.6051853890055956,0.8169432542559898,-0.013057150764769876,1.7801440623071458,5.045732233259413
83,4,2.301319612397088,0.8977576726012759,0.6214788732394366,0.5663716125940559,0.6214788732394366,0.5864343255043858,0.8139869775478659,-0.030803354597867205,1.8863118754492865,5.576297296418084
84,1,2.21178048186832,0.8301475610997942,0.6320422535211268,0.6035463431851699,0.6320422535211268,0.601355114488357,0.8308662613240672,0.022190608389278443,1.8719970848825243,5.435590465863545
84,2,2.1182328263918557,0.8216318786144257,0.6496478873239436,0.6254342164095685,0.6496478873239436,0.6180035971729497,0.8376393048166798,0.004419561724353649,1.8086828192075093,5.1436348756154375
84,3,2.102725479337904,0.8525090151362948,0.6443661971830986,0.6668002746525534,0.6443661971830986,0.6262122093608624,0.829761599378631,0.037993417618274794,1.781307790014479,5.019897063573201
84,4,2.227542757987976,0.7975932823287116,0.6672535211267606,0.616989397435984,0.6672535211267606,0.635211487139439,0.8533238506221265,0.00393150497921646,1.876346959008111,5.564091311560737
85,1,2.1762703590922885,0.7893447577953339,0.6672535211267606,0.6825435132643551,0.6672535211267606,0.642210692272006,0.8456896424821918,-0.011720137215723181,1.872366686662038,5.412429902288649
85,2,2.0935009717941284,0.7961212562190162,0.6637323943661971,0.6796817955492647,0.6637323943661971,0.6420596438619871,0.841422010813595,0.026528344853670727,1.8009830050998263,5.120720187822978
85,3,2.0880839625994363,0.8214363488886092,0.6461267605633803,0.6481275903321969,0.6461267605633803,0.6215487626646476,0.8420519303966296,-0.03139252990783681,1.7824216485023499,5.043594863679674
85,4,2.1954158941904702,0.7783172527949015,0.6584507042253521,0.6790084881711289,0.6584507042253521,0.6359806204223474,0.8534404965924922,0.008436003232213496,1.871860557132297,5.501979311307271
86,1,2.166485766569773,0.7527140080928802,0.7024647887323944,0.7002966515208817,0.7024647887323944,0.6790899209566756,0.8609673191194944,-0.004726663883342308,1.8771920733981662,5.465286387337579
86,2,2.1346684628062778,0.8010606500837538,0.6813380281690141,0.6400047321553989,0.6813380281690141,0.6559210539385338,0.847972308652137,-0.06579811152406467,1.826189676920573,5.2464198271433515
86,3,2.155734101931254,0.882034056716495,0.625,0.5797266710877699,0.625,0.5973557643204822,0.8284586180766501,0.01778528851023098,1.8012313975228205,5.127700712945726
86,4,2.2186310489972434,0.8115463273392783,0.670774647887324,0.6863544662537786,0.670774647887324,0.6434506303255123,0.8487467429404776,0.004242490929960319,1.8675556182861328,5.501828445328607
87,1,2.187261415852441,0.7901189227898916,0.6654929577464789,0.644495245281211,0.6654929577464789,0.6457864920388313,0.8437111428814605,-0.02778209720661251,1.8780993554327223,5.447260512246026
87,2,2.1033181283209057,0.807994888888465,0.6566901408450704,0.654593062102394,0.6566901408450704,0.6361827836303712,0.84440010282596,0.02568958146175504,1.801018820868598,5.125738806194729
87,3,2.131716317600674,0.871122936407725,0.6144366197183099,0.5967318505507196,0.6144366197183099,0.5827507093210155,0.827101453227005,-0.01778915767853495,1.7916943894492254,5.07310073905521
87,4,2.212678770224253,0.8199811312887404,0.6355633802816901,0.623875094816029,0.6355633802816901,0.6119751836729739,0.8408020206860674,-0.008223836866498857,1.8617584307988484,5.462306367026435
88,1,2.1885809103647866,0.8174736930264367,0.6584507042253521,0.6186755075431669,0.6584507042253521,0.6350377551328299,0.8413264979277457,0.01841300952405489,1.8614154126909044,5.387830893198649
88,2,2.104047026899126,0.7981698678599464,0.6742957746478874,0.6573185500479463,0.6742957746478874,0.6505722667945574,0.8568266746945385,-0.006440139790083732,1.8108967343966167,5.1510935756895275
88,3,2.0751362575425043,0.8104733758502536,0.6373239436619719,0.6360354225531759,0.6373239436619719,0.6068953206423617,0.8411759604524762,-0.014073848871881456,1.7826455897755094,5.026016195615132
88,4,2.162291851308611,0.7357876797517141,0.6971830985915493,0.6871949057512776,0.6971830985915493,0.6779480837205196,0.8628660233632358,-0.040101951151459536,1.8757581843270197,5.490801413853963
89,1,2.246387627389696,0.8808580173386468,0.6443661971830986,0.6242766468637844,0.6443661971830986,0.6135433828723278,0.8194622100549908,0.014653653498916008,1.874703778160943,5.432623200946384
89,2,2.1458490755822925,0.8470094733768039,0.6461267605633803,0.6580337137115306,0.6461267605633803,0.6229400551046903,0.8278474598381634,-0.0023052987545113535,1.8114138576719496,5.176474597718981
89,3,2.0537141693962946,0.7774867746565077,0.6725352112676056,0.6561168105705117,0.6725352112676056,0.6462715355851464,0.8596996282957785,8.579322989965554e-05,1.7868621680471632,5.031578050719367
89,4,2.2052701976564197,0.8019478917121887,0.6619718309859155,0.6442419432023966,0.6619718309859155,0.635234387664267,0.8442283599642836,-0.012328214632272516,1.8716337614589267,5.479688803354899
90,1,2.1864076058069863,0.811076839764913,0.6549295774647887,0.6324198266259694,0.6549295774647887,0.6325498221313489,0.8437117596186832,-0.004100119754206766,1.8619194825490315,5.395512567626105
90,2,2.0829597844017878,0.7904633912775252,0.676056338028169,0.6712741948768636,0.676056338028169,0.6540649435460927,0.8475877529113569,-0.020232595118818253,1.8021965093082852,5.098784526189168
90,3,2.0563622977998524,0.7764205402798123,0.653169014084507,0.610430669362455,0.653169014084507,0.6308653543347761,0.8583937001531363,-0.010683354292604585,1.7903583712048001,5.042892919646369
90,4,2.176163262791104,0.7551192541917165,0.6725352112676056,0.6797267023894028,0.6725352112676056,0.6504502583196615,0.8585254228490404,0.0008806318032922311,1.8741738001505535,5.491932418611315
91,1,2.2374318573209973,0.8274295296933916,0.6373239436619719,0.598474180462136,0.6373239436619719,0.6128752895089496,0.8366280029158442,-0.048799467673142694,1.8820256392161052,5.527437037891811
91,2,2.1132768525017633,0.7979049119684432,0.6778169014084507,0.6728973928027625,0.6778169014084507,0.6528155964804121,0.8491347360581448,-0.042722546438215936,1.8123753931787279,5.182477924558851
91,3,2.051021350754632,0.7694191071722243,0.653169014084507,0.6777826047192245,0.653169014084507,0.6382166770877431,0.8618305018733091,-0.010555249722709936,1.7841204735967848,5.041426340738933
91,4,2.1863321132130094,0.7625045991606183,0.670774647887324,0.6929420146610659,0.670774647887324,0.6465501883416972,0.8617864996471389,-0.0028147587344116154,1.8722089264127943,5.508596115642124
92,1,2.143527878655328,0.7476774089866214,0.6813380281690141,0.6512776860696767,0.6813380281690141,0.6595328176176272,0.8612717947224289,-0.033637436267926146,1.8669241004519992,5.400511953565809
92,2,2.0563355022006564,0.7208025488588545,0.6830985915492958,0.7013080178917624,0.6830985915492958,0.661938011967157,0.8718040934047344,-0.004723429813807245,1.8158956501219008,5.172578838136461
92,3,2.0243455701404147,0.7345871726671854,0.6742957746478874,0.6820986633212147,0.6742957746478874,0.6573535368564934,0.8715628683931778,0.01762214789929273,1.7829014129108853,5.033781634436713
92,4,2.172829144530826,0.7404146078560088,0.6954225352112676,0.6849600690563131,0.6954225352112676,0.6710171059521228,0.8710694904265595,-0.021850562124724915,1.8697333799468145,5.51512967215644
93,1,2.143577370378706,0.749460068013933,0.6936619718309859,0.6762566141092466,0.6936619718309859,0.6688476184552685,0.857794418789142,-0.01993602398383243,1.8684593240420024,5.396517475446065
93,2,2.07576232486301,0.7477119101418389,0.6883802816901409,0.6879267338033689,0.6883802816901409,0.6685810869804919,0.8614776343109747,4.3318940562309116e-05,1.8246273663308885,5.174546440442403
93,3,2.0584113465415106,0.7842360271347893,0.6690140845070423,0.6589553811963613,0.6690140845070423,0.6490590266616386,0.857503404272107,0.014042393986404833,1.7844165960947673,5.031487027804057
93,4,2.1870933771133423,0.7601215143998464,0.6813380281690141,0.6939937986529648,0.6813380281690141,0.667054990226469,0.8553982751023441,-0.0060560783395449125,1.8762238687939115,5.5166941616270275
94,1,2.1815459463331432,0.8086016608609093,0.6637323943661971,0.6613536754633333,0.6637323943661971,0.642335532536686,0.8485685267647446,-0.0058381806129665925,1.8621943725479975,5.385082483291626
94,2,2.080796996752421,0.7740083767308129,0.6619718309859155,0.6593956975966823,0.6619718309859155,0.639627208031445,0.845818257237016,-0.012770880260132511,1.8018899692429438,5.129970245891148
94,3,2.031494206852383,0.743962996535831,0.6901408450704225,0.6899341269059579,0.6901408450704225,0.676001129276771,0.8687514776874005,-0.0049264664494430566,1.7885748214191861,5.035733514361912
94,4,2.166291528277927,0.7228725751241049,0.6954225352112676,0.7016979119960595,0.6954225352112676,0.6751550382234578,0.8736427900158665,-0.04968834688250756,1.8759586016337078,5.534268856048584
95,1,2.123309976524777,0.7189949717786577,0.6901408450704225,0.667445193136843,0.6901408450704225,0.6721068122419644,0.8682398210024105,-0.003048938256156042,1.8679757979181077,5.400044759114583
95,2,2.0074402027659946,0.6730729391177496,0.7130281690140845,0.7308007692295884,0.7130281690140845,0.6840975946284691,0.8851380233551486,0.006657068427559976,1.8065032495392694,5.120963679419623
95,3,2.0090046922365823,0.7155635919835832,0.6830985915492958,0.6787995571306685,0.6830985915492958,0.662453613725595,0.877563735512701,-0.0028369555472833596,1.783682902654012,5.027033752865261
95,4,2.1486798259947033,0.7069128370947309,0.6830985915492958,0.6533474382298272,0.6830985915492958,0.6604616306162754,0.8733932102843033,0.013709969802811695,1.8729978601137798,5.512802561124166
96,1,2.141121725241343,0.7401791281170316,0.6848591549295775,0.708955407294188,0.6848591549295775,0.6662706700421062,0.8711539214768249,-0.03950102720414872,1.8669005301263597,5.409987608591716
96,2,2.0406288372145758,0.7131072945064969,0.6848591549295775,0.6804484070343573,0.6848591549295775,0.6645896563685553,0.871762397200569,-0.008790349274009346,1.8105193442768521,5.1381789445877075
96,3,2.0464129977756076,0.7615564266840616,0.6637323943661971,0.6525909666961863,0.6637323943661971,0.6337677949380521,0.8691435967495929,-0.020195126063481617,1.7825997140672472,5.04441143406762
96,4,2.1409897208213806,0.7220168461402258,0.7112676056338029,0.7336311409331095,0.7112676056338029,0.692587360893852,0.8744997605686524,-0.019035028441814372,1.8629282646709018,5.451926218138801
97,1,2.116660217444102,0.7056479685836368,0.704225352112676,0.7168207163208563,0.704225352112676,0.678943335104268,0.8765000114586183,-0.009438390217105797,1.8648497727182176,5.409021933873494
97,2,2.0438135200076633,0.6987830433580611,0.6919014084507042,0.6867232337512625,0.6919014084507042,0.6769092081400716,0.8826851681555044,0.0055731020584944835,1.8153592546780903,5.182217717170715
97,3,2.0169716013802423,0.712216748131646,0.6830985915492958,0.7047305489374039,0.6830985915492958,0.6643418491138903,0.8815426708854871,-0.0412648370491171,1.7877812716695998,5.061399327384101
97,4,2.189241111278534,0.7584245949983597,0.6778169014084507,0.6965044073575181,0.6778169014084507,0.6535853228760861,0.8653031137052016,-0.03046529626997696,1.8714016609721713,5.527812772327
98,1,2.1607062684165106,0.7597299416859945,0.6901408450704225,0.6752139562713122,0.6901408450704225,0.6688495169632811,0.8627478286400527,-0.027262445901197196,1.8731080161200628,5.429650915993585
98,2,2.052348878648546,0.726328882906172,0.7112676056338029,0.7025460558177138,0.7112676056338029,0.6957169725113664,0.8776544126406882,0.01774915180023673,1.8079927563667297,5.146395325660706
98,3,2.046159671412574,0.7373084972302119,0.6813380281690141,0.6901930164010818,0.6813380281690141,0.6637153288104786,0.8720085704170255,-0.03405834103068517,1.7949653665224712,5.100145565138923
98,4,2.196910970740848,0.7575627267360687,0.676056338028169,0.706955549375605,0.676056338028169,0.656135561043816,0.870829441825659,-0.02047792159643569,1.8731520639525518,5.555390000343323
99,1,2.143376694785224,0.734291222360399,0.6883802816901409,0.6561501981079007,0.6883802816901409,0.658247097487715,0.8656090944395805,-0.008352477281810655,1.868802871969011,5.431242651409573
99,2,2.054262889756097,0.7256450586848788,0.6795774647887324,0.6685255664729902,0.6795774647887324,0.6639120488919122,0.8711992575324732,-0.008830719536338627,1.8129560748736064,5.154370956950718
99,3,2.0500001973576016,0.754559232128991,0.6549295774647887,0.679876205601821,0.6549295774647887,0.6380484862361817,0.8645230804251565,-0.014219959993159392,1.791409518983629,5.072695705625746
99,4,2.175358725918664,0.7337834189335505,0.6795774647887324,0.6843229674261736,0.6795774647887324,0.6644220266843327,0.8696688694747249,-0.04170722217952472,1.8871583475006952,5.539034287134807
100,1,2.1156667603386774,0.6879033976131015,0.7095070422535211,0.6781664435119882,0.7095070422535211,0.6866260713958064,0.8827329969044796,0.034169022907929,1.8771042492654588,5.447114401393467
100,2,2.020676268471612,0.6742037700282203,0.721830985915493,0.7406258804730973,0.721830985915493,0.6960307902841697,0.8862136304748083,0.009725456233419028,1.808233340581258,5.162445174323188
100,3,2.031745241747962,0.7496569371885724,0.6725352112676056,0.6632949113016882,0.6725352112676056,0.6542087202638294,0.8725600495895984,-0.0131227497407842,1.7833968665864732,5.02328438229031
100,4,2.1833896968099804,0.7519356674618192,0.6919014084507042,0.6952790567326048,0.6919014084507042,0.6761225456883586,0.8705801046118052,0.004790048113422096,1.8764384190241497,5.523448944091797
101,1,2.13060900900099,0.7171457029051251,0.7007042253521126,0.6911605701470318,0.7007042253521126,0.684001302533969,0.8784351917155653,-0.008446450850359444,1.8703010347154405,5.428689850701226
101,2,2.0267436967955694,0.6784152206447389,0.7359154929577465,0.7605595389032481,0.7359154929577465,0.7246219927919137,0.8849498255192164,-0.05562727529511946,1.8120507465468512,5.172843231095208
101,3,1.9860092335277133,0.6697004785140356,0.704225352112676,0.6962788508849537,0.704225352112676,0.6835627508478466,0.8858183041684498,0.030402615820286694,1.7896065778202481,5.057396160231696
101,4,2.1119582653045654,0.6688886980215708,0.7112676056338029,0.7277499559606155,0.7112676056338029,0.6953250517732261,0.8873273731095734,-0.007230814754544124,1.8694664968384638,5.479120294253032
102,1,2.171209739314185,0.780218286646737,0.6795774647887324,0.660353899750716,0.6795774647887324,0.6608284216290572,0.8564006982556424,-0.0018513923117577935,1.8673371738857694,5.416856235928005
102,2,2.015322830941942,0.6849758724371592,0.7007042253521126,0.6722606653399009,0.7007042253521126,0.6697880214712995,0.8839333126964491,-0.02029606400011219,1.8005108833312988,5.119465616014269
102,3,1.9911878572569952,0.7111172560188506,0.7024647887323944,0.7000041690510083,0.7024647887323944,0.6864532626752146,0.8852508727465861,0.0029516223386871765,1.7706289225154452,4.978019025590685
102,4,2.1746714976098804,0.7486874229378171,0.6690140845070423,0.6717505091962528,0.6690140845070423,0.6493594769177389,0.8592118266832165,-0.006095712256557029,1.8695770634545221,5.5019675095876055
103,1,2.1164635353618197,0.7218187318907844,0.6954225352112676,0.672187887380506,0.6954225352112676,0.673160895790304,0.8726323141183592,0.030949577027869823,1.8622395396232605,5.37063455581665
103,2,2.022726125187344,0.6647788418663872,0.7147887323943662,0.71455571883496,0.7147887323943662,0.7014753064545316,0.8919241225843082,0.011185431842850702,1.8183443016476102,5.191269556681315
103,3,1.9922614561186895,0.6726817488670349,0.7165492957746479,0.7027054801929858,0.7165492957746479,0.6950937148096662,0.8902948958368083,-0.009463870077724756,1.7966878612836201,5.071280638376872
103,4,2.1129320330089993,0.6684285617536969,0.7183098591549296,0.7064406040783516,0.7183098591549296,0.7055149201615788,0.8903455996004822,0.0064707050797905286,1.8720515304141574,5.483439909087287
104,1,2.093100561036004,0.6871595862838957,0.6954225352112676,0.7094074685399161,0.6954225352112676,0.6699960052725069,0.8839911380073131,0.017279861393627804,1.8607146872414484,5.373629331588745
104,2,2.0254075990782843,0.6754172212547727,0.7112676056338029,0.7081764633788872,0.7112676056338029,0.699059751589189,0.8864437143125552,-0.021379097077471654,1.8108723892105951,5.1753849320941505
104,3,1.9808599352836609,0.6737463540501065,0.7095070422535211,0.7183646267943065,0.7095070422535211,0.6962509325453523,0.8947317991654332,-0.018020242993427082,1.7832815779580011,5.030791494581434
104,4,2.101269437207116,0.6565683020485772,0.7147887323943662,0.7152600184061308,0.7147887323943662,0.6984846614590093,0.8937690202765531,-0.001121783482558314,1.8660385939810011,5.472238553894891
105,1,2.0910887254609003,0.6615277760558658,0.7130281690140845,0.6979013703953353,0.7130281690140845,0.6997062610772158,0.8923256983492077,-0.02278944691068796,1.874196555879381,5.426730818218655
105,2,2.007037705845303,0.6611267824967703,0.7253521126760564,0.7205012597038045,0.7253521126760564,0.7093976849750087,0.890291921956209,-0.005248976212088641,1.8120521108309429,5.147496276431614
105,3,1.9492706457773845,0.6285107649034924,0.7235915492957746,0.7285275504454977,0.7235915492957746,0.7102718662518468,0.8983933550205874,-0.012988967866242707,1.7852518492274814,5.031043529510498
105,4,2.079529325167338,0.5906068533658981,0.7464788732394366,0.7383703215865758,0.7464788732394366,0.7319854054516955,0.9061201329895293,-0.011796869776671048,1.8779790467686124,5.553681559032864
106,1,2.1230081650945873,0.7094211081663767,0.7323943661971831,0.74393591409843,0.7323943661971831,0.7188756599084033,0.8739011976808662,-0.0007750894181575152,1.8697533673710294,5.421377725071377
106,2,1.9987072613504198,0.6546475059456296,0.7165492957746479,0.7167996376498824,0.7165492957746479,0.6949029814379897,0.8962397518269853,0.0013188511560235927,1.8014466563860576,5.134846488634746
106,3,1.9854685597949557,0.6618429935640759,0.7130281690140845,0.7095773823377419,0.7130281690140845,0.6960667532112391,0.8896146202991929,-0.02259047925290858,1.7936106191741095,5.073928038279216
106,4,2.117775844203101,0.6371206674310896,0.7359154929577465,0.7440635601297968,0.7359154929577465,0.7184312473884197,0.9001842691244796,-0.005660816448551653,1.8829910357793171,5.5726377964019775
107,1,2.0711125996377735,0.6181614134046767,0.7288732394366197,0.7168636361578489,0.7288732394366197,0.7192539105473401,0.8981381553384236,0.0013261220577934774,1.8798436787393358,5.461331751611498
107,2,1.9489805632167392,0.5897504240274429,0.7447183098591549,0.7568554278821933,0.7447183098591549,0.7275041540680051,0.9102148293320194,0.043430480706386776,1.8058960636456807,5.120517373085022
107,3,1.923455582724677,0.5932759278350406,0.7429577464788732,0.7445526976172382,0.7429577464788732,0.7297063248544551,0.9092648232512757,0.0031701852062760993,1.7820596893628438,5.027207944128248
107,4,2.0992900729179382,0.6373096621698804,0.721830985915493,0.7293033823598285,0.721830985915493,0.7066841121521465,0.9008049424583181,0.009424452098845126,1.865631149874793,5.510577440261841
108,1,2.0883595678541393,0.6623236387968063,0.7059859154929577,0.705590426617677,0.7059859154929577,0.6942188060402041,0.8881576476985498,-0.002016346049924067,1.87097391155031,5.415776530901591
108,2,1.9716058174769084,0.6201426121923659,0.7447183098591549,0.7414590122327092,0.7447183098591549,0.7238303493816136,0.9049349621889557,-0.004666012641718842,1.8013452887535095,5.1250198814604015
108,3,1.9418898224830627,0.6158712887101703,0.7341549295774648,0.724452224760414,0.7341549295774648,0.7237623769146059,0.903337133013673,-0.0069666003662760545,1.7846215433544583,5.035932858784993
108,4,2.1438088880644903,0.6901457673973508,0.7288732394366197,0.7371637570521167,0.7288732394366197,0.7141324645182763,0.8841098957696902,0.012902949456556123,1.877411511209276,5.535689300960964
109,1,2.0847383538881936,0.6517710387706757,0.7183098591549296,0.7249053781238065,0.7183098591549296,0.7052699894194598,0.8918913675055374,0.0009514579437119863,1.8735375139448378,5.428328553835551
109,2,1.9711769488122728,0.5995163089699216,0.7588028169014085,0.7581478007694396,0.7588028169014085,0.7501917977654302,0.9067807499879046,0.0025256178561743337,1.8124531507492065,5.171718345748054
109,3,2.077294839753045,0.8036923044257693,0.670774647887324,0.6859755947208839,0.670774647887324,0.6549274502623864,0.8600854909442324,-0.01307337904233763,1.7900844812393188,5.049033893479241
109,4,2.1233710514174566,0.6768995606236987,0.7165492957746479,0.7122947547882588,0.7165492957746479,0.7003357314563209,0.8860678762153986,-0.005872500818854709,1.8682737880282931,5.498471034897698
110,1,2.0808231433232627,0.6530413544840283,0.7112676056338029,0.7037170542002297,0.7112676056338029,0.7038094471126511,0.8923098058758319,-0.013416614118722858,1.869621707333459,5.412313792440626
110,2,2.000933541191949,0.6668346143431134,0.721830985915493,0.7358940914466364,0.721830985915493,0.7005519613448896,0.8876780244749944,0.02024211843324475,1.7969337039523654,5.113830818070306
110,3,1.9819305207994249,0.672870030005773,0.7059859154929577,0.7046305983087443,0.7059859154929577,0.6943394114479104,0.8925706169264855,-0.0037061783520779823,1.7844713926315308,5.036404861344232
110,4,2.06806488831838,0.6186060988240771,0.7306338028169014,0.7195057708890708,0.7306338028169014,0.714016391793676,0.9054907210772363,0.03086971072581901,1.8596004048983257,5.4501351780361595
111,1,2.073635929160648,0.6409785002470016,0.7341549295774648,0.7408668535429099,0.7341549295774648,0.728694787664899,0.8968937958234217,-0.01697850286409297,1.8692621919843886,5.416503111521403
111,2,1.982958283689287,0.6032724728186926,0.7447183098591549,0.7391590820903065,0.7447183098591549,0.7301403725551425,0.9088714039393861,0.020983338025035048,1.8232506116231282,5.202224983109368
111,3,1.9804075757662456,0.6513796548048655,0.7183098591549296,0.7129732310458088,0.7183098591549296,0.7067663200081532,0.8962019159615247,0.005889212857936421,1.7927943468093872,5.081472608778212
111,4,2.10706979698605,0.6449346029096179,0.7077464788732394,0.6932370625061808,0.7077464788732394,0.6878596870625135,0.9009562456304694,0.009458540844709873,1.8704535232649908,5.518718322118123
112,1,2.0984935429361133,0.6735057185093561,0.7007042253521126,0.7077059484843957,0.7007042253521126,0.6969749393157032,0.8915615727326096,-0.052545900725371464,1.8731128838327196,5.423464854558309
112,2,2.018771317270067,0.6549554334746467,0.7183098591549296,0.7079041807405517,0.7183098591549296,0.7014127872428852,0.8892155600603943,-0.001422301530477954,1.8187640971607633,5.2010082138909235
112,3,1.987094885773129,0.6749479737546709,0.7059859154929577,0.7030330729899107,0.7059859154929577,0.6896405415645859,0.8905390063896015,0.009064043557868162,1.7899194426006741,5.048770772086249
112,4,2.0694648093647428,0.6038394586907493,0.7429577464788732,0.7344390232823881,0.7429577464788732,0.7280271688035843,0.9088555793919175,-0.020106667993353478,1.8679009079933167,5.489257136980693
113,1,2.082209587097168,0.6388482931587431,0.7359154929577465,0.7275534854200028,0.7359154929577465,0.7288975253523109,0.89448159570042,-0.009561615389236833,1.8739537133110895,5.450052327579922
113,2,1.9365860289997525,0.5465742647647858,0.7552816901408451,0.7505138992052,0.7552816901408451,0.744904999863908,0.9243945259077095,0.007980226856910355,1.811739292409685,5.179946594768101
113,3,1.946821199523078,0.626293859548039,0.7147887323943662,0.70780990730498,0.7147887323943662,0.7035992180943956,0.9029083435921463,-0.026187344759881492,1.7838925388124254,5.02805150879754
113,4,2.0778218971358404,0.6190700398551093,0.7323943661971831,0.7200637302661801,0.7323943661971831,0.7242538064317764,0.9038231774707851,0.01172500008366717,1.8714869618415833,5.481576005617778
114,1,2.1107087797588773,0.6807869954241647,0.6954225352112676,0.6893160766400203,0.6954225352112676,0.684365459150022,0.8868871473936787,-0.03316782943818031,1.8778172201580472,5.447192721896702
114,2,1.9879862931039598,0.6505346778366301,0.727112676056338,0.7100711508243219,0.727112676056338,0.7089119210940511,0.8938053872683565,-0.010572777784806142,1.798792885409461,5.108706540531582
114,3,1.9769102997250028,0.6730931037002139,0.704225352112676,0.7205131599638168,0.704225352112676,0.687905069175722,0.8840790726277509,-0.010827254322100854,1.7821566661198933,5.019150270356072
114,4,2.0992859138382807,0.6396307713455625,0.7253521126760564,0.7261734355595527,0.7253521126760564,0.7199401776169899,0.9043487345138566,0.0009040979075720657,1.8737708926200867,5.505147669050428
115,1,2.054289115799798,0.6239020244942771,0.7306338028169014,0.7244881780564661,0.7306338028169014,0.7204223121883113,0.9025678145132019,0.011926945791691623,1.8622631894217596,5.391858789655897
115,2,1.9301383362876043,0.5522925092114342,0.7605633802816901,0.7643916750664622,0.7605633802816901,0.7471317397020362,0.9200027920615422,0.01192523874064022,1.80674723121855,5.145111799240112
115,3,1.8962184190750122,0.5613797770606147,0.7535211267605634,0.7474175920454843,0.7535211267605634,0.7418189750294306,0.9170966725461112,0.014033375980864404,1.781535221470727,5.0108417007658215
115,4,2.1160555481910706,0.6685063309139676,0.727112676056338,0.7249577229054383,0.727112676056338,0.7156852784998674,0.8920650166002555,-0.004038527830348748,1.8713049226337009,5.493670238388909
116,1,2.104114578829871,0.6762784537341859,0.721830985915493,0.7278471897670739,0.721830985915493,0.7110389581076201,0.8886173812864395,0.011377602949553034,1.8745223416222467,5.435731993781196
116,2,1.946743302875095,0.581893899374538,0.75,0.7529356102425476,0.75,0.7398020288168587,0.9127948398181871,-0.0020633690827556173,1.8068633410665724,5.131391710705227
116,3,1.8912820153766208,0.5621868338849809,0.7517605633802817,0.7475484902242125,0.7517605633802817,0.7438557410970318,0.9228103961539986,0.03401688449129159,1.777341041300032,4.992503881454468
116,4,2.0418764220343695,0.5634164694282744,0.7570422535211268,0.7487807997163224,0.7570422535211268,0.7420256365862838,0.9138809624302291,0.015326199847046196,1.8721532821655273,5.49161614312066
117,1,2.071362660990821,0.6447719252771802,0.7429577464788732,0.7237956361522154,0.7429577464788732,0.7267969885568016,0.8921314077620041,-0.026317042079998965,1.8696816364924114,5.400074243545532
117,2,1.964298751619127,0.6101696822378371,0.7359154929577465,0.7308883196700082,0.7359154929577465,0.7292019470009881,0.9058829212212192,-0.045717274913225525,1.8013297319412231,5.123933050367567
117,3,1.9242532716857061,0.5936686048905054,0.7323943661971831,0.7263352912692898,0.7323943661971831,0.7264584656054819,0.90786648567525,-0.0154608408169572,1.7817947268486023,5.028950598504808
117,4,2.09151111708747,0.6238723463482327,0.7359154929577465,0.7448381641388949,0.7359154929577465,0.7209255970910995,0.9024512589725173,-0.00241282147558719,1.8748117354181077,5.516001343727112
118,1,2.0408438907729254,0.6066250635517968,0.7447183098591549,0.7292921697447333,0.7447183098591549,0.7333759236341143,0.9072911751835941,0.006819383736475726,1.8637576235665216,5.387354307704502
118,2,1.98092254002889,0.6018920954730775,0.7288732394366197,0.7164739496299833,0.7288732394366197,0.712604082539464,0.9040964408489585,-0.029868141005909177,1.818159540494283,5.198660042550829
118,3,1.9370555016729567,0.6146460390753217,0.7288732394366197,0.7219304233924853,0.7288732394366197,0.7151709610304853,0.9061543239508052,0.01342264950330363,1.7807575000656977,5.022677434815301
118,4,2.069758885436588,0.6078360776106516,0.727112676056338,0.7225184992025641,0.727112676056338,0.7151968908004391,0.9053030390149948,-0.011981326688522476,1.8638759851455688,5.48091185092926
119,1,2.012054363886515,0.5652367919683456,0.75,0.749007301384062,0.75,0.7373671000795115,0.915288659012405,-0.0007174585243092668,1.8670159777005513,5.387961837980482
119,2,1.9015394581688776,0.5314532005124621,0.772887323943662,0.7611565488328444,0.772887323943662,0.7612945469100981,0.9220134899493295,-0.010742503463716302,1.7980814046329923,5.0984071890513105
119,3,1.907139195336236,0.5551373362541199,0.7605633802816901,0.7650910689155759,0.7605633802816901,0.7524427170657197,0.9232428380620165,-0.020871301143281284,1.7930773827764723,5.0618100961049395
119,4,2.099374360508389,0.6634423550632265,0.7165492957746479,0.7196668907650385,0.7165492957746479,0.7056533438768,0.8860920405121095,0.0015384688805577529,1.8595328794585333,5.44988214969635
120,1,2.1218357814682856,0.7385048203998141,0.7024647887323944,0.6935637733504855,0.7024647887323944,0.6923201447561369,0.8745919095320214,0.012657177461642077,1.8571774429745145,5.349607785542806
120,2,1.9712584018707275,0.6243116110563278,0.7147887323943662,0.7003438129119667,0.7147887323943662,0.7006035919404017,0.9033664116916081,0.006466602596563842,1.8034678830040827,5.114134046766493
120,3,1.9123427006933424,0.5752639952633116,0.7341549295774648,0.7336661591540665,0.7341549295774648,0.7309737217446576,0.9167822248812615,-3.976950437944993e-05,1.7848363452487521,5.032192918989393
120,4,2.0662403570281134,0.5701610479089949,0.7535211267605634,0.7545914355515114,0.7535211267605634,0.7428862857401121,0.9167548305598703,-0.025295842740656438,1.8830663429366217,5.557091845406426
121,1,2.048318260245853,0.607682905263371,0.7570422535211268,0.7578174920320869,0.7570422535211268,0.7455766198900837,0.9053009078435132,0.0008473644973235883,1.8697520825597975,5.409800582461887
121,2,1.9361576106813219,0.5730454375346502,0.7640845070422535,0.7547762095058003,0.7640845070422535,0.753406147084528,0.9154648601366439,-0.0038064975273661705,1.8034460412131414,5.116752465565999
121,3,1.8946677049001057,0.539549912015597,0.7517605633802817,0.7470023134339918,0.7517605633802817,0.7459340794525888,0.9189609702578356,0.032348151594185914,1.7858170006010268,5.056609087520176
121,4,2.035444047715929,0.527594569656584,0.7605633802816901,0.7488823006710129,0.7605633802816901,0.7456823989673593,0.92233284439182,-0.01769806676922081,1.8767947687043085,5.553759204016791
122,1,2.0138626429769726,0.5530993590752283,0.7605633802816901,0.7580069192255631,0.7605633802816901,0.7557191259010863,0.9166824908137008,0.005576562522476292,1.871329320801629,5.42231007417043
122,2,1.9073152475886874,0.5303362988763385,0.7746478873239436,0.7696866658904501,0.7746478873239436,0.7703320846001567,0.9255970980383055,0.010321142966868702,1.8071010841263666,5.120265960693359
122,3,1.90408722559611,0.5557007607486513,0.7482394366197183,0.733705389667205,0.7482394366197183,0.7363526003353545,0.9197122266109286,0.019829265850189626,1.7906971176465352,5.050322042571174
122,4,2.063015831841363,0.5748983091778226,0.7429577464788732,0.7355381568368211,0.7429577464788732,0.7280750836742137,0.9150008982965633,-0.024077330953644838,1.8734163244565327,5.535289857122633
123,1,2.0643687645594277,0.6475424898995293,0.7147887323943662,0.7080392565447784,0.7147887323943662,0.7063062572868242,0.8887467298317072,-0.012414355248423714,1.8613585895962186,5.370296650462681
123,2,1.9555471407042608,0.6001465006007088,0.7411971830985915,0.734366110225455,0.7411971830985915,0.732410422018949,0.9059005462626171,0.027729617841917742,1.8029899133576288,5.118148432837592
123,3,1.9808898170789082,0.660613391134474,0.7376760563380281,0.7423627507112774,0.7376760563380281,0.7237837176056127,0.8953597802971887,0.00990493456923236,1.7941613793373108,5.061534616682264
123,4,2.141693539089627,0.6948176340924369,0.6883802816901409,0.7110532412288987,0.6883802816901409,0.6724586789371604,0.8861310131536995,-0.006627138208938899,1.8777488470077515,5.517737044228448
124,1,2.0889133479860096,0.660439681675699,0.7095070422535211,0.700419952436697,0.7095070422535211,0.6960047789101345,0.895000568000957,0.009200749904530792,1.873810436990526,5.422018382284376
124,2,1.9352038105328877,0.563427757885721,0.7605633802816901,0.7596936737548832,0.7605633802816901,0.754466572315614,0.922479001623396,0.026832277149117956,1.8026400208473206,5.136014355553521
124,3,1.885894861486223,0.5382879426081976,0.7552816901408451,0.7631117567710284,0.7552816901408451,0.7521305702332098,0.9228587755322374,0.023769792237562593,1.7833284338315327,5.030310802989536
124,4,2.0500294433699713,0.5627125236723158,0.7323943661971831,0.7219608630225237,0.7323943661971831,0.7197123787823935,0.9184394578004276,-0.019543680924389628,1.8771428399615817,5.520435425970289
125,1,2.0502119859059653,0.6043360382318497,0.7235915492957746,0.7226808712663262,0.7235915492957746,0.7210692449401511,0.9059768873626467,-0.0022693599139371745,1.8664908210436504,5.423922207620409
125,2,1.9757501549190946,0.5596165590816073,0.7676056338028169,0.7655134008965288,0.7676056338028169,0.7570081792971014,0.9163979114771766,-0.023033394143014307,1.8358141316307917,5.280061721801758
125,3,1.9058845705456204,0.5490682721138,0.7623239436619719,0.7667361189989399,0.7623239436619719,0.7573835885673667,0.9218328066711174,-0.004942244446994648,1.794971724351247,5.071789013014899
125,4,2.022559252050188,0.5393108659320407,0.7570422535211268,0.753874593716143,0.7570422535211268,0.749315136140816,0.9232622840100679,-0.0013020187321162169,1.8709001607365079,5.483471963140699
126,1,2.0082463357183666,0.5430497195985582,0.7535211267605634,0.7447531771516837,0.7535211267605634,0.7465918981208889,0.9182548013352412,-0.008791136060808169,1.8758918113178678,5.427038338449266
126,2,1.9401295317543878,0.5568406681219736,0.7676056338028169,0.7634640775674146,0.7676056338028169,0.7598875847714145,0.9194556025344054,0.022360310988501553,1.8132857150501676,5.167803366978963
126,3,1.9112961557176378,0.5596566978428099,0.7306338028169014,0.7250315735022965,0.7306338028169014,0.7253533419509276,0.9170095228574815,-0.009273973831645188,1.7922794620196025,5.065121412277222
126,4,2.073569542831845,0.5949718670712577,0.7341549295774648,0.7279141549817001,0.7341549295774648,0.7221199988989696,0.9077491268429836,0.019134672837718636,1.8692490590943232,5.523630499839783
127,1,2.004624022377862,0.5507569909095764,0.7464788732394366,0.7425329989133795,0.7464788732394366,0.7407328974759804,0.9192958506582442,0.005462115828326453,1.8693555527263217,5.396980259153578
127,2,1.9092515309651692,0.5127453704675039,0.75,0.7396524727814996,0.75,0.7397919759953452,0.9267586075999037,0.016942491281635386,1.8102344075838726,5.167765670352512
127,3,1.8898209929466248,0.5251266592078738,0.7605633802816901,0.755780138346065,0.7605633802816901,0.7535055826965724,0.9266271487120106,0.021483357469941566,1.793439633316464,5.074107580714756
127,4,2.035349859131707,0.5466978136036131,0.7552816901408451,0.755483588474358,0.7552816901408451,0.7453750549648572,0.9197783927419401,-0.009544459441392483,1.875913315349155,5.508871104982164
128,1,2.01426590151257,0.5588215274943246,0.772887323943662,0.7735161378772043,0.772887323943662,0.770014916888823,0.9144149934334402,0.015503123900762583,1.8705233467949762,5.4103025860256615
128,2,1.9005145231882732,0.5032081984811358,0.7799295774647887,0.774873869391776,0.7799295774647887,0.7677381792067757,0.928349078348303,0.038995303159299,1.8128527137968276,5.160895811186896
128,3,1.8784396052360535,0.5373866922325559,0.7588028169014085,0.7683819192003162,0.7588028169014085,0.756451487656643,0.9249125037679309,-0.0004355892650831361,1.7784473366207547,5.007562915484111
128,4,2.060608228047689,0.5807921124829186,0.7464788732394366,0.7437440936047552,0.7464788732394366,0.7355854869664077,0.9163084148289395,-0.03627703272749838,1.8696359395980835,5.513512240515815
129,1,2.015228364202711,0.5739596999353833,0.7411971830985915,0.7361893773226255,0.7411971830985915,0.7340630116282555,0.9105726041224016,0.011805758417232637,1.8615594704945881,5.3781883584128485
129,2,1.9536063339975145,0.5679129577345319,0.75,0.7444763561989255,0.75,0.7440275044665393,0.9139509243392272,0.016935730875015098,1.8181696931521099,5.1868906948301525
129,3,1.931781530380249,0.5759167298674583,0.7447183098591549,0.7358009592044606,0.7447183098591549,0.7362949179919193,0.9166506746110519,-0.022019487532032755,1.791774763001336,5.0954658720228405
129,4,2.0315003063943653,0.5563390453656515,0.7711267605633803,0.764274172513334,0.7711267605633803,0.7614877416192528,0.9178900466051383,-0.014026563314247342,1.8703703151808844,5.473543074395922
130,1,2.0437528822157116,0.592349006070031,0.7447183098591549,0.7500808357094596,0.7447183098591549,0.7372895391493901,0.9100468423417043,0.028123567449870546,1.870898789829678,5.430361787478129
130,2,1.9409211344189115,0.5601262731684579,0.772887323943662,0.7814429676035201,0.772887323943662,0.7664070138649897,0.9199058501374631,0.013339267518188036,1.8112493819660611,5.162775635719299
130,3,1.8920062118106418,0.5247362123595344,0.7658450704225352,0.7573549045418304,0.7658450704225352,0.7574079621128721,0.9234160128823004,-0.015925075898676422,1.7884165313508775,5.082302782270643
130,4,2.035495658715566,0.548070877790451,0.7517605633802817,0.7616800845950421,0.7517605633802817,0.7454307239915079,0.9242885492391579,0.02035526393140774,1.8699499037530687,5.506153239144219
131,1,2.0462269716792636,0.6081172641780641,0.7570422535211268,0.7452498407146663,0.7570422535211268,0.7480965449362474,0.9044106611179475,0.0226079957160219,1.870274391439226,5.401816050211589
131,2,1.911368230978648,0.5386399212810729,0.7799295774647887,0.7734422950288692,0.7799295774647887,0.7738868829453815,0.9222524359947817,-0.007901315919092822,1.8040184246169195,5.114400717947218
131,3,1.8814722299575806,0.5375601169135835,0.7552816901408451,0.7577387326354347,0.7552816901408451,0.743245332954719,0.925734954562595,-0.004885533673412157,1.7785939309332106,5.017266962263319
131,4,2.085408409436544,0.6286315437820222,0.7183098591549296,0.7179993054073692,0.7183098591549296,0.7132840547510267,0.9020698396238741,-0.024003612911558392,1.8727578189637926,5.484554198053148
132,1,1.9910486274295383,0.5326343261533313,0.75,0.7432243949005948,0.75,0.7432937525794484,0.9160491536490811,-0.0032885658755994474,1.8624555336104498,5.394015140003628
132,2,1.901933855480618,0.5333458350764381,0.778169014084507,0.772131335028719,0.778169014084507,0.7715293546144745,0.922737123871541,0.009330344620000819,1.7984363966517978,5.09530574745602
132,3,1.8923702107535467,0.5358392041590478,0.7588028169014085,0.7550853647236034,0.7588028169014085,0.7510596160315038,0.9223341477729234,0.005638621466420912,1.7891686889860365,5.0576090812683105
132,4,2.040609280268351,0.555671857462989,0.7588028169014085,0.7472589813592725,0.7588028169014085,0.7492174821339861,0.9205403752389746,-0.02466087688799501,1.8728662861718073,5.505463030603197
133,1,1.9765185581313238,0.5078415473302206,0.7693661971830986,0.7620849133261105,0.7693661971830986,0.7634295549325152,0.9280811089408748,-0.027428151013467295,1.866098595990075,5.403431389066908
133,2,1.9078073170449998,0.5195699152019289,0.7852112676056338,0.7802888704648675,0.7852112676056338,0.7817417685934213,0.9274046296465762,-0.004767349692934353,1.8033598065376282,5.1470275852415295
133,3,1.9280728565322027,0.6072031011184057,0.7253521126760564,0.7256984905703717,0.7253521126760564,0.7199361675939288,0.9045473546163593,-0.02426526493102754,1.7795518570476108,5.010102113087972
133,4,2.085868650012546,0.6195848733186722,0.7288732394366197,0.7256287125380719,0.7288732394366197,0.7205288163640585,0.9032494334092468,-0.017750599114659593,1.871580766306983,5.507197247611152
134,1,2.032167931397756,0.5844837890730964,0.75,0.7429807830548901,0.75,0.7409422746918644,0.9141658306411315,-0.017463451191988666,1.8691336909929912,5.410097413592869
134,2,1.9036460651291742,0.5113454543881946,0.7535211267605634,0.7451814983421114,0.7535211267605634,0.7470130988716706,0.9272771640578823,0.013472657715587255,1.8082208699650235,5.152347299787733
134,3,1.8419625163078308,0.48844366437859005,0.7640845070422535,0.7581433852713706,0.7640845070422535,0.7591605141991665,0.9298170554826681,-0.032320308489149685,1.7766915957132976,5.000172932942708
134,4,2.0117666522661843,0.5127719144026438,0.7676056338028169,0.7637499071173824,0.7676056338028169,0.7626592240666348,0.9302047873352715,-0.04877904232800523,1.8730708095762465,5.509420739279853
135,1,2.0259348220295377,0.5424943483538098,0.7658450704225352,0.760043837686754,0.7658450704225352,0.7612697752040819,0.919726146684993,-0.013038163391457358,1.881522489918603,5.487295773294237
135,2,1.9181540078587003,0.5232350130875906,0.7816901408450704,0.7852165625330932,0.7816901408450704,0.772821628729263,0.9246586490111546,0.027644332765127455,1.8162819080882602,5.172964877552456
135,3,1.9021711084577773,0.5242738922437032,0.7605633802816901,0.7595527137077467,0.7605633802816901,0.7539972135410664,0.9235129158346939,-0.012841077941697643,1.800463424788581,5.117264535692003
135,4,2.003288322024875,0.5079592317342758,0.7658450704225352,0.7632368292101797,0.7658450704225352,0.7603839380022436,0.9280365284967693,0.03331395848193397,1.870784130361345,5.492389308081733
136,1,2.00260200103124,0.5207732386059232,0.7869718309859155,0.7779245154814868,0.7869718309859155,0.7809480891339884,0.9214683014059382,-0.041546441760670794,1.873809602525499,5.460202402538723
136,2,1.928965535428789,0.5570840802457597,0.7552816901408451,0.7467734675160409,0.7552816901408451,0.7431846193943141,0.9231674571247924,0.05484563587179625,1.805443247159322,5.130022048950195
136,3,1.8582638502120972,0.5076351679033704,0.7588028169014085,0.7575792314157107,0.7588028169014085,0.7538890975209573,0.928399978713689,0.04441132327171993,1.7815672887696161,5.009730709923638
136,4,2.031006548139784,0.5531079967816671,0.75,0.740914766338971,0.75,0.7414194192403103,0.9141389312917964,-0.021805689502629955,1.8654058641857572,5.4794362386067705
137,1,2.0141213403807745,0.5499928808874555,0.7605633802816901,0.7573540105163933,0.7605633802816901,0.7538688805287892,0.9192043393494338,-0.03813675766796076,1.8764173454708524,5.430420796076457
137,2,1.9384737743271723,0.5548295875390371,0.7623239436619719,0.757483212736006,0.7623239436619719,0.7572949087798093,0.9196165898052641,0.03553806632743717,1.8127284910943773,5.166976716783312
137,3,1.932225810156928,0.6202913373708725,0.7130281690140845,0.7028556203495694,0.7130281690140845,0.7017947980362313,0.904693196384788,0.024668559569516968,1.7761909034517076,4.9934060838487415
137,4,2.0677402748001947,0.6002198027239906,0.7482394366197183,0.7563993799579808,0.7482394366197183,0.7374699628038595,0.9091497390982488,0.026600617042649266,1.8686162696944342,5.491954485575358
138,1,1.9953033460511103,0.5348304046524895,0.7676056338028169,0.764673895656903,0.7676056338028169,0.7585373338937338,0.9263331767320402,-0.0007552224651050654,1.8668179776933458,5.403073310852051
138,2,1.8890347679456074,0.48068400886323714,0.8080985915492958,0.8106429689706338,0.8080985915492958,0.8007022234381052,0.9383494319939377,0.015835244465689846,1.8104197250472174,5.175186342663235
138,3,1.858139865928226,0.4883887850575977,0.7517605633802817,0.7501827214376862,0.7517605633802817,0.7457872754630579,0.9287491118273812,-0.007312707182511646,1.7886075377464294,5.054225471284655
138,4,2.0097711351182728,0.5000385741392771,0.7816901408450704,0.7768993092286083,0.7816901408450704,0.7756572974924416,0.9281516051552151,-0.005191331099613006,1.8811079727278814,5.5324803193410235
139,1,2.103981759813097,0.6628756042983797,0.7183098591549296,0.7090562861811642,0.7183098591549296,0.7122913346277001,0.8955748053402274,-0.005672546238163267,1.8775071832868788,5.46656268172794
139,2,1.9990878568755255,0.6572407831748327,0.7200704225352113,0.7118790869205986,0.7200704225352113,0.7115300849630852,0.9012610773549767,0.020455093147159764,1.8037365741199918,5.130064129829407
139,3,1.9664843943383958,0.6571677741077211,0.7095070422535211,0.7085060929025503,0.7095070422535211,0.6938454221235381,0.8963123874457266,0.016217599657377457,1.779525922404395,5.021556244956122
139,4,2.0462279650900097,0.5446234395106634,0.7676056338028169,0.7678896149088646,0.7676056338028169,0.7626405347113655,0.9267549973399568,-0.01819415783564593,1.8830640448464289,5.549971726205614
140,1,2.00438345140881,0.5227649841043684,0.7693661971830986,0.7653230091830445,0.7693661971830986,0.756375732424637,0.9242330569659937,0.0093476801926613,1.8804590437147353,5.461493015289307
140,2,1.8709293802579243,0.48422640893194413,0.7975352112676056,0.7903832899811633,0.7975352112676056,0.7926016224811308,0.934165738061555,0.004882303059418391,1.801203966140747,5.106569475597805
140,3,1.8522940013143752,0.4816741380426619,0.7746478873239436,0.7689000475613375,0.7746478873239436,0.770271284872892,0.9310376587695002,-0.028490761814752297,1.783419542842441,5.050406840112474
140,4,1.9944978687498305,0.48054126070605385,0.7887323943661971,0.7892989812699172,0.7887323943661971,0.7863703844740447,0.9354462657653436,-0.030315796746863688,1.877624299791124,5.527063078350491
141,1,1.975367095735338,0.4980153938134511,0.7816901408450704,0.7778448674373191,0.7816901408450704,0.7719238573121491,0.9287826091101941,-0.01690022486261933,1.871103776825799,5.422520796457927
141,2,1.8786425060696073,0.49337372680505115,0.7887323943661971,0.782751523903765,0.7887323943661971,0.784118347465977,0.9324101020168691,-0.011025713085371924,1.8063556883070204,5.110936058892144
141,3,1.8711847927835252,0.5085029717948701,0.7834507042253521,0.7757328149999904,0.7834507042253521,0.7736587848519173,0.9224502307574215,0.013025316656245622,1.787945999039544,5.050775554445055
141,4,1.9929367568757799,0.46762516763475204,0.7816901408450704,0.7721248336982263,0.7816901408450704,0.7745304836389694,0.9359230961464928,-0.016173977357439195,1.8874653975168865,5.551996893352932
142,1,1.9425556394788954,0.4535543852382236,0.778169014084507,0.780542932856478,0.778169014084507,0.7739700126893819,0.9378897004124397,0.04065618072942556,1.8682095540894403,5.416891667577955
142,2,1.853310419453515,0.43579522603087956,0.829225352112676,0.8295755958030085,0.829225352112676,0.8230983081496437,0.9458171980681599,0.03209598285982429,1.8103492458661397,5.160845663812426
142,3,1.8481805589463975,0.4587044351630741,0.7992957746478874,0.8013254934744579,0.7992957746478874,0.7956263364710091,0.9398501007252441,-0.01694594869246302,1.7923872073491414,5.0902913146548805
142,4,2.0094297726949057,0.5328463597430123,0.7482394366197183,0.7481551643092967,0.7482394366197183,0.7451777413659167,0.9251075731962393,0.014003504809565581,1.8620416323343914,5.454790857103136
143,1,1.9725120531188116,0.4958469586239921,0.7693661971830986,0.7620377140523269,0.7693661971830986,0.7566424898883234,0.9349122521075647,0.05507927613286889,1.8696911931037903,5.418063759803772
143,2,1.9147555430730183,0.5419217397769293,0.772887323943662,0.7663785029886756,0.772887323943662,0.768191652400177,0.9221127780713463,-0.008744744387795045,1.8065812190373738,5.1180341773562965
143,3,1.8573807544178433,0.5096318986680772,0.7746478873239436,0.7683429400685694,0.7746478873239436,0.7701589905595188,0.9271110921410852,0.010897111699508133,1.778346147802141,5.002127952045864
143,4,2.012771315044827,0.5456183304389318,0.7676056338028169,0.7658743425033503,0.7676056338028169,0.7630821691797601,0.923746043782819,-0.017969782479965835,1.8599509729279413,5.436128073268467
144,1,2.0254853301578097,0.5816746039523019,0.7447183098591549,0.7329511914841949,0.7447183098591549,0.7322120659120166,0.9132679022822893,0.0035950839199584417,1.8653795917828877,5.394376834233602
144,2,1.92206785413954,0.5555960800912645,0.7535211267605634,0.7546504540013355,0.7535211267605634,0.7496632623226834,0.9154521393199442,-0.005746210123377615,1.8001220226287842,5.110501805941264
144,3,1.8654084669219122,0.49979480935467613,0.7816901408450704,0.7786745443374343,0.7816901408450704,0.7800878197777728,0.9353491523596362,0.015373198403959787,1.788628359635671,5.051840146382649
144,4,1.9726517730289035,0.48631157477696735,0.778169014084507,0.7714386216781385,0.778169014084507,0.7688010258536698,0.9335737694593882,-0.013547293101470848,1.8603387739923265,5.440778745545281
145,1,1.9557695455021329,0.4773533311155107,0.772887323943662,0.7736054236443809,0.772887323943662,0.7723066331800952,0.9320030701513775,0.00025475933997931577,1.862874190012614,5.405407137340969
145,2,1.8920948571628995,0.49657080074151355,0.7940140845070423,0.792168822510632,0.7940140845070423,0.7834626363847702,0.9325621681145145,-0.012026080581827525,1.8094225989447699,5.148317416508992
145,3,1.871220933066474,0.49937086469597286,0.7605633802816901,0.7596546379810342,0.7605633802816901,0.7562168084756922,0.9301486080868433,-0.026991867377086365,1.7896563741895888,5.072204232215881
145,4,1.9554655220773485,0.45726863708761,0.795774647887324,0.7897711922190382,0.795774647887324,0.7881895167058766,0.9388215793526442,-0.008409679419840055,1.8654954036076863,5.4512580500708685
146,1,1.9530998004807367,0.46253667771816254,0.7746478873239436,0.7721331929764818,0.7746478873239436,0.7708079994213004,0.9356732797215832,0.00866532471039394,1.870095153649648,5.431080222129822
146,2,1.9403022130330403,0.5522631373670366,0.772887323943662,0.772948226805965,0.772887323943662,0.7687645416212361,0.9255351078066683,-0.009264038833107113,1.8173442085584004,5.179059863090515
146,3,1.87515785296758,0.5298802355925242,0.7588028169014085,0.7528766203805379,0.7588028169014085,0.7541993658780408,0.9272389799713707,0.002687993420032786,1.7807768053478665,5.014138685332404
146,4,1.9978149003452725,0.5118233313163122,0.7482394366197183,0.7479715236724787,0.7482394366197183,0.7442395741281043,0.9286080054667689,0.013104691795723822,1.86511539750629,5.465128289328681
147,1,2.030701650513543,0.5427049895127615,0.7482394366197183,0.747476239589815,0.7482394366197183,0.7432316547632803,0.9167264286416775,0.015363277572442935,1.8819185958968268,5.502693600124783
147,2,2.001482261551751,0.6417599949571822,0.7411971830985915,0.7322804243877713,0.7411971830985915,0.7328714796010832,0.8994316612556218,0.004790519686452943,1.8171344266997442,5.174167500601874
147,3,1.9013015098041959,0.5675907681385676,0.7588028169014085,0.7574238082459174,0.7588028169014085,0.7517756172267578,0.9177072449491219,-0.013320857585392032,1.7733436624209087,5.013293147087097
147,4,2.116377115249634,0.6488030287954543,0.7200704225352113,0.7130347310378986,0.7200704225352113,0.7140802408588726,0.8982673114483537,-0.016564108104654585,1.8786836663881938,5.540716396437751
148,1,2.0206071535746255,0.5773362004094653,0.772887323943662,0.771112202448165,0.772887323943662,0.7686714533061657,0.9115989612009858,-0.004999935769298691,1.8689411348766751,5.388239211506313
148,2,1.8737936086124845,0.48579611712031895,0.7887323943661971,0.7844264559773381,0.7887323943661971,0.782199436436147,0.9342287426735263,-0.02191024403819397,1.801140050093333,5.1124542289310035
148,3,1.8450767861472235,0.4581231226523717,0.795774647887324,0.7904428410819407,0.795774647887324,0.790862471356864,0.9378436518755883,0.006869626525337735,1.787212113539378,5.081301808357239
148,4,1.9564812845653958,0.4277057879500919,0.8151408450704225,0.816452167613502,0.8151408450704225,0.8143303802255828,0.9457324559068985,-0.0041610078659142236,1.8755761517418756,5.523623824119568
149,1,1.955786771244473,0.47288252496057087,0.7904929577464789,0.7837183004046527,0.7904929577464789,0.784072210647749,0.9310023007982926,0.034689849639332415,1.870019839869605,5.4158965481652155
149,2,1.8763024542066786,0.46753207180235123,0.7869718309859155,0.7826146507615327,0.7869718309859155,0.7841354276586867,0.9354486597889139,0.008594744130450582,1.8126462697982788,5.163433154424031
149,3,1.8301713036166296,0.4814477364222209,0.7816901408450704,0.7867012375385287,0.7816901408450704,0.7772511704786754,0.9361633250317216,-0.006523001534701978,1.7707199586762323,4.977192799250285
149,4,1.980779184235467,0.4985479596588347,0.7922535211267606,0.7896570035604907,0.7922535211267606,0.7832517168631262,0.9339622208345295,0.013607582785324701,1.8584362202220492,5.4393184714847145
150,1,2.0134562651316323,0.5324898180034425,0.778169014084507,0.7823725531091861,0.778169014084507,0.7701420256890505,0.9245580502702098,0.010659778701719524,1.8794768386416965,5.469044486681621
150,2,1.8930390079816182,0.511464892162217,0.7799295774647887,0.7753642476326889,0.7799295774647887,0.7724101513526589,0.9289592492492098,0.030268281554400867,1.8035314083099365,5.116711815198262
150,3,1.9054849677615695,0.5539253999789556,0.7517605633802817,0.7515815152612272,0.7517605633802817,0.7507803343927735,0.9188321300276743,0.008536699610752319,1.792504158284929,5.0591237677468195
150,4,2.0121615595287747,0.5132517036464479,0.7676056338028169,0.764041240510111,0.7676056338028169,0.754577245391181,0.9327317077242283,-0.010957379101898423,1.870442231496175,5.509617673026191
