epoch,fold,total_loss,cross_entropy_loss,accuracy,precision,recall,f1_score,auc,r2_score,mae_loss,mse_loss
1,1,28.606728023952908,1.3737735483381484,0.3890845070422535,0.2163980409442229,0.3890845070422535,0.26892630312381316,0.49234562074623367,-16.6867131051571,9.293973313437569,92.15028508504231
1,2,17.239389207628037,1.3444785674413045,0.40316901408450706,0.23076986995720636,0.40316901408450706,0.23497526871109603,0.5230647401728199,-9.960913832198576,7.009966585371229,54.32751168145074
1,3,8.73177719116211,1.3311673270331488,0.3785211267605634,0.14327824340408649,0.3785211267605634,0.20787239400643964,0.4943205970977138,-4.375706540879581,4.617359571986729,25.999865743849014
1,4,4.319285710652669,1.2591619690259297,0.41725352112676056,0.17410050089268003,0.41725352112676056,0.24568716647712358,0.49675336809149784,-1.171271122224451,2.863504793908861,11.459574222564697
2,1,2.6796443594826593,1.2366175121731229,0.40669014084507044,0.1664058424621805,0.40669014084507044,0.2361755010664739,0.48491720046465436,-0.1452823066336344,1.9757258892059326,6.046706795692444
2,2,2.3684855235947504,1.2354578442043729,0.3785211267605634,0.24011813273148014,0.3785211267605634,0.265248970935422,0.4798022611610089,0.008086982220519734,1.7818221118715074,5.012216607729594
2,3,2.3569616079330444,1.2506810161802504,0.3644366197183099,0.21024276788180063,0.3644366197183099,0.2171101362215131,0.5003005707340618,-0.01607700199169626,1.767090426550971,4.9382828209135265
2,4,2.471667614248064,1.2398414744271173,0.4137323943661972,0.17324130294132284,0.4137323943661972,0.24422061635065687,0.5127555840746316,-0.021438005992534093,1.838923950990041,5.34592851003011
3,1,2.435966001616584,1.239598552385966,0.40669014084507044,0.1664058424621805,0.40669014084507044,0.2361755010664739,0.4771868771932165,-0.005393077032517457,1.8318625158733792,5.227489815817939
3,2,2.3614924285146923,1.229186216990153,0.4014084507042254,0.3078784773838819,0.4014084507042254,0.2426506099687319,0.522822787075716,-0.010566678954775588,1.777066217528449,5.003540171517266
3,3,2.337719096077813,1.2465857333607144,0.34683098591549294,0.2379635352100629,0.34683098591549294,0.26664961277637333,0.5138790348134815,-0.009216817106145081,1.7496921751234267,4.883696715037028
3,4,2.4852495590845742,1.2445677121480305,0.40669014084507044,0.26579998539301225,0.40669014084507044,0.2608395169174644,0.5009058236751771,-0.005250579372794162,1.8454383810361226,5.3801736566755505
4,1,2.4452590809928045,1.230386217435201,0.4137323943661972,0.49694316340521005,0.4137323943661972,0.248189722765039,0.5173688690847746,-0.003924374013920762,1.842336846722497,5.279962221781413
4,2,2.371359043651157,1.233640319771237,0.3908450704225352,0.26836984815116766,0.3908450704225352,0.2813700536792559,0.5102583991930533,-0.009200799165082874,1.7813816335466173,5.026035931375292
4,3,2.355560945139991,1.2510555850134955,0.35563380281690143,0.22134148000401296,0.35563380281690143,0.23820091048382347,0.5173867599058195,-0.00472494235373544,1.7584182090229459,4.932740052541097
4,4,2.4698834684160023,1.2395124170515273,0.426056338028169,0.3083902121767347,0.426056338028169,0.2922253328914745,0.5130208482164759,-0.003977117976460942,1.8400832811991374,5.340749025344849
5,1,2.4570418861177235,1.2354116174909804,0.40316901408450706,0.24787474849094568,0.40316901408450706,0.24089048666513455,0.5171890491932173,-0.007931636958898869,1.8446995615959167,5.307512402534485
5,2,2.3696256743537054,1.2335604296790228,0.3961267605633803,0.2412993880888326,0.3961267605633803,0.2531608138598706,0.5101143135062836,-0.0015497371602199994,1.7784422636032104,5.020444393157959
5,3,2.359879049989912,1.2532620231310527,0.3767605633802817,0.25908802710875306,0.3767605633802817,0.26973908146369197,0.4924050259825733,-0.01667890355005275,1.758029215865665,4.941985249519348
5,4,2.4738048248820834,1.2340700295236375,0.4295774647887324,0.3070642162836172,0.4295774647887324,0.31720052302030477,0.5531613789878306,0.004723651244269433,1.8437172439363267,5.366519080268012
6,1,2.445831682946947,1.234639585018158,0.3908450704225352,0.24150031974794503,0.3908450704225352,0.25740385105417407,0.5101891121146596,-0.013473102811909499,1.840241379208035,5.2719464434517755
6,2,2.363449845049116,1.2371595766809251,0.397887323943662,0.2855356550152444,0.397887323943662,0.2660790400296516,0.4923975558510748,-0.006954401807445221,1.776790930165185,4.991460376315647
6,3,2.3384240402115717,1.2470661865340338,0.38028169014084506,0.26915707827728114,0.38028169014084506,0.2960093426383453,0.5028788912683122,-0.0027126757339925867,1.7504015962282817,4.8849255376391945
6,4,2.473044832547506,1.2410845425393846,0.4084507042253521,0.27510857072576983,0.4084507042253521,0.300223257263676,0.5358399372875052,-0.010127104468834469,1.838037411371867,5.347618579864502
7,1,2.435577710469564,1.2307472427686055,0.40316901408450706,0.21303354888690432,0.40316901408450706,0.23826610748067661,0.5254208377022507,-0.011934250279761471,1.839599847793579,5.246848596466912
7,2,2.3872613774405584,1.2336232860883076,0.3855633802816901,0.25215505037731073,0.3855633802816901,0.25082089686448117,0.5148462570948665,-0.008884508819122727,1.7878669036759272,5.079083416197035
7,3,2.3505323198106556,1.248872823185391,0.3926056338028169,0.2775328794751784,0.3926056338028169,0.3227683990574052,0.49339317043714165,-0.00985622903406802,1.7525581452581618,4.92107089360555
7,4,2.4693924056159124,1.236383895079295,0.4102112676056338,0.27760057702517343,0.4102112676056338,0.31509328163200967,0.5321044977859583,-0.008251007955826895,1.839290201663971,5.346412009663052
8,1,2.4465752707587347,1.2315072351031833,0.40669014084507044,0.2574437899037712,0.40669014084507044,0.2580551365110999,0.5255509995832257,-0.0057454326763237695,1.843230704466502,5.2817338307698565
8,2,2.3504284951421948,1.2269807855288188,0.4137323943661972,0.30221936380718945,0.4137323943661972,0.31619374670768136,0.5602248796154382,0.0002570339176481973,1.772589021258884,4.971806353992886
8,3,2.3510471052593656,1.2512127690845065,0.38028169014084506,0.27042759702871316,0.38028169014084506,0.2872159300166041,0.5040722720099565,-0.011127819941970873,1.7579263316260443,4.917327178849114
8,4,2.4773815075556436,1.2342112064361572,0.42077464788732394,0.29898499532608536,0.42077464788732394,0.34228709568727034,0.547671898504387,-0.0031764037940273937,1.845163901646932,5.3781119717492
9,1,2.4280329081747265,1.2247778044806585,0.4154929577464789,0.29790815503709284,0.4154929577464789,0.2850994858037112,0.5420756704563011,-0.01005280532397923,1.8350612190034654,5.235628008842468
9,2,2.3585683637195163,1.235776013798184,0.3785211267605634,0.2653358170014219,0.3785211267605634,0.30299031037281726,0.5012911414964449,-0.01875600069714367,1.7706222070588007,4.978416985935635
9,3,2.3400968578126697,1.247702678044637,0.375,0.26160968117245076,0.375,0.2700387997617323,0.5132171429660767,-0.019143103807669704,1.7507393227683172,4.889016509056091
9,4,2.4920396274990506,1.2418709595998128,0.4295774647887324,0.3035006816274523,0.4295774647887324,0.34113067719960916,0.5403542038748139,-0.0036564611790699253,1.8499543335702684,5.409099711312188
10,1,2.453764352533552,1.226749387052324,0.4137323943661972,0.3463989062580612,0.4137323943661972,0.2719561857683783,0.5667353715026515,-0.0011685799574214784,1.8482095731629267,5.316799190309313
10,2,2.376097043355306,1.237415353457133,0.3855633802816901,0.28318333299679643,0.3855633802816901,0.3264796645038772,0.509784874631882,-0.01004706012907608,1.7819082140922546,5.033020867241754
10,3,2.3540212909380593,1.2539367477099101,0.38204225352112675,0.27782902000915627,0.38204225352112675,0.2553783318024969,0.5098754672362027,-0.013844872027258592,1.7622415489620633,4.920885059568617
10,4,2.467355297671424,1.2371856504016452,0.3996478873239437,0.2789946198932726,0.3996478873239437,0.3207903333982389,0.5350386590740784,-0.003581372263832927,1.838329593340556,5.337750964694553
11,1,2.4526087972852917,1.221368710199992,0.4102112676056338,0.2880650027186782,0.4102112676056338,0.29844285797314835,0.5588210887444856,-0.012080514367218464,1.8517253398895264,5.325502223438686
11,2,2.355415893925561,1.2296183307965596,0.40669014084507044,0.29255884405532295,0.40669014084507044,0.32749487981866315,0.5360325323228677,-0.006128560842791231,1.7726091543833415,4.982276585366991
11,3,2.346086627907223,1.2553356952137418,0.38028169014084506,0.27135563699051085,0.38028169014084506,0.2504687953679544,0.5103984928670746,-0.007642698501084011,1.7548229694366455,4.8911719057295056
11,4,2.4820307890574136,1.2391479876306322,0.40316901408450706,0.3094799525387124,0.40316901408450706,0.34276493786412293,0.5632839142437213,-0.006799910218280303,1.8452078501383464,5.382090542051527
12,1,2.4475253687964544,1.2229643132951524,0.4084507042253521,0.29178587147887325,0.4084507042253521,0.2885781434925763,0.5619807733539568,-3.7236436918330895e-06,1.8506356279055278,5.304834326108296
12,2,2.353511883152856,1.221947928269704,0.4137323943661972,0.303503862906559,0.4137323943661972,0.3293249077800134,0.5365188239643168,-0.01788592768290531,1.7772947284910414,4.99382758140564
12,3,2.316380196147495,1.2220396134588454,0.4278169014084507,0.30354116678681714,0.4278169014084507,0.3542522821055632,0.5763855365693652,-0.0031985600891029087,1.7469528648588393,4.869841469658746
12,4,2.4690455396970115,1.2320030728975933,0.4102112676056338,0.28750425053895484,0.4102112676056338,0.3329896949127194,0.534162048588237,-0.02667768677776161,1.8428536587291293,5.355477915869819
13,1,2.4434138205316334,1.2188428441683452,0.4454225352112676,0.3253773326372512,0.4454225352112676,0.37426481985201876,0.5540986011681832,-0.006020624094252636,1.8448133137491014,5.300745844841003
13,2,2.3387410044670105,1.2070864637692769,0.4471830985915493,0.324920342753146,0.4471830985915493,0.3746835914771662,0.5619297835994015,-0.013747103027926144,1.7751059995757208,4.979268087281121
13,3,2.324002848731147,1.2257719768418207,0.4225352112676056,0.29748603287158226,0.4225352112676056,0.3463594665716434,0.5682564552493578,-0.0018923074891354918,1.7510573201709323,4.886541472540961
13,4,2.4509161512056985,1.202239261733161,0.45598591549295775,0.33124141188594985,0.45598591549295775,0.38372539525786437,0.6095776284200267,-0.006434300265091952,1.8452461096975539,5.364495409859551
14,1,2.425666583908929,1.1948604947990842,0.4859154929577465,0.35571131016945895,0.4859154929577465,0.4095836952645407,0.5688293078542397,-0.010393390947990744,1.8440384334988065,5.297547221183777
14,2,2.345778312948015,1.206623415152232,0.4278169014084507,0.31686685421561667,0.4278169014084507,0.36325274688115444,0.5582990534920557,-0.002933641513784613,1.7790114680926006,5.00380618042416
14,3,2.3099219467904835,1.2102132373385959,0.4225352112676056,0.2976745652256583,0.4225352112676056,0.3476584929239707,0.5594083244041889,-0.015106517063166125,1.748854570918613,4.875908864869012
14,4,2.459340360429552,1.2147295475006104,0.43485915492957744,0.31141111863144283,0.43485915492957744,0.3616027640646748,0.559680070048997,-0.011784225777090818,1.8421822388966878,5.3634320629967585
15,1,2.3996596005227833,1.174897935655382,0.4841549295774648,0.35484566884063007,0.4841549295774648,0.4089675875008699,0.6201046627443254,-0.0057347180456785996,1.8399720125728183,5.25743661986457
15,2,2.345303224192725,1.187512954076131,0.4612676056338028,0.349656518253685,0.4612676056338028,0.3929947705150312,0.58418077354607,-0.010874811970592146,1.785110546482934,5.0468136999342175
15,3,2.3180481526586743,1.1999936699867249,0.4507042253521127,0.32053109695839915,0.4507042253521127,0.3744575501511256,0.5937406888455047,-0.006359039814699097,1.7644964191648695,4.926841735839844
15,4,2.448736422591739,1.2019623849127028,0.4154929577464789,0.3044557025688915,0.4154929577464789,0.35127009047065066,0.572490388864369,-0.011149159468571535,1.844415505727132,5.3578757180107965
16,1,2.3977821005715265,1.1776777903238933,0.4735915492957746,0.3486417621162624,0.4735915492957746,0.40153538221319907,0.5882936433457261,-0.008883730757318409,1.8379031154844496,5.244692087173462
16,2,2.3293244904941983,1.189285331302219,0.4630281690140845,0.3612211413285033,0.4630281690140845,0.39408686855869957,0.5925941040619684,-0.010781497112659633,1.774003095097012,4.989415566126506
16,3,2.3100556996133594,1.2049885127279494,0.426056338028169,0.30679016240030704,0.426056338028169,0.35645022678443544,0.5697436047878329,-0.023556621558188606,1.7513304485215082,4.888545685344273
16,4,2.4366704556677075,1.1960197620921664,0.4225352112676056,0.31105445381318003,0.4225352112676056,0.35816919169493633,0.5957241419817139,-0.008584118546836939,1.8377994563844469,5.3315218687057495
17,1,2.4114936855104236,1.1840369270907507,0.4524647887323944,0.3357648066860557,0.4524647887323944,0.3852997564722112,0.5922661394229954,-0.017754853804694992,1.843792782889472,5.275559160444471
17,2,2.329654428693983,1.183461950884925,0.45422535211267606,0.33185034106684225,0.45422535211267606,0.38336391517184404,0.5952760792051299,-0.01408033996548319,1.7772640122307672,5.004103382428487
17,3,2.286406477292379,1.1751478579309251,0.4630281690140845,0.34041817751428355,0.4630281690140845,0.3875967427933196,0.6292574634557165,-0.01148284915568265,1.7484356694751315,4.879343099064297
17,4,2.4424375825458102,1.186289323700799,0.4595070422535211,0.35036266367708424,0.4595070422535211,0.3921422105612083,0.6221879185961756,-0.013037935776473386,1.8424721890025668,5.373450040817261
18,1,2.3995830615361533,1.160270267062717,0.4788732394366197,0.548045552683723,0.4788732394366197,0.4100626419987362,0.6291680835867299,-0.011407986964792505,1.8487996856371562,5.291312721040514
18,2,2.3304710586865744,1.168814069694943,0.4454225352112676,0.3269006521647367,0.4454225352112676,0.37704317590645037,0.6045654227394412,-0.017074703349197806,1.7867098583115473,5.041003796789381
18,3,2.300885988606347,1.185438288582696,0.4612676056338028,0.34763902226490256,0.4612676056338028,0.3876205839931672,0.6253510702426173,-0.01359276327483716,1.7513306538263957,4.9035970369974775
18,4,2.4418145219484964,1.1666408048735724,0.4524647887323944,0.3845331349734962,0.4524647887323944,0.3894652333076607,0.6168555897257914,-0.01696646575992089,1.8502943846914504,5.417219811015659
19,1,2.3894104626443653,1.1548639469676547,0.4823943661971831,0.35821330257690115,0.4823943661971831,0.4107586305842418,0.6353435179091067,-0.016227296659941493,1.8421988884607952,5.27001886897617
19,2,2.328888581858741,1.175494306617313,0.45422535211267606,0.34689868534515367,0.45422535211267606,0.3880459975040114,0.6097563917930949,-0.00514601316836627,1.7812964982456632,5.020141681035359
19,3,2.3009563552008734,1.174527280860477,0.448943661971831,0.396746856587554,0.448943661971831,0.38362850857595443,0.6191148202013993,-0.0164833061984464,1.7576238380538092,4.929290678766039
19,4,2.417412883705563,1.1520479487048254,0.4859154929577465,0.4357003129890454,0.4859154929577465,0.4255224770550047,0.6454640684438462,-0.013742262746566869,1.842072109381358,5.369930783907573
20,1,2.3873350156678095,1.1441498630576663,0.49119718309859156,0.37154250591890564,0.49119718309859156,0.4218012529967036,0.6363757656880829,-0.009551460695194969,1.84300473663542,5.2881002691056995
20,2,2.313023805618286,1.157592366139094,0.45774647887323944,0.3376994675736029,0.45774647887323944,0.3882639019394026,0.6386004209923,-0.010014466118239751,1.7745340466499329,5.009030289120144
20,3,2.279418408870697,1.148690187268787,0.49119718309859156,0.3606982004227327,0.49119718309859156,0.41329029733959316,0.6301179158889751,-0.0049032313020946905,1.7540499766667683,4.917784068319532
20,4,2.4164965682559543,1.1564148432678647,0.47183098591549294,0.3541151769520141,0.47183098591549294,0.40118157246901204,0.6460212564812673,-0.0066583444025754,1.842831359969245,5.356687108675639
21,1,2.365830249256558,1.1146962344646454,0.5105633802816901,0.4533086677962511,0.5105633802816901,0.4437291894159565,0.6594009658903222,-0.008644736577322787,1.8433608147833083,5.285142885314094
21,2,2.2983060545391507,1.126071532567342,0.5105633802816901,0.3833622381052484,0.5105633802816901,0.4353528115507401,0.6467994309593356,-0.01815103145871455,1.7795575327343411,5.033519771364
21,3,2.290629804134369,1.1573463943269517,0.4630281690140845,0.4186951712731262,0.4630281690140845,0.4366599183850568,0.6362991472129298,-0.010863987831394972,1.7617745730612013,4.934957689709133
21,4,2.4171144233809576,1.1657176514466603,0.45774647887323944,0.4067226299487249,0.45774647887323944,0.3956065898736387,0.6505358373142952,0.0030088982444259615,1.838943640391032,5.3370400004916725
22,1,2.36719102329678,1.128149665064282,0.49471830985915494,0.366612965342458,0.49471830985915494,0.4211245373668883,0.672452858560139,2.2839197397206412e-05,1.8407118916511536,5.2582873768276635
22,2,2.2779896126853094,1.119425995482339,0.49295774647887325,0.4300078247261346,0.49295774647887325,0.4286603277987459,0.6613193424000849,-0.012959245236336958,1.7729404767354329,4.9813045263290405
22,3,2.2627206246058145,1.13807636168268,0.47007042253521125,0.38203422086838473,0.47007042253521125,0.4017455678602307,0.6579519056975236,-0.016010696596974405,1.7438795500331454,4.886890398131476
22,4,2.40497895081838,1.123602353864246,0.4823943661971831,0.43541356718812735,0.4823943661971831,0.44299572081945915,0.662155800597593,-0.006483591129604616,1.8499390615357294,5.394857446352641
23,1,2.379339443312751,1.1287112368477716,0.5,0.43851776723140773,0.5,0.4436954190168076,0.663996098453334,-0.009425325573770849,1.8468745748202007,5.297471682230632
23,2,2.2755065427886114,1.1003974676132202,0.5264084507042254,0.40017159458621276,0.5264084507042254,0.4492402385936503,0.6746791742355318,-0.0028389281219360907,1.7781215972370572,5.017427616649204
23,3,2.293189671304491,1.1583825250466664,0.4507042253521127,0.4116787266210464,0.4507042253521127,0.4295347999488791,0.6464231430462144,-0.018914674509985963,1.762737512588501,4.941072834862603
23,4,2.41416949696011,1.1295243733459048,0.4876760563380282,0.4256298741353228,0.4876760563380282,0.4271342954990215,0.6745570289746134,-0.020202962800728308,1.849874542819129,5.411674539248149
24,1,2.363545490635766,1.126970691813363,0.5,0.36901142248369406,0.5,0.42429739942035233,0.6734380727015772,-0.0047932200319293905,1.8375260167651706,5.248886611726549
24,2,2.269358860121833,1.106620579957962,0.5017605633802817,0.45212968551023147,0.5017605633802817,0.43870886681650295,0.6676568164963791,-0.007811996961414769,1.7744455072614882,4.982414629724291
24,3,2.234821723567115,1.1005512244171567,0.5070422535211268,0.43918270768735257,0.5070422535211268,0.4473574604808434,0.6705283546489043,-0.026427430261498852,1.7457873887485928,4.88145277235243
24,4,2.3859452075428433,1.1163559754689534,0.4982394366197183,0.405895160677049,0.4982394366197183,0.43010962241417333,0.6710221190218553,-0.006377107746163402,1.8376769092347887,5.348319901360406
25,1,2.3475742207633123,1.0990133318636153,0.5105633802816901,0.37772456416822614,0.5105633802816901,0.43379322689758554,0.6773342545721548,-0.0006692607520026872,1.8406461675961812,5.260882801479763
25,2,2.2851594024234347,1.1126795940928988,0.5176056338028169,0.4533561270415589,0.5176056338028169,0.4493571333649448,0.6582092646981821,-0.025990717441252142,1.7809196379449632,5.020945482783848
25,3,2.2467986146608987,1.1022728780905406,0.49295774647887325,0.42902319148031426,0.49295774647887325,0.4316760234997424,0.6825175565746842,-0.009961483055678011,1.7523326807551913,4.917358583874172
25,4,2.3692084352175393,1.094043019745085,0.5176056338028169,0.431227709120814,0.5176056338028169,0.4497497405463997,0.6842800392339558,-0.013923595040924885,1.83979641728931,5.344594266679552
26,1,2.3570756912231445,1.109803749455346,0.5052816901408451,0.3995336627378881,0.5052816901408451,0.43785906454472645,0.6955815347522244,-0.009392099057819125,1.8389009767108493,5.267376754018995
26,2,2.249162793159485,1.067361871401469,0.5193661971830986,0.44497804832176474,0.5193661971830986,0.4543941250730026,0.7026682861560734,-0.025525536759837708,1.7802831199434068,5.006698091824849
26,3,2.227344168557061,1.0789822571807437,0.5316901408450704,0.483149083589997,0.5316901408450704,0.47335879910727024,0.6956325735475378,-0.0006831447054043149,1.753040572007497,4.906855132844713
26,4,2.380386319425371,1.0888601309723325,0.522887323943662,0.4745238891065982,0.522887323943662,0.4698214813204215,0.6861086876398363,-0.0035657259584218615,1.8443952401479085,5.393947349654304
27,1,2.344250202178955,1.0824005868699815,0.5070422535211268,0.4101452344885484,0.5070422535211268,0.4378406067009727,0.6938638980247138,-0.0037647547400359027,1.8450552225112915,5.288565741644965
27,2,2.2732754813300238,1.1007385816839006,0.5123239436619719,0.4716816673806412,0.5123239436619719,0.45482928079537477,0.6691095517631223,-0.0034951010344266287,1.7777022123336792,5.009194784694248
27,3,2.2602285941441855,1.0959507756763034,0.5264084507042254,0.4525966243798163,0.5264084507042254,0.4595335401574043,0.6955574704036603,-0.019952137240136114,1.7759604387813144,4.976876629723443
27,4,2.382798817422655,1.0870552990171645,0.5158450704225352,0.4459320701255581,0.5158450704225352,0.4610689605373795,0.7064525787907195,-0.02199298444929698,1.847054613961114,5.406200157271491
28,1,2.3612771696514554,1.1008719205856323,0.5140845070422535,0.4075903045795532,0.5140845070422535,0.445999865553208,0.6836691411636812,-0.020006967875936477,1.8480790124999151,5.302222569783528
28,2,2.243964923752679,1.0547174149089389,0.545774647887324,0.47610041650109647,0.545774647887324,0.46794545947531285,0.7000988792698134,-0.02108804494236538,1.780272947417365,5.018875612152947
28,3,2.207476086086697,1.055029918750127,0.5316901408450704,0.4731114375431437,0.5316901408450704,0.47439816879925234,0.7070846353049693,-0.010366816347511687,1.7511225541432698,4.896516905890571
28,4,2.368924531671736,1.0834436416625977,0.5017605633802817,0.3933649538779254,0.5017605633802817,0.4345874179558165,0.6999060758387696,-0.017237530014515334,1.8415848016738892,5.3683798048231335
29,1,2.3396972020467124,1.0538839764065213,0.545774647887324,0.45553896857849613,0.545774647887324,0.47383343865261757,0.718311390507576,-0.023189730928088625,1.8595262169837952,5.339927872021993
29,2,2.2255934410625033,1.046451793776618,0.5475352112676056,0.5133707621058574,0.5475352112676056,0.4747719022285017,0.722684305722624,-5.503318861510564e-06,1.7680540482203166,4.976923743883769
29,3,2.254539774523841,1.1075128714243572,0.5211267605633803,0.464533987097782,0.5211267605633803,0.48228208631747777,0.6885665723250354,-0.014381505136054962,1.758862382835812,4.930935806698269
29,4,2.372900174723731,1.0640789270401,0.5246478873239436,0.4812521884771516,0.5246478873239436,0.45723453329523783,0.7106133504603214,-0.006527703288404796,1.8554430272844102,5.426816172069973
30,1,2.33422534333335,1.0578189392884572,0.5387323943661971,0.45802820047584997,0.5387323943661971,0.4707509759461075,0.7155519896715217,0.002505353448783776,1.8465863466262817,5.312506728702122
30,2,2.2470111317104764,1.0681240260601044,0.5299295774647887,0.45633509036290304,0.5299295774647887,0.4646233827492367,0.6951296617303677,-0.0035960674609227805,1.7762155400382147,4.997747566964891
30,3,2.1978945003615484,1.0419086979495153,0.5528169014084507,0.46039557384965785,0.5528169014084507,0.47502092882232994,0.7113840807847027,-0.013979006093001844,1.7512790693177118,4.895194556978014
30,4,2.325954212082757,1.0209812786844041,0.5492957746478874,0.47767339268163744,0.5492957746478874,0.49854580340745286,0.7404136022107501,-0.017039197374628223,1.8436133596632216,5.370890776316325
31,1,2.2950265407562256,1.023922473192215,0.5545774647887324,0.4817899451401684,0.5545774647887324,0.4855661939108945,0.7182492243233874,-0.006058411643976358,1.836317823992835,5.26093586285909
31,2,2.2276663382848105,1.0445155633820429,0.5580985915492958,0.5070376337472517,0.5580985915492958,0.4884549424301092,0.7134168434520308,-0.010382852806502418,1.7789026035202875,4.988351398044163
31,3,2.1959779461224875,1.0439766115612454,0.5246478873239436,0.46054205222844735,0.5246478873239436,0.48335068594938047,0.7254213039276854,-0.011015347561901034,1.7501292493608263,4.8839810027016535
31,4,2.3595038188828363,1.070690953069263,0.522887323943662,0.47658038953218784,0.522887323943662,0.4841147819181521,0.7101267521839643,-0.015960303798238096,1.8443153434329562,5.366733617252773
32,1,2.3113603989283242,1.0360925065146551,0.5528169014084507,0.44939637826961765,0.5528169014084507,0.4739611084069137,0.7314546471905481,-0.011363202144144546,1.844624486234453,5.286985278129578
32,2,2.219191657172309,1.014624105559455,0.551056338028169,0.4793864802562406,0.551056338028169,0.4822104662776187,0.7325735686680526,-0.011752307724342215,1.7858742011917963,5.0298491848839655
32,3,2.210198038154178,1.029916763305664,0.5105633802816901,0.44995452779947387,0.5105633802816901,0.47334258536852236,0.7285046701277523,-0.012998226016539105,1.7681563629044428,4.964187410142687
32,4,2.366388393772973,1.0645513832569122,0.5299295774647887,0.45442770915620756,0.5299295774647887,0.45872944688546596,0.7145982742357737,-0.021545753759709463,1.8534699479738872,5.404007924927606
33,1,2.308900316556295,1.018203768465254,0.5563380281690141,0.49108826369228264,0.5563380281690141,0.48414989010302245,0.7359518557110316,-0.0117549161791215,1.8479894134733412,5.3205255137549505
33,2,2.219053122732374,1.0215480691856809,0.5334507042253521,0.49556928271493333,0.5334507042253521,0.47968276903587365,0.7288093052092198,-0.009522659729498839,1.7788534826702542,5.013231370184156
33,3,2.171723465124766,0.9891716142495474,0.5880281690140845,0.5459781665376715,0.5880281690140845,0.5142772365213983,0.7494759298747902,-0.01858287307920592,1.7614076601134405,4.931010935041639
33,4,2.344838195376926,1.0483015477657318,0.5475352112676056,0.4914121032822284,0.5475352112676056,0.48644379921765474,0.7170901737540496,-0.019193108644641743,1.843006173769633,5.370090113745795
34,1,2.3348864118258157,1.059490230348375,0.5422535211267606,0.4531288371253161,0.5422535211267606,0.46862606508340204,0.7093708736082578,-0.008893066959107854,1.8480148977703519,5.3108105129665795
34,2,2.248065094153086,1.0377163191636403,0.5545774647887324,0.4745017987184098,0.5545774647887324,0.48827375478620105,0.7118598301246944,-0.009047856857117509,1.790980577468872,5.072212126519945
34,3,2.2023498813311257,1.0294837256272633,0.5387323943661971,0.47263100575948136,0.5387323943661971,0.4725640972954604,0.7286298016038032,-0.0028512333248102983,1.7555430200364854,4.939037375979954
34,4,2.333049476146698,1.0243260396851435,0.5528169014084507,0.5171285395397324,0.5528169014084507,0.529993950843839,0.7369913432529454,-0.018106451860128603,1.8477020131217108,5.38673722743988
35,1,2.3108752038743763,1.032387720213996,0.5404929577464789,0.495553469436577,0.5404929577464789,0.4617298697564748,0.7261198678158607,-0.005044389513405134,1.8434434798028734,5.2940124538209705
35,2,2.199265718460083,0.9937015308274163,0.5897887323943662,0.5345462339879952,0.5897887323943662,0.5252042064149808,0.7590645013877452,-0.006675771211708481,1.7795324524243672,5.0122486220465765
35,3,2.1850293344921536,1.0177301466464996,0.5369718309859155,0.4915555400829333,0.5369718309859155,0.5121110411806133,0.7399204567580258,-0.021439008985406627,1.757931027147505,4.908727275000678
35,4,2.334974421395196,1.0331523815790813,0.5545774647887324,0.5073586870057555,0.5545774647887324,0.49100329112560076,0.7218139774228947,-0.01238429523669815,1.8430553873380024,5.372558977868822
36,1,2.299051066239675,1.0295734769768186,0.5475352112676056,0.4854392863151172,0.5475352112676056,0.49932129277238013,0.7464405560693433,-0.00933191182449633,1.8406178024080064,5.261165380477905
36,2,2.2176965210172863,1.0044090019332037,0.5704225352112676,0.42658873853331697,0.5704225352112676,0.4861507102228308,0.7355828937099902,-0.016815306348191283,1.7846620745129056,5.048700518078274
36,3,2.184037619166904,1.0125375257598028,0.545774647887324,0.4708054363705155,0.545774647887324,0.48662620956691227,0.7426392753104882,0.0005990295277406021,1.7630922661887274,4.917537675963508
36,4,2.3025569054815502,0.9899456434779697,0.5545774647887324,0.49077545645056236,0.5545774647887324,0.48863593776490843,0.7532781333325099,-0.009353711263637488,1.8435599539015028,5.3653163115183515
37,1,2.257283482286665,0.966198186079661,0.5933098591549296,0.5175413205052087,0.5933098591549296,0.5309879804415438,0.757097519170989,-0.0055969869847711795,1.842323535018497,5.2698156701193914
37,2,2.1989963783158197,0.9820553229914771,0.5950704225352113,0.525324059743074,0.5950704225352113,0.5333720725171948,0.7431326761136373,-0.02046110117337263,1.7847261428833008,5.038525369432238
37,3,2.150038633081648,0.9897324045499166,0.5774647887323944,0.5037849481306277,0.5774647887323944,0.5040735936831187,0.7554969843351091,-0.006440583848230874,1.7456415891647339,4.857419702741835
37,4,2.29171351591746,0.988538341389762,0.5440140845070423,0.4816540780441226,0.5440140845070423,0.4961480318564159,0.7502902504551721,-0.0020656045261779887,1.8342722058296204,5.332455476125081
38,1,2.2910564608044095,1.0031772785716586,0.5809859154929577,0.5056975649575599,0.5809859154929577,0.5334292743116257,0.7515183491685218,-0.012095793516134101,1.843628724416097,5.2961077027850685
38,2,2.175991025235918,0.9728200634320577,0.5845070422535211,0.49472176434771675,0.5845070422535211,0.5032230183044153,0.7611343421674835,-0.005078181395585135,1.7737968232896593,4.98338978820377
38,3,2.178188535902235,0.9910755058129629,0.5492957746478874,0.4968239612021275,0.5492957746478874,0.5185968799856533,0.7407018506840856,-0.019908981589730868,1.7636138929261103,4.948118898603651
38,4,2.2709207799699573,0.96204631196128,0.5809859154929577,0.5300531567619249,0.5809859154929577,0.5406956829745543,0.7688226204653344,-0.013833921111573666,1.833399732907613,5.32496096028222
39,1,2.288742078675164,0.9902045263184441,0.5897887323943662,0.4465423493340998,0.5897887323943662,0.5056965725979811,0.7528268358529431,-0.01986248279446645,1.8478409846623738,5.318662722905477
39,2,2.1851005289289684,0.9808467196093665,0.5880281690140845,0.5400796959239411,0.5880281690140845,0.5405693134555107,0.7541875309709828,-0.017397191201588225,1.7754475937949286,4.995025926166111
39,3,2.163898527622223,0.9907751944330003,0.5616197183098591,0.43550961948849276,0.5616197183098591,0.47837222019666076,0.7583529793150954,-0.006652264518705486,1.7500926587316725,4.901186095343696
39,4,2.2915081712934704,0.9797831839985318,0.5669014084507042,0.5094906872931578,0.5669014084507042,0.5308181963341497,0.7738587962634929,-0.013354964710448725,1.840128481388092,5.352199633916219
40,1,2.2925067941347756,0.9826718270778656,0.5580985915492958,0.48510232834667044,0.5580985915492958,0.508555604387657,0.7616993555744308,-0.004351175158044951,1.8526866303549872,5.3487882481680975
40,2,2.1573974092801413,0.9402894775072733,0.6214788732394366,0.5684188087749591,0.6214788732394366,0.5547216417164242,0.7778892529517275,-0.006528474302826437,1.7795485258102417,4.997315764427185
40,3,2.1433319250742593,0.9497513406806521,0.5933098591549296,0.5994494893011407,0.5933098591549296,0.5492328859875147,0.7748809660160054,-0.018315090359531716,1.7614651852183871,4.928353137440151
40,4,2.284963892565833,0.9814358552296957,0.5633802816901409,0.49756285076358536,0.5633802816901409,0.508044364128655,0.7540095469618475,-0.017497817996241505,1.834633231163025,5.32652923795912
41,1,2.2424393031332226,0.9536143673790826,0.5845070422535211,0.5205990723088609,0.5845070422535211,0.5435937484228525,0.7665995154751208,-0.009677618317539771,1.8329394857088726,5.249697340859307
41,2,2.144893295235104,0.9233660697937012,0.5985915492957746,0.5537619758207459,0.5985915492957746,0.530837404958021,0.7814195408441933,-0.007672252711359073,1.7769890427589417,4.995123227437337
41,3,2.1256982154316373,0.9378357595867581,0.5862676056338029,0.5223722684909629,0.5862676056338029,0.5365142188465695,0.7747510892200268,-0.006487717301806528,1.7541842460632324,4.897377173105876
41,4,2.286340508196089,0.9482161204020182,0.5915492957746479,0.5387958188312225,0.5915492957746479,0.5525704225352113,0.7850448734808797,-0.0035460033571008687,1.8500487473275926,5.4086304903030396
42,1,2.2626948489083185,0.9653070138560401,0.5563380281690141,0.5392081595073174,0.5563380281690141,0.49577505153525586,0.7593604452740595,-0.009517112872488909,1.8439445826742384,5.289933019214207
42,2,2.1532586415608725,0.9295863376723396,0.6003521126760564,0.5521209448471651,0.6003521126760564,0.5409413197748638,0.77428711601086,-0.02154092426229437,1.7771298223071628,5.008493860562642
42,3,2.123559229903751,0.9409859246677823,0.5897887323943662,0.5249809717623496,0.5897887323943662,0.5500353580134139,0.7802588455869283,-0.013076765283218439,1.7470256156391568,4.88289671474033
42,4,2.278028044435713,0.9510238071282705,0.5862676056338029,0.5359928483387641,0.5862676056338029,0.548857639258945,0.7898639653031398,-0.007533038197726549,1.8458370102776422,5.374371118015713
43,1,2.241436037752363,0.9280924598375956,0.6091549295774648,0.5261370346764798,0.6091549295774648,0.547105026513465,0.7773973769090772,-0.009206276180502071,1.8447172111935086,5.305904150009155
43,2,2.1527172459496393,0.921160962846544,0.602112676056338,0.5960271328005973,0.602112676056338,0.5365601341861069,0.7936275940778869,-0.015156936339300042,1.7817210886213515,5.026348299450344
43,3,2.1232593721813626,0.9365361895826128,0.5880281690140845,0.5381705675925735,0.5880281690140845,0.5585912116768734,0.7878443518411181,-0.007267693358494753,1.7493911981582642,4.89227999581231
43,4,2.247916499773661,0.9048795104026794,0.5915492957746479,0.5431606676009233,0.5915492957746479,0.5505797952580656,0.8011263388668224,-0.02711596533040761,1.8470513555738661,5.381669362386067
44,1,2.2428205410639444,0.9315850304232703,0.5651408450704225,0.49908382868897977,0.5651408450704225,0.5134227031300487,0.7743814228376276,-0.018262251034231625,1.8522999087969463,5.302369859483507
44,2,2.115484913190206,0.874669674370024,0.6232394366197183,0.5774580078510277,0.6232394366197183,0.5696843199385331,0.8059927414132015,0.001742375445415667,1.7758779856893752,5.010720319218105
44,3,2.104523479938507,0.9143879976537492,0.596830985915493,0.5402352122525478,0.596830985915493,0.5630447499935456,0.7890966681521323,0.0077795527786616026,1.7517682049009535,4.881506072150336
44,4,2.2547605766190424,0.9304667479462094,0.6144366197183099,0.5522035150768743,0.6144366197183099,0.5711703733300203,0.7899373214928243,-0.010137384431028407,1.8336785236994426,5.344779319233364
45,1,2.2478345566325717,0.9305999676386515,0.5721830985915493,0.5790239095007381,0.5721830985915493,0.5389163918136773,0.7863362251540698,-0.023277975105389093,1.8474936617745294,5.321381794081794
45,2,2.157159540388319,0.9304582907093896,0.5950704225352113,0.523273827892939,0.5950704225352113,0.5201563055095554,0.7933404931746636,-0.0010244058422217428,1.7818412250942655,5.01946226755778
45,3,2.115016460418701,0.9231258465184106,0.6038732394366197,0.5441966500982303,0.6038732394366197,0.5546183934796187,0.7983242003397075,-0.008033149898248215,1.7536687188678317,4.8960943884319725
45,4,2.2916607393158808,0.9356325599882338,0.5809859154929577,0.561104024237261,0.5809859154929577,0.5593690232557395,0.7889365627469571,-0.020603235687341126,1.8596252799034119,5.4557262261708575
46,1,2.236265712314182,0.928928017616272,0.6109154929577465,0.5753558736432679,0.6109154929577465,0.5677753590009562,0.7769760539890228,-0.013233984408738575,1.845386763413747,5.286720209651524
46,2,2.128475328286489,0.8835588792959849,0.6126760563380281,0.5194294268341829,0.6126760563380281,0.5333150132325969,0.8129957357427814,-0.01588561845834424,1.7845326529608831,5.033280120955573
46,3,2.129731661743588,0.8976108100679185,0.6091549295774648,0.60690127430716,0.6091549295774648,0.5659841672166519,0.8069441369349379,-0.023918083977114035,1.7768448326322768,5.00468016995324
46,4,2.283661146958669,0.9349091781510247,0.5950704225352113,0.5399724585237448,0.5950704225352113,0.5481296579013217,0.7830094323491463,-0.007324199472414694,1.848209215535058,5.430748833550347
47,1,2.2199819816483393,0.9085082080629137,0.6144366197183099,0.5854186284134394,0.6144366197183099,0.5798868043641405,0.787142816249554,-0.011948707816022752,1.839798112710317,5.280087259080675
47,2,2.107428471247355,0.8805736435784234,0.6197183098591549,0.5932008969978748,0.6197183098591549,0.545599768126006,0.8061456325916712,-0.0009360843126609009,1.7721253037452698,4.970089554786682
47,3,2.0927933851877847,0.8888770474327935,0.5915492957746479,0.579476947050664,0.5915492957746479,0.5686246051522542,0.7985581116879298,-0.010807273653576255,1.7550476458337572,4.901931458049351
47,4,2.223199619187249,0.8879111939006381,0.6338028169014085,0.6538148636006272,0.6338028169014085,0.6026155767593111,0.8047107617047238,-0.011128446984279394,1.8393995894326105,5.338872498936123
48,1,2.2594014869795904,0.9512371056609683,0.5950704225352113,0.596151268606034,0.5950704225352113,0.5315852861761932,0.7845028842103489,-0.01633486862101763,1.8439475562837389,5.311784956190321
48,2,2.120473517311944,0.8703533477253385,0.6073943661971831,0.6095719997315411,0.6073943661971831,0.5767417793224968,0.8199770749895672,-0.023028231532388643,1.78121237622367,5.037420378790961
48,3,2.1080625322129993,0.9257233473989699,0.5950704225352113,0.5625515684032251,0.5950704225352113,0.5490835766261477,0.8023029939224143,0.0008614205524309915,1.7409241663085089,4.866853753725688
48,4,2.253170496887631,0.9007041652997335,0.5985915492957746,0.585191965151439,0.5985915492957746,0.5773491177414246,0.8076034283022208,-0.0030136428784042213,1.8459119730525546,5.408924963739183
49,1,2.2277494735187955,0.9151880310641395,0.6109154929577465,0.5749188924185081,0.6109154929577465,0.5667872196872514,0.7903651017837602,-0.020661923568909613,1.8438758585188124,5.290392663743761
49,2,2.109636214044359,0.8689180413881937,0.6338028169014085,0.6219051148999258,0.6338028169014085,0.5850227713995223,0.8153046672816271,-0.012509733283707192,1.7792005605167813,5.004645135667589
49,3,2.13784349626965,0.9307091732819875,0.5985915492957746,0.5792217066386368,0.5985915492957746,0.5685798281146711,0.7942430543949938,-0.02338064516017746,1.7612976762983534,4.954490092065599
49,4,2.251240293184916,0.9184770948357053,0.6091549295774648,0.5713074068976988,0.6091549295774648,0.5678288714377833,0.8042271045121393,-0.005563895139488295,1.8380802207522922,5.3610208299424915
50,1,2.1941023336516485,0.8894828458627065,0.6091549295774648,0.5648855591147874,0.6091549295774648,0.5670777478878501,0.810149594511435,-0.01848040621714242,1.83053058385849,5.238214333852132
50,2,2.0962092214160495,0.8548905783229404,0.6267605633802817,0.6094144852233485,0.6267605633802817,0.598506586757059,0.8222331890773441,-0.013612003251747273,1.7786306275261774,4.992619236310323
50,3,2.0943830808003745,0.8771446976396773,0.6126760563380281,0.5589257073097877,0.6126760563380281,0.5747901595453783,0.8158325363991874,0.003718344506688509,1.7657171885172527,4.934605810377333
50,4,2.2493783036867776,0.8842568099498749,0.602112676056338,0.5955608649666614,0.602112676056338,0.5718633941239575,0.8185664943717785,-0.007697902603208906,1.8524825904104445,5.434661560588413
51,1,2.176200999153985,0.8601850900385115,0.6426056338028169,0.6169260553024594,0.6426056338028169,0.6159226243544547,0.8199857858840855,-0.016736070665452463,1.835197349389394,5.246904545360142
51,2,2.1056611802842884,0.8790365854899088,0.6338028169014085,0.6196914912413549,0.6338028169014085,0.5813164732630586,0.8164705086922709,0.008320276775894864,1.771371477180057,4.967785159746806
51,3,2.0880547298325434,0.8904992838700613,0.602112676056338,0.6219296262175584,0.602112676056338,0.5797678752420931,0.8011187536114855,-0.002538505525426782,1.7503804895612929,4.882350630230373
51,4,2.2304982675446405,0.8927566177315183,0.5985915492957746,0.5793593071650439,0.5985915492957746,0.5684194864806993,0.8108517620518545,0.009032920113310916,1.8445137209362454,5.351895292599996
52,1,2.2103940314716763,0.8965664075480567,0.6426056338028169,0.6181442609938282,0.6426056338028169,0.5966562079931809,0.8003337871023048,-0.013724999024566253,1.839977416727278,5.275991545783149
52,2,2.1100580427381725,0.8716311487886641,0.6179577464788732,0.5709033731798746,0.6179577464788732,0.5854047965015876,0.8149295963366299,-0.004338624331162277,1.776965982384152,4.999720599916246
52,3,2.106855915652381,0.9124173919359843,0.5897887323943662,0.5704231772741217,0.5897887323943662,0.5596883021936482,0.7938771313716536,-0.017802293061075947,1.750679976410336,4.893878950013055
52,4,2.2051600019137063,0.8530621694193946,0.625,0.5988767948989486,0.625,0.5822777663132476,0.8348160979974614,-0.007686947629282681,1.843032459417979,5.360054837332831
53,1,2.2281136645211115,0.9180102911260393,0.6232394366197183,0.604369632256681,0.6232394366197183,0.5848417296400387,0.7932644393455064,-0.00430640853068498,1.8412589364581637,5.285021384557088
53,2,2.089842047956255,0.8454288442929586,0.6514084507042254,0.6409193032290752,0.6514084507042254,0.6106253435491137,0.8198453499453798,-0.01017358815433611,1.776016069783105,4.9934726688596935
53,3,2.083287729157342,0.8721246586905586,0.6338028169014085,0.6132338709065009,0.6338028169014085,0.6028553259930147,0.819117303602393,-0.008351744326559052,1.7504081924756367,4.909334765540229
53,4,2.1838042736053467,0.8238542940881517,0.6267605633802817,0.6050600658835564,0.6267605633802817,0.6069930162562355,0.8297829549236908,-0.010791467834262214,1.842299501101176,5.357020682758755
54,1,2.18293966849645,0.8789916833241781,0.6109154929577465,0.5719094994480011,0.6109154929577465,0.5759718371232622,0.8163818575966645,0.000547849974510739,1.8351733485857646,5.225484755304125
54,2,2.1084320743878684,0.8332698312070634,0.6443661971830986,0.6003949018788053,0.6443661971830986,0.6116793884940567,0.8321754133400876,-0.018515272562711793,1.7946548793050978,5.083810461892022
54,3,2.090421107080248,0.8642583356963264,0.6179577464788732,0.6199429075520129,0.6179577464788732,0.5812930983805918,0.8148504581876803,-0.02785229064893624,1.7668633196089003,4.951467461056179
54,4,2.193058133125305,0.8359955681694878,0.6285211267605634,0.6207283664705862,0.6285211267605634,0.5978676505230223,0.8288326224601599,-0.013416521236305545,1.8387642436557345,5.359537310070461
55,1,2.1843694713380604,0.876656111743715,0.6320422535211268,0.619767172170076,0.6320422535211268,0.5984057467369277,0.8106558075577551,-0.0022662683805165784,1.8356365693940058,5.235700435108608
55,2,2.1213392284181385,0.877751886844635,0.6073943661971831,0.5985555475488782,0.6073943661971831,0.576953338903643,0.8178387156087106,-0.02446395858572914,1.781391680240631,5.023042851024204
55,3,2.069950130250719,0.8527967929840088,0.6267605633802817,0.6058130790643567,0.6267605633802817,0.5964249365767769,0.82333861840992,-0.016994610839059288,1.7546295258733962,4.909974389606052
55,4,2.209927042325338,0.8482155799865723,0.6408450704225352,0.6772549053042081,0.6408450704225352,0.6035656448240274,0.8368555198910249,-0.02391583930952934,1.8451385895411174,5.387253562609355
56,1,2.1494706537988453,0.8075478573640188,0.6549295774647887,0.6482823550277713,0.6549295774647887,0.6254517406257003,0.8444840952139934,-0.010776404127438521,1.841406140062544,5.28062375386556
56,2,2.080801135963864,0.825803710354699,0.6496478873239436,0.6337765784414028,0.6496478873239436,0.6194147160078652,0.8304141441797653,-0.022713337107028053,1.7798391381899517,5.009128279156155
56,3,2.0468953914112515,0.8101021216975318,0.647887323943662,0.625225357947186,0.647887323943662,0.612818926053709,0.8342226059984699,-0.009130388404952727,1.7579545444912381,4.932746065987481
56,4,2.219694905810886,0.8756010598606534,0.6126760563380281,0.5936742344614954,0.6126760563380281,0.586883223201135,0.8188448375368782,-0.0042425621545962855,1.8381639983918932,5.355913758277893
57,1,2.1506904694769116,0.7878801491525438,0.6461267605633803,0.6109394067688583,0.6461267605633803,0.6140434049567831,0.8409493556665804,-0.034694049550819006,1.8496994839774237,5.330580989519755
57,2,2.07582551240921,0.8294725020726522,0.6373239436619719,0.6184552225210236,0.6373239436619719,0.6081855778333445,0.8352316394486029,-0.009438368896538707,1.7733607954449124,4.983982417318556
57,3,2.075473646322886,0.8621566825442843,0.6197183098591549,0.6065466222843584,0.6197183098591549,0.5933495875996542,0.8305016822042871,0.002820967743674241,1.7541742391056485,4.906546420521206
57,4,2.199321839544508,0.8324109216531118,0.6302816901408451,0.6278029120937167,0.6302816901408451,0.616809977258463,0.8336529925174327,-0.013303808000157957,1.8367434938748677,5.388780408435398
58,1,2.1547028885947332,0.8069165514575111,0.6549295774647887,0.6375750627797794,0.6549295774647887,0.6340164878753687,0.8417326898846789,-0.017674557656505385,1.8441886968082852,5.299537605709499
58,2,2.0384822620285883,0.7749790747960409,0.6778169014084507,0.6586352599679396,0.6778169014084507,0.6473829695062808,0.8499325105070998,-0.007632618891889376,1.7770226332876418,4.986656175719367
58,3,2.008854614363776,0.7791930470201704,0.6443661971830986,0.6276436396154705,0.6443661971830986,0.610699423815621,0.8457036516038361,-0.008246086129197971,1.7498700751198664,4.878064751625061
58,4,2.1552022298177085,0.7919612957371606,0.6355633802816901,0.6311918582625461,0.6355633802816901,0.6185111658245934,0.8498400598020276,-0.01126222191793591,1.8381640447510614,5.336097637812297
59,1,2.1692465278837414,0.8558790915542178,0.6197183098591549,0.587790421615565,0.6197183098591549,0.5794547419473945,0.8288564909597711,0.00467896544950408,1.8263865775532193,5.233770370483398
59,2,2.1049145526356168,0.8369117710325453,0.6602112676056338,0.6440198648415918,0.6602112676056338,0.627808651261859,0.8393372449028957,-0.022536042355568053,1.7880390418900385,5.063587519857618
59,3,2.0414367251925998,0.8110361794630686,0.6390845070422535,0.6189680488242587,0.6390845070422535,0.6128700808424633,0.8412307835055925,0.002266626159284968,1.7550607787238226,4.91237125131819
59,4,2.1684201227294073,0.8080784910255008,0.6725352112676056,0.6634646217312777,0.6725352112676056,0.6547985644975362,0.8504969712237591,-0.008463328675835546,1.8379516667789884,5.342550436655681
60,1,2.2181000312169394,0.9140011601977878,0.6214788732394366,0.5858809107822186,0.6214788732394366,0.5892531074994876,0.8048014332034222,-0.01607442736241338,1.8393450180689495,5.260997229152256
60,2,2.082838157812754,0.8160006337695651,0.6461267605633803,0.6225630785987274,0.6461267605633803,0.6237106888417758,0.8462841127890679,-0.008350492125131614,1.7810944318771362,5.038792212804158
60,3,2.0633705721961126,0.842901392115487,0.625,0.5913940432637405,0.625,0.5984296887549522,0.8295435467169886,-0.007912742213671553,1.7540083196428087,4.911131752861871
60,4,2.1495539678467646,0.7793256011274126,0.6637323943661971,0.6592638689554087,0.6637323943661971,0.6374911170163508,0.8652422891752548,-0.011721492479497941,1.8360490534040663,5.346753372086419
61,1,2.1657980481783548,0.8279656171798706,0.653169014084507,0.6333995063212351,0.653169014084507,0.6349602185101288,0.83484280204043,-0.01008894782710068,1.8379801511764526,5.287406881650289
61,2,2.0355748534202576,0.7586720685164133,0.6848591549295775,0.6610024893480939,0.6848591549295775,0.6654970772830218,0.864645840612609,-0.007439408194524155,1.7808788418769836,5.015014568964641
61,3,2.0610091951158314,0.8402596182293363,0.602112676056338,0.5607139704759724,0.602112676056338,0.5688279659237824,0.8238798937629492,0.004555311605886847,1.755051804913415,4.90942476855384
61,4,2.1742485298050775,0.8011912703514099,0.6426056338028169,0.6425520236569119,0.6426056338028169,0.6295589208665403,0.8477677770195464,-0.02879270602180517,1.844960908095042,5.378048645125495
62,1,2.1502601703008017,0.8214728600449033,0.6549295774647887,0.6260058829010359,0.6549295774647887,0.6124652026064277,0.8418427303290454,-0.00792879615125952,1.8395793504185147,5.250763720936245
62,2,2.0646438863542347,0.7665187683370378,0.6778169014084507,0.664766341023561,0.6778169014084507,0.6502309872923105,0.8644753794268554,-0.02190303622713663,1.7992095947265625,5.093602352672153
62,3,2.0365411043167114,0.8074504137039185,0.6285211267605634,0.6063404821323514,0.6285211267605634,0.6105570105410061,0.8441713562823985,2.958500805738673e-05,1.7512937982877095,4.9044192102220325
62,4,2.188738485177358,0.8333856893910302,0.6126760563380281,0.6194219699029676,0.6126760563380281,0.6065605039564284,0.8398585759098229,-0.016708795628695983,1.8454972505569458,5.351228104697333
63,1,2.1901495920287237,0.8146292964617411,0.6514084507042254,0.6128975258144139,0.6514084507042254,0.6222572145370268,0.8369344523741877,-0.03467629759548929,1.8730400270885892,5.399696800443861
63,2,2.01644319958157,0.7517728077040778,0.6848591549295775,0.6660429599935433,0.6848591549295775,0.6460025005103083,0.8683383157826161,0.004184179392499154,1.7734508448176913,4.967340641551548
63,3,2.0130052698983087,0.7885992841588126,0.6461267605633803,0.6264784502600684,0.6461267605633803,0.6289832532920587,0.8457579861320585,-0.0050162730436300595,1.7485445605383978,4.869952413770887
63,4,2.1146912773450217,0.7252723707093133,0.6901408450704225,0.685647029424958,0.6901408450704225,0.6662098744067072,0.8675441454759213,-0.010930536425218351,1.838528229130639,5.356668565008375
64,1,2.1909540957874722,0.8168914980358548,0.6584507042253521,0.6297014123930813,0.6584507042253521,0.6322703608653671,0.8328664281476372,-0.03237355796555019,1.8674577408366733,5.39710001150767
64,2,2.010034488307105,0.7515667279561361,0.6936619718309859,0.6854038188657496,0.6936619718309859,0.6646119890635405,0.8636126958017475,-0.006138036910451339,1.7636168003082275,4.946459134419759
64,3,2.0587272776497736,0.8392716017034318,0.6654929577464789,0.6690431769809538,0.6654929577464789,0.6468327975240542,0.8240074288236492,-0.024359214895061987,1.7520064512888591,4.904123637411329
64,4,2.1397108104493885,0.757109425134129,0.6795774647887324,0.6737547993110435,0.6795774647887324,0.6637064468597276,0.862897675445509,-0.000759933425873438,1.8458949393696256,5.365780433019002
65,1,2.139288988378313,0.8135453032122718,0.6496478873239436,0.6240799369146406,0.6496478873239436,0.6082253929251906,0.8410921264720657,-0.004789997615906261,1.8335244125790067,5.232690824402703
65,2,2.0438221096992493,0.7751532329453362,0.6672535211267606,0.6439338236953105,0.6672535211267606,0.6420610291528597,0.8480726895147501,0.004481156041925005,1.7759451270103455,5.004049340883891
65,3,2.047620905770196,0.8183015419377221,0.6566901408450704,0.6395758324495077,0.6566901408450704,0.6399860323327597,0.8488625781455003,0.008115755889805065,1.7582369579209223,4.916032526228163
65,4,2.145703269375695,0.7488479812939962,0.6901408450704225,0.6838655268998791,0.6901408450704225,0.6749977971369037,0.8687502168588955,-0.013473653891013848,1.8454426129659016,5.40503207842509
66,1,2.1109729210535684,0.7651248342461057,0.6619718309859155,0.6414293457144827,0.6619718309859155,0.6383118980829016,0.857142132413476,0.005992481925501281,1.8300526804394193,5.251284970177545
66,2,2.0570421550008984,0.7953666945298513,0.6919014084507042,0.6866899394677578,0.6919014084507042,0.675121669341571,0.848897642851931,0.0010645699273998943,1.7738377849260967,5.000951409339905
66,3,2.0164726310306125,0.7750541071097056,0.6584507042253521,0.6350321226837268,0.6584507042253521,0.6291682249610382,0.8520412374664259,-0.0077109360321552245,1.75534584124883,4.913115713331434
66,4,2.1460552679167852,0.7633110053009458,0.6672535211267606,0.645188622557091,0.6672535211267606,0.6516235693717658,0.8563795346233016,-0.008467860169174335,1.8417716423670452,5.372458418210347
67,1,2.165161179171668,0.7918034096558889,0.6514084507042254,0.6226077792987313,0.6514084507042254,0.6229842284388964,0.8433777494864676,-0.014193844566380731,1.8624701036347284,5.3696624702877465
67,2,2.032803760634528,0.7506121165222592,0.670774647887324,0.6414556753248732,0.670774647887324,0.6438155720994169,0.8570934004077471,-0.006770541980036793,1.7909244828754,5.024584068192376
67,3,1.9787827928860982,0.7486961219045851,0.653169014084507,0.6325473882904052,0.653169014084507,0.6204265911912364,0.8649251483148961,0.00872792732388783,1.742713193098704,4.848984864022997
67,4,2.126803716023763,0.7564623124069638,0.6742957746478874,0.656320663271997,0.6742957746478874,0.656765083785977,0.8624136428199626,-0.014547978933547645,1.83510602845086,5.324266791343689
68,1,2.133322960800595,0.7980386383003659,0.653169014084507,0.636085776956823,0.653169014084507,0.6250074286470266,0.8423283779524684,-0.008095843247162948,1.840971006287469,5.248986124992371
68,2,2.000699453883701,0.7087998025947146,0.6919014084507042,0.6795006119194857,0.6919014084507042,0.6583912556923818,0.8711014141632998,-0.009127880412904466,1.7809897131390042,5.015131831169128
68,3,2.0070880386564465,0.7634923458099365,0.6549295774647887,0.6398095599535755,0.6549295774647887,0.6379823748661777,0.8580611582867553,0.009536254988536386,1.7513182030783758,4.908811158604092
68,4,2.1281777686542935,0.741578135225508,0.6778169014084507,0.7048224738983564,0.6778169014084507,0.6569954984711948,0.8630841808018876,-0.008382107916421688,1.841089579794142,5.3635766638649836
69,1,2.102190739578671,0.7544159822993808,0.6514084507042254,0.6339235658372723,0.6514084507042254,0.6269920331401541,0.8558474446444573,0.017629097170583585,1.8351855609152052,5.2469982041252985
69,2,2.0074231227238974,0.7105042371484969,0.670774647887324,0.6543150772514531,0.670774647887324,0.6521234105090798,0.8753872856085689,-0.024299809809231743,1.7862556444274054,5.033567031224568
69,3,1.995438019434611,0.7339730477995343,0.6848591549295775,0.6620221991157712,0.6848591549295775,0.6613500145282719,0.8720676332771418,-0.03074691270929053,1.760832945505778,4.9388560851414995
69,4,2.1689872807926602,0.809086819489797,0.6654929577464789,0.6564137164909835,0.6654929577464789,0.646539206329098,0.8574111848762511,0.0029320454642369764,1.8349256250593398,5.342088169521755
70,1,2.1021175583203635,0.7460685405466292,0.6654929577464789,0.6573605094716903,0.6654929577464789,0.658360689728164,0.8635708534000541,-0.017183522449524702,1.8380096554756165,5.266231854756673
70,2,2.0514963666598,0.7738265660074022,0.6690140845070423,0.6511962881001507,0.6690140845070423,0.6507186175419589,0.8578380506096488,-0.015280628898425963,1.7820398608843486,5.032725731531779
70,3,2.0081015295452542,0.775932812028461,0.6602112676056338,0.6428224142790603,0.6602112676056338,0.6360103028906947,0.853675045525708,-0.006544038138885044,1.7499723037083943,4.883161664009094
70,4,2.1549836463398404,0.7881875965330336,0.6619718309859155,0.6433369700081789,0.6619718309859155,0.6474128796823762,0.8559941721135435,-0.006562013969379166,1.8285140328937106,5.344174279106988
71,1,2.080091244644589,0.715356730752521,0.6654929577464789,0.648393604427738,0.6654929577464789,0.6523843778433499,0.8731034786187943,-0.02029667190842943,1.843957735432519,5.264471570650737
71,2,2.0160908102989197,0.7452858785788218,0.6901408450704225,0.6811142471465379,0.6901408450704225,0.668776424606568,0.8718409543890865,-0.005392540727687578,1.7740126252174377,4.981302102406819
71,3,1.999084022310045,0.7529634965790643,0.6619718309859155,0.6747476538957878,0.6619718309859155,0.6468024679979523,0.8645552527120791,0.012781132249737759,1.7503003610505,4.9066983461380005
71,4,2.099809659851922,0.7110901905430688,0.6866197183098591,0.6862956381321855,0.6866197183098591,0.6798168065842596,0.8767173992924149,-0.004493390317931389,1.8356169528431363,5.340154873000251
72,1,2.058953093157874,0.7099625137117174,0.6848591549295775,0.6710241233520136,0.6848591549295775,0.665555227043493,0.8798711572457758,-0.007031609650832937,1.828496727678511,5.206597593095568
72,2,2.0170044038030834,0.7544132057163451,0.6672535211267606,0.6438123632950453,0.6672535211267606,0.647936564848106,0.85161171006323,-0.0096220093038899,1.7672768367661371,4.963050325711568
72,3,2.024499131573571,0.794940686888165,0.6619718309859155,0.6554663233104132,0.6619718309859155,0.6397009996580145,0.8515874314898166,-0.012542982939884206,1.7527909345097012,4.893468724356757
72,4,2.115462985303667,0.7479371726512909,0.6637323943661971,0.6522618437900127,0.6637323943661971,0.6471655184817802,0.862130447790769,-0.008322158394087786,1.8288134800063238,5.306356377071804
73,1,2.102545016341739,0.7372698287169138,0.6672535211267606,0.6519769402078347,0.6672535211267606,0.652606304203799,0.8662093602722124,-0.018164654951269288,1.8428568177753024,5.28818694750468
73,2,2.048044251071082,0.7498840524090661,0.670774647887324,0.6348862825171933,0.670774647887324,0.6404607909107232,0.8650920639003372,-0.019529099656046434,1.7936596406830683,5.0770845545662775
73,3,1.9986032115088568,0.7474868612156974,0.676056338028169,0.6686473892263615,0.676056338028169,0.6612004482063277,0.859098792707742,-0.008915423657110733,1.7535434232817755,4.917874455451965
73,4,2.11066597700119,0.7154546082019806,0.6866197183098591,0.6954237408515609,0.6866197183098591,0.6812999116942307,0.8755849599780546,-0.008842054811544209,1.8389817542499967,5.366159015231663
74,1,2.0522493720054626,0.6827268799146017,0.6883802816901409,0.67701307275471,0.6883802816901409,0.6634814372021679,0.8837814582380319,-0.0072706623726390696,1.8338047199779086,5.247801727718777
74,2,1.9934841593106587,0.7335825330681272,0.6795774647887324,0.662685409799441,0.6795774647887324,0.6608455386676467,0.8723652171719994,0.009829634253307074,1.763175110022227,4.933254440625508
74,3,1.9812693662113614,0.7229470544391208,0.698943661971831,0.684989532784945,0.698943661971831,0.6884011092908636,0.8773152108743116,-0.011500642998013566,1.7598499721950955,4.917354504267375
74,4,2.115003784497579,0.7345845732423995,0.670774647887324,0.6781043241977619,0.670774647887324,0.6680997080411479,0.8745085072877674,-0.001037902907821131,1.8346074157290988,5.33598177962833
75,1,2.075080487463209,0.7171388185686536,0.6778169014084507,0.6624124912423703,0.6778169014084507,0.6582537742767834,0.8673066363462261,-0.007919270224300279,1.8398256368107266,5.243610978126526
75,2,2.004172364870707,0.7049259212281969,0.6848591549295775,0.6752370600791048,0.6848591549295775,0.6760373451030646,0.8728288588949011,-0.015142189092035574,1.7876941429244146,5.035747276412116
75,3,1.9882126185629103,0.7414456506570181,0.6672535211267606,0.6398071271288996,0.6672535211267606,0.6468783680238109,0.8571141364455408,-0.020361229578433226,1.7489908403820462,4.89733538362715
75,4,2.127323110898336,0.7614796111981074,0.6690140845070423,0.6752763949597971,0.6690140845070423,0.6630765043155381,0.86525135568793,-0.004031382142181128,1.8368566433588664,5.314291132820977
76,1,2.086227946811252,0.7096208284298579,0.6848591549295775,0.6876746073146699,0.6848591549295775,0.6726678780119287,0.8765143923659104,-0.004976671869620697,1.8428021272023518,5.298310928874546
76,2,1.9897440274556477,0.6997595296965705,0.7165492957746479,0.7027523180239518,0.7165492957746479,0.6982106706298536,0.8798759247792014,-0.00443671110380528,1.775687575340271,4.999707632594639
76,3,2.0039227075046964,0.7600906623734368,0.6813380281690141,0.6805742529965294,0.6813380281690141,0.6735575115900835,0.8694349335108329,-0.02124398910181502,1.760912213060591,4.906197243266636
76,4,2.1009521616829767,0.7061976691087087,0.6848591549295775,0.6634133947452668,0.6848591549295775,0.6710307561940478,0.8857460659217593,-0.013113101433521956,1.8389203680886164,5.355379210578071
77,1,2.05929794576433,0.6940471645858552,0.698943661971831,0.6795350832477474,0.698943661971831,0.6824900633851014,0.877721917951005,0.0042745149004981275,1.8383948869175382,5.244882967736986
77,2,1.9677867889404297,0.6898243493503995,0.7059859154929577,0.6986127102168774,0.7059859154929577,0.6983799907739948,0.8788079413945011,0.0012488712203667651,1.7693443563249376,4.9496989250183105
77,3,1.958557903766632,0.7060633881224526,0.676056338028169,0.6611837490510568,0.676056338028169,0.6616369545947011,0.8657639321694448,-0.009595132948774898,1.7496627039379544,4.881044957372877
77,4,2.0577085547977023,0.6563493178950416,0.6954225352112676,0.697054350014276,0.6954225352112676,0.6749609040581845,0.887819442097872,0.0005128835476535532,1.8364743855264452,5.32754651705424
78,1,2.043244308895535,0.6970493164327409,0.6954225352112676,0.6850695716905169,0.6954225352112676,0.6868392027468475,0.8797219416510486,0.0083695681924979,1.8275072905752394,5.184365789095561
78,2,1.9866861369874742,0.6752314964930216,0.7095070422535211,0.6923022354623126,0.7095070422535211,0.68803878042394,0.8852868501138158,-0.033598562314314906,1.7848378154966567,5.046746730804443
78,3,1.9334625204404194,0.6825133330292172,0.7130281690140845,0.7070387762179134,0.7130281690140845,0.6937168822343246,0.8819898605005541,0.012899688774251294,1.7427676916122437,4.852343731456333
78,4,2.1477363308270774,0.7713386399878396,0.6778169014084507,0.6760026678967146,0.6778169014084507,0.6731950174339011,0.8684817242600515,-0.01918445517058842,1.8407236536343892,5.3593307601081
79,1,2.094230168395572,0.7420593963729011,0.6672535211267606,0.6484718170093638,0.6672535211267606,0.6404080574668819,0.8650923427420146,-0.00041079251903308744,1.8380665183067322,5.249295128716363
79,2,1.965235047870212,0.6814979463815689,0.7024647887323944,0.6830134931428893,0.7024647887323944,0.6862026735976373,0.8906560162244654,-0.007102992732294311,1.7726184527079265,4.960621383455065
79,3,1.9732253683937921,0.7267466915978326,0.676056338028169,0.6547331133226761,0.676056338028169,0.6588703882676362,0.8697290326757665,-0.007212837068403255,1.7528238230281405,4.8816754420598345
79,4,2.0744817654291787,0.648245824707879,0.7007042253521126,0.7042906811265756,0.7007042253521126,0.6914568007065924,0.893780793703555,-0.0064160225288227846,1.8429692321353488,5.402365446090698
80,1,2.093575225936042,0.7392894890573289,0.6742957746478874,0.6631867104645658,0.6742957746478874,0.6629231118347438,0.8614505283667029,0.0018524374230539653,1.8380364444520738,5.2535750071207685
80,2,2.0327191617753773,0.7433675030867258,0.6654929577464789,0.648663913062688,0.6654929577464789,0.646613595608131,0.8664115981677486,-0.015225129426225559,1.7928190231323242,5.041206161181132
80,3,1.9886987408002217,0.6949872838126289,0.6848591549295775,0.671341196396682,0.6848591549295775,0.6725661990194098,0.876685666306403,-0.05358302824943406,1.7772090567482843,5.007358643743727
80,4,2.08312761121326,0.6776542928483751,0.7024647887323944,0.684620349422614,0.7024647887323944,0.6893814039260191,0.8833388678666958,-0.0035389922282242914,1.832876397503747,5.362565199534099
81,1,2.0587385164366827,0.6977021329932742,0.6778169014084507,0.6593153442686546,0.6778169014084507,0.6633780205175605,0.8768232853370534,-0.0025179556366388134,1.8328914244969685,5.234489878018697
81,2,1.9872410496075947,0.6768010358015696,0.704225352112676,0.6915043553547667,0.704225352112676,0.6932136433482746,0.8859230801715168,-0.023671966114598764,1.7872565852271185,5.0449341668023004
81,3,1.9343658818138971,0.6698448525534736,0.7007042253521126,0.6916546188367821,0.7007042253521126,0.6849023159244962,0.8870879658591184,-0.0052324418235594194,1.750237610605028,4.884914755821228
81,4,2.0922828118006387,0.7093295355637869,0.6866197183098591,0.689304429269218,0.6866197183098591,0.6795044193896248,0.8808961967010376,-0.01268222547835518,1.8323103586832683,5.319173574447632
82,1,2.0703300635019937,0.7065529127915701,0.6919014084507042,0.6817117183724758,0.6919014084507042,0.676769223399002,0.8728662679220418,-0.001917714948492133,1.8322146270010207,5.252476599481371
82,2,1.9809694621298048,0.6965524123774635,0.7077464788732394,0.6952998416462263,0.7077464788732394,0.6933544824925961,0.885075805664619,0.005453345234074258,1.7695273955663045,4.97794242699941
82,3,1.9357385370466444,0.6818735433949364,0.7007042253521126,0.6969585496167523,0.7007042253521126,0.6911712779034211,0.8837039081157476,-9.842687402428218e-05,1.747084617614746,4.861423386467828
82,4,2.063062138027615,0.6586605823702283,0.704225352112676,0.7013875460694544,0.704225352112676,0.6956275232155466,0.8953053328176308,-0.01494243054970612,1.8371719717979431,5.339998960494995
83,1,2.0798242688179016,0.7260963122049967,0.6778169014084507,0.6603156389316289,0.6778169014084507,0.6664431440850954,0.8734815176245643,0.004879468784790064,1.8313528299331665,5.238522569338481
83,2,1.9794199731614854,0.6743998477856318,0.6919014084507042,0.6957288495113514,0.6919014084507042,0.6755518351157279,0.8886494326832031,-0.011316414289402665,1.7826406690809462,5.024466832478841
83,3,1.9045726789368524,0.6675858994325002,0.7130281690140845,0.7052665351080845,0.7130281690140845,0.7020768011808911,0.8885718744633939,0.017517096696108014,1.734806431664361,4.790874931547377
83,4,2.11687124437756,0.7095369199911753,0.6830985915492958,0.6882494743242829,0.6830985915492958,0.6801363887962569,0.8842739788916443,-0.024853434793557616,1.8526713185840182,5.400651110543145
84,1,2.0243662065929837,0.6640553192959892,0.7130281690140845,0.692265124563808,0.7130281690140845,0.6908392325378427,0.8883759194567775,-0.003150725204110527,1.8265783058272467,5.198424670431349
84,2,1.9616034693188138,0.6380141211880578,0.7306338028169014,0.7200472322296421,0.7306338028169014,0.7190139039510139,0.8990463884614188,-0.005640388516594097,1.7929668492741055,5.049978507889642
84,3,1.9493659204906888,0.6756714433431625,0.7077464788732394,0.7009733627526274,0.7077464788732394,0.6939530349800668,0.8847182852506218,-0.0012759651446365705,1.7536004649268255,4.921319564183553
84,4,2.0643139680226645,0.6634213808510039,0.7024647887323944,0.7047193705854671,0.7024647887323944,0.6994860613957549,0.8881580297971267,-0.0026860394258898523,1.8347311682171292,5.333063138855828
85,1,2.079030030303531,0.712778228852484,0.6637323943661971,0.6502874558877338,0.6637323943661971,0.6464898983441686,0.8811948669766354,-0.00657087830518388,1.8380944397714403,5.266950633790758
85,2,2.0057480136553445,0.7017107274797227,0.6971830985915493,0.6847345146088826,0.6971830985915493,0.6828046470082837,0.8794493908212253,-0.015166544520279102,1.7872945666313171,5.048501491546631
85,3,1.9930934839778476,0.7264033754666647,0.6742957746478874,0.659631408064636,0.6742957746478874,0.6629894627597093,0.8686331595467105,-0.014091989606525246,1.7718010875913832,4.948703646659851
85,4,2.098380810684628,0.7259437905417548,0.6883802816901409,0.678539589173425,0.6883802816901409,0.6766212896740575,0.8802426154872306,0.004139504423424589,1.820842617087894,5.300733764966329
86,1,2.0617535644107394,0.6735894315772586,0.7253521126760564,0.724465600547485,0.7253521126760564,0.7165315923381255,0.8914967177885175,0.005349892273065593,1.8613625168800354,5.300803025563558
86,2,1.948647101720174,0.6288165185186598,0.7235915492957746,0.7166272410629259,0.7235915492957746,0.7133555256846975,0.8930355119999454,-0.032588344004745196,1.785382436381446,5.0282516611946955
86,3,1.948397696018219,0.6620290742980109,0.7112676056338029,0.7063890048088828,0.7112676056338029,0.6915965699087891,0.8930833782049717,-0.015943489981395498,1.763189560837216,4.949924257066515
86,4,2.0838775038719177,0.668368238541815,0.6919014084507042,0.7033328926125926,0.6919014084507042,0.6867550207088223,0.889273271773956,-0.002045905546310234,1.8581159313519795,5.386732233895196
87,1,2.0874160329500833,0.7128874609867731,0.6778169014084507,0.6534254168881212,0.6778169014084507,0.6598615229990816,0.8737568196195229,-0.0047640984122858665,1.8538761999871995,5.294649230109321
87,2,1.9427069822947185,0.621247390906016,0.7183098591549296,0.7052316568217114,0.7183098591549296,0.7052685637230834,0.9058311846987568,-0.0013653074019104317,1.7946353753407795,5.02611247698466
87,3,1.9651694297790527,0.6979709068934122,0.7007042253521126,0.690874223573239,0.7007042253521126,0.6862895030931238,0.8832560665291908,-0.024147341722777327,1.7509179446432326,4.9219657977422075
87,4,2.113411327203115,0.6628398928377364,0.704225352112676,0.6972867338957922,0.704225352112676,0.6975538627701087,0.8948495934277301,-0.0065417561302769656,1.870399706893497,5.498077869415283
88,1,2.0560100277264914,0.6723542362451553,0.7095070422535211,0.6978830416962598,0.7095070422535211,0.6976469191775828,0.8835058101304238,0.0006482470375479554,1.8396465579668682,5.284539951218499
88,2,1.9246202442381117,0.6131726652383804,0.7306338028169014,0.7215872050543196,0.7306338028169014,0.7204877496630787,0.9041169702458516,-0.00909153088872161,1.7722837792502508,4.984664506382412
88,3,1.910631987783644,0.6344032949871488,0.698943661971831,0.6969305339307585,0.698943661971831,0.6862161262899213,0.8934889464575855,-0.0033303862348113,1.7472558683819241,4.888498849338955
88,4,2.053386297490862,0.6549996220403247,0.7077464788732394,0.7094906692120689,0.7077464788732394,0.7032652868682666,0.8906856449626288,-0.007354532187647145,1.8333806461758084,5.316288391749064
89,1,2.0353110829989114,0.6462672137551837,0.7095070422535211,0.6924815069679932,0.7095070422535211,0.6955771235055237,0.8931162112913493,0.003122107809932828,1.835947295029958,5.276413242022197
89,2,1.9516972502072651,0.6240907029973136,0.7200704225352113,0.7109137933332521,0.7200704225352113,0.711386379478301,0.9019710367355387,-0.008588079335156484,1.78525624010298,5.049445788065593
89,3,1.973778208096822,0.7099338687128491,0.6971830985915493,0.6934481622423014,0.6971830985915493,0.6877149894678541,0.8802915345316361,-0.0019772247927656306,1.7545287609100342,4.922748221291436
89,4,2.1085021363364325,0.7359950575563643,0.6936619718309859,0.6844598795297522,0.6936619718309859,0.6800534779131043,0.8760615217189356,-0.007287180817649341,1.8340861466195848,5.311018533176846
90,1,2.014787587854597,0.6437433097097609,0.6954225352112676,0.6771728533744146,0.6954225352112676,0.6803226180586495,0.8929445104874826,-0.006061326746112039,1.83424707253774,5.213890777693854
90,2,1.9101487795511882,0.5946497254901462,0.7306338028169014,0.7207236584880499,0.7306338028169014,0.7190030695984774,0.9071999445859446,0.008453634456089265,1.771619737148285,4.979646417829725
90,3,1.9082093172603183,0.6295788784821829,0.6971830985915493,0.6915399298173429,0.6971830985915493,0.686110621064276,0.899792650744768,-0.003580037575847239,1.746700061692132,4.89168021414015
90,4,2.0127468374040394,0.600257126821412,0.7411971830985915,0.7352271771029463,0.7411971830985915,0.7310036365737147,0.9111879647039706,-0.004087242307172945,1.8276431692971125,5.308556040128072
91,1,2.0096732709142895,0.6247161246008344,0.7077464788732394,0.7040557082621375,0.7077464788732394,0.7032422079209658,0.8952436002617404,-5.616826198195923e-05,1.8372038536601596,5.241239746411641
91,2,1.960954659514957,0.6799170772234598,0.7112676056338029,0.6974714940841431,0.7112676056338029,0.6930335673607585,0.8910970554832551,-0.0036944622190719922,1.7693984309832256,4.950042128562927
91,3,1.9399462872081332,0.6973373972707324,0.6848591549295775,0.6802558550658501,0.6848591549295775,0.675087976361519,0.8876922731231072,0.0016227109876344459,1.7458618813090854,4.839366912841797
91,4,2.110893017715878,0.6981621517075433,0.7095070422535211,0.7167405167030746,0.7095070422535211,0.7091260042858278,0.888887985215661,-0.014444158709312038,1.851547532611423,5.407264855172899
92,1,2.0314951870176525,0.6532108551926084,0.704225352112676,0.6833918137983913,0.704225352112676,0.6897721072177276,0.8897378974361279,-0.0006891367230212886,1.834865477350023,5.247491743829515
92,2,1.921672523021698,0.6112606409523222,0.7482394366197183,0.7383173825657116,0.7482394366197183,0.7382500645600848,0.9015910006245516,-0.0035735362726427855,1.7730429901017084,4.979300022125244
92,3,1.907782408926222,0.6200977447960112,0.7112676056338029,0.705638785829432,0.7112676056338029,0.7030176777092202,0.8962437796434843,-0.002515758416663738,1.7505122092035081,4.912379688686794
92,4,2.0483576390478344,0.615758016705513,0.7112676056338029,0.7145503379233852,0.7112676056338029,0.7044073510195475,0.9025737135070158,-0.007448041248799386,1.8439005745781794,5.391089863247341
93,1,2.0067364242341785,0.6042222330967585,0.7253521126760564,0.7110101474959676,0.7253521126760564,0.712214069251363,0.907534558775305,-0.027592657306255708,1.839456644323137,5.279269377390544
93,2,1.9461764759487576,0.6548035310374366,0.7112676056338029,0.6994362566309664,0.7112676056338029,0.6966333207492964,0.8887622590208968,-0.012188339788442804,1.7688208685980902,4.959379858440823
93,3,1.9293018844392564,0.6578571001688639,0.7130281690140845,0.7146907830832003,0.7130281690140845,0.7065501954235572,0.8854747973832267,-0.005886494248789065,1.7506582074695163,4.896006160312229
93,4,2.037263658311632,0.631477427151468,0.7130281690140845,0.7060318199023596,0.7130281690140845,0.7008561065900921,0.8959792264764292,-0.005213701834949402,1.8278342684110005,5.317431449890137
94,1,2.022587537765503,0.6251203666130701,0.721830985915493,0.7134916509570945,0.721830985915493,0.7141931179829213,0.8985817321756276,0.004407599584219546,1.8471602267689176,5.283344003889296
94,2,1.8969417677985296,0.5976063576009538,0.7411971830985915,0.7225444592226196,0.7411971830985915,0.7259787447824086,0.9017622510593013,0.004833412254783398,1.763719055387709,4.928724275694953
94,3,1.8986690839131672,0.6386589888069365,0.698943661971831,0.6930971387724258,0.698943661971831,0.6915052510233011,0.8970430926668749,-0.004595449746755076,1.7385244369506836,4.838692506154378
94,4,2.0783315433396234,0.6747978975375494,0.7059859154929577,0.7032794532470155,0.7059859154929577,0.6917238822890122,0.8894177172986337,0.0017855833612249183,1.837064392036862,5.353243192036946
95,1,2.033372163772583,0.6524481111102634,0.7253521126760564,0.7212524954045064,0.7253521126760564,0.7190052252707942,0.8943960018116869,-0.001822834000463125,1.8361666997273762,5.255528105629815
95,2,1.9214899275037978,0.6090585473510954,0.7323943661971831,0.7236319966518517,0.7323943661971831,0.7252149049891261,0.9024568178921282,-0.017424427881887583,1.7635808520846896,4.9838296042548285
95,3,1.8867000937461853,0.6277375900083118,0.7007042253521126,0.6820147131990864,0.7007042253521126,0.6836919342968025,0.9002771913922648,0.008259718452221398,1.7359506686528523,4.824279083145989
95,4,2.0043844646877713,0.612511373228497,0.7095070422535211,0.7042121753389359,0.7095070422535211,0.7009547244855258,0.9025440033283593,0.009810026822901663,1.8160296347406175,5.252088136143154
96,1,1.9986627631717258,0.6029741002453698,0.7376760563380281,0.7243767136997487,0.7376760563380281,0.7235271198065928,0.8996996467442421,-0.003164600845010357,1.8339616060256958,5.255269447962443
96,2,1.9015585780143738,0.5725678933991326,0.7394366197183099,0.7328087686931845,0.7394366197183099,0.7309524594768202,0.9126706934712514,-0.014834597732781951,1.780209071106381,5.002536707454258
96,3,1.944929560025533,0.6790603614515729,0.7147887323943662,0.6975262532179985,0.7147887323943662,0.6984545902411691,0.8852835585583382,0.0009750883666032051,1.747204860051473,4.89862420823839
96,4,2.0924605396058826,0.6680570327573352,0.704225352112676,0.698205680045656,0.704225352112676,0.6947958940081165,0.8920237564169701,-0.01345988666333886,1.8448109560542636,5.416068606906467
97,1,2.0227321651246815,0.618180986907747,0.7183098591549296,0.7059148492909683,0.7183098591549296,0.7096880993359725,0.9014774657579865,0.002740517728266112,1.8475544055302937,5.300018098619249
97,2,1.9334912498792012,0.6388629443115659,0.7235915492957746,0.7091421121229092,0.7235915492957746,0.7134004669540993,0.9063406248594037,-0.0010886026284224748,1.7619058357344732,4.954290522469415
97,3,1.9113342828220792,0.6369601719909244,0.7235915492957746,0.7127027397359065,0.7235915492957746,0.7101292893780533,0.9007307537708156,-0.0003156934303851777,1.7407829562822978,4.884873734580146
97,4,2.0424298379156323,0.6575870315233866,0.7007042253521126,0.6881574806049564,0.7007042253521126,0.6903645501545621,0.8930646795965859,0.0013328580861441397,1.8254135648409526,5.2737295097774926
98,1,2.0185985101593866,0.6530219978756375,0.7165492957746479,0.7115172242605962,0.7165492957746479,0.7099485543933823,0.8985498620210799,-0.001157579006562548,1.8315833078490362,5.204943577448527
98,2,1.9161292645666335,0.5677488479349349,0.7552816901408451,0.7475888192257416,0.7552816901408451,0.734327381189069,0.9195147138219357,-0.014087145460796258,1.785554673936632,5.062350087695652
98,3,1.8912407358487446,0.6291851633124881,0.721830985915493,0.7101032003351241,0.721830985915493,0.7121616615360049,0.8980919154833431,0.010362614607892673,1.7359311448203192,4.836036880811055
98,4,2.057770934369829,0.6281051817867491,0.7235915492957746,0.7167270456785028,0.7235915492957746,0.7157228810005744,0.9010013611112291,-0.009897766060753543,1.844428751203749,5.393657445907593
99,1,2.0041772723197937,0.5941526790459951,0.7605633802816901,0.7483695091129808,0.7605633802816901,0.7496353001032786,0.9107739465286421,-0.0034307202015826377,1.8376919759644403,5.29423451423645
99,2,1.895584801832835,0.5572553392913606,0.7517605633802817,0.7480085434052179,0.7517605633802817,0.7427127779780699,0.9191664999381222,-0.01096788744282784,1.777269138230218,5.018353382746379
99,3,1.8974185983339946,0.6187756922509935,0.7235915492957746,0.7206491473330503,0.7235915492957746,0.7203004714294629,0.9048192032676846,0.00908422957236421,1.7450818949275546,4.880918529298571
99,4,1.9987992710537381,0.5941658417383829,0.7359154929577465,0.7353156589467069,0.7359154929577465,0.7330646186401907,0.9103473316526589,-0.007389946869037489,1.8188106682565477,5.276277012295193
100,1,1.9989995161692302,0.6094160593218274,0.7235915492957746,0.7168947106687887,0.7235915492957746,0.7168365999748963,0.9005428135380077,0.0068799017866821854,1.840197503566742,5.241360783576965
100,2,1.867077065838708,0.5399835424290763,0.7640845070422535,0.7555886107078941,0.7640845070422535,0.7569906888228264,0.9246989358282267,-0.003612208744045775,1.76465462313758,4.96362841129303
100,3,1.8696984714931912,0.5843250668711133,0.7253521126760564,0.7201941534520065,0.7253521126760564,0.7102435715840705,0.9048301659468814,-0.004162156229603253,1.7452187008327908,4.868902948167589
100,4,2.0647195974985757,0.6401050604052014,0.7059859154929577,0.7032144189628091,0.7059859154929577,0.6987483795166396,0.9053588908001091,-0.010858508006507783,1.8503672745492723,5.3888200124104815
101,1,2.0302380389637418,0.6249498857392205,0.7147887323943662,0.7109085290632199,0.7147887323943662,0.7116709039575274,0.8995924333248215,-0.010707977051971351,1.844438784652286,5.309243546591865
101,2,1.9432909819814894,0.6241080562273661,0.7147887323943662,0.7020100810085447,0.7147887323943662,0.7068177518399251,0.9009591986508383,-0.010438082616160527,1.7794338464736938,5.021384292178684
101,3,1.9377970430586073,0.6536511878172556,0.7376760563380281,0.7362608005308291,0.7376760563380281,0.7340212990798725,0.8974518886422624,0.0010708292332328728,1.763299200269911,4.9341371059417725
101,4,2.059864580631256,0.6423099372122023,0.7288732394366197,0.7228298596911188,0.7288732394366197,0.7205866952282093,0.9002872104798332,-0.0170069809851916,1.8406648172272577,5.367491881052653
102,1,2.060303741031223,0.6878487550550036,0.6883802816901409,0.6778887847763271,0.6883802816901409,0.677178816879521,0.886376036574982,-0.01406492131818915,1.8336907823880513,5.262698517905341
102,2,1.927559945318434,0.5963323083188798,0.75,0.7445148572361127,0.75,0.7388227387175779,0.9086273646316774,-0.012782992090508483,1.77839775217904,5.033757593896654
102,3,1.897803286711375,0.6143432971503999,0.7464788732394366,0.7398291927803073,0.7464788732394366,0.7401116388221209,0.9069887294519072,0.0034164771240209335,1.7489491369989183,4.892543117205302
102,4,2.0073199007246227,0.5964499827888277,0.7323943661971831,0.7333087776790703,0.7323943661971831,0.7260553066683856,0.9108408804541419,0.0185463603358641,1.8285663790173001,5.299349440468682
103,1,1.9855154024230108,0.6008476052019331,0.7183098591549296,0.7140508602691686,0.7183098591549296,0.7140273618835811,0.9051732999475051,0.007852145946937394,1.8264072802331712,5.216406769222683
103,2,1.901116496986813,0.5627891305420134,0.7429577464788732,0.7355916316154492,0.7429577464788732,0.7352776746781479,0.9219189902389354,-0.018241389313355283,1.782521406809489,5.023880177074009
103,3,1.8736332986089919,0.5786779969930649,0.721830985915493,0.7188377841546855,0.721830985915493,0.7151229031943931,0.9113076868521385,-0.006309480855438698,1.7518108818266127,4.895195497406854
103,4,2.0331669714715748,0.6243576324648328,0.7183098591549296,0.7155528451749054,0.7183098591549296,0.7113093673363935,0.905777090936265,-0.002864303822410541,1.8340533706876967,5.32038860850864
104,1,1.9778267741203308,0.5895362678501341,0.75,0.7442168682296284,0.75,0.7335206627107411,0.9091989267526683,0.002938481300637563,1.8210442728466458,5.2171710464689465
104,2,1.9108917779392667,0.5627527501848009,0.75,0.7391852484306811,0.75,0.74242493869682,0.9166363111326401,-0.004620046187939986,1.7818357282214694,5.056549350420634
104,3,1.8656648596127827,0.5893018179469638,0.75,0.7518870998761047,0.75,0.7451169567306736,0.9116368975837359,0.005558042961036125,1.7428833776050143,4.843845102522108
104,4,2.024854991171095,0.6303162177403768,0.7306338028169014,0.7285193857688141,0.7306338028169014,0.7247679361089094,0.9012244444623904,0.0046711368213016025,1.8210931552781,5.278778711954753
105,1,1.988864004611969,0.605699265996615,0.75,0.7403671820454137,0.75,0.7434145939958946,0.910120874289075,-0.005117610301806241,1.824295977751414,5.2162481678856745
105,2,1.9167629414134555,0.6142248064279556,0.7323943661971831,0.7186810058322838,0.7323943661971831,0.7218971420124293,0.9070413512533958,0.004630010515940253,1.7690164115693834,4.956018381648594
105,3,1.9134976002905104,0.6428148713376787,0.7007042253521126,0.6900386290017039,0.7007042253521126,0.6915271645162254,0.89790506609487,0.0028507220031461777,1.7482234769397311,4.878423770268758
105,4,1.9979829059706793,0.569417792889807,0.7394366197183099,0.728961851262386,0.7394366197183099,0.7301824919542069,0.9121022392513685,0.0015245383393149847,1.8327515522638957,5.33130129178365
106,1,2.0245460867881775,0.6228103654252158,0.7341549295774648,0.7240010517320925,0.7341549295774648,0.7223578979449968,0.9003335133667827,-0.004698532965758506,1.843132370048099,5.295262495676677
106,2,1.868453363577525,0.5390025311046176,0.75,0.7354744613959013,0.75,0.7366651040671828,0.9192612370174822,-0.0007769313155716606,1.7695361706945631,4.970505158106486
106,3,1.8446296387248569,0.5671236233578788,0.7640845070422535,0.7621725743224768,0.7640845070422535,0.7607734090748964,0.9168736528920773,0.017778087785734198,1.7292779551612005,4.825476898087396
106,4,2.0095563729604087,0.5965313845210605,0.7517605633802817,0.7416133983387505,0.7517605633802817,0.7447531934184911,0.9063286816591136,-0.00907845590003653,1.823894242445628,5.306614491674635
107,1,1.9531689683596294,0.5719080070654551,0.7429577464788732,0.7516134484518735,0.7429577464788732,0.7332969577983505,0.9143928680258033,0.02146496362937933,1.8205924563937717,5.176110929912991
107,2,1.866742855972714,0.5744712551434835,0.7482394366197183,0.7370060093086561,0.7482394366197183,0.7380482536288417,0.915430359843118,0.00769987648208148,1.757153696484036,4.882043057017857
107,3,1.8589113288455539,0.5741694255007638,0.7411971830985915,0.7382571611483842,0.7411971830985915,0.7387744510103665,0.9092995349672817,-0.012890846376954368,1.7381036082903545,4.8566422197553845
107,4,2.049613972504934,0.6392723520596822,0.7376760563380281,0.7303516612495484,0.7376760563380281,0.7274231135605906,0.900668405686816,-0.004050337382078162,1.8344204624493916,5.3404109080632525
108,1,1.988686932457818,0.5983306368192037,0.7411971830985915,0.7311182360502734,0.7411971830985915,0.7286571516236388,0.9150840784628105,0.002261447341173728,1.8343600100941129,5.232851333088345
108,2,1.88437506225374,0.5481201443407271,0.7746478873239436,0.7630877477982649,0.7746478873239436,0.7668304530644421,0.9208932513248991,-0.010219773946643196,1.785256306330363,5.002302898301019
108,3,1.852216945754157,0.5597646898693509,0.7570422535211268,0.7521967976820533,0.7570422535211268,0.7517377695508859,0.9207350686047476,-0.002895773921700151,1.7400965690612793,4.867938730451796
108,4,1.9763577381769817,0.5198534528414408,0.772887323943662,0.7714179586771046,0.772887323943662,0.765398468837105,0.9306019781002781,-0.008661443409282876,1.8402559492323134,5.374867651197645
109,1,1.9593740767902799,0.5591300345129437,0.75,0.7441488683465255,0.75,0.7457026994715262,0.9158671923540603,0.01592867683881627,1.8376010060310364,5.226610011524624
109,2,1.908600197898017,0.5974538988537259,0.7658450704225352,0.7554527279889812,0.7658450704225352,0.7530200958013735,0.9097462877947193,-0.022383303839809132,1.7741262581613328,4.967941403388977
109,3,1.9269470506244235,0.6261627326409022,0.7359154929577465,0.728529982403971,0.7359154929577465,0.730854315335467,0.9049234616230475,-0.005405232711225727,1.7588703632354736,4.96211024125417
109,4,2.017446802722083,0.580232686466641,0.7253521126760564,0.7371777634577351,0.7253521126760564,0.722467973824234,0.9156451042242933,-0.003740742099173744,1.8406308094660442,5.370946221881443
110,1,1.9609936475753784,0.5921417276064554,0.7658450704225352,0.753886986902719,0.7658450704225352,0.7520499285245353,0.9100245909291447,0.006476998148860269,1.8165550033251445,5.154981229040358
110,2,1.8560105893346999,0.5356784976190991,0.7816901408450704,0.7711685131514564,0.7816901408450704,0.771100518552152,0.9238563831094604,0.0047361089376257715,1.7663209504551358,4.9367852210998535
110,3,1.8792092270321317,0.6011451101965375,0.7394366197183099,0.7414583655780839,0.7394366197183099,0.7334572497372829,0.9092890284942472,-0.003035172604564096,1.7527875502904255,4.861358735296461
110,4,1.9641910129123263,0.5269616064098146,0.7623239436619719,0.7533637484287654,0.7623239436619719,0.7553606409192877,0.9244248312887815,-0.008457617587130706,1.8344680269559224,5.317726135253906
111,1,1.9682431088553534,0.5468776838646995,0.7464788732394366,0.7541264560828995,0.7464788732394366,0.7457164472651839,0.9178240970172444,-0.010125837597343645,1.836479577753279,5.2847622235616045
111,2,1.9010104007191129,0.5907476296027502,0.7323943661971831,0.7163420951170307,0.7323943661971831,0.7130685968231694,0.910944167848934,0.0033337507458983673,1.7670675582355924,4.958289980888367
111,3,1.8742530941963196,0.5864755743079715,0.75,0.7491028291881702,0.75,0.7446503513722639,0.9171786503338768,-0.0028746312538132646,1.7407545314894781,4.87906719578637
111,4,2.0103271272447376,0.5891221215327581,0.7359154929577465,0.7378718735272216,0.7359154929577465,0.7346015168439659,0.9158829154829704,0.00357315170870387,1.8351091543833415,5.326471924781799
112,1,1.975970572895474,0.5628834151559405,0.7535211267605634,0.7488821363401666,0.7535211267605634,0.7477719704853097,0.9185564112109935,-0.014707188913335445,1.8414460221926372,5.273173848787944
112,2,1.8718597557809618,0.5652467740906609,0.7570422535211268,0.7568524890824989,0.7570422535211268,0.7474745621948822,0.9202768947084581,0.01610413112110476,1.7586563891834683,4.920623156759474
112,3,1.8556600213050842,0.556973366273774,0.7411971830985915,0.7393799862109721,0.7411971830985915,0.734367137823396,0.914635736888113,-0.005658385138927358,1.752478626039293,4.885928750038147
112,4,1.9818106955952115,0.561072266764111,0.7517605633802817,0.7464991656670185,0.7517605633802817,0.7442365348260714,0.9210639763757085,0.0149206972917022,1.8294932113753424,5.296866814295451
113,1,1.9523616631825764,0.5623225205474429,0.7535211267605634,0.7484298105417374,0.7535211267605634,0.7493720453071749,0.9145370970306241,0.0021648480609852694,1.8267462650934856,5.195786092016432
113,2,1.8968706329663594,0.5823040025101768,0.75,0.7397406314600414,0.75,0.7399108889482428,0.9167762476296899,-0.000272506605909717,1.7721749544143677,4.964192628860474
113,3,1.8544725510809157,0.535150655441814,0.7693661971830986,0.7582113080637314,0.7693661971830986,0.7616250246172586,0.9225196870341718,-0.012807855396409273,1.7571271591716342,4.932890176773071
113,4,1.970369689994388,0.5418905880716112,0.778169014084507,0.772860392719266,0.778169014084507,0.7711300674583886,0.9244077678871172,0.008445534123489251,1.8328414890501235,5.303487512800428
114,1,1.947950502236684,0.5442925426695082,0.7746478873239436,0.7717685102133638,0.7746478873239436,0.7704612134919901,0.9167698396544378,0.012713167793099056,1.827850600083669,5.223152226871914
114,2,1.8436455064349704,0.5121554450856315,0.7834507042253521,0.7791848702940253,0.7834507042253521,0.7752775467424886,0.9354713520017703,0.0011071165436582486,1.7493034998575847,4.9504554933971825
114,3,1.8468450837665134,0.5715240173869662,0.7464788732394366,0.7369147310176449,0.7464788732394366,0.7363964607288355,0.9116433099048771,0.010498514858524044,1.7354737255308363,4.82259398036533
114,4,1.9532029728094737,0.5298345883687338,0.7588028169014085,0.7592078919116688,0.7588028169014085,0.7557227218621839,0.9251521988229042,0.013338179298722386,1.8152707484033372,5.2743956910239325
115,1,1.932132555378808,0.5160433799028397,0.7588028169014085,0.7487633595756252,0.7588028169014085,0.7515365111311267,0.9282737419854151,-0.00670601991977593,1.8279274702072144,5.236340443293254
115,2,1.8878705501556396,0.5442249543137021,0.7359154929577465,0.7266084957426262,0.7359154929577465,0.7262939746101097,0.9210044653778922,-0.030890606394341935,1.7744704749849107,5.023043539788988
115,3,1.833168043030633,0.5069076865911484,0.7852112676056338,0.7796039995774061,0.7852112676056338,0.7751913019243931,0.9289039984981337,-0.00532760973482449,1.7496255371305678,4.927775369750129
115,4,1.9562949008411832,0.4870558546649085,0.795774647887324,0.8007567380019565,0.795774647887324,0.7911002936589252,0.9354439775027008,-0.018274015253621156,1.8491612474123638,5.384519047207302
116,1,1.9746598071522183,0.580830380320549,0.75,0.738881524788906,0.75,0.7406553453392788,0.9116899702057123,0.01396516755428967,1.8371897869639926,5.226928287082249
116,2,1.8902645707130432,0.5443335639105903,0.7588028169014085,0.7552141325848122,0.7588028169014085,0.7563018975595999,0.9187596284346964,0.003597105517632704,1.7714035444789462,5.030770142873128
116,3,1.8801678617795308,0.6067909399668375,0.7394366197183099,0.7255364307851182,0.7394366197183099,0.729182359353077,0.9100056967286769,0.01078640073046544,1.7470176021258037,4.851380546887715
116,4,2.0312913722462125,0.594628213180436,0.7341549295774648,0.7340163173546287,0.7341549295774648,0.7282655016483471,0.9118140618523133,0.007530032641871243,1.8343621955977545,5.383505211936103
117,1,1.9762767155965169,0.5909878744019402,0.7235915492957746,0.7150438828095478,0.7235915492957746,0.7180307608515628,0.9102947349815604,0.011400341305100814,1.8237771259413824,5.208617077933417
117,2,1.87567538022995,0.5272754728794098,0.7852112676056338,0.7705053050604512,0.7852112676056338,0.7693973471638899,0.9262244419877934,-0.01837920144907046,1.7749891347355313,5.02194160885281
117,3,1.8399108317163255,0.5599317252635956,0.7640845070422535,0.7621562255062887,0.7640845070422535,0.7602076968894026,0.9202280388254106,-0.005142320153588065,1.7389991415871515,4.826528535948859
117,4,1.9813223878542583,0.55147918065389,0.7623239436619719,0.7695658371888112,0.7623239436619719,0.7570617644479606,0.9195739457273902,-0.0018249857813572579,1.8313778307702806,5.317623072200352
118,1,1.9324718647532992,0.5357580019368066,0.7640845070422535,0.7541421271552058,0.7640845070422535,0.7545989696688724,0.9250176807417034,0.01406009757015203,1.8220133185386658,5.191470649507311
118,2,1.9086181852552626,0.5779646039009094,0.7588028169014085,0.7520285322447603,0.7588028169014085,0.7526276066315404,0.9130933355729245,0.0018998906353108191,1.7681126925680373,5.01347639825609
118,3,1.872922248310513,0.566112831234932,0.7588028169014085,0.7501425864625136,0.7588028169014085,0.7485628478406547,0.9143664852523604,-0.002528362109607052,1.7555228405528598,4.922144042121039
118,4,1.972830229335361,0.550335587726699,0.7588028169014085,0.7595612250766581,0.7588028169014085,0.7555459278713599,0.9193808713346153,-0.002428467121515343,1.8200325502289667,5.291984173986647
119,1,1.9600359002749126,0.5507388826873567,0.7640845070422535,0.7600173053468774,0.7640845070422535,0.7600913913693448,0.9201341946222994,0.004288142914574911,1.8367807401551142,5.248395363489787
119,2,1.8447736236784193,0.5058073616690106,0.7887323943661971,0.7852708414926556,0.7887323943661971,0.7820848395804247,0.9322758202382235,-0.013180682673476385,1.7645906276173062,4.969027996063232
119,3,1.8494348327318828,0.542601947983106,0.7605633802816901,0.7524440270209809,0.7605633802816901,0.7520137983299158,0.9234489464573201,-0.006789162126928705,1.7515837219026353,4.8987114032109575
119,4,1.983725627263387,0.5384740266535017,0.7588028169014085,0.754403921668042,0.7588028169014085,0.7494134664446007,0.9239018747014565,-0.008319923661550765,1.8349458575248718,5.35597923066881
120,1,1.97691586944792,0.5604260034031339,0.7394366197183099,0.7368228364783044,0.7394366197183099,0.7360488477386008,0.915227501344869,-0.02078400744658171,1.8470586207177904,5.282058636347453
120,2,1.8111614717377558,0.49128155575858223,0.7940140845070423,0.7859638208906311,0.7940140845070423,0.7872861208053593,0.9375921556838094,0.008153615662216396,1.7584345208273993,4.890881074799432
120,3,1.831761658191681,0.5060255527496338,0.778169014084507,0.7817794872435273,0.778169014084507,0.7724584467333169,0.9298309368103078,-0.012732861127070505,1.7602651251686945,4.925145732031928
120,4,1.930573198530409,0.509561667839686,0.7640845070422535,0.7637185329951947,0.7640845070422535,0.7553382525135185,0.9322705072762397,0.026463435891417975,1.8187654349539015,5.246266550487942
121,1,1.91708990600374,0.5091669344239764,0.7693661971830986,0.764190555602933,0.7693661971830986,0.7650488653271998,0.9267768785487895,0.013723854210685782,1.825002736515469,5.202243275112576
121,2,1.8693831231858995,0.5477350221739875,0.7799295774647887,0.771258262540791,0.7799295774647887,0.7724499289952623,0.923721002321293,-0.000985959360853217,1.761652045779758,4.953228526645237
121,3,1.8330087661743164,0.5309564885165956,0.7676056338028169,0.7733654335969851,0.7676056338028169,0.761145666710229,0.9298345340166962,0.0013955567795511659,1.7498841219478183,4.871130651897854
121,4,1.9780705836084154,0.5551435881190829,0.7482394366197183,0.7477745438870443,0.7482394366197183,0.7450354222865787,0.9205805194152319,0.01721808362415167,1.8267652524842157,5.298233376608954
122,1,1.9590573178397284,0.5484405308961868,0.7429577464788732,0.73127644150213,0.7429577464788732,0.7350446410136879,0.9128508660121013,0.0030201140250250003,1.834595607386695,5.250496255026923
122,2,1.833096530702379,0.5056803060902489,0.7904929577464789,0.7847162276436749,0.7904929577464789,0.7802054345021827,0.9263774421844144,0.013003002543440556,1.7601607309447393,4.930400848388672
122,3,1.8632172677252028,0.559909893406762,0.7588028169014085,0.7476655571123446,0.7588028169014085,0.744637037468379,0.9207300600226356,-0.0047275722544661836,1.756723788049486,4.904267655478583
122,4,1.9498159289360046,0.49799610508812797,0.7852112676056338,0.7863489102033012,0.7852112676056338,0.7794112750895811,0.9292872361471843,-0.00571472547332319,1.8418671819898818,5.337395363383823
123,1,1.9262355301115248,0.5246667630142636,0.7711267605633803,0.7654398557415085,0.7711267605633803,0.7643830674061964,0.9221996992276345,-0.006533811311519644,1.8322035471598308,5.1965625286102295
123,2,1.8758345776134067,0.5328302863571379,0.7799295774647887,0.7694461534347911,0.7799295774647887,0.7658748382429944,0.926195363074001,0.007172487559570562,1.771107276280721,5.009511020448473
123,3,1.8268722494443257,0.5462074279785156,0.7552816901408451,0.756654949401562,0.7552816901408451,0.7523679076049532,0.9226822871284827,0.015452029315124793,1.7314896782239277,4.815089967515734
123,4,1.958920465575324,0.5034568541579776,0.7658450704225352,0.7612500195763163,0.7658450704225352,0.7565507859366185,0.9332079419391355,-0.008475298520795649,1.8399129774835374,5.355002045631409
124,1,1.9429700705740187,0.5620186527570089,0.7429577464788732,0.7338321862066807,0.7429577464788732,0.7368776787155866,0.9131600480016591,0.022745843537048338,1.8280252350701227,5.165189915233189
124,2,1.8511638707584805,0.5415043863985274,0.75,0.7440546362907747,0.75,0.744191653300531,0.924191229877884,-0.00045933395848440917,1.7499324745602078,4.907035814391242
124,3,1.7910714944203694,0.519033572740025,0.772887323943662,0.7680495396019194,0.772887323943662,0.7689067663164812,0.9268738664460885,0.01975856912290297,1.7284859087732103,4.759159896108839
124,4,1.9414334230952792,0.5153730594449573,0.772887323943662,0.7678985639959058,0.772887323943662,0.7680872921007531,0.9237697307491917,0.009992315500486959,1.8258961770269606,5.268907467524211
125,1,1.9385831885867648,0.5044266896115409,0.778169014084507,0.7727312717639188,0.778169014084507,0.7702452355681991,0.9292771431706498,0.0035335692396550877,1.8374178542031183,5.284948163562351
125,2,1.805227173699273,0.4761093556880951,0.801056338028169,0.7942028494065649,0.801056338028169,0.7920776781580255,0.9350755950919537,0.005433316567586499,1.7646814187367756,4.906501889228821
125,3,1.8112819062338934,0.5170626557535596,0.7834507042253521,0.7750080563612682,0.7834507042253521,0.7760911053931664,0.9290326529829483,0.0070369830126232324,1.7407462928030226,4.831126610438029
125,4,1.9675276743041143,0.5451059324873818,0.778169014084507,0.7859520977820541,0.778169014084507,0.7767785298801057,0.9215550677908093,-0.011042159802353124,1.8135303126441107,5.2865115536583795
126,1,1.9248055087195501,0.5228591230180528,0.7623239436619719,0.756501693201248,0.7623239436619719,0.7559814317502944,0.924080959707086,0.01649955469704678,1.8258212738566928,5.196013463868035
126,2,1.8509974810812209,0.5069897439744737,0.8098591549295775,0.805667443002655,0.8098591549295775,0.8033756435956024,0.9346634791051015,-0.022479105463363958,1.7630229658550687,4.98701540629069
126,3,1.7736657592985365,0.467161576781008,0.7852112676056338,0.780302503335316,0.7852112676056338,0.781656128381007,0.9380613162191118,0.005060109473311258,1.7463427517149184,4.82217542330424
126,4,1.96965758005778,0.5267733285824457,0.772887323943662,0.7669646945424213,0.772887323943662,0.7672343568379626,0.9229396406255841,0.0023811759981900993,1.8321380217870076,5.336387342876858
127,1,1.9182550973362393,0.5117498735586802,0.7658450704225352,0.7628046677792834,0.7658450704225352,0.7611681228609298,0.9297600005076695,0.0040661568218803845,1.8262105915281508,5.200100408660041
127,2,1.8264693750275507,0.47761669506629306,0.778169014084507,0.7696134282210143,0.778169014084507,0.7714386244714262,0.9384488879210852,0.006729850561343009,1.7577648626433477,4.973792062865363
127,3,1.8403225541114807,0.5696956515312195,0.7676056338028169,0.765649865099689,0.7676056338028169,0.7594363980476028,0.9182625690331102,0.024749065228062195,1.7349457873238459,4.805118560791016
127,4,1.9655090305540297,0.5143677360481687,0.7746478873239436,0.7679630237938868,0.7746478873239436,0.7671019764593695,0.9307818562650777,-0.010624911274199178,1.8343168960677252,5.3515052398045855
128,1,1.9412997828589544,0.5408091776900821,0.778169014084507,0.7742072035559282,0.778169014084507,0.7712270470736158,0.917808871927025,0.0012574534721409014,1.8220557438002691,5.209110975265503
128,2,1.8386946651670668,0.5315821750296487,0.7570422535211268,0.7505764492391702,0.7570422535211268,0.7506204100931373,0.9226626757940202,0.008781923674084813,1.7515652510854933,4.888623701201545
128,3,1.8327712284194098,0.5243659317493439,0.7552816901408451,0.7484532290870318,0.7552816901408451,0.7486540322979129,0.9254116442584102,0.0034178799717204944,1.7391651670138042,4.885716729693943
128,4,1.9791420499483745,0.5741632696655061,0.772887323943662,0.781198276616219,0.772887323943662,0.7696544910229619,0.9226895819020474,0.013591719210878428,1.8158753911654155,5.257425639364454
129,1,1.960464941130744,0.559698662824101,0.7482394366197183,0.7373483407841903,0.7482394366197183,0.7374428821775694,0.9192544762587052,0.015465511252625741,1.8352132704522874,5.228919373618232
129,2,1.8421027925279405,0.508625962667995,0.772887323943662,0.7632635813472427,0.772887323943662,0.7657706725935264,0.9307472660856345,-0.002825563591181357,1.7706891298294067,4.9535484711329145
129,3,1.853224323855506,0.5247803148296144,0.7640845070422535,0.7596099386055222,0.7640845070422535,0.7568556318417327,0.9283135461862082,-0.010606958801649524,1.762240595287747,4.9529268344243365
129,4,1.9630190067821078,0.5140607688162062,0.7693661971830986,0.7658177869197215,0.7693661971830986,0.7642008011023148,0.9307748871629891,0.0012452946760055372,1.8309098614586725,5.343921396467421
130,1,1.936126987139384,0.5310189409388436,0.7552816901408451,0.7491991374617564,0.7552816901408451,0.7519254252518329,0.9183431193637355,-0.015358062362317515,1.8254382809003193,5.214712209171719
130,2,1.831451654434204,0.4976875318421258,0.7799295774647887,0.7717210662518388,0.7799295774647887,0.7722317755924849,0.9359944333139374,0.006408618429041613,1.7619049284193251,4.943567726347181
130,3,1.815987593597836,0.5076920712987582,0.7517605633802817,0.7460323855466873,0.7517605633802817,0.7422334503626604,0.9252215213566471,-0.0038774634284488574,1.7477722896469965,4.868676980336507
130,4,1.8986046181784735,0.4657954259051217,0.7975352112676056,0.8034977376335306,0.7975352112676056,0.7950643406819189,0.9407891181860737,0.013262035367476055,1.8229972587691412,5.241825845506456
131,1,1.9007572399245367,0.4649716913700104,0.7852112676056338,0.7769901056592973,0.7852112676056338,0.7762694315455544,0.9344098036180721,0.0007574218480284056,1.8275952206717596,5.2509233421749535
131,2,1.8061466614405315,0.470816390381919,0.8098591549295775,0.8024552929677996,0.8098591549295775,0.8049888418814944,0.9398783337649084,0.006087590270826282,1.7671781778335571,4.921917094124688
131,3,1.8289692865477667,0.5295660479201211,0.7640845070422535,0.7531513116332544,0.7640845070422535,0.7559901133140713,0.9220491522915418,0.01725850305238119,1.7493812574280634,4.860910058021545
131,4,2.0140979091326394,0.5704683081971275,0.7746478873239436,0.771423543898718,0.7746478873239436,0.7686343338056917,0.9192074604620768,-0.017781091834358387,1.8383138444688585,5.382566650708516
132,1,1.9132701290978327,0.5073944611681832,0.7799295774647887,0.7749739611956391,0.7799295774647887,0.7754834005641393,0.9322945858309943,0.028764531342244992,1.8335184521145291,5.193646457460192
132,2,1.8059579133987427,0.4712977525260713,0.8080985915492958,0.8084224023899108,0.8080985915492958,0.8026517543645436,0.9394138698109076,-0.005946810677867731,1.7706624799304538,4.920164730813768
132,3,1.8327626254823473,0.5234198305341933,0.7570422535211268,0.7591467345348294,0.7570422535211268,0.7521237145613653,0.9355657129176836,0.006344531363863148,1.7512565586302016,4.887895570860969
132,4,1.9337082968817816,0.45160989463329315,0.801056338028169,0.8022530281095425,0.801056338028169,0.8009735330526196,0.9448320047626899,-0.0043399774477024256,1.844390180375841,5.391937613487244
133,1,1.9659935765796237,0.5629390958282683,0.7429577464788732,0.7338805839018764,0.7429577464788732,0.7375186028915647,0.9157115486002456,-0.009569184026945177,1.8370440271165636,5.239787207709418
133,2,1.8218462732103136,0.4624410718679428,0.795774647887324,0.7911926005183644,0.795774647887324,0.7831702182923076,0.9426076350614567,-0.015911846455775702,1.7703164286083646,4.993791540463765
133,3,1.834370169374678,0.5068188144101037,0.7764084507042254,0.768341581361042,0.7764084507042254,0.7710311196098559,0.9294952134386043,-0.005833782000013388,1.77003808816274,4.931989868481954
133,4,1.904937419626448,0.4903111474381553,0.7852112676056338,0.7906026701177857,0.7852112676056338,0.7804658517705693,0.934690746771958,0.008221937369692123,1.8159559700224135,5.20573185549842
134,1,1.9566510915756226,0.5209754423962699,0.7693661971830986,0.7681253678468309,0.7693661971830986,0.7652530871431583,0.9251214372322516,-0.003403771110587872,1.8439073231485155,5.306560715039571
134,2,1.8254337045881484,0.4971208307478163,0.7904929577464789,0.7870237744108998,0.7904929577464789,0.7870712467414074,0.9337137642438397,0.01039998218930216,1.76334810256958,4.924830211533441
134,3,1.8068490227063496,0.5217582037051519,0.7693661971830986,0.7589016588372449,0.7693661971830986,0.760880118140498,0.9239646770211329,0.009078945839393504,1.7293680177794561,4.805394026968214
134,4,1.958746525976393,0.5281040320793787,0.7588028169014085,0.761894742983902,0.7588028169014085,0.7583343714728369,0.9286527783416029,-0.0023624052483239844,1.8269183569484286,5.296912180052863
135,1,1.935689561896854,0.4991106018424034,0.7640845070422535,0.7603088131323896,0.7640845070422535,0.75600659520231,0.925258672712274,-0.03719699429853729,1.847016003396776,5.287706865204705
135,2,1.8436274727185566,0.5212888899776671,0.7676056338028169,0.7613134546821138,0.7676056338028169,0.7637854873754791,0.9284786762840522,-0.008287056372341839,1.7501916355556912,4.929084075821771
135,3,1.8246710035536025,0.5070828149716059,0.7799295774647887,0.7726485920872831,0.7799295774647887,0.7723022940734667,0.9337945369969209,0.006237106512355539,1.74643212556839,4.899043189154731
135,4,1.9448368284437392,0.4901084750890732,0.7799295774647887,0.7773693993279028,0.7799295774647887,0.7724068075854257,0.9334181815039685,-0.004803687131573753,1.8271083037058513,5.339202788141039
136,1,1.9286661081843905,0.4984155711200502,0.778169014084507,0.7728512890206737,0.778169014084507,0.7736195122599366,0.9321100055783649,-0.0223058500467197,1.8301430874400668,5.265917195214166
136,2,1.8436593347125583,0.5161146173874537,0.7816901408450704,0.7735902177772519,0.7816901408450704,0.776001402996074,0.9282650617831162,0.001183447521833858,1.7600921789805095,4.941263450516595
136,3,1.7838884724511042,0.49397385203176075,0.7834507042253521,0.7722616242458554,0.7834507042253521,0.772973464506899,0.9310136137954673,0.013393307101231655,1.7374098234706454,4.7936890787548485
136,4,1.9468576378292508,0.5011159893539217,0.7746478873239436,0.7812972593774281,0.7746478873239436,0.7734231587427299,0.933704948479508,0.00783069849000606,1.8226551943355136,5.320254590776232
137,1,1.928385814030965,0.5099897086620331,0.772887323943662,0.7688909723227895,0.772887323943662,0.7706579051524741,0.9282267021618624,0.003778289814001634,1.832224878999922,5.237976498074001
137,2,1.7918683224254184,0.4415652785036299,0.8098591549295775,0.8094444698803684,0.8098591549295775,0.8061238049715517,0.9426226533123095,-0.008285032762154199,1.7656216224034627,4.942575282520718
137,3,1.8143948250346713,0.5002979023589028,0.7852112676056338,0.7819112206311386,0.7852112676056338,0.7780587776033185,0.9310174832936584,0.0020712626132664003,1.7491719987657335,4.880620784229702
137,4,1.9542535477214389,0.4900532431072659,0.778169014084507,0.7706615855611895,0.778169014084507,0.7703233131219459,0.9333062456609151,0.0021632183823864226,1.836466544204288,5.370720757378472
138,1,1.8950793478224013,0.4753178771999147,0.7799295774647887,0.7785851801383309,0.7799295774647887,0.7752031585149446,0.9353411143009787,0.013174398273543608,1.8286038902070787,5.207855939865112
138,2,1.8159704936875238,0.4615781125095155,0.8080985915492958,0.8055509782834941,0.8080985915492958,0.8043164211556493,0.9423466222121062,-0.00827818661360169,1.774764166937934,4.976219203737047
138,3,1.789406292968326,0.49873093598418766,0.7869718309859155,0.7798477067697027,0.7869718309859155,0.7820114554400485,0.9351588872090765,0.010314063489833658,1.7354172335730658,4.800981985198127
138,4,1.943535327911377,0.48925557401445174,0.7922535211267606,0.7966558569930959,0.7922535211267606,0.7891113787751411,0.9396306577000118,0.02182862985851053,1.8277791738510132,5.336854590309991
139,1,1.892985509501563,0.48965728282928467,0.7570422535211268,0.7477476821629353,0.7570422535211268,0.749156779851081,0.9300464350927093,0.006886085152686516,1.823883334795634,5.167417817645603
139,2,1.839165124628279,0.5295627332395978,0.7640845070422535,0.7593732464675675,0.7640845070422535,0.7600021640501234,0.9273036588429995,0.002222946452229868,1.755154894457923,4.894903924730089
139,3,1.8024406168195937,0.485835032330619,0.7623239436619719,0.7615874245334447,0.7623239436619719,0.7549668078139032,0.9369122005110935,-0.017929633979719473,1.746896313296424,4.874520116382175
139,4,1.955309722158644,0.5162751376628876,0.7746478873239436,0.7687882670586121,0.7746478873239436,0.7664315532271221,0.933302524358268,0.02115209670140894,1.8294506867726643,5.313056800100538
140,1,1.9167908628781636,0.505874440073967,0.7834507042253521,0.7799895700561108,0.7834507042253521,0.7808964459758655,0.9326904920844973,-0.003841408290639059,1.8278289039929707,5.208929128117031
140,2,1.7933632797665067,0.4529033833079868,0.7904929577464789,0.7836399951208257,0.7904929577464789,0.7846754452202933,0.9401013608913092,0.02012623101177191,1.7624456220202975,4.921102828449673
140,3,1.7957755128542583,0.48562901053163743,0.795774647887324,0.7925171231888916,0.795774647887324,0.7856099617986788,0.9371000940345373,0.0050047565380698655,1.742300033569336,4.852783785925971
140,4,1.916919423474206,0.4480624265140957,0.8116197183098591,0.810433363416521,0.8116197183098591,0.8058817192877137,0.9450195227492877,-0.01737185384040063,1.8358064823680453,5.344252202245924
141,1,1.9330852627754211,0.5312823371754752,0.7517605633802817,0.740797317622403,0.7517605633802817,0.7387026105211612,0.9271770427499062,0.006403549166595801,1.8182900018162198,5.203958551088969
141,2,1.7996809548801846,0.4490702185365889,0.8098591549295775,0.8048558037967847,0.8098591549295775,0.8060358300163298,0.9387539214967593,0.00480117089267762,1.7657886478636,4.9511057535807295
141,3,1.7835206654336717,0.48423175182607436,0.7799295774647887,0.7741999290143936,0.7799295774647887,0.7745728926205728,0.9375589449600218,0.00545154775023049,1.7408616211679246,4.815194686253865
141,4,1.9181301527553134,0.46577825645605725,0.7922535211267606,0.7878963628072048,0.7922535211267606,0.7867580466202639,0.9409174325418984,-0.001935858500879517,1.8330078191227384,5.306951098971897
142,1,1.9381485382715862,0.5136493262317445,0.7834507042253521,0.7768243521281841,0.7834507042253521,0.7768334614771096,0.9333061927928467,0.016429790142924006,1.8398832546340094,5.261979897816976
142,2,1.8167871236801147,0.45876878168847823,0.7904929577464789,0.7901951777524704,0.7904929577464789,0.7878241147946117,0.9407037665225878,-0.020760566353567933,1.7843098243077595,4.985496454768711
142,3,1.8348641859160528,0.5179358621438345,0.7676056338028169,0.756648008648131,0.7676056338028169,0.7537844450419969,0.9294701508814006,-0.010923952907644363,1.752278791533576,4.907696710692512
142,4,1.9415355059835646,0.48722994658682084,0.7869718309859155,0.7905817256480057,0.7869718309859155,0.7829909551777602,0.9378138290769245,0.008331515699393832,1.8393575482898288,5.334914856486851
143,1,1.917725490199195,0.48972872065173256,0.7887323943661971,0.7847182526700859,0.7887323943661971,0.7804377537559503,0.9293616544615633,0.009143294599893936,1.827780505021413,5.24971784485711
143,2,1.8193371295928955,0.49899938950936,0.795774647887324,0.7900446189121642,0.795774647887324,0.7909482645771375,0.9300468014031951,0.014896302512461435,1.759035097228156,4.900125000211927
143,3,1.7894989252090454,0.48888543082608116,0.7588028169014085,0.7551759084227407,0.7588028169014085,0.7540252084552728,0.9291210454272416,0.01316738594679423,1.7314728299776714,4.824263493220012
143,4,1.9183847440613642,0.46853126254346633,0.7904929577464789,0.7918059221826467,0.7904929577464789,0.7832019276617875,0.9408178637907908,-0.00990954967176183,1.8185517986615498,5.301376064618428
144,1,1.9534282088279724,0.4985865122742123,0.7816901408450704,0.7757807016973592,0.7816901408450704,0.7770162042588799,0.9299851422125902,-0.03556484182279518,1.8571058710416157,5.348058634334141
144,2,1.801954083972507,0.45708736777305603,0.7922535211267606,0.7864628692131244,0.7922535211267606,0.7867635335980858,0.9388768078017606,0.00590139897925146,1.7700861891110737,4.9399762286080255
144,3,1.8072518242730036,0.5013067805104785,0.7764084507042254,0.7745465731944771,0.7764084507042254,0.767540691997642,0.92799000511236,0.0008768567229056057,1.7391139666239421,4.854456729359097
144,4,1.8945810861057706,0.4307491746213701,0.8204225352112676,0.8176061248944153,0.8204225352112676,0.8113097134845271,0.9503086533813209,-0.00018250215253390323,1.8343313733736675,5.310188743803236
145,1,1.9089864359961615,0.49968164496951634,0.7676056338028169,0.7630879976830681,0.7676056338028169,0.7640448157945828,0.9258632818994816,0.010690197928363787,1.8275554908646479,5.197364105118646
145,2,1.8020908898777432,0.43527553644445205,0.8151408450704225,0.8124447609301128,0.8151408450704225,0.8083698907667072,0.9462659194607228,-0.006004804950846099,1.7688095039791532,4.991326570510864
145,3,1.7799624734454684,0.47171122166845536,0.7816901408450704,0.7737113149095725,0.7816901408450704,0.7732467355985441,0.9377029683372493,0.016930665703250636,1.7357046008110046,4.832548605071174
145,4,1.892077108224233,0.4390401095151901,0.7975352112676056,0.7954238777420785,0.7975352112676056,0.7910751254972035,0.9403094369942727,-0.0022036574511188345,1.8329294390148587,5.282496651013692
146,1,1.8932633797327678,0.4666443533367581,0.795774647887324,0.7932752661453673,0.795774647887324,0.7923857499585342,0.9355634575596792,-0.0019288896184352922,1.8327431546317206,5.222040957874722
146,2,1.8140336010191176,0.48300400376319885,0.7940140845070423,0.7930032460787789,0.7940140845070423,0.7906737747291428,0.9424192818564326,0.011415567060836684,1.7630881203545465,4.919769194391039
146,3,1.7696645458539326,0.4706437703635957,0.801056338028169,0.7995795244372323,0.801056338028169,0.7970436832734322,0.9385615312708382,0.007778574488582879,1.7261006368531122,4.800712784131368
146,4,1.9266957110828824,0.4877871986892488,0.7834507042253521,0.7898951713751003,0.7834507042253521,0.7814430075917009,0.9379198609940276,0.008799699086535329,1.816885279284583,5.284148653348287
147,1,1.8728006813261244,0.45305097268687355,0.7852112676056338,0.777881918302514,0.7852112676056338,0.7788479116612474,0.9438313206157007,0.00792965838945614,1.82421878973643,5.185549802250332
147,2,1.8066814409361944,0.4655129710833232,0.7887323943661971,0.7822689869571481,0.7887323943661971,0.7827161845064649,0.9372218929962199,0.022531190683218183,1.757341788874732,4.9360743628607855
147,3,1.775418844487932,0.48488959007793003,0.7570422535211268,0.7524772604598389,0.7570422535211268,0.7529097464341061,0.9342159707062068,0.005571190546416305,1.7266845040851169,4.786653664377001
147,4,1.8911372356944613,0.4331190321180556,0.8045774647887324,0.8041755220216438,0.8045774647887324,0.7974952529233574,0.9465003938512436,0.0030721745458057725,1.825403134028117,5.293179644478692
148,1,1.8831401997142367,0.46996167964405483,0.7852112676056338,0.7831592142639785,0.7852112676056338,0.7800192362528761,0.9356627173933586,0.0076555944986757,1.8034892678260803,5.180556615193685
148,2,1.782271722952525,0.44847289224465686,0.8116197183098591,0.8031311620797723,0.8116197183098591,0.8027319095178963,0.9429790462248773,0.024575093639342405,1.762272662586636,4.894468784332275
148,3,1.756239844693078,0.49742890397707623,0.778169014084507,0.7799227444773789,0.778169014084507,0.7771572673536892,0.936927931781318,0.021646211022214534,1.7129447261492412,4.693465153376262
148,4,1.9575252268049452,0.47866328060626984,0.7904929577464789,0.7866197052936081,0.7904929577464789,0.7812276601347201,0.9404351057706303,-0.01620872258306183,1.8484334746996562,5.4082028600904675
149,1,1.8978396720356412,0.4904844711224238,0.7711267605633803,0.7754363411337373,0.7711267605633803,0.7723131439088559,0.9303595246562142,-0.0012117689473272186,1.8249037398232355,5.181668321291606
149,2,1.8010603255695767,0.44380588498380447,0.8045774647887324,0.8001691429516505,0.8045774647887324,0.7975464409205755,0.942623101053142,0.007543221279111223,1.769682268301646,4.967987219492595
149,3,1.7787921163770888,0.4659132874674267,0.7887323943661971,0.7838765562835375,0.7887323943661971,0.7834140571523371,0.9431769762420739,0.003713549407145522,1.7431694666544597,4.842175867822435
149,4,1.9277747472127278,0.4527621898386214,0.8045774647887324,0.8142222942084928,0.8045774647887324,0.7992187338468175,0.9415874644918583,-0.014655549755419273,1.8467271195517645,5.369470490349664
150,1,1.8603399395942688,0.4534900238116582,0.7852112676056338,0.7850029918024655,0.7852112676056338,0.7846703899773789,0.9434976843941139,0.0056929188901551075,1.823457830482059,5.142989503012763
150,2,1.7980630066659715,0.42884783777925706,0.795774647887324,0.7931729095204207,0.795774647887324,0.7897306388939753,0.9469139603520804,0.00997603733098007,1.7773379683494568,4.992898265520732
150,3,1.7769088281525507,0.43778965291049743,0.8116197183098591,0.8140249950406666,0.8116197183098591,0.8080834360043825,0.9440947252201797,0.00080568834407857,1.7504572404755487,4.901519987318251
150,4,1.8736234903335571,0.4343273474110497,0.7940140845070423,0.7888923207863163,0.7940140845070423,0.7897951838320181,0.9457969117816254,0.023746520475546595,1.815569606092241,5.231980919837952
