epoch,fold,total_loss,cross_entropy_loss,accuracy,precision,recall,f1_score,auc,r2_score,mae_loss,mse_loss
1,1,26.5084318584866,1.4062752922375996,0.2887323943661972,0.15168396288173788,0.2887323943661972,0.1636494844471708,0.4972511906814899,-15.342454908059494,8.884713225894505,85.08012771606445
1,2,13.691188865237766,1.441895114050971,0.32922535211267606,0.10838933247371553,0.32922535211267606,0.16308646581475608,0.45375303754785923,-7.509303391423533,6.065311405393812,42.272872394985626
1,3,5.543462726804945,1.3835843404134114,0.3345070422535211,0.11189496131719898,0.3345070422535211,0.16769482329332192,0.5056341803604899,-2.1395139202613613,3.3790183067321777,15.24984516037835
1,4,2.86630388100942,1.2797602547539606,0.3732394366197183,0.2758233049547174,0.3732394366197183,0.3166619528021807,0.5098754187802597,-0.24512412586303411,2.0859645009040833,6.568238814671834
2,1,2.4916601512167187,1.2427080406083002,0.4084507042253521,0.16683197778218609,0.4084507042253521,0.23690140845070423,0.49141602727168887,-0.023551188766564035,1.8622382415665522,5.405881656540765
2,2,2.387149797545539,1.235365503364139,0.4014084507042254,0.2177167393447279,0.4014084507042254,0.23481334612286495,0.4898458695548329,-0.012106117315481058,1.792410519387987,5.074646234512329
2,3,2.350140108002557,1.2482714255650837,0.38028169014084506,0.31087678553591047,0.38028169014084506,0.21486501423213128,0.5172442953017686,0.02376089136539883,1.7578460905287001,4.921166870329115
2,4,2.502440525425805,1.2454224758678012,0.41725352112676056,0.2679350295320309,0.41725352112676056,0.2556239445192151,0.48834036366424277,-0.027640322940926332,1.855119612481859,5.435482422510783
3,1,2.454218029975891,1.231313513384925,0.40669014084507044,0.1664058424621805,0.40669014084507044,0.2361755010664739,0.5098572423367773,-0.00694831586957112,1.8515028092596266,5.307661785019769
3,2,2.3870511054992676,1.2361858818266127,0.39436619718309857,0.269543320529236,0.39436619718309857,0.24492216456634544,0.47769522348154575,-0.015071646136738615,1.7892729176415338,5.072403139538235
3,3,2.3513318565156727,1.2483590775065951,0.375,0.26317767491197713,0.375,0.28270091455714025,0.49094896052159215,0.0004406504516082377,1.755334238211314,4.924934824307759
3,4,2.468755258454217,1.2350976400905185,0.4225352112676056,0.31661120569571277,0.4225352112676056,0.27642868706491824,0.5445131953204847,-0.021653547248698946,1.8412445651160345,5.3472896284527245
4,1,2.4563995930883618,1.2347738610373602,0.40669014084507044,0.16669984571741403,0.40669014084507044,0.23647146034099334,0.5045923061065268,-0.022845325442138353,1.8457331723637052,5.306859466764662
4,2,2.367757797241211,1.2309399843215942,0.39436619718309857,0.27484281909782277,0.39436619718309857,0.27447187412640506,0.5216116143003793,-0.0035107405053291796,1.7797669503423903,5.020332561598884
4,3,2.352293895350562,1.25019860929913,0.3714788732394366,0.24531787935699118,0.3714788732394366,0.23754595883041119,0.48528673995276334,-0.01786818751680408,1.7581625117195978,4.923849291271633
4,4,2.478578918510013,1.2444022364086575,0.41725352112676056,0.2843490954672579,0.41725352112676056,0.29163036512216517,0.48689362628055877,-0.003299091730152748,1.8439369665251837,5.358324302567376
5,1,2.4488542477289834,1.2338709897465177,0.3996478873239437,0.2059922032193159,0.3996478873239437,0.2364823752147696,0.5120195856298603,-0.015113358053848946,1.8432679573694866,5.283814946810405
5,2,2.3558642665545144,1.2278248336580064,0.40492957746478875,0.2792921764161612,0.40492957746478875,0.2536865007777439,0.516387014310839,-0.004475479981645769,1.776838117175632,4.987956033812629
5,3,2.3446332216262817,1.2507521245214674,0.3609154929577465,0.25511771610052464,0.3609154929577465,0.2976000968958716,0.4954234501481457,-0.009848980461836465,1.751810544066959,4.8970222208235
5,4,2.479779382546743,1.2399295700920954,0.40316901408450706,0.2754810512692523,0.40316901408450706,0.30228435779736723,0.5195270185579329,-0.0031402753296143615,1.8426152401500278,5.372762004534404
6,1,2.451208962334527,1.2391127546628316,0.4084507042253521,0.3313125217737521,0.4084507042253521,0.23995532650091583,0.49924198975858347,-0.02382233759087926,1.8444046643045213,5.279433290163676
6,2,2.3705946538183422,1.232140342394511,0.375,0.26944347307520583,0.375,0.31251222613458524,0.5315119579920746,-0.0008435861021613977,1.7815164526303608,5.026987857288784
6,3,2.3379886746406555,1.247094492117564,0.36971830985915494,0.26228686751974994,0.36971830985915494,0.2574401586285389,0.5027865473580604,-0.020229947324773123,1.7519699070188735,4.883408255047268
6,4,2.4704832898245916,1.2377749880154927,0.41901408450704225,0.28334854627090805,0.41901408450704225,0.2754203749021663,0.5134808019430934,-0.016126872991332863,1.8360339535607233,5.3468025128046675
7,1,2.4451390968428717,1.23046522670322,0.40492957746478875,0.2731225137082034,0.40492957746478875,0.27330650570087184,0.5280088777393761,-0.010716343984632282,1.8421687417560153,5.279378016789754
7,2,2.386550201310052,1.2355931798617046,0.352112676056338,0.2458663184492374,0.352112676056338,0.2835208728588354,0.4997167669562833,-0.004407992701863206,1.787732912434472,5.072116441196865
7,3,2.3347990380393133,1.245997150739034,0.3767605633802817,0.27184856689815656,0.3767605633802817,0.26645881637235536,0.5084850246145234,-0.010182709180076355,1.7523013220893011,4.875336607297261
7,4,2.482052935494317,1.2412310640017192,0.4119718309859155,0.2952531953948732,0.4119718309859155,0.3415451838736226,0.5094125762954875,-0.023105142964506165,1.8466564218203227,5.377303984430101
8,1,2.4342563615904913,1.230735421180725,0.4014084507042254,0.19908438083699329,0.4014084507042254,0.23807228773915742,0.5403776926015186,-0.02354380570724013,1.8356274167696636,5.242471747928196
8,2,2.3647156291537814,1.2276901536517673,0.40316901408450706,0.28074004958182364,0.40316901408450706,0.2778649106434856,0.5305417639443426,-0.005814435990112887,1.779701656765408,5.017774899800618
8,3,2.3493842283884683,1.2464947832955255,0.375,0.26676981907428055,0.375,0.25882662624664093,0.5257968292271888,-0.0023134931442396756,1.7581471999486287,4.922792858547634
8,4,2.4676924546559653,1.2364854084120855,0.397887323943662,0.2531810581800663,0.397887323943662,0.2816432178660331,0.517204556613386,-0.008971111740607496,1.840546237097846,5.340508725908068
9,1,2.4367623461617365,1.2274716364012823,0.4137323943661972,0.30226070616209555,0.4137323943661972,0.3106011106766517,0.5207747931016924,-0.0003731286633639197,1.8394358621703253,5.2584404680464
9,2,2.3512575493918524,1.2226470046573215,0.3873239436619718,0.2720737276329415,0.3873239436619718,0.2919175617082778,0.5330887646383293,-0.009671058900831309,1.775675164328681,4.98468193742964
9,3,2.3387469318177967,1.245425972673628,0.3890845070422535,0.2827329360780065,0.3890845070422535,0.29409808169966944,0.5178462439916682,-0.003519508310172448,1.751220895184411,4.889829066064623
9,4,2.471275349458059,1.2360119223594666,0.4154929577464789,0.2942917874070579,0.4154929577464789,0.3351579386872446,0.5286818777317934,-0.015264887325028065,1.8392034106784396,5.353556474049886
10,1,2.462430066532559,1.234147118197547,0.4119718309859155,0.3000929628403331,0.4119718309859155,0.2568235737182761,0.5271998473529633,-0.005120519186927686,1.849943048424191,5.328423367606269
10,2,2.3740945855776467,1.2371902532047696,0.34507042253521125,0.24543817663347037,0.34507042253521125,0.28509948580371114,0.5082918873335954,-0.025737018476736262,1.7856979502571955,5.026871230867174
10,3,2.3633984658453198,1.2569856577449374,0.3767605633802817,0.2696061504160096,0.3767605633802817,0.2543595760556975,0.47107446832804856,-0.02738887656818778,1.7621822026040819,4.945028172598945
10,4,2.486349516444736,1.2346527443991766,0.4084507042253521,0.26927826725980886,0.4084507042253521,0.2849551385010028,0.5363191783207262,-0.016692748751777176,1.8490142756038241,5.406975176599291
11,1,2.4540863964292736,1.2257370154062908,0.4154929577464789,0.3022162797860723,0.4154929577464789,0.30133579253297554,0.5290134396363595,-0.002581080956969739,1.8514671723047893,5.32023478878869
11,2,2.3480147586928473,1.2220952577061124,0.4154929577464789,0.30961895203424245,0.4154929577464789,0.29394830001514466,0.5532817399017491,-0.0034867944584742183,1.7728411224153307,4.975160161654155
11,3,2.343109495109982,1.2454165948761835,0.3714788732394366,0.2626519935740302,0.3714788732394366,0.3062060649353933,0.511518101091344,-0.0036617087185031316,1.7504557371139526,4.904392798741658
11,4,2.473093820942773,1.2332909637027316,0.4084507042253521,0.27839859766173747,0.4084507042253521,0.3147824686231525,0.5553291862023326,0.0020868542713385896,1.8416875335905287,5.365966942575243
12,1,2.4390107525719538,1.2195666233698528,0.4084507042253521,0.28620923430166567,0.4084507042253521,0.292385663185462,0.5560282056161266,-0.00605623655809584,1.846015214920044,5.284380197525024
12,2,2.3525944418377347,1.22401182519065,0.3908450704225352,0.28023761645412393,0.3908450704225352,0.3220434906471303,0.5487092403167313,-0.0073737521412577944,1.7731202575895522,4.985953715112474
12,3,2.344549410872989,1.236761788527171,0.4278169014084507,0.30978144834511384,0.4278169014084507,0.3349450834808032,0.5595729044987182,-0.0035932441012214156,1.7579644852214389,4.929387079344855
12,4,2.466683679156833,1.2310068673557706,0.40669014084507044,0.2778454159608104,0.40669014084507044,0.3072653962366379,0.5330584573511297,-0.004222340232680866,1.841291195816464,5.349929332733154
13,1,2.437896450360616,1.2259219421280756,0.4084507042253521,0.2917085025961305,0.4084507042253521,0.3259153269393143,0.5419414267325876,0.0028140984395018664,1.8416705462667677,5.265836901134914
13,2,2.352263424131605,1.2172371413972642,0.42077464788732394,0.30243720039852495,0.42077464788732394,0.3349327212453758,0.5566183079764633,-0.007409026904107163,1.7755764325459797,5.000657849841648
13,3,2.331958187950982,1.2398096256785922,0.375,0.2670973955291897,0.375,0.3119637388477417,0.5394677572908524,-0.0023855434309025814,1.7480159203211467,4.880304614702861
13,4,2.472465455532074,1.232738773028056,0.40669014084507044,0.2871858595220506,0.40669014084507044,0.32974811519095215,0.5371643455085864,-0.011886107797688394,1.8434094323052301,5.36516088909573
14,1,2.4189966519673667,1.2157649596532185,0.4119718309859155,0.2756743054709057,0.4119718309859155,0.2754025452904655,0.567943786291938,0.00020328506436673166,1.8319153189659119,5.226537042193943
14,2,2.377097043726179,1.2295687132411532,0.3785211267605634,0.27707876099568474,0.3785211267605634,0.31995008726391494,0.533070917759426,-0.01884956199823984,1.7832861476474338,5.0546629428863525
14,3,2.337086684174008,1.2343561781777277,0.40316901408450706,0.28446906549157114,0.40316901408450706,0.33149365275826015,0.5324808941443416,-0.01850337043229522,1.7573052379820082,4.91012442111969
14,4,2.4789043731159635,1.2279428574774,0.42077464788732394,0.29948924532954635,0.42077464788732394,0.3465816543509937,0.5578848275315265,-0.012223505385083655,1.8466274274720087,5.3978144195344715
15,1,2.435033493571811,1.2209156619177923,0.41901408450704225,0.3041099053336412,0.41901408450704225,0.3126400098468464,0.556077168577916,-0.008847394998135139,1.8386555446518793,5.267974985970391
15,2,2.343670950995551,1.207622766494751,0.4154929577464789,0.30041026035330715,0.4154929577464789,0.34762231928154286,0.5691182774909704,-0.010189913287121266,1.778642025258806,4.994449893633525
15,3,2.340592020087772,1.2346284455723233,0.4137323943661972,0.29279041559962465,0.4137323943661972,0.34213776462766726,0.5671963471647716,-0.017157642238177173,1.756245169374678,4.92117354604933
15,4,2.45437310801612,1.218876752588484,0.4225352112676056,0.30480038880368604,0.4225352112676056,0.35371640533010756,0.5558515141265484,-0.017406254728425496,1.8396466109487746,5.33719786008199
16,1,2.425632370842828,1.218029538790385,0.4295774647887324,0.3152963919241579,0.4295774647887324,0.3524713282043158,0.5580886140540852,-0.00701127606267038,1.8334551122453477,5.243372188674079
16,2,2.3630750444200306,1.214614748954773,0.426056338028169,0.3089014859630739,0.426056338028169,0.35728576902554404,0.5552358810120238,0.010361216897813774,1.7830581267674763,5.042815499835545
16,3,2.3282081484794617,1.2300459875000849,0.4225352112676056,0.2988086327514588,0.4225352112676056,0.3487376416923517,0.5659582249875461,-0.017506737745612844,1.7469574411710103,4.890586429172092
16,4,2.4458130399386087,1.2194036444028218,0.4225352112676056,0.30795323371832267,0.4225352112676056,0.35624193746187033,0.5825647020615247,0.0011170242177657164,1.8340213232570224,5.307434850268894
17,1,2.435011373625861,1.2139240437083774,0.44014084507042256,0.32121299147739063,0.44014084507042256,0.3402253575698348,0.5743744945060976,-0.010332161405829154,1.8427585297160678,5.284214840994941
17,2,2.3471235235532126,1.2190506060918171,0.42077464788732394,0.3073111688220497,0.42077464788732394,0.3551602675047136,0.5705811499874575,-0.0023112345795315292,1.7725718816121419,4.979293518596226
17,3,2.3245150910483465,1.2182751430405512,0.43661971830985913,0.30977287372165124,0.43661971830985913,0.36196371590553345,0.5806720039761445,-0.014796742948399055,1.7506070269478693,4.905741466416253
17,4,2.4780121975474887,1.2229844133059184,0.45774647887323944,0.33120321516301104,0.45774647887323944,0.3841000254491238,0.5584435518154109,-0.013030149791406487,1.8469034764501784,5.406410217285156
18,1,2.4188551108042398,1.194358421696557,0.43485915492957744,0.31161509740859855,0.43485915492957744,0.3582588516416607,0.5967524930089401,-0.018803610189741526,1.8409975237316556,5.276013943884108
18,2,2.34901405705346,1.2022500303056505,0.4524647887323944,0.3322084191523436,0.4524647887323944,0.3830711073677249,0.592544854085952,-0.00159724838574693,1.7816597090827093,5.024796631601122
18,3,2.31802859571245,1.2222145994504292,0.4084507042253521,0.2930929688887601,0.4084507042253521,0.34085920005391107,0.5639023516372672,-0.000750181968642849,1.748870889345805,4.874927851888868
18,4,2.4451336595747204,1.2006239891052246,0.45598591549295775,0.330494294114312,0.45598591549295775,0.3831725401712362,0.5968122776433991,-0.01506150184563082,1.8417040838135614,5.348989301257664
19,1,2.4315980474154153,1.2156225509113736,0.44014084507042256,0.3166048903707331,0.44014084507042256,0.36165262969345896,0.5809627360554752,-0.011531203966774983,1.8435286084810893,5.268873982959324
19,2,2.332357989417182,1.1910722785525851,0.46830985915492956,0.34108677488660777,0.46830985915492956,0.3942576712852938,0.5898538819842163,-0.0006880857427877807,1.7766724162631564,4.995357910792033
19,3,2.3049146268102856,1.201116422812144,0.448943661971831,0.32417840375586854,0.448943661971831,0.375233804483214,0.6019733574722279,-0.008218999878902844,1.7497197919421725,4.880443705452813
19,4,2.4474769963158503,1.1942585839165583,0.448943661971831,0.3258030780606366,0.448943661971831,0.37757724772578594,0.6109302034814617,0.0002539885815761034,1.8471357888645596,5.371653159459432
20,1,2.4036596881018744,1.1817318201065063,0.4471830985915493,0.32557113330532356,0.4471830985915493,0.3757738233093025,0.6135235222126465,-0.00858448945378254,1.8373182084825304,5.254824585384792
20,2,2.3351818720499673,1.1944770216941833,0.448943661971831,0.3423122623044376,0.448943661971831,0.3828391928637503,0.5932867926581432,-0.005358556245311785,1.774619049496121,4.996826463275486
20,3,2.3217818339665732,1.192252516746521,0.45598591549295775,0.32394833872112583,0.45598591549295775,0.3784440731049036,0.6137342495458289,-0.008057839232749275,1.76025962167316,4.957350095113118
20,4,2.432026856475406,1.1814595659573872,0.4647887323943662,0.34267215636277465,0.4647887323943662,0.3933919128414845,0.6101364218147529,-0.014986477245381824,1.837621483537886,5.35001704427931
21,1,2.3976641098658242,1.1725865933630202,0.4471830985915493,0.3290023034520516,0.4471830985915493,0.3790484844551178,0.6129143205513237,-0.006106315451394728,1.837452491124471,5.256178114149305
21,2,2.3341933687527976,1.1833538081910875,0.43133802816901406,0.3206983308240758,0.43133802816901406,0.3666497013577528,0.5845858988065853,-0.01706230136349074,1.7837240232361689,5.019485553105672
21,3,2.306026432249281,1.184945437643263,0.4507042253521127,0.3218521248379364,0.4507042253521127,0.37550992727651156,0.6156079565868049,-0.01878265455149064,1.7598963114950392,4.921881927384271
21,4,2.4488665792677136,1.1712715691990323,0.45422535211267606,0.34792287378114845,0.45422535211267606,0.3885207965780919,0.6262517622233968,-0.012226345944122308,1.8599935438897874,5.429921415117052
22,1,2.4145276149113974,1.1659170190493267,0.4823943661971831,0.35496452843554027,0.4823943661971831,0.4088948543614036,0.6257172192364239,-0.021075544453447836,1.8488338589668274,5.327952133284675
22,2,2.3407396939065723,1.176424976852205,0.4647887323943662,0.34313437270570624,0.4647887323943662,0.3941448248708117,0.6116457575915518,-0.013530815879879476,1.789560125933753,5.05747385819753
22,3,2.287716786066691,1.177336768971549,0.4841549295774648,0.35275250306338735,0.4841549295774648,0.4051435552571125,0.6211211933686842,-0.010900540880542264,1.747199449274275,4.878603325949775
22,4,2.439577327834235,1.1832007699542575,0.4735915492957746,0.352089097082495,0.4735915492957746,0.40222987045077485,0.6129769405404896,-0.012733975567225109,1.8432093858718872,5.371122439702352
23,1,2.400671203931173,1.1574492322074041,0.4876760563380282,0.35932753122508637,0.4876760563380282,0.4137622364099304,0.6359301004390915,-0.005507706042051863,1.8475924796528287,5.3015223079257545
23,2,2.3280299637052746,1.161624875333574,0.4859154929577465,0.3651353923471116,0.4859154929577465,0.4142894424238933,0.6095368044341466,-0.02296565925433347,1.7908575667275324,5.049641648928325
23,3,2.3039747609032526,1.162251787053214,0.4735915492957746,0.346012725452407,0.4735915492957746,0.3970694672392483,0.629055822227006,-0.034989127283542976,1.7739190061887105,4.967994901869032
23,4,2.4214352700445385,1.1407569017675188,0.4735915492957746,0.36324912451593605,0.4735915492957746,0.40523367397762805,0.6379833710824396,-0.021129871129994315,1.8538455300860934,5.409684658050537
24,1,2.3856355084313288,1.1361840433544583,0.5070422535211268,0.3746480634243068,0.5070422535211268,0.43087916778835456,0.6443278025929149,0.004127988799838889,1.8474667138523526,5.301022079255846
24,2,2.3075395623842874,1.1575840446684096,0.4788732394366197,0.3538158041051313,0.4788732394366197,0.40653807416653737,0.6313041869782234,-0.013381820426973112,1.7774204876687791,4.990768909454346
24,3,2.2904966274897256,1.153290526734458,0.4841549295774648,0.35625286270468337,0.4841549295774648,0.405803845944691,0.6449289331911671,-0.011048177057255693,1.7568347189161513,4.943977422184414
24,4,2.424989024798075,1.1495835549301572,0.4841549295774648,0.3629465843299694,0.4841549295774648,0.41151470456308475,0.6321835155923321,-0.008288560898391584,1.846727232138316,5.400934961107042
25,1,2.376079042752584,1.1389302843146853,0.4788732394366197,0.35318796839005046,0.4788732394366197,0.4065377410716585,0.6400069357223017,-0.00930377882984379,1.8361961642901103,5.262759248415629
25,2,2.3048968844943576,1.1418262720108032,0.4630281690140845,0.34958080192061297,0.4630281690140845,0.39526659668828473,0.6367932050951586,-0.012089819657201017,1.7828834387991164,5.0187281767527265
25,3,2.2917873528268604,1.1708236303594377,0.46830985915492956,0.342338401010847,0.46830985915492956,0.39264626872201375,0.622820122650098,-0.006935113139763693,1.7556893693076239,4.907369216283162
25,4,2.400231573316786,1.1297092934449513,0.4735915492957746,0.3589306472808141,0.4735915492957746,0.4038655084197802,0.6533110791859484,-0.0057242702671942425,1.8445600668589275,5.364783459239536
26,1,2.3984004259109497,1.1400213009781308,0.4964788732394366,0.3632994325614091,0.4964788732394366,0.4188828922036573,0.6526563503491577,-0.026324881400220823,1.855196926328871,5.334618184301588
26,2,2.2994110584259033,1.1357565489080217,0.4876760563380282,0.36703158237588596,0.4876760563380282,0.4158006984999427,0.6509836084245337,-0.017738175075635354,1.7808650599585638,5.014604806900024
26,3,2.2518088817596436,1.1212576164139643,0.49295774647887325,0.35647170385489596,0.49295774647887325,0.41260984757464436,0.662630662117685,-0.0241883592791845,1.753901673687829,4.889761726061503
26,4,2.406522214412689,1.140659620364507,0.477112676056338,0.36515465185180473,0.477112676056338,0.4083072631351998,0.6586065486534618,-0.021767233439510703,1.8451696700519986,5.360201411777073
27,1,2.381498866611057,1.141312324338489,0.4894366197183099,0.36445743719071183,0.4894366197183099,0.41738393322900363,0.639850757379629,-0.018142931202659307,1.8448258108562894,5.275267190403408
27,2,2.2881249454286365,1.1318963401847415,0.4894366197183099,0.3698381461562574,0.4894366197183099,0.41760872665789106,0.6447630507261297,-0.0044951440754199545,1.7756956617037456,4.985991583930121
27,3,2.278633733590444,1.1402496298154194,0.46830985915492956,0.33548862620165437,0.46830985915492956,0.39071325716661964,0.6417702793718456,-0.013461459294373146,1.7658244570096333,4.934863156742519
27,4,2.4014028244548373,1.1323134634229872,0.4964788732394366,0.5705835545998603,0.4964788732394366,0.42401486539210115,0.6454118423176454,-0.01999869705795998,1.8426694605085585,5.362611227565342
28,1,2.37196147441864,1.1169826322131686,0.5017605633802817,0.3805507416860097,0.5017605633802817,0.43034043584627657,0.6760005422229912,-0.022477255153360742,1.8484002219306097,5.300245364507039
28,2,2.2881472773022122,1.1222462289863162,0.49471830985915494,0.370245353039576,0.49471830985915494,0.4215753722879506,0.6550302745542421,-0.004463274335885892,1.7815067172050476,5.0085829099019366
28,3,2.247521632247501,1.1166463527414534,0.5176056338028169,0.3747046913099565,0.5176056338028169,0.43338696997048,0.6807367119676073,-0.003576309826959445,1.7475360367033217,4.886230521731907
28,4,2.3876046737035117,1.1060308549139235,0.5088028169014085,0.5909183608437958,0.5088028169014085,0.4382764530440121,0.6769411838217116,-0.02539501762098606,1.8413602312405903,5.377943409813775
29,1,2.3735053406821356,1.1214694049623277,0.5,0.3710067214540619,0.5,0.4257233776322089,0.6622780479943712,-0.011698185778695747,1.8456490834554036,5.2949223385916815
29,2,2.2917250858412848,1.105552762746811,0.49295774647887325,0.3665337878192221,0.49295774647887325,0.4201504813668404,0.6578811726566256,-0.020383944450622637,1.7891674505339727,5.059460361798604
29,3,2.258996387322744,1.1204347014427185,0.4788732394366197,0.35578261255460103,0.4788732394366197,0.40355554568032076,0.6686118790598129,-0.004209018099928352,1.7525455554326375,4.915640089246962
29,4,2.3848378459612527,1.1108851035435994,0.477112676056338,0.38698890303400074,0.477112676056338,0.41240865230615065,0.6855435331151591,-0.014782279450786584,1.8360064956876967,5.357394033008152
30,1,2.37530247370402,1.1178389887015026,0.5140845070422535,0.4815937064299693,0.5140845070422535,0.4416478678468325,0.6585515107368157,-0.019998223955664862,1.8521923422813416,5.309383869171143
30,2,2.302824079990387,1.1398161980840895,0.49295774647887325,0.3649183450651835,0.49295774647887325,0.418501036650274,0.6391204213385331,-0.012761649056306945,1.7801552812258403,5.0165089633729725
30,3,2.2679455412758722,1.1196981602244906,0.48063380281690143,0.3482856985730656,0.48063380281690143,0.4026653655846473,0.6766990264993937,-0.005294256414953624,1.7602459126048617,4.9471893310546875
30,4,2.389153652720981,1.1188955472575293,0.4894366197183099,0.44978287782426846,0.4894366197183099,0.4241281796022765,0.6701682134802898,-0.015394566494062456,1.8424603740374248,5.353088868988885
31,1,2.3580089145236545,1.094825741317537,0.5299295774647887,0.4831126365687434,0.5299295774647887,0.4611830322779138,0.6776728842981742,-0.00618819336119536,1.8488601313696966,5.305436068110996
31,2,2.303374058670468,1.1435999506049686,0.49119718309859156,0.35970428535001275,0.49119718309859156,0.415290565419197,0.6565888310278137,-0.02268420883197697,1.7798900206883748,5.009513550334507
31,3,2.2477067642741733,1.1108459101782904,0.49295774647887325,0.36426634340202707,0.49295774647887325,0.4150330823254746,0.6765667321448839,-0.015976959245953548,1.749157726764679,4.900381962458293
31,4,2.397951086362203,1.10325198703342,0.5052816901408451,0.4531438696935029,0.5052816901408451,0.4391489729582691,0.6922714352219548,-0.020533733094544093,1.8529780175950792,5.418915430704753
32,1,2.329480939441257,1.0705004235108693,0.5334507042253521,0.49083668678739106,0.5334507042253521,0.4613430570889472,0.7062676476039965,-0.007163766107755931,1.8403365082210965,5.267101976606581
32,2,2.290002591080136,1.1091084877649944,0.5052816901408451,0.38820282206905404,0.5052816901408451,0.43360373985413825,0.6782395774044305,-0.015576925433720579,1.7882487376530964,5.0454221036699085
32,3,2.254595696926117,1.0929898122946422,0.5035211267605634,0.44855754033374784,0.5035211267605634,0.4256738796683286,0.6948627907663141,-0.02808273127077454,1.7737336423661973,4.965009318457709
32,4,2.406688564353519,1.1190443734327953,0.4982394366197183,0.49406174420258914,0.4982394366197183,0.4323521552106758,0.6672022497279224,-0.006385160820914448,1.8502663837538824,5.411191463470459
33,1,2.345201392968496,1.0791251295142703,0.551056338028169,0.5219902749832328,0.551056338028169,0.47557674287453944,0.6993503355797601,-0.012605257668339753,1.8470348252190485,5.299379136827257
33,2,2.27479080359141,1.0969240996572707,0.5369718309859155,0.5347908346693531,0.5369718309859155,0.4619421411697361,0.6799395005265041,-0.022387363153671958,1.7782476676834955,5.023146351178487
33,3,2.2210198044776917,1.0710099405712552,0.5299295774647887,0.39391532119546546,0.5299295774647887,0.4468296264070911,0.7170878879413863,-0.005495936855788752,1.7481905155711703,4.904376109441121
33,4,2.365148742993673,1.082936406135559,0.5211267605633803,0.5429653436566869,0.5211267605633803,0.4586296263070283,0.69856288994186,-0.007208850595269212,1.8416669368743896,5.356977330313788
34,1,2.3656004534827337,1.0983437796433766,0.5264084507042254,0.4880287054645527,0.5264084507042254,0.4565747041207548,0.6737115564056715,-0.026534343306252817,1.8539304534594219,5.322532508108351
34,2,2.2739857302771673,1.0787032941977184,0.5140845070422535,0.5845496365288505,0.5140845070422535,0.43930897390562784,0.7031277818407722,-0.004548713024852935,1.7840907043880887,5.062977949778239
34,3,2.232190728187561,1.0760925379064348,0.5404929577464789,0.509351401436999,0.5404929577464789,0.4703526867728107,0.7018217979396714,-0.020080354607131756,1.75887797276179,4.929753025372823
34,4,2.402893728680081,1.1281045642164018,0.5105633802816901,0.41550356535637073,0.5105633802816901,0.44329997145481465,0.6804181772406092,-0.008385809932399457,1.8508547478251987,5.377401577101813
35,1,2.3324902521239386,1.0572330984804366,0.5563380281690141,0.5750524745789322,0.5563380281690141,0.48700821240052866,0.7101277456173845,-0.021424483738912814,1.854743116431766,5.308090117242601
35,2,2.2650857700241938,1.080377095275455,0.5316901408450704,0.55952802253037,0.5316901408450704,0.4628967364982871,0.7087202234730666,-0.007615874336608153,1.7826544774903192,5.029405898518032
35,3,2.2292736636267767,1.0620049403773413,0.5352112676056338,0.5017148632723762,0.5352112676056338,0.45251160758623665,0.709511099142556,-0.0017533119573485134,1.7565962341096666,4.952900515662299
35,4,2.3802760707007513,1.0927843153476715,0.5140845070422535,0.4749882025032872,0.5140845070422535,0.4486372186430043,0.6848922617844853,-0.0071392556696916465,1.8444359699885051,5.384423322147793
36,1,2.323984464009603,1.067975143591563,0.5475352112676056,0.5173100797341103,0.5475352112676056,0.4828362091902813,0.7030732600274553,0.0006358906928274344,1.8382449878586664,5.254672712749905
36,2,2.2791466116905212,1.1004243360625372,0.522887323943662,0.39500009010183623,0.522887323943662,0.4461300345792047,0.6958043130978762,-0.021754045000519806,1.7812564306788974,5.029498431417677
36,3,2.2147703104548984,1.048037052154541,0.5264084507042254,0.4327073198191633,0.5264084507042254,0.45022797907474305,0.7197989003714059,-0.002043400641431825,1.759924934970008,4.937147816022237
36,4,2.3614328967200384,1.0769495632913377,0.5316901408450704,0.49852780554528714,0.5316901408450704,0.46778950908297184,0.6885716699165534,-0.0036415743745596973,1.842992901802063,5.358560469415453
37,1,2.3222062389055886,1.0417682462268405,0.5651408450704225,0.5621375310687655,0.5651408450704225,0.48804783219087916,0.7277919506720374,-0.011265887622912807,1.8459234303898282,5.309894667731391
37,2,2.24186415804757,1.0520762701829274,0.5545774647887324,0.5137375660474169,0.5545774647887324,0.47682446367818926,0.7041066147553727,-0.018978450976024686,1.7828038268619113,5.018035809199016
37,3,2.209679020775689,1.0530659324593015,0.551056338028169,0.4735337290056873,0.551056338028169,0.4788821966852465,0.7088441751632986,-0.011110930021464238,1.7528823614120483,4.908442695935567
37,4,2.3638108174006143,1.0593753622637854,0.5404929577464789,0.47126973295978214,0.5404929577464789,0.4776415848029352,0.7166500732460375,-0.007294377925479267,1.8537893295288086,5.407493273417155
38,1,2.3118308318985834,1.0322188370757632,0.5669014084507042,0.5240560168257279,0.5669014084507042,0.48794533425288267,0.7219057099006355,-0.01656961287259473,1.843095103899638,5.297591924667358
38,2,2.2269000344806247,1.0367368062337239,0.5299295774647887,0.5346579635042962,0.5299295774647887,0.4576437043346944,0.7250941407072016,-0.011080880557076345,1.777982923719618,5.003947469923231
38,3,2.228833125697242,1.0774235592948065,0.5140845070422535,0.4256534358846542,0.5140845070422535,0.4440004845109603,0.703784422324597,-0.003844150274208369,1.7583478159374661,4.915455169147915
38,4,2.3643325169881186,1.066398623916838,0.5211267605633803,0.4569267475092195,0.5211267605633803,0.46173839779933873,0.719217058681606,-0.00816740080111833,1.8482050564554002,5.392844796180725
39,1,2.335770931508806,1.0591782463921442,0.5387323943661971,0.5044574273093453,0.5387323943661971,0.4770699643358447,0.7080736157135675,-0.005185764122161762,1.8532647954093084,5.314486993683709
39,2,2.2519508136643305,1.0619270039929285,0.5352112676056338,0.5419820748333416,0.5352112676056338,0.4676098923419668,0.7168245438914744,-0.005126184044287108,1.7798820336659749,5.0286728673511085
39,3,2.2179396284951105,1.0456450780232747,0.522887323943662,0.4724952144305807,0.522887323943662,0.4647092324957286,0.7294157618207522,-0.013172919756056833,1.7630895508660211,4.953293455971612
39,4,2.348109397623274,1.0576086673471663,0.528169014084507,0.4651506714706845,0.528169014084507,0.46088699698622987,0.7121122268713815,-0.0031916690630593436,1.8412351740731134,5.35927767223782
40,1,2.325081725915273,1.0580318371454875,0.5334507042253521,0.4678211040436166,0.5334507042253521,0.46195627354862967,0.7220439927915725,-0.022869287461989574,1.8444766071107652,5.28153117497762
40,2,2.2452671792772083,1.0500784483220842,0.5299295774647887,0.4913767077943805,0.5299295774647887,0.4627134708826836,0.7157424629554012,-0.023877266672164055,1.7814712988005743,5.0340407556957665
40,3,2.1983595159318714,1.03654036588139,0.5545774647887324,0.5674495838668374,0.5545774647887324,0.473007392875414,0.7322726016858744,-0.009660440284776417,1.7547699014345806,4.909270683924357
40,4,2.370157175593906,1.0721060733000438,0.5387323943661971,0.5208216339253416,0.5387323943661971,0.47626800064645725,0.704761865820681,-0.01825174886597325,1.852524095111423,5.398942867914836
41,1,2.3104969527986317,1.0395060082276661,0.551056338028169,0.5149120087400715,0.551056338028169,0.48046742195412745,0.7235768614721187,-0.003670404534249938,1.8406633933385212,5.2761422925525245
41,2,2.2158901360299854,1.0239650640222762,0.5369718309859155,0.49875596691034946,0.5369718309859155,0.45871828854070745,0.7386570718004001,0.0017253835769019954,1.7755844924185011,4.9970484839545355
41,3,2.19553937514623,1.0201572742727067,0.5545774647887324,0.5049731856222976,0.5545774647887324,0.48684492145824826,0.7494343550937865,-0.010311089939425422,1.7642934521039326,4.938097569677565
41,4,2.3393694162368774,1.0601759983433618,0.5158450704225352,0.4733189989610868,0.5158450704225352,0.4582114694564041,0.7157922356785521,-0.009169478658605845,1.8331436514854431,5.3241538471645775
42,1,2.289959490299225,1.0041018095281389,0.5616197183098591,0.4877473133187097,0.5616197183098591,0.48524512248861296,0.7472463187863567,-0.0011984713177841666,1.843538714779748,5.290293799506293
42,2,2.1968348026275635,0.9992522464858161,0.5598591549295775,0.5067527936193562,0.5598591549295775,0.4907503486096667,0.7481173134960548,0.004826672916340424,1.7770632571644254,4.991193903817071
42,3,2.1806675526830883,1.0076762802071042,0.5616197183098591,0.5127546697296076,0.5616197183098591,0.5065367968652205,0.7528877262363814,-0.01489503524733915,1.7555874122513666,4.917646951145596
42,4,2.3201977941724987,1.0359150105052524,0.5369718309859155,0.4739505740447074,0.5369718309859155,0.48166379227747436,0.7233029593081917,-0.011942271919305414,1.8385999335183039,5.316857470406426
43,1,2.3178252710236444,1.0468114647600386,0.5598591549295775,0.5101904160002751,0.5598591549295775,0.4811029155579518,0.7248334095609026,-0.01414963017953097,1.8450726138220892,5.283523996671041
43,2,2.2635066707928977,1.065537777211931,0.5352112676056338,0.4021318141360084,0.5352112676056338,0.45702209438179014,0.7182621251998901,-0.015668728128391818,1.786185410287645,5.058767305480109
43,3,2.214003105958303,1.0246752202510834,0.5563380281690141,0.5217719972890267,0.5563380281690141,0.4911571077339212,0.7406901320411132,-0.02764649504408334,1.7648745708995395,4.9891013569302025
43,4,2.327053633001116,1.0166977908876207,0.5545774647887324,0.4877376122678097,0.5545774647887324,0.5003497024484089,0.7390895207811428,0.0034550772185348855,1.8480101890034146,5.384550452232361
44,1,2.3026694854100547,1.036420030726327,0.5669014084507042,0.5170613289476039,0.5669014084507042,0.49315561341902026,0.733524652376653,-0.019220894007554445,1.8400703337457445,5.257251448101467
44,2,2.207937035295698,1.0178427696228027,0.5528169014084507,0.48326080161208573,0.5528169014084507,0.4777478222479676,0.7388468870784816,-0.004709160888021868,1.777449005179935,4.984823518329197
44,3,2.230417231718699,1.045102596282959,0.5264084507042254,0.457705926259229,0.5264084507042254,0.4798622140393526,0.7254215497305505,-0.013042613717103801,1.7724653548664517,4.996151155895657
44,4,2.35116054614385,1.035516619682312,0.5352112676056338,0.471967800048864,0.5352112676056338,0.47251325615968465,0.7388475922741138,-0.03196552153316423,1.8553485075632732,5.420996215608385
45,1,2.2881211042404175,1.0049363805188074,0.551056338028169,0.5137649319477285,0.551056338028169,0.480821898673953,0.7570284402060385,0.0009065602232468661,1.8439597686131795,5.28221861521403
45,2,2.212421629163954,1.0135700073507097,0.5616197183098591,0.48943567548187383,0.5616197183098591,0.49285249669344977,0.7357709729778248,0.00022388869735257,1.777823997868432,5.009741915596856
45,3,2.176910844114092,1.0100676318009694,0.5651408450704225,0.5180633726095543,0.5651408450704225,0.5032699065474752,0.7556673253273647,0.0015519204903325923,1.7511026197009616,4.899544848336114
45,4,2.3257466554641724,1.037850346830156,0.5369718309859155,0.4839789245543707,0.5369718309859155,0.48520645579332494,0.7399953369754577,-0.00898045289188465,1.8366437951723735,5.330837872293261
46,1,2.3245113028420343,1.0169781843821208,0.5563380281690141,0.4920214317922601,0.5563380281690141,0.4929755021241887,0.7416866092643812,-0.028768290741872038,1.852382759253184,5.375421762466431
46,2,2.208837045563592,0.9925074643558927,0.5669014084507042,0.5675675103654929,0.5669014084507042,0.4955538865177421,0.7682867022608928,-0.01723163888285817,1.791246732076009,5.046939200825161
46,3,2.206605315208435,1.0468960934215121,0.5563380281690141,0.48394858039018873,0.5563380281690141,0.48965318165519106,0.7306744368088984,-0.018778083261254963,1.7539843254619174,4.912593311733669
46,4,2.364274945524004,1.0439418819215562,0.5492957746478874,0.4946740248956061,0.5492957746478874,0.5045698001699621,0.7386361471329616,-0.015121714334232594,1.8551584813329909,5.445051829020183
47,1,2.277979029549493,1.005920453204049,0.5721830985915493,0.535374627452735,0.5721830985915493,0.4980106992007393,0.7548493912660392,0.0018491499622428353,1.8315692411528692,5.246115512318081
47,2,2.210874875386556,1.0207604434755113,0.5422535211267606,0.4091545596371908,0.5422535211267606,0.46308055476068377,0.741960116787166,-0.01756166018658112,1.7746061086654663,4.987808452712165
47,3,2.1600588825013904,0.9790069195959303,0.5686619718309859,0.5001185056865788,0.5686619718309859,0.5078092488704582,0.7619216588633859,-0.017676669551506263,1.7567429741223652,4.915846665700276
47,4,2.3086436788241067,1.0076477494504716,0.5774647887323944,0.5185003771011544,0.5774647887323944,0.5343500843101648,0.7416569140537606,-0.009906955882409418,1.838057776292165,5.344300521744622
48,1,2.297632614771525,0.9968902203771803,0.5580985915492958,0.4820280511072524,0.5580985915492958,0.4825114603844252,0.7559023082997214,-0.01292941995458552,1.851876311832004,5.33269805378384
48,2,2.1976042787233987,0.9832550916406844,0.5580985915492958,0.49271151823015585,0.5580985915492958,0.4818538441777521,0.764225931542461,-0.01176730351655575,1.7901722921265497,5.031085570653279
48,3,2.1648947132958307,0.9703662527932061,0.573943661971831,0.496421195749561,0.573943661971831,0.5188455333585412,0.7660458009198499,-0.014202320238273725,1.7636221249898274,4.9521276288562355
48,4,2.3313500218921237,1.0261956055959065,0.5387323943661971,0.49511649359521426,0.5387323943661971,0.4888848128589836,0.7262440704325819,-0.031113207970575152,1.8434442215495639,5.376710229449802
49,1,2.2911637094285755,1.0046828422281477,0.5774647887323944,0.47947077474456357,0.5774647887323944,0.5032416313296149,0.7344813321196202,-0.017767284241951176,1.8518624703089397,5.292952193154229
49,2,2.181219286388821,0.9852197070916494,0.5616197183098591,0.6309596922620997,0.5616197183098591,0.4865402047353358,0.7569945823406463,-0.013278716604353313,1.7715225219726562,4.971884899669224
49,3,2.193307406372494,1.0156588686837091,0.5580985915492958,0.4996982433588234,0.5580985915492958,0.5100311740701432,0.7464844263784384,-0.0032367827794594906,1.7600768605868022,4.941153870688544
49,4,2.347728146447076,1.0357862843407526,0.5422535211267606,0.47808397851523154,0.5422535211267606,0.48865600100293405,0.7461073983037914,-0.028841142067393077,1.8505467242664762,5.408925626013014
50,1,2.2541698349846735,0.9747959673404694,0.5774647887323944,0.4846378356893761,0.5774647887323944,0.5012558563841543,0.7663805016303051,-0.001966281030696182,1.8337470822864108,5.239375326368544
50,2,2.2000869380103216,0.9906203150749207,0.5686619718309859,0.5313649595243547,0.5686619718309859,0.4887822783339656,0.7626578960539319,-0.008973487714891704,1.7847506999969482,5.0221755968199835
50,3,2.159317592779795,0.9803476333618164,0.5827464788732394,0.5102592260547042,0.5827464788732394,0.5083593826946484,0.7704087943450445,-0.009621553317178178,1.7585845324728224,4.91024731265174
50,4,2.328237454096476,1.0117056369781494,0.5492957746478874,0.48133820451013287,0.5492957746478874,0.5015580985915493,0.7631968353413163,-0.005185054607021344,1.842165682050917,5.400144894917806
51,1,2.286763760778639,1.0130749609735277,0.5440140845070423,0.4760870139958617,0.5440140845070423,0.4850935152531967,0.7406610675401989,-0.013694502119319996,1.8346231248643663,5.258704198731317
51,2,2.1830169690979853,0.9708297683133019,0.5827464788732394,0.5386846030858803,0.5827464788732394,0.5025046851223895,0.7638014394191193,-0.014226859461942576,1.7835964229371812,5.011453694767422
51,3,2.150191717677646,0.965528710020913,0.5669014084507042,0.4765500521935685,0.5669014084507042,0.48625974255116755,0.7701301863248015,-0.009124650660867317,1.7544594274626837,4.914405253198412
51,4,2.290944390826755,0.9706695046689775,0.5545774647887324,0.5071968684224714,0.5545774647887324,0.5134694651048886,0.7762777325123185,-0.015502087574741807,1.8449008332358465,5.37158563401964
52,1,2.260806587007311,0.9709503087732527,0.5809859154929577,0.47488394766223846,0.5809859154929577,0.5108002762222911,0.7683099768735211,0.004440195068255548,1.8404464390542772,5.2704711887571545
52,2,2.2094641658994885,1.0018619663185544,0.5440140845070423,0.48637908351968573,0.5440140845070423,0.469051272429781,0.7513932156281601,0.0009465530331289607,1.7782707346810236,5.0272025267283125
52,3,2.1400910019874573,0.9585423171520233,0.579225352112676,0.5208901476739277,0.579225352112676,0.5356842931774262,0.7682248638790401,-0.010387815081635443,1.7475557658407423,4.897037810749477
52,4,2.3153085311253867,1.0048625667889912,0.5669014084507042,0.4870053355206399,0.5669014084507042,0.5052630729587042,0.7579177163119808,-0.011143679644886273,1.8451939092742071,5.373015628920661
53,1,2.2640185091230602,0.9741323457823859,0.5616197183098591,0.4776340065687036,0.5616197183098591,0.4959684061473756,0.7706747999122744,-0.01926646426338685,1.8399988876448736,5.273752729098002
53,2,2.1474212341838412,0.9270023571120368,0.6091549295774648,0.5695738151201866,0.6091549295774648,0.5381624124551818,0.7976148903318001,-0.02097349101121826,1.7782479061020746,4.995065066549513
53,3,2.160125083393521,0.9829005234771304,0.573943661971831,0.5090469902749832,0.573943661971831,0.5106587235833301,0.7752617507770188,-0.012388186409817425,1.755856109990014,4.906982223192851
53,4,2.307121475537618,0.9913502236207327,0.5616197183098591,0.5316815488322056,0.5616197183098591,0.5251173791150571,0.7662596732425955,-0.019554752860015068,1.8496342566278245,5.377254260910882
54,1,2.256176703506046,0.952279140551885,0.602112676056338,0.5506176533020525,0.602112676056338,0.5356451384643763,0.7748051781235346,-0.00525071006613298,1.8462758461634319,5.298604170481364
54,2,2.170654628011915,0.9565317332744598,0.579225352112676,0.4441052196572329,0.579225352112676,0.49769639413242944,0.7732797485636728,0.0032858012183187846,1.774446513917711,5.0036079088846845
54,3,2.1772258083025613,1.0092804465028975,0.5598591549295775,0.5030547671052793,0.5598591549295775,0.5190158147327384,0.7583908889826432,-0.013877813420228424,1.757599651813507,4.902431514528063
54,4,2.310387545161777,0.9981592728032006,0.5492957746478874,0.5575156632343125,0.5492957746478874,0.4931310937149056,0.7620304791763584,-0.0024940706984748484,1.8448232213656108,5.372253245777554
55,1,2.249805668989817,0.9479422039455838,0.5933098591549296,0.501579161528522,0.5933098591549296,0.5206838964572846,0.7760678102948049,-0.010612118504389256,1.8481740421719022,5.287486818101671
55,2,2.1733087831073337,0.9523798061741723,0.5774647887323944,0.5164003990280949,0.5774647887323944,0.5095743186223569,0.7759488725241224,-0.006133328082195355,1.7847508788108826,5.022142807642619
55,3,2.139672815799713,0.9534747997919718,0.5598591549295775,0.4850905081132217,0.5598591549295775,0.4885875903094571,0.7838781465215829,-0.008269189642802433,1.7599108550283644,4.9074680540296765
55,4,2.2990897032949658,0.9588010377354093,0.5845070422535211,0.5219563437773318,0.5845070422535211,0.5251557850241386,0.7858539921880942,-0.02522651456978542,1.8518586489889357,5.4264297352896795
56,1,2.2530003719859653,0.9680346151192983,0.5897887323943662,0.51640843860829,0.5897887323943662,0.5352559928024634,0.7752076128169975,-0.011097887626855707,1.839164223935869,5.251253498925103
56,2,2.1900329656071134,0.985392603609297,0.573943661971831,0.532982970087917,0.573943661971831,0.5031667970782963,0.7744999445722694,-0.016017103930985543,1.7740770512157016,5.000860333442688
56,3,2.153185294734107,0.956302543481191,0.5809859154929577,0.5864787361958042,0.5809859154929577,0.5405536778948001,0.7865749284664711,-0.016207579328655353,1.7593976060549419,4.945911619398329
56,4,2.277299291557736,0.9514380262957679,0.5686619718309859,0.51112870628405,0.5686619718309859,0.5330252392494695,0.7840302430494956,-0.012190677379934733,1.8521419101291232,5.370975388420953
57,1,2.2449091143078275,0.9328968524932861,0.5704225352112676,0.5209656172794702,0.5704225352112676,0.5075869526219617,0.7917461838203733,-0.003835492269156804,1.8431084752082825,5.30627093050215
57,2,2.152602401044634,0.9414135813713074,0.5933098591549296,0.5884520313479936,0.5933098591549296,0.5324283926829853,0.7829753958469464,-0.008891660189984885,1.7748337454266019,4.978709260622661
57,3,2.1256842017173767,0.9365119304921892,0.5862676056338029,0.5315654364684187,0.5862676056338029,0.5337818667826256,0.788653446113691,-0.01416640278097403,1.7557852798038058,4.900419341193305
57,4,2.281098465124766,0.9754916694429185,0.5669014084507042,0.5649325009320075,0.5669014084507042,0.5137359566586356,0.7685475962011529,-0.02382578126190027,1.8358859088685777,5.327514158354865
58,1,2.268204847971598,0.9769527614116669,0.5669014084507042,0.5037456792339191,0.5669014084507042,0.5285614101243733,0.7673746730433109,-0.0062497046650593635,1.8423405885696411,5.28112616803911
58,2,2.168954829374949,0.9372697373231252,0.602112676056338,0.5793571589967614,0.602112676056338,0.5342384948244625,0.7939816608500343,-0.004308489404010851,1.7790365351570978,5.042886442608303
58,3,2.1595775485038757,0.9484722581174638,0.5915492957746479,0.5523697318217244,0.5915492957746479,0.5318838552511691,0.7910617494766464,-0.023477698316364037,1.776766174369388,4.985489699575636
58,4,2.2671516471438937,0.9304352005322775,0.5845070422535211,0.5377205551683139,0.5845070422535211,0.5496196524530672,0.8110150270987484,-0.011127734136071599,1.856407066186269,5.386156611972385
59,1,2.238726324505276,0.9398448301686181,0.5704225352112676,0.4938192876101116,0.5704225352112676,0.517702970079857,0.7882030631359177,-0.004622879563160209,1.8422640098465815,5.269449604882134
59,2,2.1640063987837896,0.9432660275035434,0.5880281690140845,0.5202194533032198,0.5880281690140845,0.5239844397082538,0.7726542194854302,-0.007936280929441653,1.7752931515375774,5.0124004284540815
59,3,2.1253225869602628,0.9399543272124397,0.5862676056338029,0.5147565657100498,0.5862676056338029,0.5272280493436243,0.7847116920489627,-0.016564169002261986,1.7514883942074246,4.891181733873156
59,4,2.266590436299642,0.9336571329169803,0.5774647887323944,0.5397906294325895,0.5774647887323944,0.551317169540878,0.7932468140271303,0.003954762519120525,1.8441055681970384,5.3767679532368975
60,1,2.2416212227609424,0.9426783720652262,0.5809859154929577,0.5129191316407354,0.5809859154929577,0.5385256226232316,0.7804103983710158,-0.009351932170704513,1.840997040271759,5.2724876801172895
60,2,2.18088737461302,0.9571585059165955,0.5950704225352113,0.552697968411396,0.5950704225352113,0.5355857607659502,0.7788962387206491,-0.012654899551614474,1.784375720553928,5.036254604657491
60,3,2.146336615085602,0.9547262986501058,0.579225352112676,0.5178143600934377,0.579225352112676,0.5278495621304408,0.7821287347087523,-0.006076594731147633,1.7666767636934917,4.926760527822706
60,4,2.2763985792795816,0.9406940572791629,0.5809859154929577,0.5255511878502611,0.5809859154929577,0.5440647998360499,0.7956674600282616,-0.025000004764736294,1.8467075890964932,5.393042312728034
61,1,2.256193690829807,0.9457280503378974,0.5897887323943662,0.5120770629992055,0.5897887323943662,0.530852669159433,0.7765504832373784,-0.011556766569669197,1.8526233103540208,5.313946631219652
61,2,2.134781817595164,0.9031480318970151,0.6003521126760564,0.564790280451695,0.6003521126760564,0.5345863386230258,0.8060059255924281,-0.0028551198149511237,1.7813637455304463,5.008593731456333
61,3,2.1176725559764438,0.9121814833747016,0.5845070422535211,0.5231118088676665,0.5845070422535211,0.5363165556288407,0.8022426985016833,-0.005561702573531058,1.75931230518553,4.930484890937805
61,4,2.31884147061242,0.9631457328796387,0.5651408450704225,0.5147711312697338,0.5651408450704225,0.5338380249469011,0.7758033284185596,-0.02045448665169869,1.8556966053114996,5.482131361961365
62,1,2.279610382186042,0.9770178728633456,0.579225352112676,0.5431863056824784,0.579225352112676,0.5227043342648326,0.7724073681857192,-0.02196018755182183,1.8537192145983379,5.318992641237047
62,2,2.1627800464630127,0.9280414978663126,0.602112676056338,0.5659524240662941,0.602112676056338,0.5579251434736237,0.8071118636893693,-0.01119795726311179,1.78455161386066,5.043836421436733
62,3,2.1260141332944236,0.932574126455519,0.5897887323943662,0.5283556243169193,0.5897887323943662,0.5337757326263218,0.8031267659108525,-0.011150477495008193,1.7561896178457472,4.910707314809163
62,4,2.262362817923228,0.9345466395219167,0.5774647887323944,0.5240010660421054,0.5774647887323944,0.5464342910734038,0.789047313402806,-0.0009211840862046738,1.8391793900065951,5.360600299305386
63,1,2.241694344414605,0.9282708399825625,0.5862676056338029,0.5145786870010522,0.5862676056338029,0.536752700619685,0.7907207133461889,-0.012524647566115155,1.846037162674798,5.306348959604899
63,2,2.15483687321345,0.9033860431777107,0.6003521126760564,0.5212425199557374,0.6003521126760564,0.5376204692308212,0.8039227423304779,-0.02508789853139759,1.7858101858033075,5.074888626734416
63,3,2.0940696001052856,0.8821034530798594,0.6161971830985915,0.5675468216556229,0.6161971830985915,0.5641795962852179,0.8096928363646063,-0.018602179983842504,1.7512804203563266,4.921990434328715
63,4,2.242009229130215,0.9107280936506059,0.6038732394366197,0.5871492570339469,0.6038732394366197,0.573405778736009,0.80291173180725,-0.020466862450237544,1.8348464369773865,5.34833163022995
64,1,2.230109300878313,0.9188128179974027,0.5950704225352113,0.533294574505964,0.5950704225352113,0.5499539639939106,0.7937129495427755,-0.010460197099123825,1.8446482353740268,5.289800776375665
64,2,2.159612238407135,0.9191621906227536,0.6144366197183099,0.5587781829315815,0.6144366197183099,0.5642473309909463,0.796368943495078,-0.010331557694865712,1.778685298230913,5.053995503319634
64,3,2.1366465555297003,0.9327242109510634,0.6161971830985915,0.5532524471528524,0.6161971830985915,0.5634730165928987,0.7941277873638487,-0.004831350208434504,1.7547674708896213,4.945798436800639
64,4,2.2741386824183993,0.9085267649756538,0.6144366197183099,0.5662756095932009,0.6144366197183099,0.5684581822379106,0.8110983930591318,-0.020651534615768297,1.8573084341155157,5.460566335254246
65,1,2.2173115015029907,0.9090808497534858,0.5985915492957746,0.531348260278624,0.5985915492957746,0.5486611198632123,0.8049929512584548,-0.005375117468745527,1.8415494759877522,5.269849459330241
65,2,2.107318494055006,0.8738890124691857,0.6197183098591549,0.5695146672497349,0.6197183098591549,0.5620092673886177,0.8157910931548393,-0.001641017465988437,1.7755062845018175,4.985320462120904
65,3,2.1235180695851645,0.9064463112089369,0.6003521126760564,0.5808895662532408,0.6003521126760564,0.564403730072744,0.8046315082933841,-0.011858518257225947,1.762630495760176,4.963352004686992
65,4,2.2280105153719583,0.8727938830852509,0.6144366197183099,0.5754908237302604,0.6144366197183099,0.5818075117370891,0.8311653649577374,0.0002896140689114812,1.846533629629347,5.390182375907898
66,1,2.2199227147632175,0.9088810947206285,0.6091549295774648,0.5734247028809637,0.6091549295774648,0.5767138182868867,0.7929921332428123,-0.01112176472608617,1.8440639045503404,5.2790195677015515
66,2,2.1799303624365063,0.9573284917407565,0.6126760563380281,0.5610054135862802,0.6126760563380281,0.5663965396910701,0.7853415253606089,-0.019900293064826213,1.779082390997145,5.03266790178087
66,3,2.1038069195217557,0.8966337939103445,0.6091549295774648,0.5504802777891195,0.6091549295774648,0.5647071481713012,0.8106409644407012,-0.0216454581591643,1.7518495983547635,4.920544160736932
66,4,2.246495657496982,0.9069155322180854,0.579225352112676,0.5195752724317946,0.579225352112676,0.5382627022061277,0.8089227500894483,-0.016381124296246385,1.8449592855241563,5.3721823824776544
67,1,2.2061892880333795,0.8926612999704149,0.6197183098591549,0.56077506125768,0.6197183098591549,0.5804121199822307,0.8131947708886025,-0.0005654930481808762,1.8433723383479648,5.271087845166524
67,2,2.0997698505719504,0.857015354765786,0.6320422535211268,0.6223189671406599,0.6320422535211268,0.5800949591537923,0.8275451329866761,-0.016580089034142986,1.777271654870775,4.9995302889082165
67,3,2.108048756917318,0.9056357112195756,0.6091549295774648,0.5866736062007505,0.6091549295774648,0.5794473212313058,0.8153238738825286,-0.001938665746552548,1.7542578842904832,4.913679056697422
67,4,2.243996242682139,0.9090310864978366,0.6408450704225352,0.6258740726738863,0.6408450704225352,0.6115537584649761,0.8129008552073222,-0.017735210563902593,1.844492879178789,5.358914719687568
68,1,2.2342134714126587,0.9072288738356696,0.6109154929577465,0.5470885882304134,0.6109154929577465,0.5719454295020503,0.8065547164928512,-0.027927427854574916,1.849423070748647,5.33051077524821
68,2,2.1568173633681402,0.8991801076465182,0.6338028169014085,0.5867884932436584,0.6338028169014085,0.5982095591221419,0.8069663663005,-0.025666531644412904,1.803696698612637,5.091304103533427
68,3,2.1178649266560874,0.899351116683748,0.5915492957746479,0.5563992902188207,0.5915492957746479,0.555084861237954,0.805907790019899,-0.01566875670483192,1.7664830552207098,4.961063663164775
68,4,2.2249162197113037,0.855786919593811,0.6373239436619719,0.626507075091371,0.6373239436619719,0.6112164190868212,0.8287710879358434,-0.010280206475751452,1.8533482087983026,5.419551094373067
69,1,2.2080639931890698,0.8830683264467452,0.6267605633802817,0.5741093604883992,0.6267605633802817,0.5779273484638792,0.8089540947779726,-0.00045487661244547617,1.8467619750234816,5.299720353550381
69,2,2.143551117844052,0.8777981400489807,0.6390845070422535,0.6490407758606179,0.6390845070422535,0.6047614700196585,0.8197981236978674,-0.02245622425358862,1.8024824460347493,5.096974651018779
69,3,2.1306852565871344,0.9147192703353034,0.5985915492957746,0.5466308463301617,0.5985915492957746,0.5545630729082637,0.804694472677789,-0.006708510370979415,1.7739049792289734,4.967939005957709
69,4,2.228328744570414,0.8801819284756979,0.6320422535211268,0.5807779444081099,0.6320422535211268,0.6025025537314017,0.8185643839528225,-0.014152315790517012,1.841144687599606,5.374004350768195
70,1,2.2072426676750183,0.8881400161319308,0.6109154929577465,0.5858663409787078,0.6109154929577465,0.5771125667505678,0.8073928422274916,-0.008300604870260075,1.8456390500068665,5.2851486338509455
70,2,2.090247650941213,0.860319541560279,0.6320422535211268,0.5775869141925748,0.6320422535211268,0.5846202075378683,0.8265678323691344,0.0012977765623728432,1.7684610353575811,4.960079722934299
70,3,2.108682374159495,0.8852647443612417,0.6302816901408451,0.5826313438832532,0.6302816901408451,0.6049333096280143,0.8222185152843153,-0.014626508380123582,1.7637831105126276,4.963323341475593
70,4,2.2515277134047613,0.9136600957976447,0.5950704225352113,0.5544740719754885,0.5950704225352113,0.556073675850486,0.8032752819023313,-0.013393182700009998,1.8467903799480863,5.373218602604336
71,1,2.1989537013901606,0.8796237938933902,0.6056338028169014,0.5453209669434695,0.6056338028169014,0.560450549735743,0.8142432394467366,-0.014482649215987298,1.8434977995024786,5.277390003204346
71,2,2.1337440543704562,0.8861956364578671,0.6109154929577465,0.5538514484201805,0.6109154929577465,0.5673260668608425,0.8078573894984409,-0.022506386853055504,1.790455116166009,5.04469018512302
71,3,2.0990791983074613,0.8717114561133914,0.6038732394366197,0.5490839847405761,0.6038732394366197,0.5697458048377874,0.8202110441882288,-0.011405222417574024,1.765598992506663,4.962937090131971
71,4,2.225049184428321,0.8867978188726637,0.6109154929577465,0.56743900786841,0.6109154929577465,0.582748828593806,0.8199323622887622,-0.0042603666462728285,1.842030598057641,5.347635666529338
72,1,2.21927003065745,0.8841744628217485,0.6091549295774648,0.570888554847732,0.6091549295774648,0.5729093882747888,0.8044968984457874,-0.02361851991058428,1.8506458799044292,5.334492868847317
72,2,2.1067138181792364,0.8505838182237413,0.6338028169014085,0.6274647151917352,0.6338028169014085,0.5988100563835118,0.8311384719866699,-0.012971523060445245,1.785727169778612,5.037683672375149
72,3,2.0782971183458963,0.8751722607347701,0.6091549295774648,0.5739762464714416,0.6091549295774648,0.5858710823499556,0.8242175965819265,4.419754073847759e-05,1.748508248064253,4.88558828830719
72,4,2.217176033390893,0.8709394103950925,0.6056338028169014,0.5639848543335036,0.6056338028169014,0.5839984672227845,0.8202001271992826,-0.019217457753037515,1.8405722048547533,5.358394649293688
73,1,2.2011048992474875,0.8750949435763888,0.6214788732394366,0.5877018521384718,0.6214788732394366,0.5844737940818651,0.8151873690731323,-0.0037403200881718224,1.8465870420138042,5.295127868652344
73,2,2.1086870034535727,0.8596288164456686,0.6443661971830986,0.6674986867869348,0.6443661971830986,0.6118237284237256,0.8246735770560879,-0.0006982448489045723,1.7794592910342746,5.0231559541490345
73,3,2.053813007142809,0.8347207407156626,0.6443661971830986,0.596395391979979,0.6443661971830986,0.6117312106694792,0.8309797116818489,-0.012257974317627207,1.7562347650527954,4.898361365000407
73,4,2.2103267510732016,0.8228985932138231,0.6302816901408451,0.6328501998794945,0.6302816901408451,0.6083133902902607,0.8401284454758644,-0.013076559954845024,1.851358089182112,5.4476589229371815
74,1,2.1880965299076505,0.8574643168184493,0.6302816901408451,0.5774060190781686,0.6302816901408451,0.593066984716487,0.8301950608138746,0.005350977466522577,1.8500113487243652,5.292904946539137
74,2,2.1206547021865845,0.8585715393225352,0.6390845070422535,0.6010759953645206,0.6390845070422535,0.6001290718680137,0.8159558240694594,-0.015614726301327986,1.7967361013094585,5.065515200297038
74,3,2.109222842587365,0.8837254279189639,0.6232394366197183,0.5962905995459573,0.6232394366197183,0.5919076894555515,0.8252128048117586,-0.017132812055000723,1.7672062781121995,4.968716594907972
74,4,2.239990346961551,0.8956156604819827,0.6091549295774648,0.5947334544903832,0.6091549295774648,0.5922299179003697,0.822990976305473,-0.00788727709141912,1.8486785689989726,5.3768643670611915
75,1,2.2046816216574774,0.8806010650263892,0.6285211267605634,0.5900106483018033,0.6285211267605634,0.5967238292409479,0.8198045184818459,-0.00018931750433393013,1.8435526159074571,5.29420272509257
75,2,2.130917211373647,0.9061805539660983,0.602112676056338,0.5500021585716767,0.602112676056338,0.5537887875691249,0.8073484978421239,0.002271217667592196,1.7753617895974054,4.988635963863796
75,3,2.0350814395480685,0.8207250833511353,0.653169014084507,0.6151136253798377,0.653169014084507,0.6245906272967889,0.8404831808432831,-0.0029394152173112253,1.748760547902849,4.868579546610515
75,4,2.2049508889516196,0.8522936072614458,0.6408450704225352,0.5950063912053832,0.6408450704225352,0.6163482480966961,0.8318905895101182,-0.02396230444972125,1.8459380004141066,5.361151099205017
76,1,2.2188881834348044,0.8967834777302213,0.6126760563380281,0.5437672445810671,0.6126760563380281,0.5686588085043333,0.8052530306210601,-0.021135779972271784,1.8512920141220093,5.303798966937595
76,2,2.090938091278076,0.832491848203871,0.6443661971830986,0.6153926589842084,0.6443661971830986,0.6056002682763247,0.8378282010140358,0.002371568589795925,1.7720734013451471,5.027312450938755
76,3,2.111480606926812,0.8715028133657243,0.6161971830985915,0.5926295140570523,0.6161971830985915,0.5845899857019147,0.8220454801575812,-0.02893898627917757,1.7681301765971713,5.004761921034919
76,4,2.192888385719723,0.8502363198333316,0.6355633802816901,0.619306661223379,0.6355633802816901,0.6130302811888529,0.8230138384362624,-0.015122321538428407,1.836545169353485,5.325742906994289
77,1,2.222676263915168,0.8756081296337975,0.6109154929577465,0.5601820436011365,0.6109154929577465,0.5714433811435671,0.8150779361660261,-0.03150434381428813,1.8533713751369052,5.365835004382664
77,2,2.056562430328793,0.7890403237607744,0.6602112676056338,0.6270851947035025,0.6602112676056338,0.6146432194172122,0.8519382979562375,-0.0049190257815638905,1.7781538897090488,5.014113757345411
77,3,2.0685694813728333,0.8499718242221408,0.6285211267605634,0.6009521059276111,0.6285211267605634,0.5991557634343567,0.8265241101979671,-0.006058301312487968,1.7504307627677917,4.911963807211982
77,4,2.213132851653629,0.8559456434514787,0.6179577464788732,0.5911463485766922,0.6179577464788732,0.5933857544371568,0.8292551225968481,-0.009755579084033794,1.8478735287984211,5.379902799924214
78,1,2.2401036818822226,0.9036723044183519,0.6285211267605634,0.6099323211999268,0.6285211267605634,0.5946958943865587,0.8107798800545706,-0.020834698839477417,1.865210559633043,5.358443299929301
78,2,2.1032536890771656,0.8442058563232422,0.6144366197183099,0.5974470877602941,0.6144366197183099,0.574016867741742,0.8316897960868459,-0.02012619110344227,1.7871173752678766,5.041031863954332
78,3,2.0926802621947393,0.888550814655092,0.5827464788732394,0.532241203296597,0.5827464788732394,0.5389957059800751,0.8220859220236504,-0.011682164581865218,1.7527331246270075,4.902315563625759
78,4,2.1892268790139093,0.835085928440094,0.6443661971830986,0.6297546516044318,0.6443661971830986,0.6173270684743778,0.8384475842880847,0.0008640605869116857,1.838441464636061,5.34888897339503
79,1,2.1602138413323297,0.8083682689401839,0.6496478873239436,0.6265275220623566,0.6496478873239436,0.617671378958594,0.840653264658015,-0.014092035562660588,1.8509962624973721,5.314520027902391
79,2,2.0918884144888983,0.8204685184690688,0.6390845070422535,0.5982019574198966,0.6390845070422535,0.5954301791138991,0.833105672941404,-0.023955463799085752,1.7834441595607333,5.058534622192383
79,3,2.0863787796762256,0.8749910990397135,0.6073943661971831,0.5527099880560704,0.6073943661971831,0.5744275003995606,0.8230100683589281,0.011563828896667294,1.7576609783702426,4.912949906455146
79,4,2.194579415851169,0.8161840670638614,0.6267605633802817,0.5859508193237879,0.6267605633802817,0.6035072306218657,0.8476414783973315,-0.010966170453478696,1.8508935173352559,5.410835001203749
80,1,2.1746176746156483,0.8214240802658929,0.647887323943662,0.6323604206061846,0.647887323943662,0.608329849809542,0.8388491808347831,-0.012495855732294725,1.8536679082446628,5.332069132063124
80,2,2.0785448286268444,0.8332207997639974,0.6461267605633803,0.6249139878027857,0.6461267605633803,0.6098300174212032,0.8338771469107381,-0.021882681067055154,1.7720293998718262,4.98430069287618
80,3,2.0408436258633933,0.825505965285831,0.6355633802816901,0.6141852527594949,0.6355633802816901,0.6049172146819023,0.8389125268203029,3.1022126183111176e-05,1.7470053765508864,4.876631339391072
80,4,2.2243235177463956,0.8757163882255554,0.6390845070422535,0.6456163614989211,0.6390845070422535,0.6171746804093624,0.827985358050887,-0.008801047867478262,1.8417031831211514,5.371073338720533
81,1,2.150534907976786,0.8017226854960123,0.6126760563380281,0.5528529462693658,0.6126760563380281,0.5771053903304585,0.8375618048018355,-0.004633820934536681,1.8511891232596502,5.29776324166192
81,2,2.072047379281786,0.8028172420130836,0.6443661971830986,0.6339386447110569,0.6443661971830986,0.6142700234071389,0.8440746426200995,-0.012933600797733202,1.7799220813645258,5.033584170871311
81,3,2.1006460587183633,0.8608901600042979,0.6179577464788732,0.6130323992861171,0.6179577464788732,0.5918756980071529,0.8285996191799059,-0.019094114220907787,1.7725139790111117,4.9934095939000445
81,4,2.2213691539234586,0.8758446011278365,0.6197183098591549,0.596508891843399,0.6197183098591549,0.5992559242083673,0.826952700677566,-0.031088449210483038,1.8444419238302443,5.3609263102213545
82,1,2.146542641851637,0.8109925786654154,0.6390845070422535,0.59791812469017,0.6390845070422535,0.6058525444449558,0.8388670221436269,-0.008748709171187752,1.8407447006967332,5.262825859917535
82,2,2.038720819685194,0.790954526927736,0.6285211267605634,0.5951965474237663,0.6285211267605634,0.6014562020764653,0.8563924001793738,-0.00294376292144638,1.7677178647783067,4.950175404548645
82,3,2.0534426834848194,0.8523013989130656,0.6338028169014085,0.6054628270620855,0.6338028169014085,0.6049762096987128,0.82389639716556,-0.012442214873694901,1.7418959339459736,4.856105460060967
82,4,2.2121089696884155,0.8269680870903863,0.6302816901408451,0.6290871972396076,0.6302816901408451,0.6185946452996193,0.8446484288980781,-0.008604606693310313,1.8521031604872809,5.444104128413731
83,1,2.21019223663542,0.8294263747003343,0.6461267605633803,0.5923858782196452,0.6461267605633803,0.61491095189812,0.8289293215452644,-0.037519344317182846,1.8792032268312242,5.431979046927558
83,2,2.074414054552714,0.7854785985416837,0.6725352112676056,0.6544595145069495,0.6725352112676056,0.6417699915576182,0.8512350168572582,-0.018945267115631603,1.7842117680443659,5.081930001576741
83,3,2.0658673842748008,0.8306975066661835,0.6232394366197183,0.5805668056286081,0.6232394366197183,0.5872029628618398,0.8348669880721724,-0.012051269063172665,1.7592138051986694,4.947930362489489
83,4,2.1926663716634116,0.8272053268220689,0.647887323943662,0.6401218434106171,0.647887323943662,0.6291710454549085,0.8461681053801748,-0.007845880668399197,1.8407775494787428,5.378741926617092
84,1,2.2214397059546576,0.8658101790481143,0.6232394366197183,0.5951923659001338,0.6232394366197183,0.596605266389093,0.8165561774505656,-0.018591897966588222,1.8518748349613614,5.384575035836962
84,2,2.0935016870498657,0.8120873901579115,0.647887323943662,0.6162760762929096,0.647887323943662,0.6191346723282187,0.8368277825716463,-0.034254207881667886,1.7925800349977281,5.083468000094096
84,3,2.0526914662785,0.8226728571785821,0.6461267605633803,0.6129966454678762,0.6461267605633803,0.6154007735325625,0.8426355624077635,-0.01495750974566934,1.765305519104004,4.9227347241507635
84,4,2.195436570379469,0.8251226875517104,0.6373239436619719,0.6280856601430239,0.6373239436619719,0.6193504839959882,0.8466559793322455,-0.013342953999778695,1.847607135772705,5.392835378646851
85,1,2.1627824438942804,0.8442270093493991,0.625,0.5888642657345758,0.625,0.5983945085088387,0.8303662374972263,-0.011838819787540977,1.8332068920135498,5.239411698447333
85,2,2.095999221007029,0.8401247461636862,0.6390845070422535,0.6243280834983403,0.6390845070422535,0.6062812552993365,0.8298009996032407,-0.02620388447582478,1.7821045716603596,5.026372883054945
85,3,2.0148062705993652,0.774333162440194,0.6742957746478874,0.6429651371536362,0.6742957746478874,0.6508575046381053,0.859347782513697,-0.006220114603722626,1.7597101198302374,4.909243292278713
85,4,2.2066655887497797,0.8217053578959571,0.6373239436619719,0.630388304841002,0.6373239436619719,0.6212865322350358,0.8440259453069472,-0.0019031714591257742,1.853111465771993,5.438239203559028
86,1,2.1620227760738797,0.8311395214663612,0.6267605633802817,0.5935923045365847,0.6267605633802817,0.5983358079644091,0.8368906236140894,-0.016547220520502837,1.8419892258114285,5.2674169010586205
86,2,2.0753163364198475,0.8005406359831492,0.6566901408450704,0.6176139134318539,0.6566901408450704,0.6207742152655787,0.8515695767465448,-0.01020710726837648,1.7858039339383442,5.049792846043904
86,3,2.056294494205051,0.8122414780987633,0.6496478873239436,0.6346039690229831,0.6496478873239436,0.6211431316191213,0.8454974233129341,-0.001868322120996302,1.7674236363834805,4.959084788958232
86,4,2.1963903506596885,0.8002649578783247,0.6496478873239436,0.6364103134672655,0.6496478873239436,0.6361920779715099,0.8412624968730884,-0.022476146144903675,1.8624153865708246,5.454016129175822
87,1,2.1789242492781744,0.8637262284755707,0.6302816901408451,0.5909450579616503,0.6302816901408451,0.6032445928917348,0.8201722363701666,-0.009154947968098792,1.8335066371493869,5.247719420327081
87,2,2.0782812237739563,0.824082593123118,0.6566901408450704,0.6526834919531433,0.6566901408450704,0.6220722581915855,0.835197554645029,-0.005712587928633495,1.779069549507565,5.0047445562150745
87,3,2.0699751377105713,0.8551545209354825,0.6179577464788732,0.5848703136029636,0.6179577464788732,0.5916180196034375,0.8256186259787373,-0.005341469489748896,1.7526537775993347,4.904556459850735
87,4,2.1831641462114124,0.8203762041197883,0.6443661971830986,0.6189279014179737,0.6443661971830986,0.6197028561932197,0.844803279612,-0.01171921300662948,1.8402480284372966,5.363002459208171
88,1,2.1327434380849204,0.7781983514626821,0.6549295774647887,0.6075279454348834,0.6549295774647887,0.6282995975842075,0.8525508866914024,-0.011422803652322733,1.8451210525300767,5.293348444832696
88,2,2.0391677882936268,0.7686012122366164,0.6496478873239436,0.6225970491968655,0.6496478873239436,0.6210890702479868,0.8613508738180063,-0.01590789416858529,1.780202845732371,5.003823028670417
88,3,2.0284791787465415,0.7822365363438925,0.653169014084507,0.6504810126500215,0.653169014084507,0.6242916423490231,0.8499913080304483,-0.008999449082292887,1.7567006415790982,4.936378624704149
88,4,2.2228097783194647,0.8651706708802117,0.6373239436619719,0.6005654576705924,0.6373239436619719,0.6067108104723825,0.8294921942430574,-0.014863394459334156,1.8441325889693365,5.3906341261333885
89,1,2.1221607791052923,0.7793866958883073,0.6672535211267606,0.6508056881004575,0.6672535211267606,0.6409023551331503,0.8462574639642755,-0.0029116674244564766,1.8401285608609517,5.25530011124081
89,2,2.0681078102853565,0.8044334252675375,0.6549295774647887,0.6267820667402301,0.6549295774647887,0.623774462369172,0.8412791738034922,-0.015156913515888437,1.7791892555024889,5.016681300269233
89,3,2.057217094633314,0.8435669475131564,0.6285211267605634,0.6012150170908257,0.6285211267605634,0.6035657916610275,0.8337672915353264,0.006372809842831506,1.748848795890808,4.88906717300415
89,4,2.1730490260654025,0.7968990935219659,0.6602112676056338,0.6310895189895609,0.6602112676056338,0.6360423302355083,0.8576334409034332,-0.02020443562618479,1.8479250007205539,5.384065336651272
90,1,2.1444057557317944,0.8002735409471724,0.6443661971830986,0.6497810744044429,0.6443661971830986,0.6154099777928541,0.8453904254641151,-0.0034404759897070925,1.8418693542480469,5.280713982052273
90,2,2.0689163936509027,0.7995237973001268,0.6654929577464789,0.6493269738129562,0.6654929577464789,0.6421034895749793,0.8481680480789656,-0.02176612950277046,1.7816824184523687,5.030832211176555
90,3,2.0450938012864857,0.8060846461190118,0.6461267605633803,0.6178416739526083,0.6461267605633803,0.6183091668044923,0.8527667525374873,-0.023496509526634624,1.7600804103745356,4.93611494700114
90,4,2.134048945373959,0.7699370119306777,0.6549295774647887,0.6372819654731855,0.6549295774647887,0.6423314814189318,0.8594894399672002,-0.0069407542329493754,1.8326544695430331,5.316976600223118
91,1,2.145621591144138,0.7938381665282779,0.6549295774647887,0.6437297271017373,0.6549295774647887,0.6313133167030446,0.8480846947481651,0.0006392469073173146,1.840981384118398,5.299782726499769
91,2,2.0611383385128446,0.7953924768500857,0.647887323943662,0.6032997049301747,0.647887323943662,0.6158276005153744,0.8444301720395723,0.005137111777612446,1.780141247643365,5.014545149273342
91,3,1.9958107272783916,0.7604292829831442,0.6813380281690141,0.6787234573627016,0.6813380281690141,0.6630171509248604,0.8679109672602714,-0.008145442986809082,1.7453298502498202,4.878367172347175
91,4,2.1845323708322315,0.7934206558598412,0.6813380281690141,0.659179366564916,0.6813380281690141,0.6635251450330504,0.8512640811805237,-0.025818390160886828,1.8503573801782396,5.430459605322944
92,1,2.1300290756755405,0.772214306725396,0.6602112676056338,0.6554446180031963,0.6602112676056338,0.6337925663879029,0.8571587022208382,-0.019619081216521117,1.8471749623616536,5.2982633511225385
92,2,2.079274124569363,0.8463110526402792,0.6161971830985915,0.620294320756929,0.6161971830985915,0.5943601824870037,0.8334857716714251,-0.010444585291244923,1.782727771335178,4.956187804539998
92,3,2.090606735812293,0.7673897014723884,0.6813380281690141,0.6473584635413441,0.6813380281690141,0.6515432162670847,0.8584732060256833,-0.07375734218723107,1.8134954571723938,5.17811295721266
92,4,2.205400480164422,0.8000964555475447,0.6338028169014085,0.6067624373920243,0.6338028169014085,0.6124742139706929,0.8531665956932344,-0.018015877680652048,1.8648967279328241,5.484442949295044
93,1,2.1427163084348044,0.7996977733241187,0.647887323943662,0.6297028610591848,0.647887323943662,0.629876703143801,0.8443225598589056,-0.008999524997987063,1.845347265402476,5.276426090134515
93,2,2.057871619860331,0.7996066510677338,0.6426056338028169,0.6045742726685466,0.6426056338028169,0.6145763539760494,0.8458738580909565,-0.030774050299180233,1.774342609776391,4.993822945488824
93,3,2.0614617069562278,0.8335915638340844,0.6320422535211268,0.6115114754240994,0.6320422535211268,0.596750593834392,0.8438247034479871,-0.008871978578028461,1.7542455792427063,4.9264918433295355
93,4,2.187031533983019,0.8202831596136093,0.6496478873239436,0.641645727374415,0.6496478873239436,0.6370744777188396,0.8509835763425672,-0.009652422935250593,1.8411898679203458,5.376110858387417
94,1,2.176725937260522,0.8202038009961446,0.6566901408450704,0.6285006922286283,0.6566901408450704,0.629024712137975,0.842965976074209,-0.019678844349056313,1.8525103131930034,5.341944018999736
94,2,2.0646622445848255,0.8182158867518107,0.6566901408450704,0.6387760046517638,0.6566901408450704,0.6373802180207971,0.843782186503226,-0.023591971970122083,1.771670897801717,4.9730368455251055
94,3,2.0247251391410828,0.8058306641048856,0.6320422535211268,0.5847038283219254,0.6320422535211268,0.6016353204362188,0.8430722241283772,-0.0009542797172814588,1.7458053098784552,4.868812123934428
94,4,2.135103576713138,0.7595020665062798,0.6637323943661971,0.6517441863517703,0.6637323943661971,0.645602586666172,0.8626345052596964,-0.013929333718061265,1.8357402748531766,5.344840221934849
95,1,2.152958962652418,0.8204907774925232,0.6443661971830986,0.6162699436619361,0.6443661971830986,0.6193228589428825,0.8390493312229025,-0.001537572874990678,1.8359095984035068,5.26205117172665
95,2,2.01324999332428,0.7455342279540168,0.670774647887324,0.6382440177665779,0.670774647887324,0.6420631925967227,0.8631994321903147,-0.009206760038021677,1.7664017611079745,4.971253249380323
95,3,2.0327400432692633,0.785223642985026,0.6602112676056338,0.6453211863775243,0.6602112676056338,0.6337045277972777,0.8571051839667325,0.0014312228969523,1.7647122343381245,4.9436114761564465
95,4,2.163853327433268,0.760990709066391,0.7024647887323944,0.695281229507933,0.7024647887323944,0.6894068835885621,0.8644139690783471,-0.03316014229914499,1.856646756331126,5.437199168735081
96,1,2.114205472999149,0.7461045947339799,0.6637323943661971,0.6569288553001739,0.6637323943661971,0.6466778611361772,0.8602936250996737,-0.020051738726317936,1.8542274634043376,5.30644068453047
96,2,2.0867207513915167,0.8231694565878974,0.6637323943661971,0.6114110226322103,0.6637323943661971,0.6293841214203911,0.84409970699599,0.0009972193793464923,1.7803697387377422,5.035006920496623
96,3,2.0167287323209973,0.7812794049580892,0.670774647887324,0.6478302665101311,0.670774647887324,0.6495806920760934,0.8578026463730997,-0.01298587594697409,1.7491212222311232,4.899443732367621
96,4,2.189114623599582,0.8383252720038096,0.6232394366197183,0.5999366927509184,0.6232394366197183,0.6045392836501527,0.8365151770339858,-0.010206042593884135,1.841882242096795,5.340956356790331
97,1,2.1366854442490473,0.800882574584749,0.6619718309859155,0.6364397732594123,0.6619718309859155,0.6296430702520479,0.840468686139399,-0.0032870036285095328,1.8311284250683255,5.2535586754481
97,2,2.0833073125945196,0.8185852501127455,0.6778169014084507,0.6539599016965167,0.6778169014084507,0.64899440881894,0.8396179723801218,-0.019196380266379265,1.7832240594757929,5.034325374497308
97,3,2.0373566216892667,0.8137068284882439,0.6373239436619719,0.6102101866309401,0.6373239436619719,0.6101620170649781,0.8434999783594712,-0.0024693495177632308,1.7525867687331305,4.892539302508037
97,4,2.1633913252088757,0.7943966388702393,0.6514084507042254,0.6399154597573656,0.6514084507042254,0.6386964711922403,0.847236143533844,-0.00815890843683742,1.8434599902894762,5.35771205690172
98,1,2.135104490651025,0.8085976309246488,0.6443661971830986,0.6218425537197545,0.6443661971830986,0.6222496893788726,0.8486676059949547,-0.0077306647328168054,1.8342392643292744,5.230287048551771
98,2,2.0082954631911383,0.7406493193573422,0.6795774647887324,0.6378077621638072,0.6795774647887324,0.6446005013616861,0.8765458497554601,0.008730170434386064,1.7708972030215793,4.966136270099216
98,3,1.9814996388223436,0.7172079351213243,0.6971830985915493,0.7130663315748511,0.6971830985915493,0.6720019521959589,0.8790488966339964,-0.010595059355195335,1.7561694847212896,4.931513441933526
98,4,2.1646664208836026,0.7866617374949985,0.6637323943661971,0.6458093101757755,0.6637323943661971,0.6439101994870976,0.8518496373059621,-0.011008092041582929,1.8453033632702298,5.380010525385539
99,1,2.116655515299903,0.7729189362790849,0.6602112676056338,0.6478834464663463,0.6602112676056338,0.6393871510637322,0.8557785388257297,0.00017539216490380927,1.8389134539498224,5.2520407570732965
99,2,2.0396183596716986,0.759928779469596,0.6654929577464789,0.6397994765732442,0.6654929577464789,0.6274398727749265,0.8577497537829575,-0.0072335713838227456,1.7775888178083632,5.02556053797404
99,3,1.993366711669498,0.7557398544417487,0.6690140845070423,0.6468105051019618,0.6690140845070423,0.6443214811793128,0.8637492404655409,-0.017234059508638877,1.7482253975338407,4.881162616941664
99,4,2.167991134855482,0.8017390105459425,0.6566901408450704,0.6545888500465361,0.6566901408450704,0.6478200492951648,0.8574352197822058,-0.004398829562389128,1.841021716594696,5.355912566184998
100,1,2.1244567698902554,0.7962490154637231,0.6461267605633803,0.6194227768478571,0.6461267605633803,0.627258316518631,0.8451312601746641,-0.008598225349076172,1.8306818207105,5.223608096440633
100,2,2.074317865901523,0.8050093584590488,0.6725352112676056,0.6427023727689538,0.6725352112676056,0.6340422594740038,0.8454650737923165,-0.010268661986603034,1.7794093290964763,5.036037564277649
100,3,1.9971849123636882,0.7726375295056237,0.6514084507042254,0.6310626748403766,0.6514084507042254,0.6344708278690361,0.8625532873345727,-0.001771056869379617,1.742789347966512,4.8544619348314075
100,4,2.156919287310706,0.7528629567888048,0.647887323943662,0.6297814426922408,0.647887323943662,0.6354224485242933,0.8643270035510963,-0.020349099751373778,1.852440145280626,5.433050605985853
101,1,2.105835755666097,0.7486720018916659,0.676056338028169,0.6547328086164043,0.676056338028169,0.6551814245562981,0.861637115154323,0.00020706465807662777,1.8366899490356445,5.272550940513611
101,2,1.996170633369022,0.7237928244802687,0.6813380281690141,0.6615461093273959,0.6813380281690141,0.6528095966544598,0.8755391607475294,0.007534668447326198,1.7731654047966003,4.965052048365275
101,3,2.0237995187441506,0.7866230507691702,0.6496478873239436,0.6423914175976735,0.6496478873239436,0.6235990605491314,0.8576332618127954,-0.018006431420352076,1.7532487644089594,4.910544448428684
101,4,2.1045943564838834,0.7457661694950528,0.6602112676056338,0.6580417775219641,0.6602112676056338,0.6469049428448501,0.8619698752572966,0.01180151865735779,1.830436150232951,5.275193267398411
102,1,2.1423698133892484,0.8056727283530765,0.6338028169014085,0.6044152958463247,0.6338028169014085,0.6082352679711431,0.833912809540049,-0.011840472503869659,1.8410696387290955,5.2613294919331866
102,2,2.0351930061976113,0.7470302581787109,0.6866197183098591,0.6686963254623527,0.6866197183098591,0.6495436153440411,0.8628614870565003,-0.004904562959777259,1.7857516407966614,5.040905912717183
102,3,1.9664474725723267,0.7144001904461119,0.6971830985915493,0.6775436372376787,0.6971830985915493,0.6731104801533542,0.8746046182284559,-0.022718178070318285,1.7517331904835172,4.887890908453199
102,4,2.138199203544193,0.7656415982378854,0.6672535211267606,0.6586979636705865,0.6672535211267606,0.6591473925240939,0.8610590741373171,-0.002069133783682231,1.843009955353207,5.340833491749233
103,1,2.126659744315677,0.7448917726675669,0.6848591549295775,0.6742683550927057,0.6848591549295775,0.6646945174835938,0.8612614833313023,-0.013161184433636786,1.8514962328804865,5.350784924295214
103,2,2.035770363277859,0.7689506842030419,0.670774647887324,0.6435509942679182,0.670774647887324,0.6459125561329684,0.856122025928499,-0.018198412397164132,1.7736475202772353,4.991682847340901
103,3,2.0136439734035068,0.7442433453268475,0.6654929577464789,0.635837321318753,0.6654929577464789,0.6423028055716511,0.8665369372112516,-0.01316711877573118,1.7734080685509577,4.975578586260478
103,4,2.1564937432607016,0.7740451461739011,0.6672535211267606,0.6743905829017633,0.6672535211267606,0.6480781522932966,0.8629752898685619,-0.02722285559188964,1.8497569759686787,5.382206837336223
104,1,2.1087366474999323,0.7589120964209238,0.6742957746478874,0.6561001141987058,0.6742957746478874,0.6584579314975537,0.8589712881056105,0.009856626692739678,1.8401784896850586,5.258327060275608
104,2,2.0319021807776556,0.7656491365697649,0.653169014084507,0.6239112413408188,0.653169014084507,0.6281388506374365,0.8539240382460727,-0.010882304861594694,1.7834416694111295,4.986492448382908
104,3,2.021582735909356,0.7903482384151883,0.6584507042253521,0.6337935441863228,0.6584507042253521,0.6303491710436961,0.8529617896503169,-0.011311169835196422,1.7532699174351163,4.8944630490409
104,4,2.1227438516087003,0.7393752468956841,0.7024647887323944,0.6972679090366969,0.7024647887323944,0.6902364495832547,0.8789632864301384,-0.0006287063159902129,1.840507686138153,5.350603699684143
105,1,2.064747783872816,0.6922535234027438,0.6848591549295775,0.6728816894138089,0.6848591549295775,0.6697280680437916,0.8752348532470048,-0.020952479386268985,1.8371206124623616,5.267234192954169
105,2,2.0334144035975137,0.739851196606954,0.6866197183098591,0.6597024245563372,0.6866197183098591,0.6605104197223074,0.8685861539414838,-0.01471815474258209,1.7852041522661846,5.051728394296434
105,3,1.9928047921922472,0.7314784824848175,0.676056338028169,0.6630484966549977,0.676056338028169,0.6588502170575914,0.8631137485460036,-0.012771087889452915,1.7649344470765855,4.935899363623725
105,4,2.099842111269633,0.7047152982817756,0.7024647887323944,0.7012906324238699,0.7024647887323944,0.6874502897438628,0.8820209738285008,-0.00452517801834218,1.8443448742230732,5.355137745539348
106,1,2.217190351751116,0.8133436739444733,0.6637323943661971,0.6569255230693385,0.6637323943661971,0.6439958917604828,0.8428932463477271,-0.06160974114433393,1.874471300178104,5.49283242225647
106,2,2.002333495352003,0.7055049141248068,0.698943661971831,0.6754506173848314,0.698943661971831,0.6714684850147679,0.8784076741028217,-0.0028805901091666364,1.783098836739858,5.028266681565179
106,3,1.997313956419627,0.7787211289008459,0.647887323943662,0.6172891172169631,0.647887323943662,0.6249311135650071,0.8591087349129642,0.008014549264973359,1.7421965996424358,4.840697156058417
106,4,2.1404886179500155,0.7652743856112162,0.6725352112676056,0.6928498412188083,0.6725352112676056,0.6626951232599859,0.8600563969586765,-0.027690394600043744,1.841747197839949,5.3493215507931176
107,1,2.108228577507867,0.7357314659489526,0.6848591549295775,0.6690263003486855,0.6848591549295775,0.6675385880028956,0.8733241853889102,0.002592430345749297,1.8490168518490262,5.310721662309435
107,2,2.0371080504523382,0.7650982009039985,0.6778169014084507,0.6422613361750827,0.6778169014084507,0.6460169821605793,0.8570810351906838,-0.011416240108757858,1.7766262027952406,5.005130767822266
107,3,1.9937013122770522,0.7345855517519845,0.6672535211267606,0.6563036337684225,0.6672535211267606,0.646377152028936,0.8687578814992507,-0.0062015551375966815,1.7411033974753485,4.931637896431817
107,4,2.113099581665463,0.7161797732114792,0.6866197183098591,0.6807988385897309,0.6866197183098591,0.6770823702545853,0.8724684538687221,-0.027273967032994006,1.8422825402683682,5.37257899178399
108,1,2.158176382382711,0.8368879225518968,0.6426056338028169,0.6127444849275835,0.6426056338028169,0.6103389826088543,0.8392758379920748,-0.005423361239664581,1.836237993505266,5.2411825391981335
108,2,1.9897164172596402,0.6930459671550326,0.6936619718309859,0.6758024950372032,0.6936619718309859,0.6755881549455494,0.8681833326242965,-0.007981679737162573,1.7758869330088298,5.015280577871534
108,3,1.967351708147261,0.7222065842813916,0.6795774647887324,0.6790757657835123,0.6795774647887324,0.6600894849770829,0.8777474080052194,-0.009804772367559611,1.746452616320716,4.872690121332805
108,4,2.1634404990408154,0.7611128985881805,0.6813380281690141,0.6653914538448056,0.6813380281690141,0.6616380220935417,0.8660144581076848,-0.011715103427600404,1.8613571723302205,5.4355380402670965
109,1,2.108182317680783,0.7680184774928622,0.6390845070422535,0.6281743128600912,0.6390845070422535,0.6260394678439973,0.8554194602300964,0.0008475662809964701,1.840837452146742,5.235230988926357
109,2,1.9895524316363864,0.7322048760122724,0.6813380281690141,0.6650741877741496,0.6813380281690141,0.6534207891090466,0.8661404147221616,-0.012573928957980263,1.7647450698746576,4.923363301489088
109,3,2.0088296598858304,0.7588778932889303,0.6830985915492958,0.6796588473933031,0.6830985915492958,0.6646029217651501,0.8691885325311604,-0.014726166157536413,1.7538504534297519,4.925383567810059
109,4,2.0603253841400146,0.6545716656578912,0.7165492957746479,0.7166923088682238,0.7165492957746479,0.7118893163356512,0.8997362532948348,-0.0019476406136236246,1.8379804227087233,5.340417120191786
110,1,2.1044042507807412,0.7374293324020174,0.6883802816901409,0.6681050939504303,0.6883802816901409,0.6673007204332106,0.862666352410055,-0.0022329250640096276,1.8438561889860365,5.294012202156915
110,2,2.002468148867289,0.727460030052397,0.6919014084507042,0.6889263559593529,0.6919014084507042,0.6708796831548476,0.8660378059413621,0.009136022587039938,1.7732772827148438,4.977486901813084
110,3,1.9628790219624836,0.7141800820827484,0.6901408450704225,0.6815254437857236,0.6901408450704225,0.6747929747294418,0.8727421229702437,-0.0027303757448413624,1.7493755088912115,4.876509785652161
110,4,2.1164192822244434,0.7494580646355947,0.6813380281690141,0.6780426655835963,0.6813380281690141,0.6690609733751555,0.8741099209682323,-0.0059026198438039135,1.8294952114423115,5.305995239151849
111,1,2.08124139573839,0.7213909924030304,0.6795774647887324,0.6639583579303553,0.6795774647887324,0.6637747497180888,0.8772048208112797,-4.9355889726987456e-05,1.83556154039171,5.254225545459324
111,2,2.0490541987948947,0.7660620444350772,0.6637323943661971,0.6342973124341211,0.6637323943661971,0.6391185748214607,0.8560310730371983,-0.014490504962002992,1.780861907535129,5.042702370219761
111,3,2.0023230049345226,0.7483783927228715,0.6637323943661971,0.6358752505109204,0.6637323943661971,0.6426233790940995,0.8604517033865408,-0.015554366079067794,1.7607300347752042,4.9281936751471624
111,4,2.1111349529690213,0.7186110582616594,0.6919014084507042,0.6771272343777328,0.6919014084507042,0.674845034764819,0.8768254806259079,-0.004745589616287571,1.8401713967323303,5.360357205073039
112,1,2.095018525918325,0.7349019414848752,0.676056338028169,0.658940600955313,0.676056338028169,0.6558629086836508,0.866231161825658,0.008724879937057395,1.8394869830873277,5.268623616960314
112,2,1.9736689925193787,0.6670585125684738,0.6971830985915493,0.667902649434084,0.6971830985915493,0.6714148425102433,0.889382525897128,-0.012667539416083562,1.7796488602956135,5.022426565488179
112,3,1.9595830639203389,0.6971569955348969,0.6954225352112676,0.6754402701561244,0.6954225352112676,0.681604662188935,0.8814228469490146,-0.018106791587794824,1.7583375308248732,4.905243635177612
112,4,2.1128465202119617,0.7312450971868303,0.6866197183098591,0.6673735855443657,0.6866197183098591,0.672548958442424,0.8764637348886991,-0.0033072839787395836,1.8361621763971117,5.336583058039348
113,1,2.1418786115116544,0.7840087215105692,0.647887323943662,0.6235376391161539,0.647887323943662,0.6244863002800537,0.8569913817630195,-0.009388137191862933,1.8465946912765503,5.310241566763984
113,2,2.0245168937577143,0.718527572022544,0.6742957746478874,0.6637430148915509,0.6742957746478874,0.6615073970559111,0.8734514607263902,-0.01674575555468283,1.7998631729020014,5.071825093693203
113,3,1.9996816317240398,0.7227729823854234,0.6830985915492958,0.6734580648842652,0.6830985915492958,0.6718983309585841,0.8698670651053484,-0.0404084772435076,1.7709521585040622,4.979135009977552
113,4,2.1266390482584634,0.7296869589222802,0.6725352112676056,0.6830739610074239,0.6725352112676056,0.663884835697705,0.8772094393514067,-0.001557016455413729,1.8425924446847703,5.386193725797865
114,1,2.0937430461247764,0.7384865747557746,0.6778169014084507,0.6598382107608678,0.6778169014084507,0.6606630301074414,0.8705940670047221,-0.012767860617840077,1.8368890484174092,5.256007976002163
114,2,2.0051022900475397,0.7156712578402625,0.6725352112676056,0.6417110418040382,0.6725352112676056,0.6499638704060857,0.8676148965591671,-0.022635348917533937,1.7821060551537409,5.01377452744378
114,3,1.9481130573484633,0.6844402766889996,0.7024647887323944,0.6837078142110667,0.7024647887323944,0.6845803190624248,0.8857858633788802,-0.00676748024325069,1.7550243602858648,4.896682606803046
114,4,2.07823465930091,0.6752335528532664,0.698943661971831,0.7262175693456929,0.698943661971831,0.6835983991310032,0.8906379904985746,-0.013886003660038782,1.842035988966624,5.351903756459554
115,1,2.066956354512109,0.7056947466399934,0.7147887323943662,0.7024971410957327,0.7147887323943662,0.6988912448233441,0.8745337690409498,-0.0013211526543450702,1.8354162441359625,5.243233230378893
115,2,1.9648542536629572,0.6756917072667016,0.7095070422535211,0.6894566401495749,0.7095070422535211,0.6915513755514605,0.8829732617431365,-0.0011733024174476192,1.7719015147950914,4.972900006506178
115,3,1.9455731643570795,0.6841574509938558,0.6830985915492958,0.6742317197271726,0.6830985915492958,0.6671503668851959,0.8839070786853888,-0.006838749026774504,1.7466693586773343,4.888876305686103
115,4,2.095687939061059,0.6808634085787667,0.7024647887323944,0.6892679576188022,0.7024647887323944,0.6882446894574693,0.8845465526339855,-0.0314311130310454,1.8473636706670125,5.3969449864493475
116,1,2.0742346511946783,0.6946308712164561,0.6778169014084507,0.6629246128131236,0.6778169014084507,0.6652844196265487,0.8813564414979949,-0.01270955162511922,1.8448235988616943,5.293310006459554
116,2,1.9987566206190321,0.7261630594730377,0.6848591549295775,0.6633398531685983,0.6848591549295775,0.6617766371577134,0.867049464336578,-0.00023295323031669035,1.7730029026667278,4.968141476313273
116,3,1.9765339427524142,0.7355346116754744,0.6813380281690141,0.6700401473104162,0.6813380281690141,0.6625386483563993,0.874718941775514,-0.0066052715121163175,1.755214790503184,4.872198873096043
116,4,2.093867414527469,0.7193319698174795,0.6901408450704225,0.6701393503643265,0.6901408450704225,0.6730418606327003,0.8792261748982553,-0.000153871636739078,1.83059381114112,5.3011165327495995
117,1,2.05990868806839,0.6866383337312274,0.6901408450704225,0.6578360293803992,0.6901408450704225,0.6682423492571621,0.883790433417152,-0.013856208576786377,1.8379847407341003,5.264206025335524
117,2,2.034406496418847,0.7660408682293363,0.6566901408450704,0.6428497333706171,0.6566901408450704,0.6432740837951914,0.8608325322975054,0.0001890263754084076,1.777158306704627,4.993926154242621
117,3,1.95800785223643,0.7072893314891391,0.7130281690140845,0.7084991652534623,0.7130281690140845,0.6944588711182441,0.8756182551282207,-0.0041776479063198035,1.7475640442636278,4.876350959142049
117,4,2.1035841372278004,0.7088427113162147,0.7059859154929577,0.7050861963486418,0.7059859154929577,0.696961132645336,0.8754074134346049,-0.009435506583035602,1.8333237568537395,5.357980675167507
118,1,2.0511349505848355,0.6802605224980248,0.7007042253521126,0.6828610287065,0.7007042253521126,0.6884682123750253,0.8823836549028685,0.014282687711290376,1.838231345017751,5.249841782781813
118,2,1.9754570192760892,0.6905549168586731,0.6936619718309859,0.6768616521950047,0.6936619718309859,0.6709278239636302,0.8837307754735099,-0.016922583409939573,1.7713823053571913,4.973561671045092
118,3,1.969508084985945,0.6882446540726556,0.6901408450704225,0.6839244954164051,0.6901408450704225,0.6749260204221591,0.8830602526478868,-0.027093174320630187,1.7608213093545702,4.95912245909373
118,4,2.0900178882810803,0.6931615471839905,0.6883802816901409,0.673718060325943,0.6883802816901409,0.6773383952630384,0.8813377120417932,0.002280623393643766,1.8329683674706354,5.349349286821154
119,1,2.082951797379388,0.7156333592202928,0.6919014084507042,0.6830155520175284,0.6919014084507042,0.6818916465688382,0.873640068866343,0.0030009145396046044,1.8449213769700792,5.273361365000407
119,2,1.960184481408861,0.6501968950033188,0.7183098591549296,0.702747718791019,0.7183098591549296,0.6952659456298147,0.8946158458676512,-0.01434735533375009,1.7873034609688654,5.016822006967333
119,3,1.9683034949832492,0.7063523944881227,0.670774647887324,0.6592493034227248,0.670774647887324,0.6568062761115786,0.8836733826903997,-0.011025382840773812,1.7524894608391657,4.912855863571167
119,4,2.0547591381602817,0.6335815870099597,0.7359154929577465,0.7360158542372796,0.7359154929577465,0.7254269853539571,0.9056076777750524,-0.020294176874230185,1.8404222660594516,5.370839834213257
120,1,2.1122546129756503,0.719083062476582,0.6830985915492958,0.6603831096307033,0.6830985915492958,0.664351779514989,0.8703442599752496,-0.010726985096720432,1.8557210498385959,5.362988087866041
120,2,1.9686988062328763,0.6676231821378072,0.7024647887323944,0.6847802150934073,0.7024647887323944,0.6840455537534191,0.8838976552309908,-0.010891066620354106,1.7778823177019756,5.004541767968072
120,3,1.9287504288885329,0.6658618350823721,0.7165492957746479,0.7059661097820896,0.7165492957746479,0.7086220780616486,0.8906016830850098,-0.004106801788134051,1.7419979439841375,4.875490321053399
120,4,2.0892818106545343,0.6635452177789476,0.7112676056338029,0.7082980659279243,0.7112676056338029,0.7003915053711767,0.8894335103087433,-0.0058610215639864904,1.8454459574487474,5.416000286738078
121,1,2.09156514538659,0.7318221049176322,0.676056338028169,0.6683958087853056,0.676056338028169,0.6655999569416512,0.869280052581921,-0.002414416296539157,1.8377156853675842,5.264298756917317
121,2,1.9792552590370178,0.6930299765533872,0.698943661971831,0.6809913730750516,0.698943661971831,0.6732422534081163,0.8803469794714776,0.006446748899075483,1.7774562901920743,4.980447451273601
121,3,1.9532006118032668,0.6959788137012057,0.7059859154929577,0.692973064962634,0.7059859154929577,0.6923619092652611,0.8912681926087428,0.006213734787742009,1.7475012805726793,4.886718021498786
121,4,2.1272132065561085,0.7435282104545169,0.6848591549295775,0.6796495197692055,0.6848591549295775,0.6755741732636983,0.8712360753642785,-0.009942395692340567,1.8417481846279569,5.355811463461982
122,1,2.0416784485181174,0.6541700628068712,0.6866197183098591,0.6603070005528023,0.6866197183098591,0.6624225757026412,0.8896055071873773,-0.020809093658042732,1.8459031515651279,5.279197772343953
122,2,1.9911437100834317,0.7286822713083692,0.6919014084507042,0.6784751459727281,0.6919014084507042,0.6727441103497441,0.8785881074395152,0.012988100962770366,1.7613314323955112,4.936886840396458
122,3,1.9581254720687866,0.6998635861608717,0.6866197183098591,0.6722500397207398,0.6866197183098591,0.6743657697153853,0.8838410640736336,-0.029323508096021467,1.7481678128242493,4.894069684876336
122,4,2.1115187406539917,0.7262368963824378,0.6813380281690141,0.6866953916481345,0.6813380281690141,0.6718359492820299,0.882980831440652,-0.01015089594031826,1.841419928603702,5.3438428905275135
123,1,2.086444530222151,0.7091591987344954,0.6813380281690141,0.6573470035718378,0.6813380281690141,0.6565870576560005,0.8754713936804723,-0.010065671560892886,1.8404349949624803,5.300110101699829
123,2,1.9973305198881361,0.7034220033221774,0.7130281690140845,0.700071970643012,0.7130281690140845,0.6942362857231208,0.8752401017640733,-0.003977173262420308,1.787244200706482,5.016450232929653
123,3,1.941819469134013,0.6727805750237571,0.7306338028169014,0.716357832621222,0.7306338028169014,0.7147129436823485,0.8872236153170555,-0.0006420370791790919,1.7514279617203607,4.902909994125366
123,4,2.112585253185696,0.7092889448006948,0.6901408450704225,0.6851477038204374,0.6901408450704225,0.6836772523800575,0.8796802773035345,-0.018010003533595054,1.8509321477678087,5.386943154864841
124,1,2.0731437073813543,0.7079935835467445,0.6602112676056338,0.6386570574468342,0.6602112676056338,0.6458487180856088,0.875063259740001,-0.011266300496067139,1.8372623523076375,5.258493754598829
124,2,1.9965608716011047,0.7290744218561385,0.670774647887324,0.6487452568947348,0.670774647887324,0.6465161422849427,0.8663509917444931,-0.010859305187098878,1.763519611623552,4.954029070006476
124,3,1.9320548971494038,0.6813139865795771,0.7095070422535211,0.7063362234204094,0.7095070422535211,0.6971462709237318,0.8859178672971831,0.00998431664421029,1.7430478268199496,4.850450184610155
124,4,2.099932763311598,0.7150207675165601,0.6901408450704225,0.6890693379240287,0.6901408450704225,0.6793508123837676,0.8863895568015825,-0.011767700764941935,1.834848403930664,5.331393864419725
125,1,2.0963427159521313,0.7262637515862783,0.676056338028169,0.6625570177018497,0.676056338028169,0.6634780601704526,0.8709393256676006,-0.028118658059339996,1.8394019206364949,5.29319343301985
125,2,2.0153485470347934,0.7012700074248843,0.7147887323943662,0.6979515819783045,0.7147887323943662,0.695774609754855,0.8823968839060956,-0.05531084748568915,1.7912550171216328,5.08153157764011
125,3,1.9865102171897888,0.6823570198482938,0.7147887323943662,0.7140702199662775,0.7147887323943662,0.7007021852092528,0.8911139225380725,-0.008418236483474617,1.7787899904780917,5.029534233940972
125,4,2.0712273584471808,0.6818403038713667,0.7007042253521126,0.689858145870253,0.7007042253521126,0.6915715000186917,0.8859161859374892,-0.00788097056475534,1.8299908836682637,5.313130206531948
126,1,2.062568896346622,0.6922724594672521,0.7059859154929577,0.6911251857923334,0.7059859154929577,0.6942203491861442,0.879607415093535,0.000690000074125896,1.8345555861790974,5.259927034378052
126,2,1.9460879431830511,0.6524354716142019,0.7200704225352113,0.7016028718064587,0.7200704225352113,0.7056099694450538,0.8863543913944576,0.008309379980752984,1.7720702754126654,4.96461021900177
126,3,1.9534534215927124,0.6824797805812624,0.6830985915492958,0.6672210124925974,0.6830985915492958,0.6602982291220948,0.8868097582653297,-0.003735815523431718,1.7520659963289897,4.919058362642924
126,4,2.05299311876297,0.6437311487065421,0.7077464788732394,0.709474933646897,0.7077464788732394,0.7028205231324627,0.8994521290501998,0.014080478983317768,1.8402224050627813,5.3412708441416425
127,1,2.0656625827153525,0.6786500132746167,0.7077464788732394,0.687250153548153,0.7077464788732394,0.6928216299773987,0.8795983264881688,-0.017309385765297503,1.847515218787723,5.302025026745266
127,2,1.9854844609896343,0.7022393842538198,0.7165492957746479,0.715194723103902,0.7165492957746479,0.7081753416325726,0.8820872750836866,-0.016819370226029973,1.7767553064558241,4.979722764756945
127,3,1.9457027581002977,0.6683421168062422,0.6901408450704225,0.6871854612766629,0.6901408450704225,0.6786331515151907,0.8881405724858644,-0.000151919713573756,1.7495345407062106,4.926210668351915
127,4,2.0610452691713967,0.6543513834476471,0.7095070422535211,0.7142849874646894,0.7095070422535211,0.7087808822101794,0.8987451403050576,-0.013058713017884527,1.8465779092576768,5.34333070119222
128,1,2.06991089714898,0.7118251787291633,0.6954225352112676,0.6762928716385713,0.6954225352112676,0.6796181785070614,0.8733971980742943,-0.006842399886442196,1.8338146540853713,5.238777372572157
128,2,1.9950687554147508,0.7109986113177406,0.6883802816901409,0.6775646612991151,0.6883802816901409,0.6742316796302499,0.882273641554113,-0.0037118323700582323,1.7728899319966633,4.991232289208306
128,3,1.9466833141114976,0.6981067773368623,0.7024647887323944,0.6923966096501308,0.7024647887323944,0.6895619869967603,0.8807932123035245,-7.29575076856559e-05,1.746649960676829,4.860028346379598
128,4,2.0813951359854803,0.7097351253032684,0.6813380281690141,0.6864168038237897,0.6813380281690141,0.6780293966525394,0.8810000478494334,0.007215090291122439,1.827618247932858,5.281935029559666
129,1,2.054819199774,0.6869068692127863,0.6866197183098591,0.6629384554552726,0.6866197183098591,0.6645491879504106,0.8847405942942423,-0.007073851045837465,1.8459697233306036,5.2466144694222345
129,2,1.9681644241015117,0.6680997427966859,0.727112676056338,0.7065862968957398,0.727112676056338,0.709101495334816,0.8933021664622919,-0.0035263278440382795,1.7795644998550415,5.001648465792338
129,3,1.9421648052003648,0.6689006255732642,0.6919014084507042,0.6760945575413265,0.6919014084507042,0.6771626685618244,0.889488171701795,-0.0011369764504713942,1.7532735466957092,4.91311436229282
129,4,2.0937162968847485,0.6804504974020852,0.7007042253521126,0.6941264252179745,0.7007042253521126,0.6927179743906494,0.8870957341018125,-0.0224675954051905,1.8482203682263691,5.391336268848843
130,1,2.104328023062812,0.7366959419515398,0.6742957746478874,0.6616697361268734,0.6742957746478874,0.6641690053679284,0.8750872448248586,-0.03516272007258192,1.8419431514210172,5.295469350285
130,2,1.9867316285769145,0.6610242045587964,0.7288732394366197,0.7241458537348325,0.7288732394366197,0.711774244356471,0.8942730516111849,-0.028232630325236485,1.7816084490882025,5.080048706796434
130,3,1.9561474985546536,0.6902093986670176,0.6936619718309859,0.6935300267218394,0.6936619718309859,0.6844392675135406,0.8889461850422002,-0.0139504627845215,1.7474335299597845,4.9100029071172075
130,4,2.095083349280887,0.6890919986698363,0.6936619718309859,0.690463266281966,0.6936619718309859,0.6884647755294696,0.8861903529083178,0.000814307988419305,1.835694710413615,5.37572964032491
131,1,2.0708778036965265,0.7012605567773184,0.6830985915492958,0.6754380449362843,0.6830985915492958,0.6746856715062481,0.8783909153930141,-0.016218362035401723,1.8456019759178162,5.266651259528266
131,2,2.0296361578835382,0.7122053537103865,0.6971830985915493,0.6876028687272795,0.6971830985915493,0.6762903430413756,0.8762641040047938,-0.04306349822434985,1.7959442204899259,5.10364113913642
131,3,1.9396459725168016,0.6609184443950653,0.721830985915493,0.7031114501583667,0.721830985915493,0.7073968889809779,0.8952493187522228,-0.003037419530555141,1.756312025917901,4.92334340678321
131,4,2.064797692828708,0.6674075623353323,0.7235915492957746,0.7156323688738767,0.7235915492957746,0.7140146672180359,0.8950523405345416,-0.002069484265842636,1.8364609612358942,5.325374431080288
132,1,2.0784619053204856,0.708121023244328,0.698943661971831,0.6757743172830445,0.698943661971831,0.6809782725426857,0.8754346178963309,-0.008270607935656704,1.8444655537605286,5.275923702451918
132,2,1.9410605231920879,0.6568451772133509,0.7200704225352113,0.702835419857062,0.7200704225352113,0.7034353168036117,0.8888914774016333,-0.002038664212966834,1.7649252282248602,4.937562902768453
132,3,2.0024246838357715,0.7440807620684305,0.6742957746478874,0.6501336549464471,0.6742957746478874,0.6508165423362775,0.8861239030139909,-0.018143764819154695,1.7519132097562153,4.938560326894124
132,4,2.084237813949585,0.6780944483147727,0.7007042253521126,0.7133421064008126,0.7007042253521126,0.699906666127782,0.8904676879097516,-0.007328312817530547,1.8392321003807917,5.365238851971096
133,1,2.0385226938459606,0.6631497591733932,0.7147887323943662,0.7117160661690488,0.7147887323943662,0.712421538205119,0.8936003671200221,-0.0006490212031742271,1.8360366688834295,5.247726003328959
133,2,1.9463295539220173,0.6315872834788429,0.7411971830985915,0.7267380435297218,0.7411971830985915,0.7241438610042915,0.9046739828103136,-0.022153177760785958,1.7772304945521884,5.014061358239916
133,3,1.9483029974831476,0.7001901302072737,0.6971830985915493,0.6789148587112596,0.6971830985915493,0.680022480937178,0.8792137883924148,-0.005050769429415736,1.746906300385793,4.860566072993809
133,4,2.0916354258855185,0.6685098658005396,0.7200704225352113,0.7156554660533047,0.7200704225352113,0.7109578758394907,0.8906664136243836,-0.010638073259493508,1.8506985836558871,5.41226151254442
134,1,2.054395960436927,0.664249966541926,0.7253521126760564,0.7233176717954857,0.7253521126760564,0.7155914279873934,0.8945156421230667,-0.013339150768682861,1.8439545697636075,5.298069728745355
134,2,1.973356498612298,0.6675551997290717,0.7059859154929577,0.6937339704201746,0.7059859154929577,0.6936128553776969,0.889057946145819,-0.004279701031771221,1.774271481566959,5.020225962003072
134,3,1.944439212481181,0.6491348296403885,0.7112676056338029,0.7047398798164978,0.7112676056338029,0.7008586814549315,0.893187049129921,-0.013975273474009065,1.7697718540827434,4.966815855767992
134,4,2.053520964251624,0.6392075071732203,0.7183098591549296,0.7119092347071416,0.7183098591549296,0.7084204745824175,0.8999051483719948,-0.004777725097170782,1.8397732112142775,5.353585534625584
135,1,2.0488118860456677,0.6762581219275793,0.6971830985915493,0.6878788797126855,0.6971830985915493,0.6901740092805363,0.8822127880486517,-0.0001325831782177378,1.837160547574361,5.251437054740058
135,2,1.943129301071167,0.6435817513200972,0.7447183098591549,0.7286856232375584,0.7447183098591549,0.727733170904913,0.9006098277360368,-0.00853057168121052,1.7818707956208124,4.975406779183282
135,3,1.9140701823764377,0.6442768540647295,0.7165492957746479,0.707854837712266,0.7165492957746479,0.7083086017782596,0.8995515407311829,0.003368140754695048,1.7445780767334833,4.87692113717397
135,4,2.029260125425127,0.6287105282147726,0.7253521126760564,0.7244318870196863,0.7253521126760564,0.7184683701393826,0.9012753570430102,0.001316968935911933,1.8274306721157498,5.297208865483602
136,1,2.004707455635071,0.6558554602993859,0.7235915492957746,0.7168114533978063,0.7235915492957746,0.7101443121294269,0.8963686113116851,0.002611867076121266,1.8164336482683818,5.152028799057007
136,2,1.9313742650879755,0.6242138842741648,0.7306338028169014,0.7240383893248458,0.7306338028169014,0.7176569089085211,0.9001606395114186,0.0014941938602539562,1.778843793604109,4.981414847903782
136,3,1.902554710706075,0.6321207467052672,0.7341549295774648,0.7192388719367168,0.7341549295774648,0.7210603430813495,0.9012146931522876,-0.001272441580109529,1.7471166517999437,4.866900457276238
136,4,2.0848852396011353,0.6764022724495994,0.7112676056338029,0.7114427116495127,0.7112676056338029,0.7074151737948527,0.8926509540358502,0.001440253922951551,1.8404547505908542,5.371345374319288
137,1,2.0653045972188315,0.6807549562719133,0.6936619718309859,0.687282147898026,0.6936619718309859,0.6855495896155559,0.8853340956642916,-0.01047668313764416,1.8532819549242656,5.295920100477007
137,2,1.9308948318163555,0.6246444467041228,0.7253521126760564,0.7094658331876568,0.7253521126760564,0.7054619746353865,0.8979373363729962,-0.005390035453540332,1.7740492423375447,4.978812283939785
137,3,1.9018591907289293,0.6307645969920688,0.7077464788732394,0.6965251341881602,0.7077464788732394,0.6968589490907552,0.8995440833532672,-0.007771789738596491,1.7456011904610529,4.867746392885844
137,4,2.079526742299398,0.6856256375710169,0.704225352112676,0.6998476288826525,0.704225352112676,0.6984465695565757,0.8864056860769569,-0.006155773078962534,1.8397045466634963,5.3319624529944525
138,1,2.052004747920566,0.6649194972382652,0.7165492957746479,0.7048388046051947,0.7165492957746479,0.7071268724881257,0.8916288562086228,0.006818179191643958,1.8481067683961656,5.2885368135240345
138,2,1.929059041870965,0.6302342961231867,0.7359154929577465,0.7243785940535322,0.7359154929577465,0.723406313484066,0.9022481431103051,-0.012780025028635622,1.7674028078715007,4.959649840990703
138,3,1.9417027566168044,0.6636536336607404,0.7112676056338029,0.6978735026747951,0.7112676056338029,0.6991108157554518,0.8894453265643077,-0.009187214327140092,1.7557204299502902,4.923817170990838
138,4,2.0494471192359924,0.6536123090320163,0.7306338028169014,0.728542678084617,0.7306338028169014,0.7227507542401613,0.9016368520768954,-0.010746163588507551,1.8272407054901123,5.306394749217564
139,1,2.018456518650055,0.6180777218606737,0.7447183098591549,0.7400399808087899,0.7447183098591549,0.7336603601753979,0.9034883828231172,-0.012809145165405988,1.8431316945287917,5.286006900999281
139,2,1.9415008558167353,0.628353057636155,0.7323943661971831,0.7233987189849476,0.7323943661971831,0.7216047711458491,0.8968127215375992,0.003985709658504422,1.7807086772388883,5.005512078603108
139,3,1.9475979540083144,0.66269584496816,0.704225352112676,0.6882322528661634,0.704225352112676,0.6921815462137707,0.8941423319420325,-0.019066187883951757,1.7564190559917026,4.945702619022793
139,4,2.036703281932407,0.6298208832740784,0.7183098591549296,0.7159625895493326,0.7183098591549296,0.7123656077603852,0.905058214617679,0.0038044428678154496,1.83413428068161,5.319428748554653
140,1,2.0055817564328513,0.6253217822975583,0.7306338028169014,0.7108450203404723,0.7306338028169014,0.7174836953839725,0.9020061358427194,0.002463837405083713,1.8292032811376784,5.22618826230367
140,2,1.952249632941352,0.6263091166814169,0.7394366197183099,0.7353005193780768,0.7394366197183099,0.7259744536211243,0.9061111021008393,-0.01759374880377118,1.7770345740848117,5.046110683017307
140,3,1.9377561344040766,0.6499967922767004,0.727112676056338,0.710175326279848,0.727112676056338,0.7132337094699549,0.895375700532929,0.0013758122953436702,1.7604363825586107,4.942527890205383
140,4,2.0611455970340304,0.6633566849761539,0.7059859154929577,0.7016697575053534,0.7059859154929577,0.6969287499964935,0.8943119955648343,-0.011179042500881309,1.8337438702583313,5.32265289624532
141,1,2.020736495653788,0.6266508979929818,0.7253521126760564,0.7140662227332248,0.7253521126760564,0.7177292660575613,0.8977465705664021,-0.010064300295027584,1.8412321276134915,5.273602737320794
141,2,1.9897800882657368,0.7248923811647627,0.7112676056338029,0.697971925707648,0.7112676056338029,0.6943833636621237,0.8806315143317593,0.015554094329809809,1.7618340452512105,4.941184480985005
141,3,1.8787541058328416,0.6111288418372472,0.7411971830985915,0.7334141302235243,0.7411971830985915,0.7322983461838689,0.9021442097685008,0.008418367742630162,1.7413586907916598,4.836546235614353
141,4,2.054951654540168,0.6883445464902453,0.6919014084507042,0.6862420457705584,0.6919014084507042,0.6811643585833901,0.889653093212404,0.008678552681502194,1.8143708440992568,5.243701299031575
142,1,2.0263642999860974,0.6317429393529892,0.721830985915493,0.7180590689714755,0.721830985915493,0.7078303783301956,0.8991418687851686,-0.0005303207459292913,1.8449615240097046,5.280480649736193
142,2,1.9498751825756497,0.6506775981850095,0.7376760563380281,0.7278640652398484,0.7376760563380281,0.7251592544121667,0.8942781134423046,-0.009821805949418172,1.770805107222663,4.981336037317912
142,3,1.9172893431451585,0.6469076938099332,0.6971830985915493,0.6825585684963462,0.6971830985915493,0.685145116148475,0.8945552535374156,-0.009180310521454071,1.7526355849372015,4.881512999534607
142,4,2.0664242373572455,0.6509034236272176,0.7288732394366197,0.7274964560566219,0.7288732394366197,0.7197860139743888,0.9035655794450823,0.009221300933305865,1.8413883580101862,5.369305875566271
143,1,2.0878026617897882,0.7067282514439689,0.6742957746478874,0.6592087799534192,0.6742957746478874,0.6618709787827238,0.8745130231939151,-0.01848876908022956,1.8456400963995192,5.310309423340692
143,2,1.9700049625502691,0.6613318175077438,0.7095070422535211,0.7000728255646683,0.7095070422535211,0.6993969006774521,0.8969506487193335,-0.02459831163505255,1.7794707947307162,5.023575438393487
143,3,1.8869876662890117,0.5945901986625459,0.7517605633802817,0.7405136524949956,0.7517605633802817,0.7406933598916234,0.9155231571479872,0.0005712502462896785,1.7511143353250291,4.902581559287177
143,4,2.0418085058530173,0.63328907556004,0.7341549295774648,0.7298049354104303,0.7341549295774648,0.7280966448892343,0.9027291612086236,-0.0014428478435328795,1.832020103931427,5.328353669908312
144,1,2.0231366687350802,0.624224046866099,0.7200704225352113,0.7170535071721059,0.7200704225352113,0.7154561621595383,0.8990384841426715,-0.019351258322474862,1.847031705909305,5.28726601600647
144,2,1.9400078654289246,0.6271793180041842,0.7429577464788732,0.7244066322894129,0.7429577464788732,0.7267587574617483,0.8965783583415534,-0.008807439624300972,1.771443161699507,5.003274348047045
144,3,1.94557789961497,0.6806358264552222,0.7059859154929577,0.6889766013501927,0.7059859154929577,0.6897622386228163,0.883906973315707,-0.0064108350551332904,1.758321914407942,4.897109309832255
144,4,2.075870864921146,0.6850927670796713,0.6901408450704225,0.6909515871091817,0.6901408450704225,0.6838529408059582,0.8879227963765146,0.00577225556849148,1.8347732027371724,5.3210196362601385
145,1,2.056448141733805,0.686439542306794,0.6883802816901409,0.6817431055770905,0.6883802816901409,0.6815964484211444,0.8832269903630465,-0.01152484717112201,1.8384780950016446,5.253134700987074
145,2,1.9335468875037298,0.6264388776487775,0.7394366197183099,0.7223918125296916,0.7394366197183099,0.7252360492541715,0.9004653215563615,0.004430422149919844,1.7746384143829346,4.983465419875251
145,3,1.8849131133821275,0.5986995481782489,0.7323943661971831,0.7262735393800774,0.7323943661971831,0.724033196165332,0.9152005112586711,-0.02157242956305283,1.7544915941026475,4.886077907350328
145,4,2.039889779355791,0.6397829933298959,0.7235915492957746,0.7287312496775525,0.7235915492957746,0.7188361968922892,0.8988764276845492,0.008238686102477688,1.8272406723764207,5.306805372238159
146,1,2.0500941144095526,0.6766985969411002,0.7130281690140845,0.6977913130959671,0.7130281690140845,0.6991628508505766,0.8858919203463719,-0.017262814449437558,1.8388135234514873,5.2546835210588245
146,2,1.9573805862002902,0.6228728542725245,0.7183098591549296,0.7020424394572559,0.7183098591549296,0.7035822706692876,0.9020580108187806,0.012398220995846643,1.7886740499072604,5.0712318023045855
146,3,1.9464296698570251,0.6698908822404014,0.7095070422535211,0.7042797325370114,0.7095070422535211,0.7031664844003624,0.8906688851661728,-0.020415308392476295,1.7570226258701749,4.925020058949788
146,4,2.04054327805837,0.6265232331222959,0.727112676056338,0.7194181226700447,0.727112676056338,0.7183127079315429,0.9010617702908643,-0.009035857585822926,1.831993129518297,5.339923183123271
147,1,2.0235911938879223,0.6481188436349233,0.7130281690140845,0.7006393019752437,0.7130281690140845,0.7026196795597678,0.8938013286229102,-0.00298025220572673,1.8326399856143527,5.233026583989461
147,2,1.9537964794370863,0.6644326945145925,0.7095070422535211,0.6946282908186026,0.7095070422535211,0.6928205888331254,0.8871089063355538,0.0015231268830498967,1.7670861217710707,4.962311797671848
147,3,1.9638761811786227,0.6831340673897002,0.7077464788732394,0.6981445440137635,0.7077464788732394,0.6967719744867471,0.8893079933653615,-0.009512436841119687,1.7597805394066706,4.952274256282383
147,4,2.013639814323849,0.5951870928208033,0.7288732394366197,0.7246323137341422,0.7288732394366197,0.7215008316150775,0.9109801979553402,-0.002250674203561287,1.8361503216955397,5.323362694846259
148,1,2.013080312146081,0.6127945366832945,0.7147887323943662,0.7019169171737093,0.7147887323943662,0.7057866686123346,0.905443848125588,0.003145927160829398,1.8412483996815152,5.280413587888082
148,2,1.948582026693556,0.6119158019622167,0.7482394366197183,0.7388995095895063,0.7482394366197183,0.7391031838014,0.9068141783427497,-0.012716050238318122,1.785853472020891,5.067469676335652
148,3,1.935049957699246,0.6687325884898504,0.704225352112676,0.6907765319641389,0.704225352112676,0.6933764278842572,0.8944084396580918,-0.007146253753827159,1.7492739227082994,4.889790323045519
148,4,2.0353946487108865,0.6328427377674315,0.7200704225352113,0.7113924862628577,0.7200704225352113,0.7120620944721642,0.8977786951341471,0.0024535335050412943,1.8410541812578838,5.308015584945679
149,1,2.011549108558231,0.614557640420066,0.7376760563380281,0.7289917798447374,0.7376760563380281,0.7274141607235644,0.9031674186508293,-0.021989447279836316,1.84005606174469,5.271195703082615
149,2,1.919805453883277,0.6024667322635651,0.7570422535211268,0.7463874250239452,0.7570422535211268,0.7461209146901224,0.9139412864933698,-0.012239544649593759,1.7778558731079102,4.993595586882697
149,3,1.8688979744911194,0.6173256668779585,0.7183098591549296,0.7067147034252298,0.7183098591549296,0.7074722037358038,0.9074217179750792,0.022351083972114605,1.7285760906007555,4.78923315472073
149,4,2.0644060240851507,0.639543977048662,0.698943661971831,0.7005981651068383,0.698943661971831,0.6959854180998244,0.8990489030733398,-0.010629497959160794,1.8459013766712613,5.389083994759454
150,1,2.0434562497668796,0.6594198743502299,0.7059859154929577,0.6952240599942258,0.7059859154929577,0.6987238581167108,0.8901049654947648,-0.013242944285242642,1.8481854134135776,5.272874262597826
150,2,1.8906572063763936,0.5902261071734958,0.7464788732394366,0.7309946987914181,0.7464788732394366,0.7303561962520669,0.9089404319497791,0.014502256564444038,1.7674332525995042,4.924996071391636
150,3,1.9062288138601515,0.6289748069312837,0.7306338028169014,0.7203823451441681,0.7306338028169014,0.722127458922024,0.9015994669389101,-0.003158531888431959,1.7516804271274142,4.886487907833523
150,4,2.0501904818746777,0.6193501965867149,0.75,0.7492981927655384,0.75,0.7429073808091299,0.9109986095934197,-0.009682994974183678,1.839623385005527,5.388817654715644
