epoch,fold,total_loss,cross_entropy_loss,accuracy,precision,recall,f1_score,auc,r2_score,mae_loss,mse_loss
1,1,26.75490877363417,1.3545619514253404,0.34330985915492956,0.3548314357580481,0.34330985915492956,0.28063676529387616,0.4982861550377331,-15.470448424916732,8.88298355208503,86.0223814646403
1,2,6.515011694696215,1.2543131510416667,0.3485915492957746,0.28635310840452555,0.3485915492957746,0.25033643790104887,0.5452717617176914,-2.732768301086039,3.573332746823629,18.789974292119343
1,3,3.0012876325183444,1.281156513426039,0.352112676056338,0.19740129935032483,0.352112676056338,0.21989976332016428,0.5040117121464833,-0.4110481803482875,2.0945096413294473,7.014926632245381
1,4,2.673057754834493,1.2558840778138902,0.4119718309859155,0.396756292471812,0.4119718309859155,0.35212981510482305,0.47913237544596204,-0.11444620705972786,1.972355882326762,5.979796091715495
2,1,2.532723195023007,1.2453773551517062,0.4084507042253521,0.3029457533377605,0.4084507042253521,0.26967827283632617,0.506625954268435,-0.05049431913333868,1.8868054548899333,5.536529898643494
2,2,2.448996815416548,1.2487102018462286,0.3345070422535211,0.23928608347331692,0.3345070422535211,0.2778918376889624,0.4735460667394075,-0.044996661533758475,1.835813906457689,5.249665326542324
2,3,2.409716010093689,1.25624101029502,0.38028169014084506,0.26409668521485763,0.38028169014084506,0.2882696719291205,0.5060273837105433,-0.03604132669131177,1.7951821353700426,5.101157519552443
2,4,2.5154550207985773,1.2481765349706013,0.4154929577464789,0.28908837002194837,0.4154929577464789,0.29021573887771074,0.4939128209634675,-0.03594693978555852,1.8642721507284377,5.472437991036309
3,1,2.4921991427739463,1.237291740046607,0.39436619718309857,0.2790527316906906,0.39436619718309857,0.31376171319712937,0.5043461021254715,-0.03721932671038686,1.8731470240486994,5.420316245820787
3,2,2.401619851589203,1.2390186786651611,0.36795774647887325,0.254419188043109,0.36795774647887325,0.28441405421199123,0.4984829760083306,-0.003577167826122496,1.8021911250220404,5.114355855517918
3,3,2.39558744430542,1.2575044631958008,0.3573943661971831,0.24536241963538905,0.3573943661971831,0.28480096401499544,0.508269469070447,-0.02878921388688327,1.7894153859880235,5.0511142942640515
3,4,2.522127879990472,1.2441998322804768,0.41725352112676056,0.2791988964196629,0.41725352112676056,0.29002054544362704,0.5111288420945863,-0.04239678169549932,1.8685338563389249,5.503959841198391
4,1,2.4941742221514382,1.2490839097234938,0.4137323943661972,0.3108247899367499,0.4137323943661972,0.28150323962121354,0.500825406384606,-0.026253318918705748,1.8640694220860798,5.399384776751201
4,2,2.41790062851376,1.2422503034273784,0.38380281690140844,0.28298082007402775,0.38380281690140844,0.3253948981243785,0.495678041025011,-0.046608780329500776,1.816218998697069,5.161084598965115
4,3,2.4086510009235806,1.2532607979244657,0.40492957746478875,0.3542521723259914,0.40492957746478875,0.31734012875038303,0.5123947693895551,-0.032253858275251845,1.7991928789350722,5.1045613288879395
4,4,2.504737357298533,1.2383771008915372,0.426056338028169,0.29742210308439115,0.426056338028169,0.3061132324267998,0.5261361172495539,-0.0390092947623375,1.8645787437756856,5.45957777235243
5,1,2.5016179283459983,1.2333147327105205,0.41725352112676056,0.30028251545617635,0.41725352112676056,0.333621105438283,0.5304455457155857,-0.037267176077354414,1.8755549192428589,5.460991912417942
5,2,2.4112143251630993,1.246872729725308,0.3961267605633803,0.2605940283869561,0.3961267605633803,0.2684842297754354,0.5071170478127476,-0.024841173662844884,1.809281865755717,5.128011147181193
5,3,2.3965095546510486,1.2536055445671082,0.3732394366197183,0.272511457907123,0.3732394366197183,0.30907267528698845,0.5094998142575283,-0.054958004355160295,1.7851046787367926,5.063285483254327
5,4,2.5270546476046243,1.2575886911816068,0.3996478873239437,0.2532424152930264,0.3996478873239437,0.2744064048506869,0.48883072928447574,-0.0422289635038291,1.8651441931724548,5.489141662915547
6,1,2.484378629260593,1.2332307828797235,0.4225352112676056,0.30897571810793073,0.4225352112676056,0.35549327587555457,0.5200038655592665,-0.00329376698625361,1.8639021515846252,5.403723385598925
6,2,2.3991037143601313,1.229726168844435,0.39436619718309857,0.2711338959162677,0.39436619718309857,0.2898150560835531,0.5247129148216154,-0.03911026582041144,1.8073381582895915,5.127651082144843
6,3,2.3813142246670194,1.2451496058040195,0.3767605633802817,0.26054422651716813,0.3767605633802817,0.2984476020070672,0.5116296488154832,-0.06545301511908908,1.7870012720425923,5.032364752557543
6,4,2.5183505945735507,1.2315144737561543,0.4154929577464789,0.29058636823154255,0.4154929577464789,0.32592737336415384,0.5450449959319628,-0.027399784591019882,1.8758015301492479,5.5209679868486194
7,1,2.493073662122091,1.2258551120758057,0.4084507042253521,0.2862917627344615,0.4084507042253521,0.30896010340042956,0.5581043729695601,-0.04068665297543128,1.8659681677818298,5.449916746881273
7,2,2.440700934992896,1.2373000449604459,0.3890845070422535,0.27629140756105014,0.3890845070422535,0.3153454626061454,0.5173238463504097,-0.03211424398988605,1.8231580522325304,5.248636100027296
7,3,2.3758375578456454,1.243358525964949,0.3908450704225352,0.27461953504380365,0.3908450704225352,0.31781304587230946,0.5323990268259484,-0.03814259309779566,1.7805000344912212,5.01828850640191
7,4,2.5336579150623746,1.243877973821428,0.3961267605633803,0.4614534617322666,0.3961267605633803,0.29421590033439965,0.5426467668523536,-0.04656825832781153,1.8674565619892545,5.543144279056126
8,1,2.4728724625375538,1.2266579800181918,0.40316901408450706,0.29234154929577466,0.40316901408450706,0.33781880472021314,0.5532338139194759,-0.02864695957869734,1.863015976217058,5.380706270535787
8,2,2.388816363281674,1.219424843788147,0.3961267605633803,0.2735812090010894,0.3961267605633803,0.30974079606708715,0.5627809396961311,-0.018475627464586974,1.8000218470891316,5.117396354675293
8,3,2.401548160447015,1.2440067728360493,0.39436619718309857,0.280665422947688,0.39436619718309857,0.3260727324590617,0.5330811975054544,-0.06700759776592857,1.7925791541735332,5.102477894888984
8,4,2.5150495635138617,1.2332477702034845,0.4102112676056338,0.2869191211830929,0.4102112676056338,0.33351567108212143,0.5464118597615527,-0.04600312164846221,1.8709667457474604,5.505920211474101
9,1,2.5306851863861084,1.224189817905426,0.42077464788732394,0.377483145680524,0.42077464788732394,0.33760044667962325,0.5585681144935486,-0.043616751767493245,1.8948292599784002,5.579174280166626
9,2,2.425472060839335,1.22114102045695,0.40316901408450706,0.2900037428089331,0.40316901408450706,0.33478294962827154,0.543089323539824,-0.049951439108709916,1.8307985729641385,5.235577636294895
9,3,2.372532261742486,1.2418864236937628,0.375,0.2646604116907396,0.375,0.3082425992067873,0.5372299519638081,-0.026524298713455075,1.7809280753135681,5.010705643230015
9,4,2.5110988749398127,1.2220557530721028,0.426056338028169,0.3016464118396822,0.426056338028169,0.33485175914716664,0.5699287208042342,-0.04119477751849909,1.8756065766016643,5.518865982691447
10,1,2.470020121998257,1.224054475625356,0.41725352112676056,0.3052881236443689,0.41725352112676056,0.3522005099092072,0.5472477531814286,-0.020781313630795717,1.8647642268074884,5.377273162206014
10,2,2.4145594437917075,1.2208034263716803,0.40316901408450706,0.27782212453624955,0.40316901408450706,0.3160730815726607,0.5566267096599238,-0.06430224545557528,1.819171177016364,5.199989994366963
10,3,2.3830905622906156,1.2252038915952046,0.426056338028169,0.3255965632726196,0.426056338028169,0.35677625072468716,0.5810698059878716,-0.024141066547932244,1.802918169233534,5.084825952847798
10,4,2.513030813799964,1.2105796800719366,0.42077464788732394,0.28969903472559494,0.42077464788732394,0.32038482627244375,0.5928894952966788,-0.04737198636247397,1.8823977178997464,5.552083293596904
11,1,2.4648212326897516,1.1922520730230544,0.4524647887323944,0.33384626808950396,0.4524647887323944,0.38420817947980923,0.6067012114035988,-0.051381353768404914,1.8722181452645197,5.434149106343587
11,2,2.373359991444482,1.2017327811982896,0.43838028169014087,0.31717010049276373,0.43838028169014087,0.3652007362709073,0.5670588004309208,-0.025921913823125475,1.7990852660602994,5.1071566343307495
11,3,2.385067992740207,1.2219841414027743,0.4278169014084507,0.4141387081076713,0.4278169014084507,0.35824270183813617,0.5594454313072581,-0.04178012665515207,1.7971254852082994,5.098930199940999
11,4,2.484550846947564,1.1978901889589098,0.45422535211267606,0.32165425084238564,0.45422535211267606,0.368929947694065,0.6116864043804426,-0.03628221399148135,1.8644112348556519,5.486758907636006
12,1,2.4676102134916515,1.219011472331153,0.448943661971831,0.3301457795868533,0.448943661971831,0.38040589004497455,0.5632881022664884,-0.049281135506910045,1.8678885367181566,5.381007141537136
12,2,2.3851350280973644,1.1906502313084073,0.43485915492957744,0.316905548169771,0.43485915492957744,0.36588570776510915,0.5916059044164695,-0.04354132943086486,1.8130011823442247,5.172266085942586
12,3,2.3512589401668973,1.2049452066421509,0.4154929577464789,0.34629519172158524,0.4154929577464789,0.34353239838890043,0.5918777725859294,-0.03404982070315765,1.775343444612291,5.025990751054552
12,4,2.4971198770734997,1.1937136318948534,0.47007042253521125,0.4374258529763918,0.47007042253521125,0.4064115133227587,0.5984512412553636,-0.05770923276690776,1.8795671396785312,5.53840086195204
13,1,2.450524535444048,1.1872413489553664,0.4507042253521127,0.32770250939822454,0.4507042253521127,0.3745778681911436,0.6112441573182181,-0.026874572490889426,1.8645431929164462,5.398185133934021
13,2,2.3798747724956937,1.1925879054599338,0.448943661971831,0.36805961269625787,0.448943661971831,0.380730311042624,0.5924143941067256,-0.04077871047836412,1.8087709413634405,5.150210645463732
13,3,2.3779252105289035,1.1978869901763067,0.4507042253521127,0.33953883959229714,0.4507042253521127,0.37776841419964136,0.5942751337640295,-0.07446899021769693,1.8044989373948839,5.131347550286187
13,4,2.4773064057032266,1.1952580942047968,0.4524647887323944,0.37425856347405717,0.4524647887323944,0.3790524452518499,0.5989277402913045,-0.03972272150297029,1.8652095463540819,5.468752304712932
14,1,2.4410770734151206,1.176313002904256,0.477112676056338,0.36181980023316634,0.477112676056338,0.4091763047996775,0.6106911665274378,-0.01722327982477334,1.8624821106592815,5.392193118731181
14,2,2.355699704753028,1.1807099050945706,0.4295774647887324,0.31289325467585205,0.4295774647887324,0.3618771534264492,0.6085037990018396,-0.0514655670870523,1.8016782071855333,5.097342398431566
14,3,2.3623146282302008,1.2261364857355754,0.43485915492957744,0.4261426794498732,0.43485915492957744,0.36623382651374237,0.5817160587128296,-0.006832578806534206,1.7755983008278742,5.013396819432576
14,4,2.544103317790561,1.189042780134413,0.4225352112676056,0.3527520953737204,0.4225352112676056,0.36490363533790504,0.6081746940455987,-0.06960210715154291,1.9166871507962544,5.705910974078709
15,1,2.4397059546576605,1.1581669251124065,0.4894366197183099,0.36639769170579034,0.4894366197183099,0.4175989158636027,0.6416621859555759,-0.03677074733062624,1.8707973824607,5.42996346950531
15,2,2.355638451046414,1.188153349690967,0.43309859154929575,0.5236358024528517,0.43309859154929575,0.37254680571123117,0.5779253811414364,-0.028834169333814774,1.7924178706275091,5.079770127932231
15,3,2.3335175116856894,1.1894691917631361,0.4735915492957746,0.3620492630173229,0.4735915492957746,0.3990949295494333,0.6103673031154654,-0.046758793021482115,1.7758538524309795,5.002963397237989
15,4,2.4920960201157465,1.1663766370879278,0.4665492957746479,0.545538339929688,0.4665492957746479,0.3982941380939714,0.6180316556985956,-0.035208242838671744,1.8741448521614075,5.585441139009264
16,1,2.4431400696436563,1.1678828928205702,0.45422535211267606,0.37843010116405773,0.45422535211267606,0.383531149163537,0.6324078917131608,-0.059511128454253104,1.8597297072410583,5.418739954630534
16,2,2.3619063364134893,1.172110961543189,0.4630281690140845,0.3901250659823608,0.4630281690140845,0.3929587617559357,0.6050703726386168,-0.02065145679469582,1.8023512495888605,5.138095431857639
16,3,2.3375182218021817,1.176596184571584,0.4471830985915493,0.4267872312420561,0.4471830985915493,0.373127152967981,0.6217007827768037,-0.034012006847368825,1.779325200451745,5.046336041556464
16,4,2.442058311568366,1.1507584088378482,0.4788732394366197,0.3763428582034083,0.4788732394366197,0.4115985507031424,0.6464843317070641,-0.03937012927463224,1.8619702723291185,5.455091185039944
17,1,2.4247995615005493,1.1730441053708394,0.4612676056338028,0.4082538140173425,0.4612676056338028,0.39901546754838235,0.6192192529421545,-0.02286103009746565,1.860263725121816,5.345562126901415
17,2,2.3501242796579995,1.1323544217480555,0.477112676056338,0.47097557093976283,0.477112676056338,0.41179776057162715,0.6300207553544488,-0.010369527124591604,1.8187936345736186,5.191587011019389
17,3,2.3209893571005926,1.1542221109072368,0.47183098591549294,0.49022670247676536,0.47183098591549294,0.3995616321007889,0.6413341682405066,-0.001946232651996116,1.7833054330613878,5.043446063995361
17,4,2.4540741642316184,1.1396079493893518,0.4454225352112676,0.33578407062090854,0.4454225352112676,0.3810603754379738,0.6589367387724809,-0.018898683055593724,1.8783476882510715,5.521161874135335
18,1,2.4289944304360285,1.1429906785488129,0.4753521126760563,0.36491341145145445,0.4753521126760563,0.4090539211121862,0.6457255649250262,-0.04380770269829126,1.8730833795335557,5.429669790797764
18,2,2.3277166750695972,1.1441147128740947,0.46830985915492956,0.5488309644944566,0.46830985915492956,0.39959770078688833,0.644711082360187,-0.029641710779818142,1.7999749647246466,5.089454438951281
18,3,2.3662345144483776,1.1564122835795085,0.49119718309859156,0.3935804393792782,0.49119718309859156,0.41460086773002003,0.6320394568491489,-0.05872741175979601,1.8064780698882208,5.189152876536052
18,4,2.4592365291383533,1.1391924288537767,0.4876760563380282,0.43378335102844384,0.4876760563380282,0.4201580766122095,0.6632928850326113,-0.044948847079103516,1.8735144072108798,5.539339303970337
19,1,2.4497792190975614,1.1552108724912007,0.4876760563380282,0.3798176312778632,0.4876760563380282,0.4196733593047648,0.6281381319244606,-0.04580067154279788,1.8913286526997883,5.470438679059346
19,2,2.3588615457216897,1.1390713552633922,0.48063380281690143,0.44521527130791666,0.48063380281690143,0.4159344618256221,0.6415235561741797,-0.057978275533413726,1.8229803972774081,5.205038441552056
19,3,2.3018339607450695,1.14421808719635,0.49119718309859156,0.35900037630362325,0.49119718309859156,0.4129984713960265,0.6598354143555569,-0.021690682567277353,1.7806508143742878,5.002937608295017
19,4,2.441625416278839,1.1015826066335042,0.5123239436619719,0.4113506644706951,0.5123239436619719,0.442991776291199,0.6872309502327907,-0.04425554097878459,1.8762590686480205,5.568391746944851
20,1,2.3956027229626975,1.1117041177219815,0.5088028169014085,0.5707536220997959,0.5088028169014085,0.43579387662632085,0.6687992329459492,-0.03591498472600896,1.8642477591832478,5.391365898980035
20,2,2.339227941301134,1.1155726909637451,0.5,0.3856258383474839,0.5,0.42804688005074876,0.6645341107889956,-0.06474242558954724,1.8157486849360995,5.1944233973821
20,3,2.2958007388644748,1.1382660335964627,0.4753521126760563,0.41774883527134926,0.4753521126760563,0.40634407621785,0.6420152334699898,-0.045961311935105664,1.7692513465881348,4.996714896625942
20,4,2.4504257440567017,1.119120438893636,0.4859154929577465,0.46550154242802944,0.4859154929577465,0.4171731257986487,0.6731547054306188,-0.06227892335152907,1.8896881606843736,5.556804643736945
21,1,2.424642483393351,1.1402732597457037,0.49119718309859156,0.4104535218508532,0.49119718309859156,0.4246827930894754,0.6442834657448855,-0.0330231871689215,1.8689273198445637,5.421503755781385
21,2,2.3393531110551624,1.1139654517173767,0.49295774647887325,0.37527867662978287,0.49295774647887325,0.42104528206166225,0.6657862571499029,-0.03208275854847886,1.8202148609691196,5.198590927653843
21,3,2.2886701358689203,1.1110038061936696,0.5158450704225352,0.45126880829569443,0.5158450704225352,0.43641133034911594,0.6671927759120999,-0.05388418270125128,1.7832905650138855,5.036558204227024
21,4,2.4368670317861767,1.1038650704754724,0.5070422535211268,0.478519009987527,0.5070422535211268,0.4421410862609892,0.6758603328376831,-0.0303390040598297,1.8799942334493,5.5472047328948975
22,1,2.3944993019104004,1.0912530322869618,0.5035211267605634,0.37591447968385855,0.5035211267605634,0.4297036700489677,0.6705537328913705,-0.05087773452999045,1.8769018451372783,5.435407174958123
22,2,2.3154504828982883,1.0894345674249861,0.5017605633802817,0.3988831132734178,0.5017605633802817,0.4312733844035769,0.6640568577259633,-0.0519365820153026,1.8198814656999376,5.176154057184855
22,3,2.2811734742588468,1.1201201412412856,0.5158450704225352,0.4538130989795522,0.5158450704225352,0.4391302993106689,0.672706466012406,-0.02838382941654194,1.7747389011912875,4.990297688378228
22,4,2.4334212806489735,1.0986097289456263,0.5211267605633803,0.47246755150704683,0.5211267605633803,0.4579138306426357,0.6752110492821755,-0.04970440994587899,1.8772504528363545,5.5479814476437035
23,1,2.43990119960573,1.0862312449349298,0.5352112676056338,0.40360546070186104,0.5352112676056338,0.45848398959287207,0.6758733822718945,-0.07561922798728338,1.9047986202769809,5.598464144600762
23,2,2.3386206361982556,1.1166593134403229,0.5035211267605634,0.39295739359627146,0.5035211267605634,0.4311215600487845,0.6511004966615405,-0.03178517399396963,1.8213091956244574,5.189863496356541
23,3,2.2947060002221003,1.1132690376705594,0.5123239436619719,0.4299709143206603,0.5123239436619719,0.4336719343425758,0.6823732978986494,-0.03570094251223366,1.7915921145015292,5.051392038663228
23,4,2.4548929929733276,1.0906381441487207,0.5264084507042254,0.41707002835880275,0.5264084507042254,0.45231066296200084,0.6729907669094599,-0.07033295179223709,1.890290810002221,5.638154188791911
24,1,2.3760257826911078,1.0861896011564467,0.5492957746478874,0.4084586356807043,0.5492957746478874,0.4682126221037656,0.6883047667892658,-0.011640219544504893,1.8654854893684387,5.385643349753486
24,2,2.2927639616860285,1.0949233373006184,0.5264084507042254,0.4876346621395037,0.5264084507042254,0.4580966377396213,0.6698642267134745,-0.02209537851040344,1.801825549867418,5.087725228733486
24,3,2.30333235528734,1.1389278239674039,0.4894366197183099,0.35131566068745235,0.4894366197183099,0.4089433219051779,0.664737913470937,-0.04619781724786476,1.7757722073131137,5.020276149113973
24,4,2.4131822718514337,1.0900354617171817,0.5035211267605634,0.4288526109337412,0.5035211267605634,0.4379635524423929,0.6895665837159567,-0.030261469340945535,1.867160611682468,5.500524666574266
25,1,2.3845081196890936,1.095619711611006,0.5193661971830986,0.463668677889803,0.5193661971830986,0.44819494036679003,0.6775064137767409,-0.020101021496276683,1.8622939984003704,5.391914288202922
25,2,2.3243151704470315,1.0643593106004927,0.5316901408450704,0.5130044305689208,0.5316901408450704,0.45707778846902,0.6890463963831925,-0.07216738252629229,1.8230291671223111,5.264212197727627
25,3,2.297060509522756,1.094625625345442,0.5088028169014085,0.46935032753558537,0.5088028169014085,0.43550506020335883,0.6737132154568212,-0.0395995856164264,1.7911941210428874,5.102741837501526
25,4,2.3984390695889792,1.0407076643572912,0.5334507042253521,0.44740723754290446,0.5334507042253521,0.4680185263833051,0.703391829757528,-0.059130974910591716,1.8747635748651292,5.566478861702813
26,1,2.3796581824620566,1.0679773290952046,0.5334507042253521,0.42044995531269463,0.5334507042253521,0.46211447591866023,0.6924082150637337,-0.046726186582848106,1.8969815770785015,5.440246714486016
26,2,2.3314689464039273,1.0783499975999196,0.5211267605633803,0.46444833354502507,0.5211267605633803,0.4873676250412423,0.691207835103403,-0.05985020594404156,1.8339527050654094,5.255412962701586
26,3,2.2755121456252203,1.0657078822453816,0.5264084507042254,0.4460215630765604,0.5264084507042254,0.44653327032602286,0.694858126414907,-0.025397052538528087,1.79892232020696,5.09838871161143
26,4,2.38169084654914,1.047134260336558,0.5334507042253521,0.5110492066321983,0.5334507042253521,0.4762791629717804,0.7126703760369482,-0.021155405867671284,1.8690349327193365,5.495655986997816
27,1,2.375946899255117,1.046394212378396,0.528169014084507,0.4468610947113839,0.528169014084507,0.4606430570295231,0.7185269336390736,-0.04883747506483349,1.8841227028104994,5.478236357371013
27,2,2.3128744297557406,1.0678911142879062,0.5492957746478874,0.41756916700523655,0.5492957746478874,0.47000869751700297,0.7065055244439695,-0.06575787021828128,1.827580193678538,5.21783525413937
27,3,2.3313971757888794,1.0793613096078236,0.5299295774647887,0.4635259573863159,0.5299295774647887,0.46831492613984566,0.6803395969370589,-0.07054446154161997,1.8275335364871554,5.252813988261753
27,4,2.4139770136939154,1.066470252143012,0.528169014084507,0.3862419521199111,0.528169014084507,0.4459724726761752,0.7099783614288867,-0.0546610758234396,1.8887404865688748,5.5581592718760175
28,1,2.3443278206719294,1.042755126953125,0.5246478873239436,0.4216404013493247,0.5246478873239436,0.4556032857724774,0.7152882448340502,-0.037059481222555535,1.8642587727970548,5.381330649058024
28,2,2.2487541370921664,1.0297681358125474,0.5545774647887324,0.5004445706497047,0.5545774647887324,0.4834678376697094,0.702598346349454,-0.05613054478698154,1.796945333480835,5.093054533004761
28,3,2.242898941040039,1.056969337993198,0.5475352112676056,0.501831854224314,0.5475352112676056,0.49017356139806645,0.7033103936396513,-0.025390903925122332,1.7793357637193468,5.0100678073035345
28,4,2.4495045940081277,1.078511741426256,0.5211267605633803,0.463909000737044,0.5211267605633803,0.4522136874755392,0.6988326911435826,-0.05549065199259284,1.8961856497658625,5.648487726847331
29,1,2.3525929186079235,1.060006062189738,0.5563380281690141,0.42348166245282165,0.5563380281690141,0.47822658697566006,0.7173878615875783,-0.037762617794947495,1.8618596461084154,5.368628740310669
29,2,2.284520043267144,1.0375100904040866,0.5633802816901409,0.5715378469104614,0.5633802816901409,0.49437926927261455,0.7168924312752439,-0.041546284472225414,1.8222091131740146,5.194209774335225
29,3,2.263833635383182,1.030060026380751,0.5422535211267606,0.48486199404237346,0.5422535211267606,0.4798100977328833,0.7198688594069839,-0.07046096052220219,1.7926412224769592,5.142638603846232
29,4,2.4228444231881037,1.048327710893419,0.5545774647887324,0.5060118666655964,0.5545774647887324,0.5007904721302584,0.7304766968279344,-0.07409097890947192,1.895186358027988,5.630049917432997
30,1,2.396470586458842,1.0716664791107178,0.5422535211267606,0.4996889164260241,0.5422535211267606,0.4814682501790404,0.6952552797822629,-0.041333811880108984,1.8815116882324219,5.487680051061842
30,2,2.303648273150126,1.0137561360994976,0.5757042253521126,0.538054366302764,0.5757042253521126,0.5119912043357334,0.7306910143403103,-0.05858385758172768,1.8474057581689622,5.313396400875515
30,3,2.241379075580173,1.0310225155618455,0.5563380281690141,0.49764508594774276,0.5563380281690141,0.4830486925480235,0.7311726226808068,-0.018036649084083978,1.788712051179674,5.065544207890828
30,4,2.387410687075721,1.0291604267226324,0.5669014084507042,0.5082313174949877,0.5669014084507042,0.5201339765704579,0.7298330880613908,-0.05202764577780328,1.8834621575143602,5.556661102506849
31,1,2.3367780645688376,1.0378388067086537,0.5563380281690141,0.47790192294289535,0.5563380281690141,0.5020950736460263,0.7125153648462456,-0.03015846143415457,1.8558617962731256,5.367636044820149
31,2,2.329701562722524,1.024762405289544,0.5616197183098591,0.5955790070962445,0.5616197183098591,0.49179351551788614,0.7362371207185731,-0.09352265358080825,1.854898128244612,5.374559389220344
31,3,2.2616702848010592,1.0079018904103174,0.5721830985915493,0.5282926193662502,0.5721830985915493,0.5059501121885012,0.7333477392253093,-0.07913682619478002,1.8277692861027188,5.187129762437609
31,4,2.3555669254726834,1.0000063876310985,0.5563380281690141,0.49271594282893977,0.5563380281690141,0.5122495228367843,0.7470693447679486,-0.04891410605489144,1.875208404329088,5.518541362550524
32,1,2.322106420993805,1.0223188367154863,0.5528169014084507,0.5019272902371493,0.5528169014084507,0.4877059512147361,0.7299332325458778,-0.019066527944888723,1.8600142068333096,5.35494405693478
32,2,2.227435635195838,0.9844050142500136,0.5897887323943662,0.5189854252727694,0.5897887323943662,0.5116195580851516,0.7446749373966085,-0.027401782236648575,1.8010473781161838,5.1278402010599775
32,3,2.2258727020687528,1.0158357719580333,0.5580985915492958,0.4763467877882416,0.5580985915492958,0.49170488890088465,0.7219917752356038,-0.0423138400295906,1.7902677522765265,5.0492920478185015
32,4,2.3602744539578757,0.9925198256969452,0.5704225352112676,0.513666090017665,0.5704225352112676,0.5044878244857915,0.7530179220714824,-0.050830631078714994,1.8711491492059495,5.551701704661052
33,1,2.324096527364519,1.0168737636672125,0.5616197183098591,0.46892480237550654,0.5616197183098591,0.49104819233211533,0.7451165842966738,-0.029088046938678946,1.8653562664985657,5.374282783932156
33,2,2.207335200574663,0.989332871304618,0.5757042253521126,0.5196257148678738,0.5757042253521126,0.5169748367815269,0.7545684921613658,-0.004170514929472402,1.7925853398111131,5.049340499771966
33,3,2.2237082653575473,1.0220581160651312,0.5528169014084507,0.4907063593683311,0.5528169014084507,0.4871473443491233,0.7279070966961242,-0.047914053556767255,1.7801135910881891,5.027558326721191
33,4,2.3634595341152616,1.0007518496778276,0.5475352112676056,0.4914468782391318,0.5475352112676056,0.5111832361141705,0.7512827702107577,-0.03276616535033905,1.8804223868581984,5.543110529581706
34,1,2.328483866320716,0.9887692398495145,0.579225352112676,0.4905626574963734,0.579225352112676,0.5046715642188083,0.7444450118450426,-0.058338282146688014,1.8764387634065416,5.454484436247084
34,2,2.1966002186139426,0.9549121492438846,0.5915492957746479,0.5376755189255189,0.5915492957746479,0.5371995000857696,0.7610373269724653,-0.05708725128941583,1.8010349339909024,5.093872149785359
34,3,2.245387229654524,1.0197116434574127,0.5598591549295775,0.5088101334764499,0.5598591549295775,0.5011199053052429,0.7360522180561775,-0.05908460357869205,1.7957903279198542,5.105296903186375
34,4,2.332964241504669,0.9728037582503425,0.5651408450704225,0.518080476251265,0.5651408450704225,0.5169598822308399,0.7639349754433644,-0.03415797575539736,1.8716510070694818,5.506671879026625
35,1,2.325030869907803,0.994174149301317,0.5704225352112676,0.5031637630464795,0.5704225352112676,0.5208453453238099,0.7531196820273851,-0.03320664523466954,1.8709769513871934,5.430363125271267
35,2,2.203972829712762,0.9478686352570852,0.5809859154929577,0.524705230867032,0.5809859154929577,0.5126590021745275,0.764657017755117,-0.018287402160618083,1.8044031858444214,5.13488245010376
35,3,2.202698588371277,0.9716221359041002,0.573943661971831,0.5233481718838318,0.573943661971831,0.5388708680462123,0.7479410705601972,-0.035268876633198554,1.799438887172275,5.075210160679287
35,4,2.3438230686717563,0.9657150705655416,0.579225352112676,0.5347263061018179,0.579225352112676,0.5379341867005871,0.7608260304060135,-0.049005097703076705,1.875112599796719,5.559408280584547
36,1,2.3611254890759787,1.0242370698187087,0.579225352112676,0.5041182028787191,0.579225352112676,0.5141047337584765,0.7339756554989761,-0.03552480264414659,1.8802776998943753,5.4805315600501165
36,2,2.19284278816647,0.9388671947850121,0.5933098591549296,0.5456909915871064,0.5933098591549296,0.5309671403643894,0.7756308104384088,-0.030948518535787617,1.8050940897729661,5.118785699208577
36,3,2.2047233846452503,0.9844782186879052,0.5915492957746479,0.5435479918016114,0.5915492957746479,0.5463210294773724,0.7569648219410315,-0.02584414218527531,1.7932023935847812,5.051961912049188
36,4,2.3508709404203625,0.9928798576196035,0.5757042253521126,0.5206731516120383,0.5757042253521126,0.541304601762807,0.7619205597819607,-0.040610633439400745,1.8740873005655077,5.519516626993815
37,1,2.31229567527771,0.9837362766265869,0.5686619718309859,0.4993525697394892,0.5686619718309859,0.5147438003318296,0.7565356695295233,-0.04895169629736107,1.8801290459103055,5.412267406781514
37,2,2.2323782245318093,0.9557981325520409,0.6003521126760564,0.5531329345761128,0.6003521126760564,0.5616242542988849,0.7680364965768559,-0.07442124246898008,1.8195660909016926,5.2110649479760065
37,3,2.225609282652537,0.9912753568755256,0.5563380281690141,0.49814172990016814,0.5563380281690141,0.4960146310350828,0.7483042975310196,-0.054554714305787844,1.8021698792775471,5.1057215796576605
37,4,2.340658850140042,0.9655401574240791,0.5827464788732394,0.5313456053628703,0.5827464788732394,0.551620805435159,0.7789558104994254,-0.023376704470796428,1.8830639455053542,5.549268749025133
38,1,2.2928664286931357,0.9535679320494334,0.596830985915493,0.5275435272088015,0.596830985915493,0.535244068147123,0.7731564203946042,-0.03260828389020132,1.8660675353474088,5.417896138297187
38,2,2.1700179908010693,0.9040618538856506,0.6197183098591549,0.5726364357594255,0.6197183098591549,0.55501897222316,0.7794750132760366,-0.025969944855319227,1.798803899023268,5.12391557958391
38,3,2.1974798242251077,0.9759973883628845,0.5721830985915493,0.5311211243441516,0.5721830985915493,0.5484715272445572,0.7515935832893234,-0.040335530026959,1.7882746789190505,5.047605474789937
38,4,2.272701839605967,0.9246249794960022,0.602112676056338,0.5484853186918118,0.602112676056338,0.5570245861109725,0.7739971010592857,-0.032616156258275186,1.8522364762094286,5.418214307890998
39,1,2.383904450469547,0.9978534446822273,0.5686619718309859,0.510977275399565,0.5686619718309859,0.5120882133181894,0.7545261009775626,-0.09737066723245591,1.8966052465968661,5.61802339553833
39,2,2.2161468664805093,0.9502126508288913,0.6144366197183099,0.5661540834042916,0.6144366197183099,0.576798157955537,0.7655229897498714,-0.050249566954299274,1.8107406430774264,5.169993334346348
39,3,2.1520396537250943,0.9324279030164083,0.5721830985915493,0.5258470674076711,0.5721830985915493,0.529621972681988,0.7767647648751935,-0.04535690740248022,1.7756368120511372,4.997800138261583
39,4,2.2673869132995605,0.9076690144009061,0.6197183098591549,0.5808642445608821,0.6197183098591549,0.5910452936722009,0.7988038863956717,-0.02270068844208062,1.855710056093004,5.4400618341234
40,1,2.2784873445828757,0.9539347390333811,0.5809859154929577,0.5218089490878915,0.5809859154929577,0.5313246606013945,0.7649393498351942,-0.04661414177796108,1.8655749691857233,5.369109882248773
40,2,2.211311717828115,0.9213051729732089,0.6285211267605634,0.58972593939407,0.6285211267605634,0.5879076654643903,0.7862897731765832,-0.051802157620729705,1.8252031538221571,5.221326735284594
40,3,2.1628898249732122,0.9411778847376505,0.5950704225352113,0.5475993542966776,0.5950704225352113,0.5572518874761375,0.7678781571230674,-0.0460589644269247,1.7782519790861342,5.013550837834676
40,4,2.3313504921065435,0.9550967613855997,0.5880281690140845,0.5364730962620786,0.5880281690140845,0.5580829979610257,0.7693286051716245,-0.05677640300085329,1.8803610603014629,5.542608949873182
41,1,2.2615712351269193,0.9147766994105445,0.602112676056338,0.5472946895220864,0.602112676056338,0.5544880580211702,0.7979868657995034,-0.04031404113482129,1.8718002769682143,5.404091623094347
41,2,2.184974213441213,0.8849730028046502,0.6302816901408451,0.5840492404110196,0.6302816901408451,0.5898976833712689,0.7960824637770069,-0.059524665412105326,1.8274409572283428,5.218310263421801
41,3,2.1474912299050226,0.9244962500201331,0.6003521126760564,0.5429623713046599,0.6003521126760564,0.5623879889459112,0.7789091149979495,-0.00834006655498265,1.78067942460378,5.001145998636882
41,4,2.270431293381585,0.8998540639877319,0.6109154929577465,0.5703712671042906,0.6109154929577465,0.5791089473394383,0.8074815710491057,-0.025054400933550047,1.8616734080844455,5.468444519572788
42,1,2.2797346578703985,0.9360115064515008,0.6126760563380281,0.5426797504988673,0.6126760563380281,0.5642212532797993,0.783074811976078,-0.04870523592233256,1.866837375693851,5.41508850786421
42,2,2.1987333363956876,0.922979967461692,0.6179577464788732,0.5822164246225738,0.6179577464788732,0.5808090463853992,0.7805693095352249,-0.01498814369459378,1.8120897743437026,5.175491015116374
42,3,2.187765598297119,0.9665089415179359,0.5880281690140845,0.5339953397637267,0.5880281690140845,0.5451087007498815,0.7662803828231032,-0.031759120548934705,1.7740633355246649,5.03736424446106
42,4,2.294760975572798,0.9239801499578688,0.602112676056338,0.5544482170802593,0.602112676056338,0.5666749310648115,0.7856943874105002,-0.019096885582765344,1.8688486880726285,5.493249323632982
43,1,2.255406830045912,0.9236263765229119,0.5985915492957746,0.5499764893710086,0.5985915492957746,0.560561929718607,0.7706084873209089,-0.035290360607276305,1.868181089560191,5.362894349628025
43,2,2.172298994329241,0.9013636906941732,0.6197183098591549,0.5668016344470215,0.6197183098591549,0.5855946679328453,0.7954807456956842,-0.03731585888717737,1.8056456049283345,5.137814455562168
43,3,2.171614580684238,0.9426461358865103,0.6056338028169014,0.5657562801048717,0.6056338028169014,0.5685758596578246,0.7660502396080581,-0.04986620536851727,1.7802521586418152,5.039207484987047
43,4,2.3248157832357617,0.9460644788212247,0.6003521126760564,0.5524533654871533,0.6003521126760564,0.5730082552975179,0.7847271288358154,-0.049841330727204536,1.8879375788900588,5.541901999049717
44,1,2.2716666327582464,0.906917843553755,0.6144366197183099,0.5616030134294138,0.6144366197183099,0.5693471298869615,0.7975841967939402,-0.056613877680111946,1.8769651783837213,5.456080317497253
44,2,2.1662513812383017,0.8924673895041147,0.6408450704225352,0.5881644581578687,0.6408450704225352,0.5998724249934831,0.7910187541854699,-0.03340392306616624,1.8067403501934476,5.138413998815748
44,3,2.1763280166520014,0.9117795825004578,0.6038732394366197,0.5538375885014615,0.6038732394366197,0.5720225256667496,0.7899307104108014,-0.04919067614256023,1.8056224253442552,5.126940819952223
44,4,2.2576900257004633,0.8854797648058997,0.6003521126760564,0.5630160449878759,0.6003521126760564,0.5690350785399386,0.8073139636771027,-0.016310660488720208,1.8623124559720357,5.459513730472988
45,1,2.324733707639906,0.9398407737414042,0.6073943661971831,0.5468574605527905,0.6073943661971831,0.5631581997870866,0.7873441512220457,-0.07723252034638639,1.8852788276142545,5.556150356928508
45,2,2.259863860077328,0.8907609151469337,0.6338028169014085,0.5932558312840003,0.6338028169014085,0.5985388143401931,0.7912884991068669,-0.10817034176205387,1.8597201241387262,5.454437189631992
45,3,2.169614679283566,0.9120530982812246,0.5827464788732394,0.5432426453542613,0.5827464788732394,0.5565348681295139,0.7890517750469426,-0.04275694406545538,1.7922253145111933,5.103924751281738
45,4,2.265155613422394,0.8724837468730079,0.6514084507042254,0.5958127078118579,0.6514084507042254,0.6158895099400602,0.80796149590572,-0.02166003751543477,1.8689196175999112,5.514723141988118
46,1,2.25491636329227,0.899469878938463,0.5985915492957746,0.5407078875640886,0.5985915492957746,0.5596587922267268,0.8037189498268363,-0.03281073721119143,1.8771226406097412,5.41762461927202
46,2,2.147133297390408,0.8696963455941942,0.6338028169014085,0.5824775269443278,0.6338028169014085,0.5958234730785646,0.8012737788474285,-0.03577716392972441,1.8183807465765212,5.127819432152642
46,3,2.169221566783057,0.9364492330286238,0.6091549295774648,0.5570185444106512,0.6091549295774648,0.5711329050412494,0.7785816097659265,-0.05388806011306757,1.7842892673280504,5.045690165625678
46,4,2.320018861028883,0.9337323937151167,0.6003521126760564,0.5648043961496795,0.6003521126760564,0.5795999344713565,0.7831277698420749,-0.048584938412783885,1.892682260937161,5.554687102635701
47,1,2.2841474413871765,0.9167275329430898,0.6126760563380281,0.5484822197733549,0.6126760563380281,0.5743496756335115,0.7876534644682069,-0.05811304692142705,1.8860557476679485,5.474793778525458
47,2,2.1743401288986206,0.8631394770410326,0.6338028169014085,0.5882275490550138,0.6338028169014085,0.5906152019514279,0.8055662666226012,-0.03784016619843067,1.8394706514146593,5.233808053864373
47,3,2.1395209431648254,0.9140277240011427,0.6126760563380281,0.5548436343880406,0.6126760563380281,0.5737384196384631,0.7843490809992115,-0.03682401338469554,1.7775171001752217,4.999005039532979
47,4,2.2417844269010754,0.8710415495766534,0.6355633802816901,0.6091940097856842,0.6355633802816901,0.610315805883421,0.8234148302689658,-0.04275735190458252,1.8495613402790494,5.440184288554722
48,1,2.2351755102475486,0.8613248633013831,0.647887323943662,0.5784976966089442,0.647887323943662,0.6044741782215525,0.8124528038308139,-0.029753032491202536,1.8756331668959723,5.440826839870876
48,2,2.115851660569509,0.8622707260979546,0.6426056338028169,0.6011568015407983,0.6426056338028169,0.6107171618770625,0.8150248125785207,-0.0027961460522443193,1.7896970642937555,5.040873712963528
48,3,2.186260203520457,0.8868873914082845,0.6109154929577465,0.5502813479978398,0.6109154929577465,0.569008882899322,0.7941334712315411,-0.08819516075963874,1.8233294619454279,5.218129846784803
48,4,2.24221623606152,0.88741844230228,0.6232394366197183,0.5941464691962182,0.6232394366197183,0.5965668759688207,0.8132876151717656,-0.022668582640105406,1.8501851360003154,5.403410885069105
49,1,2.2633660634358725,0.9038278957207998,0.6232394366197183,0.5737423015405945,0.6232394366197183,0.5940731519371718,0.8036070666544501,-0.05409608046448877,1.8709066179063585,5.435621605979072
49,2,2.254051036304898,0.8353304796748691,0.653169014084507,0.5924740146304182,0.653169014084507,0.610261301406215,0.813677841657259,-0.10674259887309767,1.8824614153967962,5.564398871527778
49,3,2.1796983215543957,0.8670859999126859,0.6390845070422535,0.5946761222378547,0.6390845070422535,0.6108215174591497,0.7972762163798424,-0.08410629336585718,1.8301147487428453,5.2424601846271095
49,4,2.281400826242235,0.8774958021110959,0.6302816901408451,0.572311871163524,0.6302816901408451,0.5954470138390271,0.8003128094917145,-0.0368600109840731,1.8755251963933308,5.557179106606378
50,1,2.2345038652420044,0.9000292751524184,0.6003521126760564,0.5559790481750214,0.6003521126760564,0.5624137076331714,0.8006910337841039,-0.017832084555165162,1.857604742050171,5.348277754253811
50,2,2.1224468615319996,0.8214233716328939,0.6602112676056338,0.6072348400322103,0.6602112676056338,0.6261603239281155,0.8226457539586653,-0.02902697646564456,1.8030948109096951,5.158168170187208
50,3,2.1409495406680636,0.8740016354454888,0.6214788732394366,0.5759554405183632,0.6214788732394366,0.5903132752234223,0.8204307029839117,-0.07149400911275072,1.797287298573388,5.0971610811021595
50,4,2.2377096679475574,0.8561013638973236,0.6373239436619719,0.5942812339382589,0.6373239436619719,0.6122802437892896,0.8219478693631936,-0.016442664471634227,1.8558702402644687,5.461462007628547
51,1,2.218740635448032,0.8526316516929202,0.6408450704225352,0.5795193427649602,0.6408450704225352,0.6034191442300586,0.8193216380354336,-0.04669515178854167,1.876451591650645,5.406328174802992
51,2,2.1320948931905956,0.8499310943815443,0.6338028169014085,0.5866249140329104,0.6338028169014085,0.5950918970938275,0.8168151982485774,-0.032128594420252066,1.8079797294404771,5.123810397254096
51,3,2.124448769622379,0.8598521384927962,0.6426056338028169,0.5939570813109764,0.6426056338028169,0.6129750509742793,0.8175702080101839,-0.02431384478393639,1.786845538351271,5.075174106491937
51,4,2.212311930126614,0.8418170246813033,0.6584507042253521,0.6088645317281842,0.6584507042253521,0.6272529659333157,0.8273095010526381,-0.021901446324886553,1.8647603193918865,5.41013322936164
52,1,2.2140751944647894,0.8526135749287076,0.6302816901408451,0.5791928743182123,0.6302816901408451,0.5991428065312073,0.8172891077457948,-0.01620142966215843,1.864814579486847,5.390818860795763
52,2,2.136876232094235,0.8527449369430542,0.6338028169014085,0.580649279377859,0.6338028169014085,0.597829034440564,0.8015940901086807,-0.0507067961416523,1.8088484936290317,5.133182379934523
52,3,2.125571072101593,0.891833441125022,0.6197183098591549,0.5707775849098601,0.6197183098591549,0.5877816728814674,0.7940299234318211,-0.03659242295801235,1.7764308320151434,5.004292011260986
52,4,2.251131382253435,0.8704842031002045,0.6302816901408451,0.5804239052199375,0.6302816901408451,0.5954421212365573,0.8116451456787075,-0.013745893685770172,1.8670267462730408,5.472641322347853
53,1,2.2348867853482566,0.8512964910931058,0.6426056338028169,0.5949198732773997,0.6426056338028169,0.6066406982423229,0.8169626326984597,-0.043021182275870595,1.8846019042862787,5.463263829549153
53,2,2.1175985866122775,0.8259694973627726,0.6443661971830986,0.5943690173075064,0.6443661971830986,0.6163819672688168,0.8264727647916528,-0.036795957797958634,1.8106207450230916,5.13139972421858
53,3,2.10819810628891,0.8543842169973586,0.625,0.5797355412091654,0.625,0.5964393510725854,0.8138458465635695,-0.03721088183020993,1.7858165237638686,5.033763686815898
53,4,2.2311377194192676,0.8266425960593753,0.6619718309859155,0.6182519970176465,0.6619718309859155,0.6335387677562337,0.8294205818595336,-0.014054234252080855,1.8761581116252475,5.508292900191413
54,1,2.197719395160675,0.8144078585836623,0.6549295774647887,0.5957582835157599,0.6549295774647887,0.6161086996910264,0.8312618246130226,-0.02716812620975273,1.869202819135454,5.425446192423503
54,2,2.1475856370396085,0.8190350598759122,0.676056338028169,0.6308354973040716,0.676056338028169,0.6492101333085145,0.8244366342172154,-0.04093374144154183,1.83415025472641,5.247536725468105
54,3,2.0795898834864297,0.8098501745197508,0.6461267605633803,0.5933904284380022,0.6461267605633803,0.6125880774679505,0.8354080397254512,-0.017999285461004044,1.7876773277918498,5.042315615548028
54,4,2.2794898682170444,0.8256619738207923,0.6672535211267606,0.6355922610454132,0.6672535211267606,0.6451973498258068,0.8281788243706232,-0.07026784071208492,1.8985958960321214,5.671754717826843
55,1,2.2282752063539295,0.8293258647123972,0.6637323943661971,0.6125429611159782,0.6637323943661971,0.6366510945324553,0.8238197043189923,-0.03531286153878277,1.8910584648450215,5.492490185631646
55,2,2.1794580949677362,0.8466923899120755,0.6549295774647887,0.6126339031372051,0.6549295774647887,0.6128367656649674,0.8172009356187993,-0.08858971246650471,1.8398440347777472,5.289244572321574
55,3,2.155535042285919,0.8408109744389852,0.6302816901408451,0.5838885263570279,0.6302816901408451,0.6060188227784513,0.8172262296596994,-0.06708576554595536,1.8304878142144945,5.223224189546373
55,4,2.3630175391832986,0.8635179334216647,0.6056338028169014,0.564784792167068,0.6056338028169014,0.5736059648714683,0.8204557667381035,-0.07715275852828496,1.9266514976819356,5.861849758360121
56,1,2.2463338706228466,0.846442292133967,0.6302816901408451,0.5800918229642715,0.6302816901408451,0.6036086823410801,0.8230400391598442,-0.04739857721541085,1.8795729478200276,5.512747340732151
56,2,2.101717174053192,0.7842635081874,0.6672535211267606,0.6106226035155744,0.6672535211267606,0.629064473320823,0.8382721050960067,-0.03146465044698332,1.8085447682274713,5.175775607426961
56,3,2.0857590436935425,0.796703987651401,0.6549295774647887,0.6038979401323277,0.6549295774647887,0.6264495252543811,0.8404113516904017,-0.0483113293968116,1.7923223508728876,5.093554033173455
56,4,2.2083713014920554,0.7978407475683424,0.6602112676056338,0.6200429761181355,0.6602112676056338,0.6359560199279249,0.8373117048350547,-0.045411005446907016,1.8725049959288702,5.49960896703932
57,1,2.2091062598758273,0.8564563459820218,0.6302816901408451,0.5791567744014159,0.6302816901408451,0.5961564795425398,0.8154130288299173,-0.042817545519826306,1.8645772602823045,5.365289211273193
57,2,2.114595241016812,0.8240529365009732,0.6514084507042254,0.6046900450320973,0.6514084507042254,0.6170332538107155,0.8188210841643121,-0.04028459123525474,1.8069929215643141,5.125860545370314
57,3,2.082559367020925,0.8229284551408556,0.6056338028169014,0.5626098650952611,0.6056338028169014,0.5823904124577731,0.8276532618221062,-0.05937694001316918,1.7805109090275235,5.021698011292352
57,4,2.197752707534366,0.7904173963599734,0.6514084507042254,0.6105523753296143,0.6514084507042254,0.6272838331292706,0.8415989405820998,-0.03808581420615753,1.8627630074818928,5.481534971131219
58,1,2.2051100664668613,0.8334615230560303,0.6496478873239436,0.5953146993343943,0.6496478873239436,0.6203638688584231,0.8248939923761213,-0.029964022414127767,1.8624733024173312,5.405623051855299
58,2,2.096401936478085,0.8215204609764947,0.647887323943662,0.6024946239245105,0.647887323943662,0.6122907100367094,0.8282992182563327,-0.00022971280932493343,1.7912958131896124,5.071125096744961
58,3,2.1022048791249595,0.8339240319199033,0.6619718309859155,0.6113527282257932,0.6619718309859155,0.6347451046133279,0.8312349215645739,-0.04571917063026998,1.7855995231204562,5.061526656150818
58,4,2.1609987682766385,0.7715279195043776,0.6672535211267606,0.6231756291464117,0.6672535211267606,0.6422674550590278,0.8407368803899,-0.0361670047322733,1.849380420313941,5.4030971262190075
59,1,2.170601076549954,0.7697495023409525,0.6566901408450704,0.6016214624914237,0.6566901408450704,0.6249269780846516,0.8422926825900039,-0.028940548090362395,1.8680510852071974,5.439254548814562
59,2,2.1327383054627314,0.7874463399251302,0.6602112676056338,0.6040797506078613,0.6602112676056338,0.6252278308664926,0.8347669213611396,-0.06463455614210845,1.836800714333852,5.271752768092686
59,3,2.0964624881744385,0.8488300740718842,0.6584507042253521,0.6087902787311776,0.6584507042253521,0.6295662168889654,0.8235366424904607,-0.008587902359478372,1.793096701304118,5.007604638735454
59,4,2.2609645194477506,0.766929931110806,0.6866197183098591,0.6521172563838314,0.6866197183098591,0.6664201421288247,0.8540724161484612,-0.06830343301306208,1.9067233933342829,5.747045013639662
60,1,2.227992296218872,0.8509062826633453,0.6514084507042254,0.6015018895700479,0.6514084507042254,0.624970743617697,0.8219299406662477,-0.05346539665565131,1.8820355667008295,5.441192759407891
60,2,2.0778978334532843,0.7838137613402473,0.670774647887324,0.6188088432025848,0.670774647887324,0.6357041899323886,0.831618412886645,-0.028427747978649887,1.8001347647772894,5.09742714299096
60,3,2.067404992050595,0.8179739680555131,0.647887323943662,0.6049730681727152,0.647887323943662,0.6255586727982154,0.8272495609820738,-0.01969810521876947,1.7748382952478197,4.982743899027507
60,4,2.227709730466207,0.8139146235254076,0.647887323943662,0.6046053081738143,0.647887323943662,0.6089016711461603,0.8407404976825292,-0.03462850476258961,1.8723032275835674,5.526564743783739
61,1,2.2402708662880793,0.8734288381205665,0.6338028169014085,0.5928036289034917,0.6338028169014085,0.6112356868378397,0.8094093053556014,-0.05244460484401081,1.8690008454852634,5.429568701320225
61,2,2.067022595140669,0.7884935239950815,0.6619718309859155,0.603158974003905,0.6619718309859155,0.6231723470789856,0.8358025972632864,-0.03148736323425316,1.7927480075094435,5.050256914562649
61,3,2.084125234021081,0.8118501504262289,0.6408450704225352,0.5958868179717028,0.6408450704225352,0.6149933728711751,0.8371801594986008,-0.03913547608279555,1.7834132711092632,5.052766932381524
61,4,2.207966148853302,0.795892467101415,0.6566901408450704,0.6135363070489619,0.6566901408450704,0.6301207413327581,0.842111981121796,-0.0372470688194011,1.8681630690892537,5.502804689937168
62,1,2.243445780542162,0.8468339923355315,0.6461267605633803,0.6009760275562405,0.6461267605633803,0.621612221847211,0.8198282126790665,-0.05950677835146667,1.8833937115139432,5.502206405003865
62,2,2.0817561944325766,0.8112492230203416,0.6390845070422535,0.5878404318333366,0.6390845070422535,0.6059472734049595,0.8311769495598063,-0.02681907208775436,1.78838226530287,5.046272317568461
62,3,2.098484661844042,0.8066069020165337,0.6443661971830986,0.5920546476148122,0.6443661971830986,0.6156369199478148,0.8289241714713425,-0.04941757547042647,1.7996909088558621,5.112865964571635
62,4,2.2439144319958158,0.8379874858591292,0.6637323943661971,0.6156597751647499,0.6637323943661971,0.6368200135473131,0.8269134253577926,-0.03436370294981539,1.8599887821409438,5.5244104862213135
63,1,2.160844239923689,0.7859871917300754,0.6602112676056338,0.6115172740345056,0.6602112676056338,0.6330539505921061,0.8427994173812283,-0.021144768959378002,1.850483967198266,5.368843846850925
63,2,2.1031903425852456,0.7556229266855452,0.6813380281690141,0.631913290442242,0.6813380281690141,0.6520564847418985,0.8442678342656311,-0.06640684259650231,1.8335338632265727,5.247514247894287
63,3,2.068117161591848,0.7905259132385254,0.6742957746478874,0.6264764455495923,0.6742957746478874,0.6432654694006227,0.8410046285723934,-0.034229780073219196,1.7822751998901367,5.049163262049357
63,4,2.1631782319810657,0.7697832915518019,0.6883802816901409,0.6445081680068702,0.6883802816901409,0.6654499855937219,0.8462214940928781,-0.02906450118913062,1.8539219631089106,5.414432856771681
64,1,2.145383596420288,0.7790571451187134,0.6461267605633803,0.5934627048002299,0.6461267605633803,0.6177398915495023,0.8356199841348426,-0.02610189140652386,1.85771377881368,5.333478556738959
64,2,2.1318314406606884,0.8167474501662784,0.6654929577464789,0.6181316887046548,0.6654929577464789,0.6235655883977892,0.8270474322435117,-0.032507318575265565,1.8086144857936435,5.2003605763117475
64,3,2.1069890194469028,0.8232963648107317,0.6320422535211268,0.604285062463089,0.6320422535211268,0.6144747556556418,0.8226112349853392,-0.05164168534934843,1.7843253678745694,5.10227174229092
64,4,2.1966195503870645,0.798189338710573,0.647887323943662,0.5985828032336854,0.647887323943662,0.622133080534489,0.8397944992610749,-0.010189302720294169,1.8572541409068637,5.45962315135532
65,1,2.1493999428219266,0.768158624569575,0.6637323943661971,0.6256993425375857,0.6637323943661971,0.6370499345074969,0.85311816469325,-0.038566560576316355,1.861302375793457,5.372296280331081
65,2,2.090635511610243,0.7906672524081336,0.6496478873239436,0.5964871080174228,0.6496478873239436,0.6138449072064065,0.835106034792795,-0.018379052419856157,1.8041885693868,5.123894611994426
65,3,2.021897614002228,0.7370690206686655,0.6830985915492958,0.6314908727385032,0.6830985915492958,0.6533755311133845,0.8533904796637124,-0.04787694387436292,1.7801078690422907,5.019830875926548
65,4,2.1861681010988026,0.7902043064435323,0.6390845070422535,0.5932631478406127,0.6390845070422535,0.6145638811673622,0.8393929947623395,-0.020927479352689682,1.8551135394308302,5.443416820632087
66,1,2.225731737083859,0.8127661810980903,0.6549295774647887,0.6117906954891992,0.6549295774647887,0.6298192523668912,0.8333682123299443,-0.050018312929489106,1.8952167166603937,5.522651195526123
66,2,2.1106063061290317,0.7687051130665673,0.6848591549295775,0.630273129957892,0.6848591549295775,0.6481678313577287,0.8487748777089502,-0.029030538443530096,1.8118405010965135,5.241708874702454
66,3,2.0722341736157737,0.8074589537249671,0.6496478873239436,0.5960987049207549,0.6496478873239436,0.6193459812716045,0.8381063402168751,-0.030277133087315722,1.7725628018379211,5.023376093970405
66,4,2.1549807257122464,0.7481696373886533,0.6866197183098591,0.6461740418872574,0.6866197183098591,0.6633464259861274,0.8618133720239788,-0.006425125672524068,1.862017532189687,5.437539683447944
67,1,2.1839647690455117,0.7937374114990234,0.6390845070422535,0.6510708394511211,0.6390845070422535,0.6078290352894641,0.8377956285574626,-0.04472153227269593,1.8689047760433621,5.427828523847792
67,2,2.0748592416445413,0.7757786677943336,0.6813380281690141,0.6439155565680799,0.6813380281690141,0.6567957314372939,0.8423584223617587,-0.0427505825111405,1.8025291826989915,5.106047021018134
67,3,2.0637355844179788,0.7749723725848727,0.6637323943661971,0.6064287571211887,0.6637323943661971,0.6318485316921943,0.8476805871063603,-0.024792690358784064,1.7888650165663824,5.070849577585856
67,4,2.1567644675572715,0.7405897080898285,0.6813380281690141,0.6437724385528859,0.6813380281690141,0.6610387264923769,0.8615315401444765,-0.025535493697661726,1.8626310030619304,5.461172050899929
68,1,2.147884017891354,0.7400245070457458,0.6654929577464789,0.6185223290898114,0.6654929577464789,0.6397771072201056,0.8640261207957625,-0.027671376308189277,1.8667035831345453,5.432889302571614
68,2,2.1014542977015176,0.7890573971801333,0.6919014084507042,0.6442363150285327,0.6919014084507042,0.6641809860730135,0.8375591775854068,-0.033215401817075385,1.810084839661916,5.163713614145915
68,3,2.0690387884775796,0.7597713304890527,0.6654929577464789,0.6259733425517052,0.6654929577464789,0.6444989437324371,0.8441677356408905,-0.05929004768031221,1.7958474887741938,5.12399603260888
68,4,2.165782372156779,0.7186090681287978,0.6778169014084507,0.6394014915941932,0.6778169014084507,0.6576725558874785,0.8643334076383437,-0.027725381464891008,1.87411450015174,5.542519807815552
69,1,2.186020361052619,0.7563729915353987,0.6866197183098591,0.6372394349074983,0.6866197183098591,0.6565755543380623,0.8574668142770578,-0.03931919332614009,1.8873281280199687,5.521864083078173
69,2,2.083499345514509,0.7407532036304474,0.670774647887324,0.6197556119442703,0.670774647887324,0.6421729463811936,0.8503886810785627,-0.03969332956059635,1.8354497485690646,5.216573529773289
69,3,2.0417707165082297,0.7865559988551669,0.6602112676056338,0.6070790658975526,0.6602112676056338,0.6302837272121197,0.8336774964103173,-0.029377072697569506,1.7736329634984334,4.970604949527317
69,4,2.2032181686825223,0.7273569471306272,0.7095070422535211,0.6622726939089587,0.7095070422535211,0.6812758263933937,0.8603293086079522,-0.0652048907574394,1.8870583573977153,5.646894057591756
70,1,2.1724939280086093,0.7546151280403137,0.6778169014084507,0.6241198641726082,0.6778169014084507,0.6490847635436162,0.8492390373451094,-0.049126253343584336,1.8792394532097711,5.480877664354113
70,2,2.119170023335351,0.7774752212895287,0.6725352112676056,0.6247282492014731,0.6725352112676056,0.6442199152918043,0.8383666107331018,-0.08574968926606386,1.8337974945704143,5.249791065851848
70,3,2.076930284500122,0.792195287015703,0.6514084507042254,0.6018087130490393,0.6514084507042254,0.6244514597505781,0.8438257362548018,-0.05110932601764229,1.7870430284076266,5.074645161628723
70,4,2.1792701615227594,0.7913413610723283,0.647887323943662,0.6025154672954489,0.647887323943662,0.6242668787296677,0.8541393203195495,-0.013361076316244391,1.8588439292377896,5.417770637406243
71,1,2.1654816269874573,0.7630162818564309,0.676056338028169,0.6235754383749827,0.676056338028169,0.6407087003053366,0.8606482997131726,-0.031095035185200848,1.8684854374991522,5.4379005961947975
71,2,2.044670522212982,0.733867648575041,0.6901408450704225,0.6465156522814652,0.6901408450704225,0.6657543441721964,0.8540374328228303,-0.029916347425887002,1.7935753928290472,5.103210422727797
71,3,2.056704435083601,0.8012092610200247,0.6338028169014085,0.5855405110388463,0.6338028169014085,0.6082978888645487,0.833420782848999,-0.007747906254006676,1.7683823307355244,4.986192968156603
71,4,2.187509987089369,0.7704020407464769,0.6672535211267606,0.6227784618085767,0.6672535211267606,0.6414004748105052,0.8465269330169011,-0.021794723456424192,1.8630569444762335,5.494094914860195
72,1,2.2137312293052673,0.794331732723448,0.6320422535211268,0.6303678469627287,0.6320422535211268,0.6109289428382159,0.8382059842021606,-0.05102244073410289,1.8988985684182909,5.525663137435913
72,2,2.0611976186434426,0.7569337255424924,0.6742957746478874,0.6269789519007047,0.6742957746478874,0.6454072741533949,0.8489715567928892,-0.036481088592326794,1.8004968961079915,5.10447993543413
72,3,2.0176132784949408,0.7542736894554563,0.6637323943661971,0.6113130856469983,0.6637323943661971,0.630375020967826,0.8511518407898221,0.0014662192025556298,1.771193073855506,4.965405556890699
72,4,2.162781450483534,0.7261045707596673,0.704225352112676,0.7299446348221276,0.704225352112676,0.6824928931293892,0.8646190976068382,-0.04496667815739297,1.881126668718126,5.5150273773405285
73,1,2.1363073786099753,0.7057775093449487,0.6778169014084507,0.6279584432228916,0.6778169014084507,0.6496926875910769,0.8576565671409211,-0.04167247376634542,1.8782026569048564,5.474210275544061
73,2,2.0732164449161954,0.7389855749077268,0.6901408450704225,0.6398224109727612,0.6901408450704225,0.6618483687952995,0.8494514566316851,-0.021281952695687334,1.8129211200608149,5.186421659257677
73,3,2.031741049554613,0.725452548927731,0.6830985915492958,0.6344737518023524,0.6830985915492958,0.6560263695996895,0.8502285785132413,-0.05755573785449397,1.8026417427592807,5.079747504658169
73,4,2.1743188169267444,0.7131368087397681,0.7147887323943662,0.6751577630855137,0.7147887323943662,0.6922357345068053,0.8656796090070982,-0.06894446670760823,1.8886215421888564,5.583743267589146
74,1,2.1367907722791037,0.7353686392307281,0.704225352112676,0.6534410725001639,0.704225352112676,0.6758857254277617,0.8672293586751884,-0.03353266965696644,1.8645071983337402,5.406775620248583
74,2,2.089232716295454,0.7548060499959521,0.6690140845070423,0.6881092147815936,0.6690140845070423,0.6507293277305485,0.8541713798534611,-0.05027911471131441,1.8279125425550673,5.202894634670681
74,3,2.050088882446289,0.7558129297362434,0.670774647887324,0.6272713172674358,0.670774647887324,0.6434041121963174,0.8481180516951988,-0.03042746122729345,1.7968207862642076,5.070065975189209
74,4,2.162925170527564,0.7325625022252401,0.6672535211267606,0.6256475871425619,0.6672535211267606,0.6453840766665278,0.8580503317644932,-0.0430011002049322,1.8650347457991705,5.500438001420763
75,1,2.1260631812943354,0.7132699986298879,0.6936619718309859,0.6490851994558443,0.6936619718309859,0.6704885034307901,0.8659095828033587,-0.03399299952319068,1.8637044098642137,5.422580348120795
75,2,2.05048570368025,0.7417384617858462,0.6919014084507042,0.6447014511310286,0.6919014084507042,0.6618308823190862,0.8609494659622812,-0.028116463047822338,1.8006955981254578,5.104229119088915
75,3,2.0277473396725125,0.7458302875359853,0.6778169014084507,0.6273101713492563,0.6778169014084507,0.6508213952153522,0.8514857166863017,-0.03235091208211771,1.7873845762676663,5.0188869502809315
75,4,2.1382483972443476,0.7117909027470483,0.6954225352112676,0.6596303529537979,0.6954225352112676,0.6749617448713857,0.8663535604802711,-0.02593463628781123,1.861981709798177,5.466649015744527
76,1,2.1392230060365467,0.750416613287396,0.6795774647887324,0.633735978049552,0.6795774647887324,0.6544496796266844,0.8525713163067781,-0.032568491380432496,1.8575498594178095,5.379771047168308
76,2,2.022292137145996,0.6992223958174387,0.704225352112676,0.6522242952395223,0.704225352112676,0.6746886757664068,0.868873124754383,-0.017928648278833226,1.800802727540334,5.109454658296373
76,3,2.050816814104716,0.7332908345593346,0.676056338028169,0.6288706050647532,0.676056338028169,0.6471456149744094,0.8616872827171235,-0.04609657737041006,1.8001080486509535,5.125043948491414
76,4,2.123495684729682,0.6811267882585526,0.7024647887323944,0.6619019080513058,0.7024647887323944,0.6795452371338164,0.8713985790757595,-0.037864434042452766,1.8690012362268236,5.489022983445062
77,1,2.115706125895182,0.7253654466734992,0.6795774647887324,0.6920911250803649,0.6795774647887324,0.6543883600386589,0.8589373689350579,-0.006358695224866429,1.8627456625302632,5.359834180937873
77,2,2.036299275027381,0.7114425500233968,0.6954225352112676,0.6462206562226395,0.6954225352112676,0.6674087508667758,0.8568866970702662,-0.0346295394565197,1.8023207253879971,5.127631386121114
77,3,2.0307563940684,0.7525803380542331,0.6848591549295775,0.6356603468812119,0.6848591549295775,0.6577909638727589,0.8532677986738231,-0.04434433332719423,1.778844224082099,5.013166891203986
77,4,2.1289439929856195,0.7016615702046288,0.704225352112676,0.6618849592773962,0.704225352112676,0.6788462389674313,0.8744709612289887,-0.03818244781898872,1.8565518856048584,5.459269550111559
78,1,2.1035112606154547,0.7111972984340456,0.6830985915492958,0.6358315203075006,0.6830985915492958,0.6582736345211525,0.8612400040754793,-0.0457436660544599,1.8535072935952082,5.352243569162157
78,2,2.06532613436381,0.71867835521698,0.7007042253521126,0.6580254985289311,0.7007042253521126,0.6737031694024911,0.8659442195396299,-0.040342802749693485,1.8210457960764568,5.207504113515218
78,3,1.9946561257044475,0.7327597273720635,0.6742957746478874,0.6278854945723009,0.6742957746478874,0.647933051968247,0.8573378506861744,-0.019461231203446117,1.762289007504781,4.939080993334453
78,4,2.135326776239607,0.7189176413748,0.6795774647887324,0.6326702693455843,0.6795774647887324,0.6544965523166547,0.8636156262884503,-0.026683596277053745,1.852136664920383,5.440281126234266
79,1,2.1438069939613342,0.7608619199858772,0.6883802816901409,0.6560571385174937,0.6883802816901409,0.6702506258105377,0.8584636969207595,-0.039552561826684984,1.8591473897298176,5.3706786500083075
79,2,2.0279061728053622,0.7105653534332911,0.7130281690140845,0.6633310799078875,0.7130281690140845,0.6756523023597323,0.8652422026004867,-0.013895451860897134,1.7915784186787076,5.101701259613037
79,3,1.9947801497247484,0.7292710012859769,0.6778169014084507,0.6302982397000233,0.6778169014084507,0.6528456918849671,0.8629565717083615,-0.008904221957038994,1.7665751576423645,4.947634604242113
79,4,2.130821075704363,0.704538471168942,0.698943661971831,0.6549587621300115,0.698943661971831,0.6734094959255871,0.8708229954778904,0.0049966536027967745,1.8590420020951166,5.458813601069981
80,1,2.133273979028066,0.7387829654746585,0.6690140845070423,0.6117058445012811,0.6690140845070423,0.6379084154157775,0.8540305326372333,-0.037431964601120304,1.8597626354959276,5.387086113293965
80,2,1.984924508465661,0.6679257783624861,0.704225352112676,0.6698390753163836,0.704225352112676,0.6827507149623042,0.8705941962128017,-0.021223909191976142,1.7873213092486064,5.057921409606934
80,3,1.9973866144816081,0.7251152197519938,0.6866197183098591,0.632707088116937,0.6866197183098591,0.6566084053583191,0.8583547474350185,-0.02970998306695649,1.7700776656468709,4.966019630432129
80,4,2.1342161231570773,0.7305217153496213,0.6848591549295775,0.6493101914419624,0.6848591549295775,0.6633568759805415,0.8763539158777942,-0.03315566812261861,1.845846997367011,5.409503009584215
81,1,2.0961828033129373,0.6949779623084598,0.6901408450704225,0.6411439894740185,0.6901408450704225,0.6647009400577365,0.8683576725596437,-0.02066191122522576,1.8623381190829806,5.365660601192051
81,2,2.055853976143731,0.722805874215232,0.6848591549295775,0.6457841072593213,0.6848591549295775,0.6600471431443236,0.8555004241267106,-0.05023261457445427,1.8179143932130601,5.166299369600084
81,3,2.0130223830540976,0.7331731352541182,0.6971830985915493,0.651426961025132,0.6971830985915493,0.67251375809217,0.859210932014969,-0.015277753437086039,1.7722257243262396,4.999337169859144
81,4,2.1550791131125555,0.7391361825995975,0.6690140845070423,0.6315542788324572,0.6690140845070423,0.6491554926336853,0.8620118774903627,-0.029123490455089662,1.8530398541026645,5.458945777681139
82,1,2.1020479599634805,0.6728416416380141,0.698943661971831,0.7141082383334871,0.698943661971831,0.6719930131321785,0.8761619125882979,-0.0407319061687752,1.874778191248576,5.436862389246623
82,2,2.0362357563442655,0.6994676060146756,0.7095070422535211,0.6952075511621346,0.7095070422535211,0.6834100609619196,0.8621585696242864,-0.050891089755402685,1.8005985286500719,5.155361241764492
82,3,1.9840944674279954,0.6909868799977832,0.6954225352112676,0.652559247241816,0.6954225352112676,0.6696261016308228,0.8774471717379267,-0.04794331739976232,1.7798188262515597,5.001345223850674
82,4,2.140425662199656,0.6897523750861486,0.7095070422535211,0.6890906558849339,0.7095070422535211,0.6879608089199806,0.8836581862762295,-0.029808609612715697,1.8708975778685675,5.525329762034946
83,1,2.0935413440068564,0.6940558205048243,0.698943661971831,0.6451578629260575,0.698943661971831,0.6646432189824562,0.8714803325500734,-0.02331725605323043,1.8591712448332045,5.359007438023885
83,2,2.00819550620185,0.6963924136426713,0.7147887323943662,0.6801073856071754,0.7147887323943662,0.6964715248009797,0.8589455842733152,-0.009555833095261423,1.7971136967341106,5.069069266319275
83,3,2.0269522998068066,0.7474549065033594,0.6584507042253521,0.6153106984137215,0.6584507042253521,0.636126420757598,0.8565767290462423,-0.04587737806580772,1.7785144713189867,5.012445979648167
83,4,2.1509494185447693,0.7045090397198995,0.6971830985915493,0.723132938952492,0.6971830985915493,0.6745580320232487,0.8713334629801378,-0.04078280943597057,1.8810043666097853,5.525976843304104
84,1,2.164850546254052,0.7471289022101296,0.6566901408450704,0.6241574591799431,0.6566901408450704,0.6304138951150142,0.8537966259974983,-0.041083590710840445,1.879047479894426,5.472867568333943
84,2,2.050985958841112,0.7036970406770706,0.6848591549295775,0.7022743961929276,0.6848591549295775,0.6560373366640552,0.8638612634296212,-0.05710616154427761,1.8066677517361112,5.194659895367092
84,3,2.025888522466024,0.7333793375227187,0.6725352112676056,0.6290469881112449,0.6725352112676056,0.6491930465367965,0.8621660369842623,-0.04364035450632153,1.7881009380022685,5.041743106312222
84,4,2.1409928335083857,0.7052300108803643,0.6901408450704225,0.6456009203096161,0.6901408450704225,0.6660264233538824,0.8674689577042948,-0.027243145229546517,1.878277685907152,5.491105967097813
85,1,2.0982716944482593,0.6762880467706256,0.7095070422535211,0.6908409360691753,0.7095070422535211,0.6860288794620382,0.8777594698994113,-0.059026122544133974,1.8608766463067796,5.416233274671766
85,2,1.995305597782135,0.688180062505934,0.698943661971831,0.6515317904667072,0.698943661971831,0.6729234358949198,0.8746277502565131,0.002966318700038273,1.7870915333429973,5.045264932844374
85,3,2.0153483549753823,0.6999451749854617,0.6919014084507042,0.6485781186836678,0.6919014084507042,0.6654462301489976,0.872669920259687,-0.028742910473590344,1.7911556164423625,5.084622316890293
85,4,2.0868801275889077,0.6526099112298753,0.7200704225352113,0.6988609412782097,0.7200704225352113,0.7044137803828832,0.8897748182058465,-0.03535798207469942,1.8591529660754733,5.433510462443034
86,1,2.095553365018633,0.6621449258592393,0.7147887323943662,0.7281207854385173,0.7147887323943662,0.6897912758337834,0.87729177002819,-0.04393903365396401,1.8716999027464125,5.4401728709538775
86,2,2.009807136323717,0.6556775768597921,0.727112676056338,0.681344735060298,0.727112676056338,0.7001378962587066,0.8724349532931919,-0.03362379120835857,1.8099652727444966,5.169442507955763
86,3,1.9817304478751288,0.6888901773426268,0.6919014084507042,0.6675834215117271,0.6919014084507042,0.6692455665756852,0.8734331834072768,-0.040443820149700604,1.783024635579851,4.99835745493571
86,4,2.1338282889790006,0.7161648240354326,0.6883802816901409,0.6627158555625206,0.6883802816901409,0.66631508281328,0.8704242823058612,-0.0031409878082395704,1.8566443588998582,5.441709399223328
87,1,2.068057033750746,0.6717253807518218,0.7024647887323944,0.658780541206879,0.7024647887323944,0.6795049991061151,0.8796937671799159,-0.02067609577242857,1.8533612158563402,5.32616400718689
87,2,2.023266719447242,0.6735495395130582,0.7200704225352113,0.7114268947015425,0.7200704225352113,0.6934798578227227,0.8786517441270278,-0.037792864488324085,1.8184900482495625,5.172606534428066
87,3,1.9991306795014276,0.6827584207057953,0.6919014084507042,0.6441256648047679,0.6919014084507042,0.6665464002242706,0.8795343483716285,-0.04643211726124852,1.7913217147191365,5.070665783352322
87,4,2.165107455518511,0.7283146480719248,0.6866197183098591,0.6907179833970711,0.6866197183098591,0.673291109339475,0.8663795682502566,-0.04894301575051019,1.8771835896703932,5.517623835139805
88,1,2.1071935892105103,0.6897629482878579,0.6883802816901409,0.7043305127565614,0.6883802816901409,0.6632647348067443,0.8666236254681474,-0.03609583589711951,1.8700570066769917,5.414531654781765
88,2,2.026572863260905,0.6793476574950748,0.7077464788732394,0.7228272740659283,0.7077464788732394,0.6765318311009277,0.871806161650006,-0.03426042441774535,1.8044935133722093,5.1700981458028155
88,3,1.9630418750974867,0.6896451512972513,0.704225352112676,0.6601262503710893,0.704225352112676,0.6813985858353645,0.874884367094146,-0.01297343412855878,1.7651145391994052,4.934300753805372
88,4,2.147710700829824,0.7140389813317193,0.6954225352112676,0.6754522772811518,0.6954225352112676,0.6782821695548746,0.8722053700299419,-0.05595338378361592,1.8739716344409518,5.492944465743171
89,1,2.0803209013409085,0.6675117827124066,0.6901408450704225,0.6580578584564826,0.6901408450704225,0.6643665221140521,0.879393719587527,-0.022807604928824166,1.8700716429286532,5.376875307824877
89,2,1.9924610124693976,0.6457452144887712,0.7183098591549296,0.7017769421113397,0.7183098591549296,0.6923542338387181,0.8796312521373404,-0.039673023088681925,1.8126621511247423,5.134797665807936
89,3,2.0343485607041254,0.7489798979626762,0.6725352112676056,0.6353612960338061,0.6725352112676056,0.6529448039892066,0.8598267548974066,-0.056698889581773715,1.7829386128319635,5.03354189130995
89,4,2.1433995366096497,0.7080898814731174,0.6848591549295775,0.6619361455385842,0.6848591549295775,0.6634517347846816,0.8638272882270666,-0.05465149489642829,1.8730520870950487,5.492455164591472
90,1,2.1150227189064026,0.6803871807124879,0.6954225352112676,0.6429103932612565,0.6954225352112676,0.6671605372431015,0.872305742504004,-0.019735533034028974,1.8762418892648485,5.462505446539985
90,2,2.0355524685647755,0.6957670185301039,0.7147887323943662,0.6737809531173575,0.7147887323943662,0.6890863822085977,0.873587243436224,-0.04217392089807004,1.804980092578464,5.161718328793843
90,3,1.9815686610009935,0.7061329136292139,0.6778169014084507,0.6938024157341295,0.6778169014084507,0.6535585371417713,0.8646077788706512,-0.039043550099385094,1.7667810122172039,4.957585162586636
90,4,2.113942199283176,0.6878123995330598,0.7077464788732394,0.6607888549698523,0.7077464788732394,0.6833972414525264,0.884233952315209,-0.0353413753372418,1.8531822164853413,5.441578255759345
91,1,2.100798659854465,0.690465928779708,0.6936619718309859,0.66785470539219,0.6936619718309859,0.6712587817676022,0.8751092223750798,-0.013463675238539308,1.8622742825084262,5.391574872864617
91,2,2.0025944908459983,0.6789758834573958,0.7095070422535211,0.6878019433457675,0.7095070422535211,0.6869836387762983,0.8779355403984876,-0.027370804264571946,1.7920098106066387,5.091037763489617
91,3,2.018516891532474,0.7365066591236327,0.6672535211267606,0.6234999130768378,0.6672535211267606,0.6438767700809928,0.8532139320028039,-0.02739901755896912,1.7818071179919772,5.0098739465077715
91,4,2.1303992602560253,0.7020066711637709,0.6883802816901409,0.6687498326858275,0.6883802816901409,0.6708338315252081,0.8702845123055537,-0.014927421860347678,1.8583706153763666,5.463315142525567
92,1,2.095731688870324,0.6601448622014787,0.7112676056338029,0.6963319798385641,0.7112676056338029,0.689297424173248,0.8837281068763339,-0.046242825614721816,1.8755038115713332,5.445433987511529
92,2,2.0632811850971646,0.71016792456309,0.6813380281690141,0.6626744401247798,0.6813380281690141,0.6535502578399542,0.866372855362834,-0.048034079912327554,1.8184432056215074,5.220545212427775
92,3,2.0508270727263556,0.7191876702838473,0.6830985915492958,0.6467670303217136,0.6830985915492958,0.6638256181551284,0.8744730513679009,-0.06082561956543797,1.8058172133233812,5.157985422346327
92,4,2.146734250916375,0.6836529407236311,0.7095070422535211,0.6841781942466351,0.7095070422535211,0.6895671808135939,0.8733132405396953,-0.052257150047014145,1.872774879137675,5.560590426127116
93,1,2.0694535175959268,0.667798626754019,0.698943661971831,0.6970695977450566,0.698943661971831,0.6791715508278005,0.8839326170376018,-0.005504870943327855,1.8528774115774367,5.339981449974908
93,2,2.0393525759379068,0.6581439707014296,0.7183098591549296,0.6857999563172471,0.7183098591549296,0.6876515602874071,0.8871701217032446,-0.05625702343399008,1.8330248130692377,5.262172341346741
93,3,1.98121401336458,0.6772467858261533,0.6971830985915493,0.6558369501261101,0.6971830985915493,0.6757009881982422,0.8780313390790171,-0.02627572281906465,1.7833023402425978,5.023804055319892
93,4,2.127091646194458,0.6886366109053293,0.6954225352112676,0.7213259531136674,0.6954225352112676,0.6738554238993161,0.8703015458304901,-0.007012717332232521,1.864370624224345,5.483486546410455
94,1,2.1061079104741416,0.6994362655613158,0.6954225352112676,0.6685405082976311,0.6954225352112676,0.6749772246835849,0.8622173434504747,-0.055428387197328455,1.861661308341556,5.388341599040562
94,2,2.018626219696469,0.6597691112094455,0.721830985915493,0.6781406647341377,0.721830985915493,0.6983736629922384,0.881312489364644,-0.04397551243319309,1.8285670677820842,5.189292536841498
94,3,1.9763436052534316,0.6587959114048216,0.6954225352112676,0.7148568899118595,0.6954225352112676,0.6734087834653318,0.885410320504751,-0.006609615992348328,1.7833215528064303,5.050621403588189
94,4,2.0840504500601025,0.6508347375525368,0.7165492957746479,0.6795979623815956,0.7165492957746479,0.6959892553528275,0.8823724633290762,-0.02172844138554475,1.8531237708197699,5.428220258818732
95,1,2.0985324382781982,0.6835127539104886,0.7095070422535211,0.7064139050887924,0.7095070422535211,0.6918399378966921,0.8691814025656281,-0.019715141566440053,1.8672497471173604,5.400244858529833
95,2,2.0196763806872897,0.6636959744824303,0.698943661971831,0.6552905481258336,0.698943661971831,0.6752145304044512,0.8726695145735115,-0.04265489181459814,1.8074795405069988,5.183630386988322
95,3,1.967825518714057,0.6604035960303413,0.7095070422535211,0.6648604954153955,0.7095070422535211,0.68634562794725,0.8800412345370965,-0.015178615252013472,1.7688833541340299,5.018476486206055
95,4,2.11839751402537,0.670644169052442,0.7235915492957746,0.7318002034288517,0.7235915492957746,0.7009695431856294,0.8781614450134777,-0.0272032870151524,1.8764207164446514,5.4964885049396095
96,1,2.0778608984417386,0.6684920920266045,0.6971830985915493,0.6824930825482475,0.6971830985915493,0.6824948221598618,0.8773786504263044,-0.05267214798112829,1.8607561985651653,5.366387910313076
96,2,1.952059891488817,0.6231624119811587,0.721830985915493,0.7047626395193354,0.721830985915493,0.6845171259030701,0.8921207762848128,-0.006836359329749797,1.7888941566149394,5.052820523579915
96,3,2.008280396461487,0.7070697512891557,0.6778169014084507,0.6327020010920983,0.6778169014084507,0.6541708891703211,0.867625167352561,-0.03086406429463806,1.7813407248920865,5.044438295894199
96,4,2.1365503205193415,0.6856658922301399,0.7235915492957746,0.71083608306127,0.7235915492957746,0.709719615443474,0.8750407424077971,-0.028363747878910495,1.869626157813602,5.52194717195299
97,1,2.0850811335775585,0.6593860967291726,0.727112676056338,0.7097217698313966,0.727112676056338,0.7089122619192156,0.8834897895224352,-0.02209689985333818,1.8723869323730469,5.411702805095249
97,2,1.9883559279971652,0.6583320134215884,0.7306338028169014,0.7072366169421432,0.7306338028169014,0.706459279745047,0.8824706732971785,-0.0013951058130494687,1.8024134702152677,5.091744846767849
97,3,2.02403595050176,0.6996454248825709,0.7130281690140845,0.666732515620851,0.7130281690140845,0.6873224361129482,0.8713364715701936,-0.04659509908837878,1.7989232738812764,5.114280276828342
97,4,2.084232363435957,0.6273982640769746,0.7200704225352113,0.7087430216420999,0.7200704225352113,0.7045281093675554,0.8872621210833376,-0.03657665907718477,1.8728741672303941,5.483511686325073
98,1,2.0638056993484497,0.6470105830166075,0.727112676056338,0.7161325851478212,0.727112676056338,0.7068650653625747,0.8839934222091955,-0.03065166302094302,1.85690661933687,5.369660801357693
98,2,1.9686062799559698,0.6380105697446399,0.7323943661971831,0.7254618868054479,0.7323943661971831,0.7090800670931693,0.8837709498880215,-0.016112577706526743,1.7865117854542203,5.0733294354544745
98,3,1.9352366858058505,0.6198628379238976,0.7165492957746479,0.7447708830140163,0.7165492957746479,0.6984975476360713,0.888978271655417,-0.012452026821877071,1.7869515551461115,5.004442135492961
98,4,2.092746628655328,0.6492831392420663,0.704225352112676,0.7004146229141361,0.704225352112676,0.6895567482035972,0.877545128459757,-0.03143170918589111,1.858258797062768,5.460827867190043
99,1,2.0936397976345487,0.6669300496578217,0.6901408450704225,0.67792651542673,0.6901408450704225,0.669178857993614,0.8828852039308827,-0.030338808809983853,1.8792257640096877,5.422628985510932
99,2,2.039204193486108,0.6613591445816888,0.7130281690140845,0.6834616905237338,0.7130281690140845,0.6935067828825593,0.8857754947755498,-0.06958655197756003,1.8256294594870672,5.254175755712721
99,3,1.9515802330440946,0.6567459404468536,0.704225352112676,0.7294021365886635,0.704225352112676,0.6850720965466103,0.8818625694546033,-0.013803971828703965,1.7720143132739596,4.972859965430366
99,4,2.072832544644674,0.6308396226829953,0.7165492957746479,0.7422548920705131,0.7165492957746479,0.6995570473330156,0.8927855599912298,-0.01771473847941407,1.8615616824891832,5.437482396761577
100,1,2.038483268684811,0.6288157287571166,0.7235915492957746,0.709671109091827,0.7235915492957746,0.7070027880046235,0.895139383299557,-0.03051925193637328,1.851122001806895,5.327707330385844
100,2,2.0182057817777,0.6315479112995995,0.7235915492957746,0.7082334587983713,0.7235915492957746,0.7001526964528988,0.890203211488557,-0.04214940210332707,1.8217610385682848,5.253740668296814
100,3,2.033018092314402,0.6615723288721509,0.7024647887323944,0.6963047151374122,0.7024647887323944,0.6807006179762117,0.8855373443523099,-0.08537599673100615,1.8437159458796184,5.23305802875095
100,4,2.122470842467414,0.642369442515903,0.7095070422535211,0.7066944917509533,0.7095070422535211,0.6988195562832145,0.8865241901573871,-0.04454712203216071,1.882752901977963,5.576040572590298
101,1,2.0799033178223505,0.6927622771925397,0.7007042253521126,0.6791876648073655,0.7007042253521126,0.6768492176148273,0.8759226795426999,-0.02620748468333356,1.8460339705149333,5.316565566592747
101,2,2.027768313884735,0.6715010338359408,0.7288732394366197,0.688164670074506,0.7288732394366197,0.7018939943082079,0.8650748911100263,-0.041119598686125025,1.8214699294832017,5.192391726705763
101,3,1.9555820491578844,0.6488324900468191,0.7059859154929577,0.70402542966779,0.7059859154929577,0.6867863670170494,0.8906207564624359,-0.01368841726182013,1.78072323401769,5.004664129681057
101,4,2.102184977796343,0.6429363307025697,0.7059859154929577,0.681748333461157,0.7059859154929577,0.6865648409910263,0.8871634225374503,-0.023486528638553272,1.8661096692085266,5.507098197937012
102,1,2.0670643117692737,0.6134417951107025,0.7517605633802817,0.734594369776326,0.7517605633802817,0.7365302307428623,0.8915648344189988,-0.03210845992976985,1.8716519011391535,5.458849986394246
102,2,1.9687898291481867,0.6482303953833051,0.7183098591549296,0.7055551735434438,0.7183098591549296,0.6979667692652712,0.8849340567563586,-0.021809222614010304,1.7868245508935716,5.050095054838392
102,3,1.914553509818183,0.6224600921074549,0.7165492957746479,0.7405328992606446,0.7165492957746479,0.7014328108485972,0.8937607893369797,-0.016576672603855425,1.7686150007777743,4.929437941975063
102,4,2.073966715070936,0.6197665863566928,0.7165492957746479,0.7020535724090372,0.7165492957746479,0.7060698009622529,0.8964386430239315,-0.027550153808537425,1.863421168592241,5.4671000772052345
103,1,2.036968615319994,0.6316143522659937,0.704225352112676,0.6973499759487465,0.704225352112676,0.6937755342279834,0.8956059276277055,-0.015916100478078343,1.8465612530708313,5.31612843937344
103,2,1.9883190128538344,0.640720686978764,0.7517605633802817,0.7644757297192004,0.7517605633802817,0.7303234373231287,0.8895374020714177,-0.02493191843967213,1.8089708089828491,5.132715000046624
103,3,1.9880242745081584,0.6726952989896139,0.7007042253521126,0.6933464220641006,0.7007042253521126,0.6843048526308856,0.8822607159444849,-0.03299120413956835,1.7890305717786152,5.057124998834398
103,4,2.063641905784607,0.6436974803606669,0.7253521126760564,0.7167261559187685,0.7253521126760564,0.717676601019352,0.8909427466716879,0.003080293131206391,1.8497092127799988,5.376845320065816
104,1,2.0290194617377386,0.5994121846225526,0.7359154929577465,0.7145625276046523,0.7359154929577465,0.7151674347390485,0.9000440278095437,-0.03317440423144835,1.8532037536303203,5.364769485261705
104,2,2.0356377164522805,0.6370748910639021,0.7253521126760564,0.6899946038531893,0.7253521126760564,0.7009394134850027,0.8773849992597356,-0.06917868636106372,1.8506695826848347,5.298950791358948
104,3,1.9426236020194159,0.6124279333485497,0.727112676056338,0.7136659316142607,0.727112676056338,0.7105119022599995,0.8875141111313366,-0.029177808008227668,1.7788600656721327,5.046413355403477
104,4,2.0547740989261203,0.5944824367761612,0.7288732394366197,0.7075412270565862,0.7288732394366197,0.7106760686751501,0.8962054040777622,-0.039771218879477654,1.8625978032747905,5.46212108929952
105,1,2.044315861331092,0.6079429073466195,0.7306338028169014,0.7310622297685984,0.7306338028169014,0.7201298057639478,0.8933551552170792,-0.0337546794691177,1.859473983446757,5.3958526319927635
105,2,1.9698370628886752,0.644703722662396,0.7130281690140845,0.6964316982701192,0.7130281690140845,0.6880514304343054,0.8912248086355359,-0.012166042736173166,1.7909813457065158,5.061814652548896
105,3,1.9603528049257066,0.6415100130769942,0.7112676056338029,0.6987630913687252,0.7112676056338029,0.6985414795860755,0.891973399924818,-0.0394652659730339,1.7853874762852986,5.037652373313904
105,4,2.0624245405197144,0.6257344533999761,0.7200704225352113,0.7022020656135147,0.7200704225352113,0.7023523914122104,0.8933215082417317,-0.010729757847357302,1.8428023325072393,5.414701210127936
106,1,2.0352581673198276,0.6129506876071295,0.7323943661971831,0.7324859162785144,0.7323943661971831,0.7164088135364974,0.8971981837491863,-0.028918290178167272,1.8529924816555448,5.353975401984321
106,2,1.97201802333196,0.6127790113290151,0.7341549295774648,0.712193596057164,0.7341549295774648,0.7171380307122959,0.8994871694060235,-0.037792010637313966,1.8043215605947707,5.143575575616625
106,3,1.973387791050805,0.6613391720586352,0.7024647887323944,0.6955228007352386,0.7024647887323944,0.6900974880720174,0.8865775933355486,-0.017662867188600107,1.7850944134924147,5.034834345181783
106,4,2.115640249517229,0.6366718924707837,0.7200704225352113,0.6971503069685469,0.7200704225352113,0.7000911776785351,0.8952430688225861,-0.01752410788752856,1.8693350619739957,5.566566149393718
107,1,2.0667678978708057,0.6250296400652992,0.727112676056338,0.7190619346724221,0.727112676056338,0.7144144660079834,0.8919880319657032,-0.046311454233283866,1.865271078215705,5.430823670493232
107,2,1.9971663620736864,0.664160903957155,0.7306338028169014,0.7109983287005096,0.7306338028169014,0.7131769973008092,0.8783739259405701,-0.010598497932787998,1.8025386929512024,5.107512328359816
107,3,1.9917861156993442,0.6846479309929742,0.704225352112676,0.7033019346678742,0.704225352112676,0.6895289682374762,0.8785477806576176,-0.02756323107334957,1.7860653267966375,5.041775107383728
107,4,2.136551082134247,0.6371281958288617,0.7183098591549296,0.7177500580573838,0.7183098591549296,0.7024203433010351,0.8949213844964806,-0.05031775828951068,1.8792517847485013,5.635204182730781
108,1,2.06442172659768,0.6613932036691241,0.7095070422535211,0.6978583472583414,0.7095070422535211,0.69837376004155,0.882361340299104,-0.017376050892610184,1.8558170331848993,5.338154726558262
108,2,1.9849175479676988,0.6329299923446443,0.7288732394366197,0.7141076856752405,0.7288732394366197,0.6999536993633763,0.8948098743293207,-0.04697658543719485,1.7985516720347934,5.139554977416992
108,3,1.967797537644704,0.6143424693081114,0.7288732394366197,0.7363304676058,0.7288732394366197,0.7243559011096002,0.8959528331222987,-0.042843394177288774,1.8018601073159113,5.125859194331699
108,4,2.0641049212879605,0.6425897396273084,0.7323943661971831,0.7202194555783723,0.7323943661971831,0.719907274535293,0.8858407940833145,0.0117846860950509,1.8445645570755005,5.380973445044623
109,1,2.06905198097229,0.5984290060069826,0.7447183098591549,0.7213014725977135,0.7447183098591549,0.7224030412916796,0.8997475543344362,-0.04718616677570364,1.8792730569839478,5.500505314932929
109,2,1.953373716937171,0.5789137730995814,0.7588028169014085,0.7473032396410743,0.7588028169014085,0.7447417288470191,0.8990445347223988,-0.027249139376221976,1.806287904580434,5.160446736547682
109,3,1.9315280848079257,0.6327155017190509,0.7341549295774648,0.7526102733690513,0.7341549295774648,0.7116793100559449,0.893476384443993,-0.022584293297943203,1.76978427833981,4.962090651194255
109,4,2.0595467819107904,0.5907382269700369,0.7447183098591549,0.7370183882365801,0.7447183098591549,0.7342342839881227,0.9019435235332849,-0.032392344212975654,1.864508827527364,5.486766497294108
110,1,2.066507193777296,0.6434220489528444,0.7429577464788732,0.7278416794996423,0.7429577464788732,0.7208845371038394,0.8831915693300794,-0.013478458211453992,1.855936845143636,5.387039052115546
110,2,1.9425284531381395,0.6001205378108554,0.7482394366197183,0.7269657759291256,0.7482394366197183,0.7339430525133624,0.8941895076196194,-0.016460512469172572,1.790338893731435,5.074813445409139
110,3,1.9761980970700581,0.660263212190734,0.7165492957746479,0.7084558559551161,0.7165492957746479,0.7049352647742751,0.8912814086622116,-0.027685713289874236,1.7858752210934956,5.0467126501931086
110,4,2.069508605533176,0.6395101928048663,0.704225352112676,0.6874094804677119,0.704225352112676,0.69178421870451,0.8907094411046028,-0.022962895098691538,1.8524400194485982,5.406171480814616
111,1,2.043757292959425,0.6319624897506502,0.7077464788732394,0.6931321225681233,0.7077464788732394,0.6912409701613621,0.883745559046908,-0.008389438107335723,1.854590700732337,5.337945037417942
111,2,1.9778148465686374,0.6332094040181901,0.7253521126760564,0.6946954405759451,0.7253521126760564,0.7050286093603687,0.8904196712400674,-0.022605258062034617,1.8002746105194092,5.11522732840644
111,3,2.0017610523435803,0.674614108271069,0.6883802816901409,0.679012491855899,0.6883802816901409,0.6745991277830053,0.8806969607646145,-0.04321871090014162,1.7897306084632874,5.098437017864651
111,4,2.051238762007819,0.5979206015666326,0.7411971830985915,0.7661878502398315,0.7411971830985915,0.7266740953646715,0.8990523997197325,-0.007674220260557751,1.8527006374465094,5.442314214176601
112,1,2.058640135659112,0.6213093350330988,0.7059859154929577,0.6844911752766994,0.7059859154929577,0.6897378810654157,0.891073643181171,-0.021867904600176846,1.8637490736113653,5.4124119016859265
112,2,1.9033954872025385,0.5801130748457379,0.7288732394366197,0.7133198624990048,0.7288732394366197,0.7177137501689318,0.9003549494429466,-0.010102136799046812,1.7769856055577595,4.991054230266148
112,3,1.9329598016209073,0.6236608972152075,0.7165492957746479,0.7051717188503303,0.7165492957746479,0.7018986721317649,0.8945040311624476,-0.02021985337614529,1.7719740470250447,4.987990445560879
112,4,2.059312449561225,0.6221036894453896,0.7235915492957746,0.7121306205708137,0.7235915492957746,0.7100997932280565,0.8904203401811053,-0.01601511302816938,1.8575776682959662,5.41279935836792
113,1,2.0387432508998447,0.6097511616018083,0.7147887323943662,0.7023150129370487,0.7147887323943662,0.6982413061480872,0.8929112288750302,-0.04032196425789314,1.8618067370520697,5.373057868745592
113,2,1.9409842160012987,0.5715660022364722,0.7464788732394366,0.7396173843868311,0.7464788732394366,0.734035967612396,0.9068212708745786,-0.013201188026647825,1.799686868985494,5.136293093363444
113,3,1.9281997945573595,0.6071683317422867,0.7235915492957746,0.7051816341415441,0.7235915492957746,0.7071310122910823,0.8980121572195641,-0.02740904060548388,1.7732209894392226,5.010606474346584
113,4,2.0862718423207602,0.6307746751440896,0.7411971830985915,0.7323057175973172,0.7411971830985915,0.7261583281665942,0.8964155746052684,-0.032101592207363305,1.867793533537123,5.48243166340722
114,1,2.037284235159556,0.605634836686982,0.7183098591549296,0.7073303316767519,0.7183098591549296,0.7045362237364751,0.8971131954946325,-0.034044890735311695,1.871030933327145,5.377799352010091
114,2,1.9346096846792433,0.5829462226894166,0.7482394366197183,0.7352020097411563,0.7482394366197183,0.7366741261908158,0.9058533077665295,-0.017605954601190854,1.792983591556549,5.088490923245748
114,3,1.9379292792744107,0.6216520385609733,0.7323943661971831,0.6970480239175655,0.7323943661971831,0.7053035117964895,0.8938248367106866,-0.022658999869578977,1.7779882417784796,5.009242574373881
114,4,2.0644787351290383,0.622110418147511,0.7341549295774648,0.7292441062055183,0.7341549295774648,0.7250932732047816,0.8864083137062987,-0.03754634436120585,1.853549838066101,5.4300046761830645
115,1,2.039522429307302,0.5745237850480609,0.7341549295774648,0.726919695579858,0.7341549295774648,0.7244607853718699,0.9062815710803857,-0.039238891742020554,1.8684544364611309,5.457852337095472
115,2,1.9411979847484164,0.5822590440511703,0.7447183098591549,0.7201871395576162,0.7447183098591549,0.721926263017333,0.90219058289019,-0.018257909108727155,1.794159173965454,5.112055381139119
115,3,1.9148721628718905,0.5784814871019788,0.7376760563380281,0.7328679918819927,0.7376760563380281,0.7287279247614518,0.9066536110038609,-0.012679730476625517,1.7807986206478543,5.033116936683655
115,4,2.055451843473646,0.6115609970357683,0.7077464788732394,0.6945988015625401,0.7077464788732394,0.6974039425397863,0.8924313742762954,-0.010439027922948929,1.86121846569909,5.424530320697361
116,1,2.0579809149106345,0.6214867416355345,0.721830985915493,0.7094706166763008,0.721830985915493,0.709028796430071,0.8877983537309756,-0.03645069416958169,1.867742829852634,5.409800397025214
116,2,1.9632415374120076,0.5728835811217626,0.7658450704225352,0.7610803908770585,0.7658450704225352,0.7471905707024113,0.909773936941964,-0.033564407610616076,1.8094448049863179,5.207409964667426
116,3,1.9244630866580539,0.6136314041084714,0.7007042253521126,0.6858819390975649,0.7007042253521126,0.6878702745909346,0.8986550957265688,-0.027147049480202634,1.7811909450425043,4.983070174853007
116,4,2.042614698410034,0.5796642634603713,0.7095070422535211,0.7038382373106066,0.7095070422535211,0.7050676573363573,0.89993179602983,-0.03864096342023049,1.8546233309639826,5.456165525648329
117,1,2.0087117155392966,0.5849306003914939,0.7411971830985915,0.7236120553206458,0.7411971830985915,0.7248879517964119,0.9024193473009761,0.0034488093223590255,1.8526545564333599,5.330867449442546
117,2,1.9011647038989596,0.5531299412250519,0.7658450704225352,0.7561478559180723,0.7658450704225352,0.7562020980556274,0.9083803748534224,-0.030538425422908855,1.7853671179877386,5.046578990088569
117,3,1.954547815852695,0.62441053489844,0.7095070422535211,0.6823784112898368,0.7095070422535211,0.6871529520171843,0.8970425714121286,-0.03499056471629136,1.7865997619099088,5.058201193809509
117,4,2.0956901245647006,0.6106420407692591,0.7306338028169014,0.7356413590714593,0.7306338028169014,0.7162998773509766,0.8972346545683363,-0.03502933317758816,1.8713794019487169,5.560802075597975
118,1,2.1390963594118753,0.6081546015209622,0.7376760563380281,0.7277055735964014,0.7376760563380281,0.7293765415500723,0.8957594944539107,-0.09977516967944355,1.9139279855622187,5.711293657620748
118,2,1.9563097887569003,0.5950413462188509,0.7711267605633803,0.7678735209882794,0.7711267605633803,0.761155004881575,0.9017876239769477,-0.014115202885269573,1.7896359761555989,5.132602585686578
118,3,1.9353473451402452,0.5914138903220495,0.7482394366197183,0.7329267628715688,0.7482394366197183,0.7328081246726712,0.903318270193348,-0.011069902679732069,1.7947713798946805,5.071191800965203
118,4,2.048983487817976,0.5865493052535586,0.75,0.7427945912383375,0.75,0.7433968102164492,0.9104649671079651,-0.03571849055449827,1.865238865216573,5.461329672071669
119,1,2.020224279827542,0.6046741257111231,0.7306338028169014,0.7274230231315724,0.7306338028169014,0.7245762625126778,0.9091094729935106,-0.021943143256220043,1.8547910518116422,5.323174370659722
119,2,1.8983580536312528,0.5572468456294801,0.7605633802816901,0.7473838367188993,0.7605633802816901,0.7501351493593374,0.9167035473973904,-0.022458166102147237,1.780578421221839,5.027617348564996
119,3,1.889809833632575,0.5538495315445794,0.7693661971830986,0.7688561812426571,0.7693661971830986,0.7603081057485654,0.9157941270781499,-0.027068278915376887,1.7733201715681288,5.0070503155390425
119,4,2.0442055000199213,0.5879404875967238,0.7588028169014085,0.7455793697522419,0.7588028169014085,0.746271530827875,0.9080169144956307,-0.02980067846152945,1.8518327739503648,5.442156910896301
120,1,2.00936406188541,0.5621944997045729,0.7464788732394366,0.7423914319248825,0.7464788732394366,0.7397502992441685,0.908547534873346,-0.027711116795113844,1.8636594414710999,5.386092914475335
120,2,1.994293901655409,0.5762782709466087,0.7306338028169014,0.7130584267027726,0.7306338028169014,0.7152285420299827,0.9060958932882274,-0.05538585722963174,1.8305169410175748,5.302996860610114
120,3,1.9482843743430243,0.5938807742463218,0.7235915492957746,0.7093608685952175,0.7235915492957746,0.7118884727882706,0.9062198531132979,-0.05737760912847856,1.7933954795201619,5.108559330304463
120,4,2.009520901574029,0.5561393780840768,0.7570422535211268,0.7570819980379553,0.7570422535211268,0.7507150321945458,0.9127219760948913,-0.015088557849369355,1.8499697579277887,5.400744279225667
121,1,2.0348878039254084,0.6238029731644524,0.7165492957746479,0.7083177636656626,0.7165492957746479,0.7070479993526525,0.8971492070932303,-0.013813760806879793,1.85479869445165,5.327418936623467
121,2,1.947100645966,0.6031093630525801,0.7411971830985915,0.732151285377639,0.7411971830985915,0.7321133016202439,0.9015032159182674,-0.019298126826668982,1.7900883952776592,5.083080106311375
121,3,1.910639398627811,0.6197614487674501,0.7288732394366197,0.7175458425242689,0.7288732394366197,0.7188535294584857,0.9007689381138629,-0.0251374708887957,1.7518877453274198,4.922687689463298
121,4,2.0513173076841564,0.5970912194914288,0.7464788732394366,0.7346773429035752,0.7464788732394366,0.7356900967441701,0.9069539305222574,-0.005429244452030968,1.8614027500152588,5.444511320855883
122,1,2.0235703190167746,0.5789223098092608,0.7429577464788732,0.729194058623614,0.7429577464788732,0.732441055824626,0.9026781218978612,-0.0382979876496079,1.8642959131134882,5.3944154845343695
122,2,1.9768933256467183,0.5732642511526743,0.7429577464788732,0.7283857069232457,0.7429577464788732,0.7280691431660733,0.9077290076893084,-0.05646645962072627,1.813332200050354,5.252027697033352
122,3,1.967337085141076,0.5987393342786365,0.7288732394366197,0.7162437041509185,0.7288732394366197,0.7193161975126953,0.9020256059116141,-0.0572556584177788,1.8107339673572116,5.160731686486138
122,4,2.126920289463467,0.6295055200656255,0.7288732394366197,0.7219202159319771,0.7288732394366197,0.718308107284481,0.8943742462297208,-0.05293928132598413,1.8857319752375286,5.620887849065992
123,1,2.0325021743774414,0.5384773744477166,0.7552816901408451,0.7400711069895478,0.7552816901408451,0.7407158114887527,0.9119301040646923,-0.02971087572926323,1.8884061442481146,5.51855989297231
123,2,1.924342691898346,0.5893234560887018,0.7447183098591549,0.732355378234363,0.7447183098591549,0.7346195578755883,0.9019902099594339,-0.004082315043683726,1.7860329813427396,5.039387358559503
123,3,1.9075979789098103,0.5638481809033288,0.7359154929577465,0.7285156259782994,0.7359154929577465,0.7224057933884678,0.9143736183539537,-0.03835403124452763,1.7868003182941012,5.043014023039076
123,4,2.078306165006426,0.6204751216702991,0.7235915492957746,0.7010491469460086,0.7235915492957746,0.7074097940787739,0.8973748838230498,-0.021047067642912642,1.8584891623920865,5.479911790953742
124,1,2.0351715750164456,0.5699085692564646,0.7429577464788732,0.7369601874529523,0.7429577464788732,0.7326906034328725,0.9088282746978973,-0.033523952817513525,1.868351399898529,5.45411839750078
124,2,1.9346890648206074,0.5674054142501619,0.7605633802816901,0.7500886633398913,0.7605633802816901,0.74614710638937,0.9086050473682469,-0.03392829502175898,1.802449385325114,5.125017391310798
124,3,1.9041474064191182,0.5726960433853997,0.7411971830985915,0.7364462141629156,0.7411971830985915,0.7380693861648048,0.9097809958726262,-0.018487679800715417,1.7867233753204346,5.010867065853542
124,4,2.061547875404358,0.5863549096716775,0.7570422535211268,0.7571903106978028,0.7570422535211268,0.745472526639092,0.9035257997371445,0.004167254081688498,1.8615311914020114,5.50366457303365
125,1,1.9761884543630812,0.5494728138049444,0.7570422535211268,0.7524135638952515,0.7570422535211268,0.7434761381961545,0.9118542779914536,-0.009796732618451598,1.8481003310945299,5.305191437403361
125,2,1.9201195240020752,0.5575432479381561,0.7552816901408451,0.7442791771743258,0.7552816901408451,0.7438448987870622,0.9128000529116717,-0.03720288002434757,1.7948323223325942,5.099464032385084
125,3,1.8930391603045993,0.5688998881313536,0.7605633802816901,0.746262521394814,0.7605633802816901,0.7507070679094896,0.9064789488290772,-0.009576344398866565,1.7725123696857028,4.982697314686245
125,4,2.052353541056315,0.5677734795543883,0.7359154929577465,0.7245350545529519,0.7359154929577465,0.7218028045547801,0.9046299973619696,-0.03423770167083018,1.8674988945325215,5.516373541620043
126,1,2.0348584718174405,0.555051702592108,0.7816901408450704,0.7761938268406425,0.7816901408450704,0.7766672293123891,0.9138008112907412,-0.035719956470756875,1.872053285439809,5.4877407683266535
126,2,1.9205717378192477,0.5333137777116563,0.7535211267605634,0.746865858783673,0.7535211267605634,0.7361880837682386,0.916840004695903,-0.038943448689237714,1.8039047453138564,5.157506810294257
126,3,1.892137845357259,0.5947022769186232,0.7464788732394366,0.747305178977352,0.7464788732394366,0.7404994681959575,0.9076853422438329,-0.013695906695312843,1.758764472272661,4.9194873968760175
126,4,2.05040399895774,0.5661365042130152,0.7517605633802817,0.7448509946891365,0.7517605633802817,0.7457853000390728,0.9108658635110395,-0.027078080128040805,1.86932592259513,5.513694564501445
127,1,2.0378028551737466,0.5764612174696393,0.7570422535211268,0.7532863745361333,0.7570422535211268,0.7444129679294768,0.9029818016672853,-0.04429791248194492,1.8722429739104376,5.447599742147657
127,2,1.8896160986688402,0.5494545764393277,0.7676056338028169,0.7621286356659359,0.7676056338028169,0.7620387305521736,0.9154250943048878,-0.004519785777887808,1.7743428349494934,5.0166594584782915
127,3,1.922894385125902,0.5584874865081575,0.7306338028169014,0.712313864806486,0.7306338028169014,0.7177525245343137,0.9107422498161897,-0.05039145495237274,1.7984178066253662,5.106510294808282
127,4,2.0210350023375616,0.5705018291870753,0.7517605633802817,0.7398711177320332,0.7517605633802817,0.7426307490417761,0.9136670489114259,0.005768100533777631,1.851327359676361,5.405612164073521
128,1,1.9893858896361456,0.5601125905911127,0.7517605633802817,0.7410751049471831,0.7517605633802817,0.7447522449788045,0.9099042857885287,-0.04254627632144192,1.8555666274494595,5.32435667514801
128,2,1.9401595526271396,0.5435675432284673,0.7552816901408451,0.7411693193605784,0.7552816901408451,0.7441228233551767,0.9145899566281297,-0.04642970044700023,1.8127425379223294,5.1988740762074785
128,3,1.9298203455077276,0.5970043059852388,0.727112676056338,0.7121092973244034,0.727112676056338,0.7145219569161243,0.9005675647150052,-0.041932604557997966,1.7759133179982503,5.039724230766296
128,4,2.047942472828759,0.5967643211285273,0.727112676056338,0.7264320232188438,0.727112676056338,0.7230721263619853,0.9038018362690488,-0.01915987805404562,1.8682789670096502,5.43402459886339
129,1,2.0186057686805725,0.5635559658209482,0.7588028169014085,0.7499451375263312,0.7588028169014085,0.7479479375724676,0.9104298852670951,-0.06075993137134161,1.8581228388680353,5.413721813095941
129,2,1.9006462891896565,0.5352606856160693,0.7693661971830986,0.7639709725745778,0.7693661971830986,0.7591768112611549,0.9169769885233301,-0.03421866558688258,1.7973801692326863,5.086545811759101
129,3,1.86457050508923,0.5252509663502375,0.7570422535211268,0.7508267514941123,0.7570422535211268,0.7514460235320846,0.9164040967131413,-0.004555359728023234,1.7757872409290738,4.989649216334025
129,4,2.030951956907908,0.5461642626259062,0.7588028169014085,0.7603970214640252,0.7588028169014085,0.7490372992745191,0.9107858812461549,-0.047310027595939275,1.8711894816822476,5.495456351174249
130,1,1.9973375267452664,0.5354307625028822,0.7411971830985915,0.7348193358395746,0.7411971830985915,0.7363912690904093,0.9118686193220931,-0.042118549540038464,1.8750568164719477,5.408453133371141
130,2,1.9368063741260104,0.5635494606362449,0.7552816901408451,0.7443806379528775,0.7552816901408451,0.7379435057817721,0.9109654825361481,-0.03243230918414097,1.8048544393645392,5.141072299745348
130,3,1.9075030353334215,0.5414863444036908,0.7605633802816901,0.7600744720779091,0.7605633802816901,0.7552456425695862,0.9162031878439907,-0.03188443046431977,1.7813918325636122,5.094875189993116
130,4,2.0156074497434826,0.5192507571644254,0.778169014084507,0.7728956231695745,0.778169014084507,0.7710998615657229,0.9262729244046349,-0.023631993468779644,1.863739636209276,5.507106171713935
131,1,2.0842908024787903,0.5978849232196808,0.7306338028169014,0.7220976331818816,0.7306338028169014,0.7252738403361355,0.8966199598709086,-0.07444621238498716,1.8974893821610346,5.5525708595911665
131,2,1.908705665005578,0.5282772398657269,0.7658450704225352,0.756275801015243,0.7658450704225352,0.7529107438628087,0.9191672974068172,-0.03313024993008207,1.8159724805090163,5.129705150922139
131,3,1.9101839926507738,0.5988223039441638,0.727112676056338,0.723305490256051,0.727112676056338,0.7172656954264245,0.9049726438182467,-0.0004372236065632862,1.7686156961652968,4.970027764638265
131,4,1.9947767522599962,0.554318850239118,0.7676056338028169,0.7584450224071704,0.7676056338028169,0.7580051202501927,0.9184304784305982,-0.005254406098816666,1.8403816223144531,5.3558449612723456
132,1,2.0097033182779946,0.5326809386412302,0.7676056338028169,0.7636335612962784,0.7676056338028169,0.7611813972238429,0.9141179323654336,-0.03811023114157641,1.8813316689597235,5.456088622411092
132,2,1.8870003753238254,0.48749592072433895,0.7940140845070423,0.7858207757181387,0.7940140845070423,0.7857650788036733,0.9340256973351457,-0.04662658283538179,1.8095521926879883,5.1525106694963245
132,3,1.9010063873396978,0.5438984930515289,0.7359154929577465,0.7297504647786028,0.7359154929577465,0.7242966758460092,0.9104895996224719,-0.025849718530719823,1.7847159504890442,5.067591190338135
132,4,2.0221787558661566,0.5339035855399238,0.7535211267605634,0.7485509657414225,0.7535211267605634,0.7477120870636289,0.9192735023768127,-0.06707976091685919,1.8642557594511244,5.4948207007514105
133,1,1.9662557906574674,0.5256097498867247,0.7640845070422535,0.7555885804781827,0.7640845070422535,0.7508289876421378,0.9174792925628322,0.0033978812215152976,1.8504328197903104,5.32776305410597
133,2,1.9089751309818692,0.5467537807093726,0.7746478873239436,0.7648001704235123,0.7746478873239436,0.7673742264674784,0.9177912172476601,-0.036902408724512226,1.801307287481096,5.087491419580248
133,3,1.9325076672765944,0.6045794503556358,0.7341549295774648,0.7276498606432612,0.7341549295774648,0.7271311326928683,0.9013239964785552,-0.023722172624690563,1.789128647910224,5.03100672033098
133,4,2.0343282288975186,0.530449703335762,0.7693661971830986,0.7601490077882506,0.7693661971830986,0.7616081663945432,0.9193177546758702,-0.03905180854905854,1.8740894198417664,5.543377982245551
134,1,1.954928265677558,0.5194227000077566,0.7764084507042254,0.769250721876859,0.7764084507042254,0.7678103512289229,0.9219409029570198,-0.005359741426562703,1.83890120850669,5.3044410943984985
134,2,1.890690220726861,0.552483492427402,0.7570422535211268,0.7534398310388489,0.7570422535211268,0.7507271363450765,0.9156206147213801,-0.03514179355739522,1.779813739988539,5.013172401322259
134,3,1.8804903427759807,0.5340841147634718,0.7764084507042254,0.7702308808055065,0.7764084507042254,0.7703008577405611,0.9194705694255828,-0.0276122117657287,1.7747963335778978,5.022104713651869
134,4,2.0397521787219577,0.5628739164935218,0.7464788732394366,0.7323935977993202,0.7464788732394366,0.7358877227218202,0.9115409209963036,-0.006419620070984955,1.8730998635292053,5.485801286167568
135,1,1.9844018154674106,0.5310238351424535,0.7799295774647887,0.7736205505507243,0.7799295774647887,0.7728648656490581,0.916849778892859,-0.020834921957153973,1.8622232741779752,5.375616921318902
135,2,1.9369634787241619,0.5297332141134474,0.7676056338028169,0.7670908832271685,0.7676056338028169,0.7648325867152984,0.9209263304173744,-0.053729594525431024,1.8097537027464972,5.2205005221896705
135,3,1.887864934073554,0.533311954802937,0.7605633802816901,0.7489919927804479,0.7605633802816901,0.7474899563326828,0.9224537849977622,-0.01791182206861297,1.7924966083632574,5.048488352033827
135,4,2.0503360629081726,0.5507733540402519,0.772887323943662,0.7787698600546835,0.772887323943662,0.774296863554455,0.9158169174158795,-0.03534885207864735,1.8997459279166327,5.549315558539496
136,1,1.9676406383514404,0.5241861078474257,0.7746478873239436,0.7633019551462386,0.7746478873239436,0.7624747134605526,0.915369532244281,-0.020617232725750112,1.8494699994723003,5.3357009755240545
136,2,1.8649997446272109,0.5049329631858401,0.7693661971830986,0.7511762559895806,0.7693661971830986,0.7563436717402513,0.9268659357277772,-0.04575007894946581,1.7849854760699801,5.038488679462009
136,3,1.8785485492812262,0.5357039603922102,0.778169014084507,0.7744926090330055,0.778169014084507,0.7721211970555483,0.9140821959264926,-0.03184169268332626,1.7678788503011067,5.01185241010454
136,4,1.9770842856831021,0.5133718417750465,0.7940140845070423,0.7913561278890302,0.7940140845070423,0.7894378903291283,0.9244007450434453,-0.014554544733857089,1.8454457455211215,5.392413020133972
137,1,1.9669750266604953,0.5267487747801675,0.7816901408450704,0.7824989227678134,0.7816901408450704,0.7756168095809014,0.9267728159751221,-0.017461458639694616,1.8541152477264404,5.327502727508545
137,2,1.9025366173850164,0.5182241557372941,0.7799295774647887,0.7688013652379514,0.7799295774647887,0.7731642950569483,0.9211595145325127,-0.0518156415747848,1.7964630921681721,5.132598823971218
137,3,1.948918150530921,0.5648548288477792,0.772887323943662,0.772463896873023,0.772887323943662,0.7639070900085578,0.9148287897106788,-0.043146646973307945,1.8013031681378682,5.178399085998535
137,4,2.051420682006412,0.5273039150569174,0.7764084507042254,0.7765777409555371,0.7764084507042254,0.7740210619679428,0.9239781338347144,-0.04623872950104868,1.88234457704756,5.6076929569244385
138,1,2.006301906373766,0.5558958103259405,0.7411971830985915,0.732398282065179,0.7411971830985915,0.7359155280977241,0.9110599783929252,-0.04005489512504701,1.8640121552679274,5.390582640965779
138,2,1.8822246922387018,0.5048671017090479,0.7904929577464789,0.7869562596219487,0.7904929577464789,0.7812436830070814,0.928762797093675,-0.031119947937661818,1.7878397968080308,5.09605888525645
138,3,1.8471814460224576,0.5221453424957063,0.772887323943662,0.7755252233725026,0.772887323943662,0.7677148978694136,0.9262606533398949,-0.04490825971000367,1.7642991940180461,4.9389322068956165
138,4,2.027978652053409,0.5269197026888529,0.7869718309859155,0.7831357595191312,0.7869718309859155,0.7839400014104557,0.9248893939814739,-0.036354869881805696,1.8710880875587463,5.530449390411377
139,1,1.9684457447793748,0.4993416104051802,0.7922535211267606,0.787877337136051,0.7922535211267606,0.7878081178435085,0.9270369524208574,-0.03116129919865207,1.8664059109157987,5.396355231602986
139,2,1.8761895431412592,0.49250998596350354,0.778169014084507,0.7693739626894953,0.778169014084507,0.7704817460935556,0.9274832798482032,-0.027471772497803526,1.8032610217730205,5.1047749519348145
139,3,1.862132516172197,0.5485085397958755,0.7746478873239436,0.7668918146791615,0.7746478873239436,0.7672114512408835,0.9215759910997221,-0.018266253658551168,1.7682936655150518,4.9272549814648094
139,4,2.002769284778171,0.5343602928850386,0.7588028169014085,0.7589654964098316,0.7588028169014085,0.7498278288201401,0.9093286362752664,-0.012308680905050329,1.8457965917057462,5.42905679013994
140,1,1.98230461941825,0.5342543406618966,0.7640845070422535,0.7545773784103896,0.7640845070422535,0.7547279063981895,0.9152958274530798,-0.006522865522857524,1.8521813021765814,5.36108844810062
140,2,1.9021587702963088,0.5078882210784488,0.7922535211267606,0.7837623792259372,0.7922535211267606,0.7814765578207609,0.9188116517829514,-0.05865723799678624,1.8048396905263264,5.155456529723273
140,3,1.9029759301079645,0.5404749231206046,0.772887323943662,0.7835925106145881,0.772887323943662,0.7669225730533192,0.9221734297932263,-0.061247201492868664,1.7919385433197021,5.0821448299619885
140,4,2.0190652079052396,0.5184433195326064,0.7764084507042254,0.778432915179866,0.7764084507042254,0.7731280666709991,0.9237545475333204,-0.028545115862782744,1.8726105756229825,5.520515998204549
141,1,1.9900823831558228,0.529849542511834,0.7535211267605634,0.7468753617373276,0.7535211267605634,0.749412415471411,0.9152048511062876,-0.02009378004411766,1.856855160660214,5.397292137145996
141,2,1.8922296431329515,0.5191661781734891,0.7764084507042254,0.7627721316752242,0.7764084507042254,0.7660362480940677,0.9167999293196666,-0.037673403482566314,1.8021571106380887,5.096044222513835
141,3,1.8937218520376418,0.5378737482759688,0.7834507042253521,0.7744892950083989,0.7834507042253521,0.7723757995277799,0.9208823748137756,-0.030670635602168206,1.7769879632525973,5.057367285092671
141,4,2.014762004216512,0.5352530380090078,0.7411971830985915,0.7340042811145288,0.7411971830985915,0.7333471329935283,0.9181956138698764,-0.03241935400594764,1.8436755008167691,5.466949423154195
142,1,1.9670911762449477,0.5341480771700541,0.7816901408450704,0.7747495481878369,0.7816901408450704,0.7738855125105389,0.9174715865956331,-0.014964336525445932,1.8465704984135098,5.3106248246298895
142,2,1.8747218913502164,0.48276185161537594,0.7816901408450704,0.7866585919400391,0.7816901408450704,0.773357399324557,0.927411010025417,-0.016839756388589144,1.7983744674258761,5.12262847688463
142,3,1.8675941427548726,0.5289772782060835,0.7623239436619719,0.7577301105755739,0.7623239436619719,0.7577133249984584,0.9193343484118419,-0.028763454062003424,1.7608356210920546,4.991033434867859
142,4,1.98645501004325,0.5076491551266776,0.7764084507042254,0.7696683215174895,0.7764084507042254,0.7695032748178264,0.9232270877824819,-0.019770089123388734,1.858366025818719,5.43700177139706
143,1,1.97485927078459,0.536068363322152,0.7411971830985915,0.7317506714432086,0.7411971830985915,0.7342123011766667,0.9147296295461058,-0.006873810489252952,1.8477880623605516,5.332037833001879
143,2,1.8440362744861178,0.472916872964965,0.7799295774647887,0.7714147883783343,0.7799295774647887,0.7724853728352052,0.9342675697497201,-0.035772181119650304,1.7843767934375339,5.043314615885417
143,3,1.8613972928788927,0.5290971133444045,0.7711267605633803,0.7716159761069642,0.7711267605633803,0.766271702202571,0.9197449095018418,-0.015232057517462927,1.775776829984453,4.970097541809082
143,4,2.0127303202946982,0.518595329589314,0.7834507042253521,0.7814905933858797,0.7834507042253521,0.7809119478823316,0.9265069144537224,-0.027754675483531166,1.8704979485935636,5.499045054117839
144,1,1.9762432840135362,0.5068746242258284,0.7764084507042254,0.7608434724593148,0.7764084507042254,0.7637757245225741,0.922163819820618,-0.01605595417370953,1.863832539982266,5.4047698974609375
144,2,1.9001301725705464,0.49301836556858486,0.7764084507042254,0.7757451535353462,0.7764084507042254,0.7712997090042595,0.9258276453967063,-0.03612315538671407,1.8046563333935208,5.183390855789185
144,3,1.8340861797332764,0.4947904944419861,0.7764084507042254,0.7700902001143882,0.7764084507042254,0.7716402995110991,0.9311559128654631,-0.01016236031421447,1.7656936446825664,4.959109200371636
144,4,1.938301099671258,0.4589068293571472,0.8221830985915493,0.8176367729996814,0.8221830985915493,0.8191006901135319,0.9417693526542498,-0.011709060036687813,1.8415263096491497,5.3902209467358055
145,1,1.9456582334306505,0.4804537494977315,0.7922535211267606,0.7843165963215335,0.7922535211267606,0.7835763496454528,0.9329976437369577,-0.03484211153580019,1.861320263809628,5.364468495051066
145,2,1.86869211991628,0.4714089317454232,0.8080985915492958,0.8014885818496478,0.8080985915492958,0.8015233735605615,0.9299834839471721,-0.015911046488747305,1.812590691778395,5.129019273651971
145,3,1.877868307961358,0.5398040033049054,0.7658450704225352,0.7576269754638411,0.7658450704225352,0.759850100051734,0.9202572042230668,-0.052351804671516344,1.7671344611379836,5.000018159548442
145,4,1.9782285292943318,0.5051711218224632,0.7711267605633803,0.7640779186553834,0.7711267605633803,0.7662487469167609,0.9229255559363088,0.006263793376188542,1.8512875106599596,5.415362185902065
146,1,1.9565350280867682,0.4832381871011522,0.7869718309859155,0.7797741879867567,0.7869718309859155,0.7775329358628207,0.9283331015823556,-0.019119243722474533,1.8595567411846585,5.394227491484748
146,2,1.8542728821436565,0.4818858967887031,0.7887323943661971,0.7811459726836366,0.7887323943661971,0.7816441249258831,0.9312516029270461,-0.018817236648223323,1.7836304704348247,5.056509031189813
146,3,1.8235561450322468,0.532121812303861,0.7570422535211268,0.7385526438004527,0.7570422535211268,0.7432423024582526,0.9207890207840237,-0.016167083328779697,1.7438402043448553,4.836902684635586
146,4,1.9805152416229248,0.5019442041714987,0.7764084507042254,0.7791029270665843,0.7764084507042254,0.7731438471537503,0.9277168991318661,-0.015730255127111903,1.8622697658009,5.430514004495409
147,1,2.0294319921069675,0.5543418576320013,0.7535211267605634,0.7438983042091002,0.7535211267605634,0.7443122468596525,0.9202813757744208,-0.045480322993326716,1.8701430360476177,5.471308787663777
147,2,1.8819857637087505,0.5060005784034729,0.7834507042253521,0.7810539079743252,0.7834507042253521,0.7772194436086581,0.9270968636592376,-0.03441148106823322,1.7969616717762418,5.092617683940464
147,3,1.9139123625225491,0.5836222751273049,0.7552816901408451,0.7478126628709303,0.7552816901408451,0.7462971659342982,0.9123647560412008,-0.0312114293606498,1.7767247888776991,5.017922441164653
147,4,2.0057205226686268,0.55923559765021,0.7676056338028169,0.7634352379606513,0.7676056338028169,0.7629522666661126,0.9157750286090501,0.002169403573686668,1.849757452805837,5.380851851569282
148,1,1.946439756287469,0.508091828889317,0.7693661971830986,0.7587970568243095,0.7693661971830986,0.7627882865757497,0.9238639665534456,-0.03748468926473669,1.8416482872433133,5.302584701114231
148,2,1.830474979347653,0.4877793623341454,0.7816901408450704,0.7751465647330548,0.7816901408450704,0.7719413423483179,0.9328810633865328,0.020607093120864395,1.769665539264679,4.963431225882636
148,3,1.91368571917216,0.5432845817671882,0.7570422535211268,0.7468793006547345,0.7570422535211268,0.7492066437395456,0.9164581757084389,-0.04722736517135662,1.8052809768252902,5.111288256115383
148,4,1.9956208599938288,0.5361409352885352,0.7570422535211268,0.758823083861222,0.7570422535211268,0.7530459455432804,0.9246122429163732,-0.004018829077672814,1.853236887190077,5.4010739591386585
149,1,1.960823827319675,0.5336726870801713,0.7570422535211268,0.7499253319838515,0.7570422535211268,0.7507951986787732,0.9235953849758494,0.013283923308320844,1.8344670335451763,5.290842983457777
149,2,1.839556011888716,0.4748239633109834,0.7940140845070423,0.7843820096980234,0.7940140845070423,0.7871421830333182,0.9364410894942049,-0.02447836720637997,1.7876114911503262,5.023930629094441
149,3,1.8385885159174602,0.5181693699624803,0.7640845070422535,0.7617721938171509,0.7640845070422535,0.7613052240983288,0.9220975812360555,-0.00023367110475525088,1.7572787933879428,4.919566260443793
149,4,1.9767523871527777,0.5274090005291833,0.7605633802816901,0.7497468628500723,0.7605633802816901,0.7517162795852586,0.9177200577467645,0.00397015212006413,1.8465667698118422,5.358553489049275
150,1,1.9303478466139898,0.4700772911310196,0.7904929577464789,0.7934853764475077,0.7904929577464789,0.7850444376180713,0.9347332529636851,-0.012284419492995191,1.85442715883255,5.33764566315545
150,2,1.8490081230799358,0.46870695220099556,0.7940140845070423,0.7913816044257466,0.7940140845070423,0.7898078184374369,0.9305887818883323,-0.009678579096319417,1.7801672485139635,5.069710572560628
150,3,1.921750803788503,0.5380577130450143,0.7605633802816901,0.7547850329650193,0.7605633802816901,0.7533137121149959,0.9154793886334749,-0.0344306141891475,1.814644045299954,5.150367895762126
150,4,2.0230684876441956,0.48478903538650936,0.7975352112676056,0.7941068665842832,0.7975352112676056,0.7950983210064848,0.9322496502973892,-0.025449664538316208,1.8937448263168335,5.612387047873603
