epoch,fold,total_loss,cross_entropy_loss,accuracy,precision,recall,f1_score,auc,r2_score,mae_loss,mse_loss
1,1,27.996954917907715,1.3419625229305692,0.3626760563380282,0.3435587654593305,0.3626760563380282,0.2635103870620166,0.5254636681862355,-16.23000654818253,9.192405064900717,90.1919339497884
1,2,15.511714511447483,1.3019301096598308,0.3996478873239437,0.29624310552422467,0.3996478873239437,0.3394950670993425,0.5077252617600904,-8.878031611708893,6.5628665288289385,48.667876879374184
1,3,6.8430331283145485,1.327204359902276,0.3538732394366197,0.212431344825711,0.3538732394366197,0.22689510757130324,0.5279469117089789,-3.070080395552748,3.9177033371395535,19.713299857245552
1,4,3.330319431093004,1.2687675489319696,0.4278169014084507,0.3021455681416074,0.4278169014084507,0.3083974703673244,0.49790328771386894,-0.5199356807061462,2.365888079007467,8.140606933169895
2,1,2.4478552606370716,1.2312170796924167,0.397887323943662,0.25836912950571644,0.397887323943662,0.2652877693476926,0.524873621704054,-0.005388718450858976,1.8437576360172696,5.286677519480388
2,2,2.3634806407822504,1.228437476687961,0.40316901408450706,0.2872859945338018,0.40316901408450706,0.29484792389702236,0.503819172060526,-0.0031486397312185943,1.7809399565060933,5.011914412180583
2,3,2.3367597460746765,1.2409742143419054,0.40492957746478875,0.30237781996552543,0.40492957746478875,0.29679654835357966,0.5480234680767687,-0.006673044476505963,1.7523314952850342,4.893592463599311
2,4,2.4613608916600547,1.2273976537916396,0.4154929577464789,0.2734320932233507,0.4154929577464789,0.29513184408455906,0.5549513842744308,-0.003617827611989588,1.8384040262964036,5.340608252419366
3,1,2.4415846135881214,1.215183867348565,0.41901408450704225,0.31989930235619324,0.41901408450704225,0.2824028591365665,0.5841721247438453,-0.0023207931503193002,1.849447230497996,5.3031860325071545
3,2,2.3434406187799244,1.205058839586046,0.45598591549295775,0.341019749424953,0.45598591549295775,0.3553197176353138,0.6104982845204363,-0.005068529210662032,1.7765263583925035,4.9996647172504005
3,3,2.31384140253067,1.212700453069475,0.44190140845070425,0.31254492667672956,0.44190140845070425,0.35962523116995226,0.6131636487855371,0.01843849358678229,1.749731719493866,4.883170048395793
3,4,2.4464915063646107,1.2034134931034512,0.4735915492957746,0.34258745462689966,0.4735915492957746,0.397375320596418,0.6084864521338156,0.008203892688910752,1.837409065829383,5.347006599108378
4,1,2.4028866158591375,1.175802105002933,0.4788732394366197,0.3567706770948159,0.4788732394366197,0.388833573523521,0.64553937935799,-0.006384250608124198,1.8378716111183167,5.266083624627855
4,2,2.325606346130371,1.1782845258712769,0.47183098591549294,0.34370011523449945,0.47183098591549294,0.39067246860610305,0.6152695762789157,-0.013519833093709632,1.7785979906717937,5.002690434455872
4,3,2.327394273546007,1.1891330546802945,0.4595070422535211,0.3281297957234935,0.4595070422535211,0.3828128215360004,0.6286169018689198,-0.00835659944302014,1.7697150376107957,4.983336899015638
4,4,2.437205672264099,1.1754601730240717,0.4894366197183099,0.37039997481630327,0.4894366197183099,0.4183467986638452,0.6389315004542042,-0.010633604806255859,1.8459355566236708,5.381278382407294
5,1,2.3983729680379233,1.1617511245939467,0.5,0.37054887379003,0.5,0.4167988157810598,0.6464674900648378,-0.005991709546036006,1.8456880119111803,5.283823808034261
5,2,2.3031369116571216,1.1335995528433058,0.4876760563380282,0.3597645193193057,0.4876760563380282,0.41368559014224743,0.6609880602536433,0.015628016506092912,1.785533196396298,5.032057152854072
5,3,2.268006761868795,1.1371918817361195,0.5105633802816901,0.5290961204471244,0.5105633802816901,0.43328668350856997,0.658886896980396,-0.0004166020554534633,1.7516689697901409,4.906574726104736
5,4,2.3972484866778054,1.122315400176578,0.49295774647887325,0.44858934859154925,0.49295774647887325,0.4255857382458308,0.6765301209143791,-0.01506157173393552,1.846911370754242,5.372092048327128
6,1,2.357316176096598,1.1019370555877686,0.5123239436619719,0.4725075924338672,0.5123239436619719,0.4354465706180704,0.6865449539604472,-0.006328035835612367,1.8433508078257244,5.286533978250292
6,2,2.271212352646722,1.1014184753100078,0.5158450704225352,0.46891017766312193,0.5158450704225352,0.44573108891900126,0.6703236405040093,0.005022998207855789,1.776871383190155,5.000731296009487
6,3,2.247033331129286,1.107133795817693,0.5193661971830986,0.4794488255699069,0.5193661971830986,0.4398054278487756,0.6969503528921518,-0.005081895936507097,1.750950727197859,4.906798799832662
6,4,2.380941722128126,1.1058337191740673,0.5123239436619719,0.4572595252531411,0.5123239436619719,0.451274355483904,0.670456642455921,-0.011264318507591131,1.8409581581751506,5.356193529234992
7,1,2.331864913304647,1.0732247763209872,0.5422535211267606,0.4837171280802407,0.5422535211267606,0.4688697651234021,0.7046155921755118,-0.006943746818491858,1.839796973599328,5.268691711955601
7,2,2.2418133086628385,1.0553147428565555,0.528169014084507,0.4706623454162824,0.528169014084507,0.46625761200703386,0.704434599122802,-0.011137089487645246,1.7827947735786438,5.010309868388706
7,3,2.231586072180006,1.0849406321843464,0.5264084507042254,0.4581538140253764,0.5264084507042254,0.4645182000342723,0.6917705593162236,-0.006612043233045206,1.7549147605895996,4.907091948721144
7,4,2.3373219503296747,1.050428330898285,0.551056338028169,0.49698247344132446,0.551056338028169,0.4771526662762942,0.7343112987981388,-0.009084447833967557,1.83507948451572,5.340073598755731
8,1,2.3397450115945606,1.0749117599593268,0.5088028169014085,0.4362915101216768,0.5088028169014085,0.46079237239443993,0.7092158029385784,-0.009237965486859734,1.844970120324029,5.291022539138794
8,2,2.238563451502058,1.0549448960357242,0.5404929577464789,0.45803954651109274,0.5404929577464789,0.4677807402006528,0.7109375769824885,-0.027913450679265983,1.7727984454896715,5.000339918666416
8,3,2.235302401913537,1.0903926988442738,0.5176056338028169,0.39592927978568676,0.5176056338028169,0.439726199690279,0.7141454326188169,-0.009714777225567017,1.7524092197418213,4.906758281919691
8,4,2.338222708966997,1.0416164729330275,0.5387323943661971,0.4740133821589553,0.5387323943661971,0.48848739104286626,0.7347186981522204,-0.013724186720029063,1.844222644964854,5.36363701025645
9,1,2.3084956804911294,1.0333271887567308,0.5545774647887324,0.46324700917275347,0.5545774647887324,0.4842870532489672,0.7368292342548478,-0.004365715322621533,1.8415068785349529,5.28388868437873
9,2,2.2061650223202176,1.0006335741943784,0.5757042253521126,0.5200979977657957,0.5757042253521126,0.5118575298079262,0.7489900860205756,-0.002916546854917712,1.7809642553329468,5.019071578979492
9,3,2.1791753504011364,1.006417281097836,0.5633802816901409,0.47967697126672115,0.5633802816901409,0.49334145024205023,0.7467563276674991,-0.01166308653924042,1.7563230792681377,4.915610604816013
9,4,2.3056778179274664,0.9939343962404463,0.5774647887323944,0.4904187896499494,0.5774647887323944,0.5075913944604619,0.7600027790166629,-0.01588996394723119,1.8437740405400593,5.366412242253621
10,1,2.3078638712565103,1.028244326512019,0.545774647887324,0.45416979655712053,0.545774647887324,0.478436192095364,0.7237992245328482,-0.01397631053032522,1.8455836839146085,5.293642573886448
10,2,2.1919554339514837,0.9830772678057352,0.5915492957746479,0.5380810525714946,0.5915492957746479,0.5277488241587588,0.7638720332362653,-0.01226847235854378,1.784211344189114,5.012670834859212
10,3,2.176303962866465,1.0082199805312686,0.579225352112676,0.5288619496498258,0.579225352112676,0.5347370768362203,0.7542059826210844,-0.008705272346188453,1.7542415459950764,4.901833196481069
10,4,2.3216532270113626,0.9932249353991615,0.5580985915492958,0.5057197326219651,0.5580985915492958,0.5244360903622438,0.762220134988064,-0.01263467895458481,1.8499970965915256,5.421319087346395
11,1,2.3071284559037952,1.0264789594544306,0.5404929577464789,0.47933783255086077,0.5404929577464789,0.4904327233769921,0.7410435127069639,-0.027429115586858455,1.850949035750495,5.295310417811076
11,2,2.1829470329814487,0.9631903701358371,0.5933098591549296,0.533858054178063,0.5933098591549296,0.5407565840471242,0.7775725730505084,0.003221304629266064,1.7792901065614488,5.02904564804501
11,3,2.1197031603919134,0.9287320176760355,0.596830985915493,0.52339623166698,0.596830985915493,0.54250112696495,0.8003055342182832,-0.016932891263713445,1.7543170187208388,4.89863559934828
11,4,2.266950183444553,0.92397008339564,0.6091549295774648,0.5575996348219854,0.6091549295774648,0.5725076112952117,0.8129523032931597,-0.0007783834675689771,1.8473726444774203,5.400570233662923
12,1,2.252625948852963,0.9599869714842902,0.5950704225352113,0.5362471311982783,0.5950704225352113,0.5550033537189016,0.782623044578797,-0.01894736860145385,1.8434865805837843,5.268783463372125
12,2,2.1404959162076316,0.9161523282527924,0.6144366197183099,0.5632739657562001,0.6144366197183099,0.5508568248623174,0.7984600291695898,0.006101796018454841,1.7736513482199774,4.997297432687548
12,3,2.1531855132844715,0.9661366376611922,0.5704225352112676,0.5201132941776342,0.5704225352112676,0.541285864401026,0.7809571189751232,-0.008256398891155703,1.753311296304067,4.922966056399876
12,4,2.2956227461496987,0.9789787961377038,0.5686619718309859,0.517622870087659,0.5686619718309859,0.5393747383353406,0.7789781241146632,-0.008641482821796886,1.844970338874393,5.367791838116116
13,1,2.210535638862186,0.898034413655599,0.6232394366197183,0.5593793346192976,0.6232394366197183,0.5826264166448238,0.8122584028143078,-0.01706566468123616,1.8415954775280423,5.2730383608076306
13,2,2.135913497871823,0.9046106338500977,0.5950704225352113,0.5314834080239009,0.5950704225352113,0.5435080638223505,0.8071783332432308,-0.009822105099764444,1.7813817461331685,5.008953240182665
13,3,2.147515343295203,0.9688913159900241,0.5774647887323944,0.5200126565846693,0.5774647887323944,0.5383191835542549,0.7797029706363777,-0.0109875493344338,1.7581443521711562,4.897637910313076
13,4,2.2566193408436246,0.9330352180533938,0.6091549295774648,0.5549853274217147,0.6091549295774648,0.5796527894988442,0.7999718408473955,-0.004179175391235246,1.8399207790692647,5.344982147216797
14,1,2.255551338195801,0.9489901827441322,0.6073943661971831,0.5531561432332277,0.6073943661971831,0.5746952841455456,0.7932800905009085,0.003554141963686641,1.844351053237915,5.304193867577447
14,2,2.1404303444756403,0.9135202368100485,0.6109154929577465,0.5460713209120528,0.6109154929577465,0.5519765546128921,0.7982870054663138,-0.021570047063152575,1.7801119221581354,5.003220399220784
14,3,2.1137594249513416,0.9100916319423251,0.6056338028169014,0.5549460568235601,0.6056338028169014,0.5777005549036347,0.8176148119057469,-0.008045414159760345,1.7583116955227323,4.922317385673523
14,4,2.25850819879108,0.9199177192317115,0.5933098591549296,0.5465694415284956,0.5933098591549296,0.5615975231066288,0.8084112302710027,-0.008687341549659555,1.8479281332757738,5.381885806719462
15,1,2.22197785642412,0.9077455103397369,0.6214788732394366,0.5570888566694283,0.6214788732394366,0.5816312738448608,0.8074485424730284,-0.019902017717147835,1.8460628390312195,5.288519687122768
15,2,2.1060749027464123,0.8675360282262167,0.6390845070422535,0.5960179397800183,0.6390845070422535,0.6050610512938241,0.8234537722578658,-0.007888618553163917,1.7762601905398898,4.995998726950751
15,3,2.092930124865638,0.8920671509371864,0.6232394366197183,0.5660083808121212,0.6232394366197183,0.5843191748970072,0.8215787990823303,0.0006048459789456118,1.7531416681077745,4.894943594932556
15,4,2.198459009329478,0.8578814135657417,0.6214788732394366,0.5790385964736161,0.6214788732394366,0.598815902432361,0.8314342745483494,-0.0141665221267393,1.8337345454427931,5.3264731831020775
16,1,2.2107418510648937,0.8897714912891388,0.6320422535211268,0.5745241064690657,0.6320422535211268,0.5984691437747452,0.8085229856599421,-0.01842548055953941,1.8482342892222934,5.293005877070957
16,2,2.1287387344572277,0.8842130402723948,0.6320422535211268,0.5717108653705615,0.6320422535211268,0.5912268866360723,0.8101293577701638,-0.008346277296823468,1.7831618388493855,5.032631860838996
16,3,2.0608251293500266,0.8494051165050931,0.6320422535211268,0.5742368766538088,0.6320422535211268,0.594715088939204,0.8250771248221597,-0.004540497708774627,1.7469178040822346,4.88747172885471
16,4,2.19044291973114,0.8433915476004282,0.6267605633802817,0.5695054970516077,0.6267605633802817,0.5891076985581373,0.8337608308279871,-0.014046958338329807,1.8388478292359247,5.333562612533569
17,1,2.185909218258328,0.8661473823918237,0.6109154929577465,0.5551952708592547,0.6109154929577465,0.5803909342648828,0.8247283015398499,-0.027282406073540377,1.8385401566823323,5.2653533352745905
17,2,2.0947538548045688,0.8474572069115109,0.6461267605633803,0.5904423558166236,0.6461267605633803,0.6038220003263156,0.8286864251428187,-0.013680787256064031,1.776964545249939,5.005112555291918
17,3,2.054901937643687,0.8370138804117838,0.6338028169014085,0.586024043937765,0.6338028169014085,0.5989879190349212,0.8411516317720054,-0.019299381989846154,1.751537111070421,4.896640592151218
17,4,2.2227468887964883,0.8574099904961057,0.6320422535211268,0.5809080060503332,0.6320422535211268,0.6032288930947441,0.8259767464514697,-0.0170365108275099,1.8544001579284668,5.408532884385851
18,1,2.1961687207221985,0.8424321711063385,0.6637323943661971,0.6105781987616301,0.6637323943661971,0.621875172833361,0.8373360937605654,-0.019595028840525774,1.8528419070773654,5.354887127876282
18,2,2.0935158795780606,0.8258460495207045,0.653169014084507,0.5961551708618479,0.653169014084507,0.6200496997299347,0.8386240605678672,-0.026978480950473838,1.7841623624165852,5.0514118803872
18,3,2.049078252580431,0.813912527428733,0.6390845070422535,0.5890692951705851,0.6390845070422535,0.6113710765086595,0.8407063491016225,-0.015575821939527668,1.7561349868774414,4.931131402651469
18,4,2.188148174020979,0.8081667191452451,0.6355633802816901,0.6212280454675692,0.6355633802816901,0.6097167703900891,0.8489337899073095,-0.009159030741570762,1.8519528773095872,5.408104817072551
19,1,2.141769746939341,0.7984628114435408,0.6426056338028169,0.5900014668693885,0.6426056338028169,0.6141529349559307,0.8493944693534611,-0.012270756633434798,1.842598968082004,5.27615241209666
19,2,2.059830281469557,0.7993665536244711,0.653169014084507,0.6664811519455242,0.653169014084507,0.6250569114886427,0.845567675103158,-0.006464927387142216,1.7765585250324674,5.00091212325626
19,3,2.032079537709554,0.7905255655447642,0.6514084507042254,0.6004334742132618,0.6514084507042254,0.6219031329693807,0.8550495585982782,0.004245860544031643,1.7609785464074876,4.929038657082452
19,4,2.199847035937839,0.8226890729533302,0.6426056338028169,0.6030575757300896,0.6426056338028169,0.6209962021616413,0.848254253254074,-0.02980002772203383,1.8498653040991888,5.4132154782613116
20,1,2.1603793104489646,0.8113070527712504,0.6514084507042254,0.6239685756238343,0.6514084507042254,0.6317676204697719,0.8432562073096628,-0.02041538440225743,1.8477925856908162,5.3082143730587426
20,2,2.0744755731688604,0.8058614631493887,0.6514084507042254,0.628267331260289,0.6514084507042254,0.6217804434374399,0.8521102902534826,-0.012178833442949566,1.7826666037241619,5.034574972258674
20,3,2.036073717806074,0.8215759661462572,0.6654929577464789,0.6478716279452514,0.6654929577464789,0.6388723653631817,0.849488746901995,0.012914586231923209,1.7436261044608221,4.869901670349969
20,4,2.185823142528534,0.829280349943373,0.6496478873239436,0.6515586477679713,0.6496478873239436,0.6291179618149396,0.8425872987499992,-0.020100665569112275,1.8419713377952576,5.3510893318388195
21,1,2.122340612941318,0.7569516168700324,0.6813380281690141,0.653796577680314,0.6813380281690141,0.6549055871407964,0.860931040050289,-0.01176793188673253,1.851016468471951,5.308248122533162
21,2,2.068634476926592,0.8053138421641456,0.6637323943661971,0.6375045540734118,0.6637323943661971,0.6368361505407937,0.8468580417859838,-0.0028902728178326065,1.7832168075773451,5.016382469071282
21,3,2.032787799835205,0.8004970881674025,0.6338028169014085,0.5834322127113598,0.6338028169014085,0.6023585327540241,0.8474564125045141,-0.024303829872691862,1.7551794449488323,4.908132579591539
21,4,2.1676027841038175,0.8028488987021976,0.6549295774647887,0.631840173206921,0.6549295774647887,0.6353240065700123,0.8514716027110864,-0.01183685447690297,1.8405598998069763,5.352028290430705
22,1,2.139169090323978,0.7874536944760216,0.6619718309859155,0.6313706671849278,0.6619718309859155,0.6383891537513939,0.8553458513164696,-0.002146195352338287,1.8422691623369853,5.293171472019619
22,2,2.0389308796988592,0.7652869754367404,0.6619718309859155,0.6818709313932624,0.6619718309859155,0.6297267453432093,0.8584346881248048,-0.021636679719696295,1.7772630386882358,5.010766506195068
22,3,2.0244128240479364,0.7845221857229868,0.6426056338028169,0.6079395019799783,0.6426056338028169,0.6157488586551982,0.8557413199844878,0.007097404639312299,1.7572975953420003,4.917490800221761
22,4,2.1368943982654147,0.7444729871220059,0.6690140845070423,0.6576923169178355,0.6690140845070423,0.654349387465855,0.8653491217868088,-0.03205948788501023,1.8527890973620944,5.38587749004364
23,1,2.1558986703554788,0.8115942577521006,0.6390845070422535,0.603472306426257,0.6390845070422535,0.6150549642206838,0.8487263094275961,-0.009670862660464019,1.8415586882167392,5.292608910136753
23,2,2.0704867111312018,0.766987658209271,0.6690140845070423,0.6375509838497796,0.6690140845070423,0.6475700744318872,0.8565016862135404,-0.013393485990144338,1.79521777232488,5.111984332402547
23,3,2.03031415409512,0.7764578229851193,0.6496478873239436,0.6396541010770506,0.6496478873239436,0.6385502362493863,0.8636686641649793,-0.021400960199593033,1.7617327637142606,4.955978790918986
23,4,2.146303262975481,0.7344918714629279,0.676056338028169,0.6509789853543511,0.676056338028169,0.6587288527349721,0.8678419386544759,-0.020282071036908933,1.8538953529463873,5.440529611375597
24,1,2.084071980582343,0.719713936249415,0.676056338028169,0.6564585182694518,0.676056338028169,0.6605370470687372,0.86317987391953,-0.02540037409355267,1.8401805361111958,5.267573926183912
24,2,2.0159072081247964,0.7288714879088931,0.6690140845070423,0.6731545029263236,0.6690140845070423,0.628422884356907,0.8722233226463839,-0.007935859768612774,1.7764567467901442,5.018990291489495
24,3,1.9709374043676589,0.7169401182068719,0.6830985915492958,0.6712077592648665,0.6830985915492958,0.6660560306272929,0.8728700339504462,-0.0034177784170308367,1.753077957365248,4.896931012471517
24,4,2.1557004584206476,0.7740693324142032,0.6584507042253521,0.639295651548715,0.6584507042253521,0.6384905744075074,0.8605609064254812,-0.0068315164566870035,1.8452075786060758,5.379506097899543
25,1,2.101691769229041,0.7388908200793796,0.6901408450704225,0.6931566907033295,0.6901408450704225,0.6833878931838112,0.8721612848329896,-0.026610694143190505,1.845945225821601,5.281560487217373
25,2,2.022700402471754,0.7588063279787699,0.6654929577464789,0.645218574041146,0.6654929577464789,0.6430781552011693,0.8659270361997745,0.012283628902259314,1.7753356960084703,4.971786366568671
25,3,1.986960722340478,0.7257333828343285,0.670774647887324,0.6637495920636368,0.670774647887324,0.6551492226304687,0.8761607550073214,-0.029009577130578945,1.7564653886689081,4.929824286037022
25,4,2.1200233035617404,0.7238983975516425,0.6919014084507042,0.6967625430453872,0.6919014084507042,0.6833386487996088,0.8779958842443532,-0.005137345274369931,1.8467224438985188,5.3776478502485485
26,1,2.0974570512771606,0.7458388308684031,0.6866197183098591,0.6801704088732712,0.6866197183098591,0.6667677521165873,0.8667972752647055,-0.0017073002566223572,1.838773442639245,5.2512327962451515
26,2,2.0021550986501904,0.7098676496081882,0.6901408450704225,0.6734612536514488,0.6901408450704225,0.6701179632086202,0.8814506091432148,-0.034005268887190354,1.785676121711731,5.017492188347711
26,3,1.9848186175028484,0.7322002251942953,0.6848591549295775,0.664501244151549,0.6848591549295775,0.6682402787426314,0.8658739730424414,-0.018317621812195206,1.751339077949524,4.9075946940316095
26,4,2.0841108626789517,0.682065326306555,0.6901408450704225,0.6840458890465807,0.6901408450704225,0.6808440012630682,0.8865476657593521,-0.01560550725823151,1.8470929397477045,5.355550275908576
27,1,2.104266881942749,0.7426460815800561,0.676056338028169,0.6633329617372413,0.676056338028169,0.6629144948430743,0.8660966205384967,-0.0025282221702889185,1.8434787392616272,5.281381951438056
27,2,2.039417472150591,0.789419068230523,0.6584507042253521,0.6321145796394566,0.6584507042253521,0.6367117570371783,0.8561191816030893,-0.0006436710955022296,1.7666885985268488,4.956080211533441
27,3,1.9857596887482538,0.7233053180906508,0.6637323943661971,0.6394124910885454,0.6637323943661971,0.6472142953878114,0.8804991614401908,-0.03066951238265081,1.7561664316389296,4.931486407915751
27,4,2.109496553738912,0.7041221923298306,0.6830985915492958,0.6948871394533892,0.6830985915492958,0.6753883005066004,0.8820799763101477,-0.013744627252550323,1.845062295595805,5.388703160815769
28,1,2.0597579148080616,0.6929836306307051,0.676056338028169,0.647800157458332,0.676056338028169,0.6572756259957795,0.8766484878362011,-0.008626633143515638,1.8347217705514696,5.248897737926907
28,2,1.9870682093832228,0.7077667829063203,0.7059859154929577,0.6870265584632641,0.7059859154929577,0.6852702395464916,0.8797508783959227,-0.005062917976588421,1.7720033129056294,4.972104761335585
28,3,2.0157156387964883,0.7865488827228546,0.6672535211267606,0.6545021358244294,0.6672535211267606,0.6555737090763448,0.8652610128149175,-0.017458845389487943,1.7480851941638522,4.88377128707038
28,4,2.130817804071638,0.7413162655300565,0.647887323943662,0.641761681782338,0.647887323943662,0.6399776314516941,0.8671521475616515,-0.010508372352238116,1.8423422707451715,5.37298780017429
29,1,2.0658646623293557,0.6887389057212405,0.7007042253521126,0.6819614050985593,0.7007042253521126,0.6845568784842009,0.8836466927618589,0.008538976972323087,1.8432114256752863,5.279157916704814
29,2,1.9404758744769626,0.6505086835887697,0.7235915492957746,0.7109121604736119,0.7235915492957746,0.711254394148269,0.8925151820869093,-0.006842121872102203,1.7685008115238614,4.950399133894178
29,3,1.936131199200948,0.6694940792189704,0.704225352112676,0.6888289517253038,0.704225352112676,0.689328299339932,0.8837135496273429,-0.00677080402483754,1.7467216120825872,4.89161757628123
29,4,2.118281854523553,0.7352437906795077,0.6830985915492958,0.671104649936981,0.6830985915492958,0.6706781810772255,0.8731600935579034,-0.005905844880215172,1.8394524918662176,5.3453705045912
30,1,2.088431086805132,0.7127640677822961,0.6830985915492958,0.6727280811494362,0.6830985915492958,0.6695972858084603,0.8736218487396583,-0.02682375158870709,1.8435460461510553,5.2983205450905695
30,2,1.950817836655511,0.6391197774145339,0.7147887323943662,0.6986212336810338,0.7147887323943662,0.7043598270476709,0.9014674858748464,-0.01615533387033019,1.7831485271453857,5.01144638326433
30,3,1.9521515634324815,0.6914843800995085,0.7165492957746479,0.7098278361590767,0.7165492957746479,0.6998830318291869,0.8865421810154827,-0.0061035352879927895,1.7567455503675673,4.8937081760830345
30,4,2.0998192297087774,0.6810772518316904,0.7165492957746479,0.7161885023059423,0.7165492957746479,0.7123651221831089,0.8919290429790255,-0.010062690343098035,1.846668905682034,5.410216887791951
31,1,2.054785211881002,0.6818557961119546,0.721830985915493,0.7099262950986492,0.721830985915493,0.7109814040990705,0.885720565688731,-0.017048490097273605,1.8385968936814203,5.258287019199795
31,2,1.9595559901661344,0.6532527804374695,0.7253521126760564,0.7163707050039352,0.7253521126760564,0.7118835940993579,0.8967163498824282,0.004179876426419482,1.7742202149497137,5.00759666495853
31,3,1.9836055172814264,0.7011839267280366,0.7024647887323944,0.6985608301033107,0.7024647887323944,0.6941691444103064,0.8893256684347789,-0.017423579374547415,1.7667645282215543,4.975922399097019
31,4,2.1032457682821484,0.7040071156289842,0.6971830985915493,0.6846307845630005,0.6971830985915493,0.6869723458859858,0.8849054704736423,-0.009503989125605461,1.8425386945406597,5.3681358098983765
32,1,2.1100284655888877,0.737942612833447,0.6742957746478874,0.6638896056403065,0.6742957746478874,0.6678338781188169,0.8729528162125448,-0.012516444727486808,1.8453114098972745,5.311561942100525
32,2,1.976476464006636,0.6752092921071582,0.7200704225352113,0.7200366278732536,0.7200704225352113,0.7113049905090483,0.8910051071859931,-0.010343577142662763,1.783821788099077,5.012766387727526
32,3,1.9790802001953125,0.6981669962406158,0.6971830985915493,0.6827455640813254,0.6971830985915493,0.6846377314112667,0.8778019175171462,-0.01007907474945724,1.7751077281104193,4.967877533700731
32,4,2.0696633524364896,0.6512504319349924,0.7024647887323944,0.69144944930185,0.7024647887323944,0.6954069006709114,0.8955153101332274,-0.01964814554687022,1.8471788101726108,5.379293296072218
33,1,2.042798101902008,0.6536132627063327,0.7077464788732394,0.690585139728348,0.7077464788732394,0.691540110130051,0.8922390251130079,0.005382049958711166,1.8433435294363234,5.28422921233707
33,2,1.9478033648596869,0.6525500416755676,0.7183098591549296,0.6945327312826941,0.7183098591549296,0.6987750729703135,0.8927652819087615,-0.015345494705464313,1.7725998560587566,4.970060957802667
33,3,1.9492976930406358,0.6614961243338056,0.721830985915493,0.7017393714136672,0.721830985915493,0.7047548049027171,0.8919189109648501,-0.007266800400588691,1.7591711348957486,4.954167856110467
33,4,2.042002903090583,0.6369847738080554,0.7394366197183099,0.7359684235355637,0.7394366197183099,0.7320691136119255,0.903278106492104,-0.0017145069290536163,1.8365156319406297,5.320378369755215
34,1,2.0376900169584484,0.6644144273466535,0.727112676056338,0.7171086773577326,0.727112676056338,0.7155970533380249,0.8858463035550028,-0.00973389009752923,1.8330371578534443,5.241999520195855
34,2,2.0007382763756647,0.6886161665121714,0.698943661971831,0.6843661240509368,0.698943661971831,0.6865452314501448,0.8824889269247588,-0.01711351817230833,1.7951345708635118,5.0623563925425215
34,3,1.9331972930166457,0.6619221634334989,0.7059859154929577,0.6950127835215402,0.7059859154929577,0.6976927196755427,0.8937863828886563,-0.0006739244833915414,1.7536257174279954,4.899505747689141
34,4,2.0559598075018988,0.6386247972647349,0.721830985915493,0.718754416469123,0.721830985915493,0.7155019598736793,0.897378403028223,0.005356296038701691,1.836842914422353,5.363074567582872
35,1,2.105916096104516,0.733809126747979,0.704225352112676,0.6989703780769945,0.704225352112676,0.697033210034799,0.8738692222598042,-0.010619583970327806,1.8493971162372165,5.307498825920953
35,2,1.9862943953937955,0.6875126875109143,0.6936619718309859,0.6881134552326175,0.6936619718309859,0.6879630865703679,0.8901259831838642,-0.0030205905838627256,1.775238381491767,5.01678482691447
35,3,1.9805850386619568,0.7222887674967448,0.6742957746478874,0.6621091104549996,0.6742957746478874,0.661164390580661,0.8807037103564019,-0.039932684975282795,1.7579425639576383,4.916609485944112
35,4,2.09623693757587,0.7055329034725825,0.7059859154929577,0.7022309094298961,0.7059859154929577,0.6992301332299863,0.8876668308481328,-0.01964007835766801,1.8417936166127522,5.341212934917873
36,1,2.049273192882538,0.6794278737571504,0.7024647887323944,0.6844471317961002,0.7024647887323944,0.6849228725486272,0.8775388228865869,-0.002041329957474858,1.8380258878072102,5.245578779114617
36,2,1.9550496803389654,0.6579678373204337,0.7077464788732394,0.6865848434964299,0.7077464788732394,0.6936414835222778,0.8910158995192012,-0.00013736875882575106,1.778099517027537,4.981573780377706
36,3,1.9047350486119587,0.6143217616611056,0.7323943661971831,0.7354750169123924,0.7323943661971831,0.721134973485153,0.9025932764911191,-0.008830572204198583,1.756710820727878,4.915699203809102
36,4,2.0299540956815085,0.5948771403895484,0.7447183098591549,0.7401216995119282,0.7447183098591549,0.7339830258041798,0.9093837623080983,-0.003626669511559877,1.845113840368059,5.378466765085856
37,1,2.027416659726037,0.6335994319783317,0.7183098591549296,0.7122675267290014,0.7183098591549296,0.7117892686465941,0.8883115344774948,-0.003604920165093395,1.8434735139211018,5.279656728108724
37,2,1.951869871881273,0.6478139261404673,0.7165492957746479,0.7052165393417726,0.7165492957746479,0.7051331620904483,0.8959890043904548,0.00258528695849658,1.7740777730941772,4.994666973749797
37,3,1.99335202243593,0.6910656889279684,0.6954225352112676,0.6967435270627651,0.6954225352112676,0.687748188235181,0.8901927851164225,-0.024382563841228277,1.7801861498090956,5.032019999292162
37,4,2.049036463101705,0.6440427849690119,0.721830985915493,0.71312190884096,0.721830985915493,0.7144073739768063,0.8985546224541929,-0.012519308063677848,1.8362193173832364,5.3273548814985485
38,1,2.0606090360217624,0.692249435517523,0.704225352112676,0.7102500287808498,0.704225352112676,0.7021312769915191,0.8808855405463717,-0.029677177069706406,1.8368380864461262,5.253447930018107
38,2,1.9651397267977397,0.6670712729295095,0.7183098591549296,0.701987883269837,0.7183098591549296,0.6944010992025256,0.8925680607083574,0.005134054021137313,1.7784469193882413,4.993965956899855
38,3,1.9702420565817091,0.6908094998863008,0.6919014084507042,0.6827866303712881,0.6919014084507042,0.6857123970539698,0.8873036760742833,-0.02062672004565269,1.7656247019767761,4.955584486325582
38,4,2.044992102517022,0.6306433296865888,0.7323943661971831,0.7329741430014056,0.7323943661971831,0.7240369747434884,0.9070221419761244,-0.02578330363850112,1.8393472499317594,5.3451391326056585
39,1,2.0331205129623413,0.65222224758731,0.7165492957746479,0.7002752115360111,0.7165492957746479,0.7031924093240395,0.8970259745342604,0.008004835958595136,1.835639066166348,5.255216346846686
39,2,1.9390096796883478,0.6226464509963989,0.7341549295774648,0.7232983247706025,0.7341549295774648,0.7222637180627273,0.904702024009994,-0.011940379266033752,1.7794725033971999,5.010523676872253
39,3,1.9291364947954814,0.6719925867186652,0.698943661971831,0.6937560800236856,0.698943661971831,0.6934166569536234,0.8962905510588092,0.003918454006598182,1.7475629846254985,4.862472097078959
39,4,2.0743441118134394,0.6677935636705823,0.7253521126760564,0.7141756064822332,0.7253521126760564,0.7152106907869018,0.8933893171366101,-0.012783037588760537,1.8374645974900987,5.356295122040643
40,1,2.0078076455328198,0.6251470115449693,0.7059859154929577,0.6865636749337207,0.7059859154929577,0.6932684535152632,0.8957094623343478,-0.010353588302560723,1.8380287753211126,5.234015570746528
40,2,1.904866145716773,0.5855629444122314,0.7411971830985915,0.7248786215715748,0.7411971830985915,0.7291449457366672,0.9161003929516006,0.007610388283540437,1.7735535436206393,4.983240101072523
40,3,1.9142449431949191,0.6338196628623538,0.7112676056338029,0.6955772377310346,0.7112676056338029,0.7011840045659311,0.9006169650631979,-0.02255243144964747,1.7541446818245783,4.901903708775838
40,4,2.0066326326794095,0.5768649826447169,0.7447183098591549,0.740986212945118,0.7447183098591549,0.7298514429201779,0.91371870062446,-0.015458373175331497,1.8316158188713922,5.342756893899706
41,1,2.011115656958686,0.5764790210458968,0.75,0.7475176473309783,0.75,0.7441180649079425,0.911120638824074,-0.02700117777900002,1.8609723382525973,5.358600934346517
41,2,1.8886812064382765,0.5530117717054155,0.7605633802816901,0.7533261764212728,0.7605633802816901,0.7531498165765065,0.9225403478033442,0.005170270625921791,1.7830628885163202,5.005243036482069
41,3,1.8964734541045294,0.6238080345922046,0.7200704225352113,0.7145979329116117,0.7200704225352113,0.7109346164646102,0.905907349879056,0.003620006012630017,1.743985692660014,4.866025937928094
41,4,2.0429493917359247,0.613297411137157,0.7464788732394366,0.7463899820491576,0.7464788732394366,0.7418221938731533,0.9100608522946597,-0.018004275336954256,1.8402889172236125,5.37880375650194
42,1,1.9890511234601338,0.589184507727623,0.7323943661971831,0.7338567353011783,0.7323943661971831,0.7293320811284337,0.9107433697311829,-0.0027144085608090673,1.832988719145457,5.255406300226848
42,2,1.903588228755527,0.5726745625336965,0.7447183098591549,0.7290030430259575,0.7447183098591549,0.7265831936456594,0.9107613806015358,-0.01524712287150276,1.7788115276230707,5.009053296513027
42,3,1.867452906237708,0.5688935634162691,0.7482394366197183,0.7408993996950026,0.7482394366197183,0.7388686084378441,0.9115975500323533,0.010828654162442053,1.7508903874291315,4.897424618403117
42,4,2.023558027214474,0.602098661992285,0.7147887323943662,0.7046797420668061,0.7147887323943662,0.7056502736075871,0.9061589377501367,-0.027237947827577713,1.834864404466417,5.340296361181471
43,1,2.0160915851593018,0.6269543286826875,0.7235915492957746,0.732213360302311,0.7235915492957746,0.7162763091662772,0.9012056276465912,-0.010087338361175036,1.8381933040089078,5.257411612404717
43,2,1.926137473848131,0.6214482420020633,0.7200704225352113,0.7111392140293687,0.7200704225352113,0.7115571631788512,0.9008685374620433,0.01388007274941705,1.7696074313587613,4.970412055651347
43,3,1.8828365008036296,0.5878139866722955,0.7235915492957746,0.7161441451993533,0.7235915492957746,0.7181020283450827,0.9129033750450564,-0.005235134076767567,1.7503679659631517,4.904555426703559
43,4,2.0336985852983265,0.6063471602069007,0.75,0.7533994308366108,0.75,0.742805328273491,0.9102847487327494,-0.006602670347105599,1.8444798125161066,5.364185068342421
44,1,2.0698416100607977,0.6733805669678582,0.6971830985915493,0.6869831661566754,0.6971830985915493,0.6883992777823035,0.8875861149329325,-0.02461285957268311,1.8561932378345065,5.328250580363804
44,2,1.9531085557407803,0.6372669057713615,0.7200704225352113,0.7067796708421656,0.7200704225352113,0.7107504725541425,0.898731767969801,-0.014173557498864398,1.7823837995529175,5.0234056446287365
44,3,1.9016527268621657,0.6322780516412523,0.7288732394366197,0.7199650443021882,0.7288732394366197,0.7198979893300633,0.9029465950194222,0.0014490262764648154,1.742003904448615,4.863526834381951
44,4,2.047636846701304,0.6108315073781543,0.7623239436619719,0.7654846541212165,0.7623239436619719,0.759338905842845,0.909626831057001,-0.026861087187944666,1.8439981010225084,5.400182419353062
45,1,1.9980269802941217,0.5845243417554431,0.7341549295774648,0.7190577435468916,0.7341549295774648,0.7243156614103223,0.9088636938872421,0.0026231177728194277,1.8458741969532437,5.296199586656359
45,2,1.9312236507733662,0.6064597931173112,0.7535211267605634,0.741241691076394,0.7535211267605634,0.7420765935852475,0.9099271394730435,-0.015964126750092733,1.7817905015415616,5.022339158587986
45,3,1.9203300343619452,0.6458341032266617,0.7024647887323944,0.7043105169670771,0.7024647887323944,0.6968561423008355,0.8939694366216775,-0.0057903637719627365,1.7595148815049066,4.8941537671618995
45,4,1.9961798919571772,0.5549212611383862,0.7588028169014085,0.749757895538728,0.7588028169014085,0.7508304097588987,0.9207059692839046,-0.019160659466695984,1.8372020920117695,5.359116554260254
46,1,2.004965749051836,0.5871961183018155,0.7517605633802817,0.7450351286134994,0.7517605633802817,0.746920164877209,0.9119090909810142,-0.00961271385286011,1.8489597638448079,5.313094695409139
46,2,1.9014270504315693,0.5700588723023733,0.7552816901408451,0.7530252347417841,0.7552816901408451,0.7491261530816256,0.9161795527484226,-0.01174514576434249,1.777492841084798,5.007952637142605
46,3,1.9155731863445706,0.5921873582734002,0.7147887323943662,0.7157165749568349,0.7147887323943662,0.7124487426256516,0.9109772761339008,-0.021190497411181397,1.7660650610923767,5.003473281860352
46,4,1.99974524974823,0.5744277056720521,0.7588028169014085,0.7552319567120235,0.7588028169014085,0.7535760751392843,0.9179285188015209,0.0008021266698806651,1.839481982919905,5.3254859579934015
47,1,2.006445308526357,0.6152843253480064,0.7464788732394366,0.7370617110038034,0.7464788732394366,0.7386135731392176,0.9049700960689304,-0.014319479629169019,1.8379470043712192,5.25248736805386
47,2,1.9098599751790364,0.57159799668524,0.7429577464788732,0.731137834095471,0.7429577464788732,0.7326360218439439,0.9192093753997983,-0.00505644276038586,1.7821723090277777,5.032471047507392
47,3,1.8942418297131856,0.6085855414470037,0.7323943661971831,0.7324921752738653,0.7323943661971831,0.7232138322980837,0.9062090576032884,-0.0006301116479605628,1.7565586964289348,4.894106335110134
47,4,2.012998594178094,0.5994050552447637,0.721830985915493,0.7131166153197539,0.721830985915493,0.7161640366810397,0.9120070880727418,-0.0025367802861278044,1.833242032263014,5.311383300357395
48,1,1.9901222321722243,0.5758988840712441,0.75,0.7365846078535495,0.75,0.7373541345137261,0.9058822982285462,-0.011753061014523114,1.8455879820717707,5.289976610077752
48,2,1.8901606268352933,0.5699629386266073,0.7588028169014085,0.7513864250214264,0.7588028169014085,0.7444172971644887,0.9236827166405985,0.0066087431913980366,1.7711976435449388,4.970621705055237
48,3,1.8799349003367953,0.5755924781163534,0.7517605633802817,0.7540608740167412,0.7517605633802817,0.7501558959097633,0.9181158157759145,-0.014452845351950794,1.756507847044203,4.923400441805522
48,4,2.024011731147766,0.5802004569106631,0.7447183098591549,0.7486401079344557,0.7447183098591549,0.7413965432135637,0.9196129901932749,-0.021492188263774414,1.8484064406818814,5.392904506789313
49,1,2.0151494211620755,0.6338235603438483,0.7394366197183099,0.7311198236271014,0.7394366197183099,0.7338104504418894,0.901318358204096,-0.0038179958540267567,1.8337505923377142,5.238242957327101
49,2,1.869950658745236,0.5483167519172033,0.7588028169014085,0.7533044209249988,0.7588028169014085,0.751380848350468,0.9180432776348011,0.003147670145553172,1.768807848294576,4.95376291539934
49,3,1.8463197019365098,0.5601734336879518,0.7447183098591549,0.7365328194486552,0.7447183098591549,0.7348725812169413,0.9182865591692115,-0.006709745692341951,1.7451930244763691,4.847327431042989
49,4,1.9823530448807611,0.5486261596282324,0.7535211267605634,0.7541890631209544,0.7535211267605634,0.747400177415613,0.9245886400504439,-0.018268469817777744,1.831051528453827,5.327715555826823
50,1,1.9774900807274713,0.5423570689227846,0.7588028169014085,0.7564075075838826,0.7588028169014085,0.7549227400344857,0.9168142003180739,-0.00478117276790524,1.8507992757691278,5.326133529345195
50,2,1.8562856581476,0.5315845807393392,0.7535211267605634,0.7474015631051201,0.7535211267605634,0.7413553264600831,0.9225688688469278,-0.001897700200449215,1.7708829641342163,4.947254684236315
50,3,1.8760528961817424,0.5739824871222178,0.7623239436619719,0.7542821127410484,0.7623239436619719,0.7550837039347527,0.9171774194515996,-0.009408612671652161,1.7536093725098505,4.914216942257351
50,4,2.0076464414596558,0.5900444918208652,0.7535211267605634,0.7427071612410922,0.7535211267605634,0.7443263018515476,0.9136984730679497,-0.0015886287250923559,1.8343839645385742,5.315384162796868
51,1,1.9738594426049128,0.5741027279032601,0.7447183098591549,0.7432823005819957,0.7447183098591549,0.7368854237267682,0.9082828500957221,-0.008450290901609092,1.833829210864173,5.23995824654897
51,2,1.9086315698093839,0.5682867831654019,0.7570422535211268,0.7548873106242426,0.7570422535211268,0.7499177975178906,0.918714493463481,-0.008270985923877427,1.7763492200109694,5.036102573076884
51,3,1.845564431614346,0.5509129481183158,0.7552816901408451,0.7473818069622309,0.7552816901408451,0.7470817493334966,0.925310571076978,-0.0037785618939023546,1.7415509356392755,4.866417659653558
51,4,2.0092675818337336,0.5505325165059831,0.7658450704225352,0.7612248045913675,0.7658450704225352,0.7595924344390593,0.9146861845980252,-0.008535982432979372,1.850425660610199,5.41298246383667
52,1,2.019922739929623,0.6217127541700999,0.7024647887323944,0.6921973363529397,0.7024647887323944,0.6955512518029973,0.9010744844073937,-0.026376808681814357,1.8495730691485934,5.282412542237176
52,2,1.9052659935421414,0.5593034426371256,0.7570422535211268,0.7419524829468362,0.7570422535211268,0.7450008510836189,0.9131522493631462,-0.008940902113071969,1.7870877981185913,5.045845044983758
52,3,1.818206787109375,0.5266691082053714,0.7640845070422535,0.7568853906469444,0.7640845070422535,0.7560294925390328,0.9267326806502926,0.01159154102879334,1.7401344445016649,4.831794473859999
52,4,1.98488187789917,0.5590518994463815,0.7517605633802817,0.7565184593777473,0.7517605633802817,0.7425008065603571,0.9190005603515057,-0.011092570513534294,1.8307462135950725,5.311818295054966
53,1,2.010969618956248,0.6106497959958183,0.721830985915493,0.7102972896610831,0.721830985915493,0.7137302972462586,0.9082303998898079,-0.001021700449146401,1.8436816599633958,5.278382301330566
53,2,1.9123476412561204,0.5525347308980094,0.7570422535211268,0.7482218030645582,0.7570422535211268,0.7470015520648037,0.9178531938372356,-0.02045359999093277,1.7973284588919745,5.0852442317538795
53,3,1.8585421310530768,0.5581588678889804,0.7288732394366197,0.7240381175180698,0.7288732394366197,0.7228969007508158,0.9187423953290786,-0.007251305538986452,1.7445199026001825,4.8927695751190186
53,4,1.9578375683890448,0.5054026709662544,0.7693661971830986,0.7615300175897615,0.7693661971830986,0.7605742163601167,0.9303916622510926,-0.013797726685439882,1.8394898308648004,5.346852130360073
54,1,1.9735489553875394,0.5708130912648307,0.7411971830985915,0.738707983884976,0.7411971830985915,0.7340186260282214,0.9134692727171856,-0.0019199037391806062,1.837500188085768,5.246599170896742
54,2,1.8857142196761236,0.5312127653095458,0.7623239436619719,0.7686048885339836,0.7623239436619719,0.7631389756140982,0.926370956558179,-0.004268451970756981,1.7883093224631414,5.046217428313361
54,3,1.8756985598140292,0.5784288926257027,0.7359154929577465,0.7204069789002239,0.7359154929577465,0.7192085901261913,0.9162986202071615,-0.00286185506177028,1.7523831923802693,4.902661005655925
54,4,1.9868971904118855,0.5630473477972878,0.7658450704225352,0.7668102426731269,0.7658450704225352,0.7636690623582493,0.918534990662309,0.003222675673898334,1.8327113721105788,5.3092132276958885
55,1,1.965280983183119,0.5392635696464114,0.7411971830985915,0.7322951587863672,0.7411971830985915,0.7341970458178032,0.9162940116530109,0.0023079307541380434,1.8473658098114862,5.292654752731323
55,2,1.8398162722587585,0.49362410604953766,0.7746478873239436,0.7696236846632785,0.7746478873239436,0.769061523613224,0.9299780811284232,-0.021505572893377067,1.7706383069356282,4.980931176079644
55,3,1.8318392700619168,0.5346004449658923,0.7623239436619719,0.7574048864628397,0.7623239436619719,0.7572538831591744,0.9306164720686169,-0.0007196239729152509,1.752633445792728,4.858729720115662
55,4,2.071617345015208,0.6466393835014768,0.7288732394366197,0.7310464716949167,0.7288732394366197,0.7247815862934672,0.9054564427439861,-0.012337219729541937,1.843334350321028,5.3965657287173805
56,1,2.0000864532258777,0.5977846764855914,0.7306338028169014,0.7294666440871483,0.7306338028169014,0.7281219185350407,0.9110409139354891,-0.03027754213396361,1.838500764634874,5.272123720910814
56,2,1.8723269701004028,0.5443576011392806,0.7623239436619719,0.7522627230919564,0.7623239436619719,0.755707108737439,0.9274228841832575,0.011665201816720705,1.7666008008850946,4.970921966764662
56,3,1.8224974473317463,0.5272357000244988,0.7605633802816901,0.7595227574273042,0.7605633802816901,0.7554536900850612,0.9289236168602996,0.0040684229320197,1.7427731421258714,4.844774656825596
56,4,1.9636698166529338,0.5250881165266037,0.7535211267605634,0.7661896028674396,0.7535211267605634,0.7475272431542764,0.9256208726005166,-0.0023007341404472914,1.8333576718966167,5.320360316170587
57,1,1.9404553307427301,0.4865913937489192,0.7887323943661971,0.782130888811837,0.7887323943661971,0.7804457687171671,0.9313599743437692,0.0024755793073396593,1.8552921348147922,5.332804229524401
57,2,1.8541343344582453,0.49999067187309265,0.7887323943661971,0.7812477068292105,0.7887323943661971,0.7832208659274789,0.9307209881852554,-0.021740312330899902,1.7763034568892584,5.013802740308973
57,3,1.8203374478552077,0.5172778103086684,0.7676056338028169,0.7590170390211115,0.7676056338028169,0.759710288879118,0.9310519006193289,0.019883830228400123,1.74819897280799,4.86080977651808
57,4,2.0160000059339733,0.5865185509125391,0.7447183098591549,0.7413938018164064,0.7447183098591549,0.7406895986844677,0.9197451408354365,-0.021761397562863882,1.8388182918230693,5.351456602414449
58,1,1.9608284036318462,0.5458220988512039,0.7517605633802817,0.7521647695764662,0.7517605633802817,0.7507160431006616,0.9150858919535941,-0.008853788605394097,1.8370325101746454,5.26250954469045
58,2,1.9101064403851826,0.5839309129450057,0.7535211267605634,0.7440150188869592,0.7535211267605634,0.7476443385179482,0.9120945486482798,0.008903794655995778,1.7769190933969286,5.00451574060652
58,3,1.819107128514184,0.5208063721656799,0.75,0.7460708937533244,0.75,0.7417724980609426,0.9265424238846881,-0.01346648367719916,1.7423399024539523,4.84847539001041
58,4,1.9985183543629117,0.5424647298124101,0.7623239436619719,0.7738746968840292,0.7623239436619719,0.7605247395312242,0.9221740596474404,0.008896297533091402,1.8403713835610285,5.39597663614485
59,1,1.935739603307512,0.514268590344323,0.7746478873239436,0.7665065581458675,0.7746478873239436,0.7648275328765273,0.924376045935346,-0.024036067935854666,1.834632244375017,5.252505169974433
59,2,1.8514790667427912,0.5169743167029487,0.7658450704225352,0.7599186259976487,0.7658450704225352,0.7612709727652275,0.9301840147572877,0.0014081720445601187,1.771115733517541,4.96532326274448
59,3,1.8835867709583707,0.5916459328598447,0.7323943661971831,0.7278938096838505,0.7323943661971831,0.7286379250252463,0.9160537799008069,0.003307397725253125,1.755521337191264,4.898115158081055
59,4,1.9429792033301458,0.5082703017526202,0.7852112676056338,0.7876983742989211,0.7852112676056338,0.7851649910783004,0.9341017935307965,-0.0018828938108799154,1.827548212475247,5.290633122126262
60,1,1.935874925719367,0.5230494207806058,0.7711267605633803,0.7682582419127465,0.7711267605633803,0.7686249837332453,0.922564677096944,-0.010563421244906168,1.8329221738709345,5.232467638121711
60,2,1.8332423633999295,0.47470227546162075,0.795774647887324,0.7963521144883281,0.795774647887324,0.7916810550449169,0.9357845674914145,-0.0004696529268399807,1.7701625360382929,5.003168993526035
60,3,1.7894328170352511,0.4814731627702713,0.7834507042253521,0.7782341965111731,0.7834507042253521,0.7751511058457979,0.9385365774299179,-0.01660226628742789,1.7345656752586365,4.8413385020362005
60,4,1.9427978330188327,0.4792591465844048,0.7869718309859155,0.7865753928746875,0.7869718309859155,0.7824002347376776,0.9371836030776304,0.013708817041680477,1.8416793015268114,5.357721249262492
61,1,1.8884444567892287,0.4728298766745461,0.7676056338028169,0.7706896566397781,0.7676056338028169,0.7657122630572404,0.9350479553661346,0.008121559590840932,1.827182776398129,5.19154495663113
61,2,1.8358008397950067,0.4522351523240407,0.8080985915492958,0.8063454218581301,0.8080985915492958,0.8002565201548777,0.9394289988959531,-0.030556815489387823,1.7899055613411798,5.06412058406406
61,3,1.8134802712334528,0.49475907120439744,0.7869718309859155,0.7840810319806539,0.7869718309859155,0.7802451353777605,0.9347019515264542,-0.002653858929499986,1.7463296519385443,4.890496306949192
61,4,1.9143424563937717,0.44495876961284214,0.8080985915492958,0.8131788995961399,0.8080985915492958,0.8073924007090951,0.9430475090505521,-0.0259682188593493,1.8426437907748752,5.3429041968451605
62,1,1.917633314927419,0.4679534435272217,0.8028169014084507,0.8041206853094565,0.8028169014084507,0.8005987291405191,0.9364778529617803,-0.021244348574670724,1.8402734597524006,5.300219496091207
62,2,1.8433199657334223,0.4745906458960639,0.7834507042253521,0.7844684046306826,0.7834507042253521,0.7773834639059846,0.9353341849599875,-0.005937829509521819,1.7801379296514723,5.037021491262648
62,3,1.8032490875985887,0.4735519356197781,0.7676056338028169,0.7597369708928023,0.7676056338028169,0.7613757811833322,0.9372145252014572,-0.004220896932433771,1.754876885149214,4.905875537130568
62,4,1.9690712292989094,0.5146275295151604,0.7623239436619719,0.765685154488119,0.7623239436619719,0.760520229282468,0.9301123076469021,0.00964574698023224,1.8390670087602403,5.362772981325786
63,1,1.931010862191518,0.5063874771197637,0.7658450704225352,0.7614693744604789,0.7658450704225352,0.7618873587203028,0.9276271700974937,-0.005360559758573746,1.8264913029140897,5.255131959915161
63,2,1.8423850801255968,0.49630705018838245,0.772887323943662,0.7658959832150011,0.772887323943662,0.7670049242341226,0.9334207143328491,-0.005000877621047284,1.7688879834281073,4.983233743243748
63,3,1.8212126559681363,0.4997267954879337,0.7693661971830986,0.7637837561867182,0.7693661971830986,0.7640318134238049,0.9346747935406534,0.0018432855938095294,1.7498885459370084,4.904679497083028
63,4,1.950921568605635,0.48852434754371643,0.7852112676056338,0.7928700565860778,0.7852112676056338,0.7845333912715937,0.9374139589852477,-0.013210837797343666,1.8422811759842768,5.363181564542982
64,1,1.93326735496521,0.5252302802271314,0.7693661971830986,0.7687597754110067,0.7693661971830986,0.7672303870432021,0.9288616585456002,0.016234976513728072,1.833053880267673,5.2186870442496405
64,2,1.8988345795207553,0.5601599961519241,0.7605633802816901,0.7520035531628394,0.7605633802816901,0.7531508710232578,0.9171606052634307,0.00532474620196155,1.7788449327150981,5.022408432430691
64,3,1.8433523045645819,0.548224518696467,0.7658450704225352,0.7611963873954146,0.7658450704225352,0.759923703386606,0.9270559173972202,-0.01600278532690913,1.7434953517384,4.865316973792182
64,4,1.993038343058692,0.561666233672036,0.7394366197183099,0.7435511468001167,0.7394366197183099,0.7378685172918358,0.9206841398672438,-0.012790193084195822,1.8422916664017572,5.332906312412685
65,1,2.0136305027537875,0.5851726830005646,0.7411971830985915,0.7365013508436811,0.7411971830985915,0.7381372947148523,0.9167425597120137,-0.01536896271726751,1.8399419320954218,5.346698615286085
65,2,1.8826709058549669,0.5450598514742322,0.7429577464788732,0.7495666871577507,0.7429577464788732,0.7429458915240544,0.9222336078898379,-0.007965829570906413,1.7701036466492548,5.003763092888726
65,3,1.8247448404630024,0.5345337490240732,0.7411971830985915,0.7306084404061018,0.7411971830985915,0.7332091388440747,0.9254757501890409,0.0041830733156813515,1.7346176240179274,4.835237264633179
65,4,1.9614887634913127,0.5141841645042101,0.7746478873239436,0.7827077165622107,0.7746478873239436,0.7740594363492352,0.9330541788927855,0.012356286980058084,1.84507636891471,5.3385326862335205
66,1,1.9185486568344965,0.4969254516892963,0.7799295774647887,0.765809013678173,0.7799295774647887,0.7694965545212712,0.9312381435952499,-0.020208010887616368,1.842902872297499,5.235669281747606
66,2,1.8871231476465862,0.5480159388648139,0.7552816901408451,0.7474229122066868,0.7552816901408451,0.7488564667170062,0.9207686378625386,0.003693585764761753,1.7830979625384014,5.011706431706746
66,3,1.8156778150134616,0.5264945013655556,0.7482394366197183,0.7419487717128241,0.7482394366197183,0.742235490418612,0.9230597786144759,0.0024805258658632257,1.7387473715676203,4.823771953582764
66,4,1.9395432339774237,0.48507897555828094,0.7764084507042254,0.7800990729371218,0.7764084507042254,0.7718284159384219,0.9343525461271802,0.004087403182271743,1.8310419850879245,5.333292934629652
67,1,1.9238655037350125,0.4978026979499393,0.7764084507042254,0.7750348360134796,0.7764084507042254,0.7734505179880645,0.931974363264463,-0.006921348253173587,1.834815329975552,5.251345078150432
67,2,1.7961032787958782,0.4344688571161694,0.8045774647887324,0.7992673298971644,0.8045774647887324,0.7970905734837198,0.945692750947925,0.011509401042421263,1.7737001578013103,4.973250057962206
67,3,1.8348330060640972,0.512865286734369,0.7658450704225352,0.7657212155333377,0.7658450704225352,0.7618949070206933,0.9267100454991306,-0.0036413655293137115,1.7539762589666579,4.919424096743266
67,4,1.9035795595910814,0.435527288251453,0.8151408450704225,0.817993716539584,0.8151408450704225,0.8150654402331489,0.9423870970441325,-0.006395163451382357,1.8370500405629475,5.329034765561421
68,1,1.9130549430847168,0.5041730536354913,0.7834507042253521,0.7751414813384162,0.7834507042253521,0.7755116053836445,0.9301694928687956,0.015607319276653042,1.8210890293121338,5.200445877181159
68,2,1.851736499203576,0.5135845839977264,0.7922535211267606,0.7903203388681347,0.7922535211267606,0.7843324539548423,0.9289714343878678,-0.01308966871879469,1.765228549639384,4.974090880817837
68,3,1.7911583052741156,0.5046126594146093,0.7746478873239436,0.7734856314099264,0.7746478873239436,0.771106454249273,0.9349948625312345,0.01726937033173126,1.7330207228660583,4.793098012606303
68,4,1.944942249192132,0.5117972377273772,0.7799295774647887,0.7845300412098257,0.7799295774647887,0.7754328537340829,0.9328972437180588,-0.018249933311898614,1.827793816725413,5.288947118653192
69,1,1.9423541161749098,0.5184888972176446,0.772887323943662,0.7667054061475497,0.772887323943662,0.7679502283655754,0.9277073897702821,0.022436787638869138,1.8416726390520732,5.264706055323283
69,2,1.8109822140799627,0.4693801916307873,0.7992957746478874,0.7964177200405715,0.7992957746478874,0.7970454841101503,0.9394050107512251,-0.02876858319943798,1.7687172094980876,4.941386765903896
69,3,1.7944418787956238,0.5067524777518378,0.7658450704225352,0.7596248650819825,0.7658450704225352,0.7602417074013109,0.9317767010816713,0.041908936325928514,1.7337588734096951,4.799050317870246
69,4,1.9136115378803678,0.4604554921388626,0.7904929577464789,0.7996159797400747,0.7904929577464789,0.7872920486941737,0.9427213776240551,-0.016931565761039602,1.8283084630966187,5.304308825069004
70,1,1.9303496215078566,0.5088190386692683,0.772887323943662,0.7671239951303717,0.772887323943662,0.7673486118738777,0.9316121564767383,0.012093210254992437,1.8449062705039978,5.247254066997105
70,2,1.8045711384879217,0.45586662905083764,0.8098591549295775,0.8078833167284977,0.8098591549295775,0.8068465257341929,0.9409461012221598,0.007020395278971803,1.7693862186537848,4.951548192236158
70,3,1.8004206485218472,0.485050552421146,0.7887323943661971,0.7929334546646489,0.7887323943661971,0.7846167893929009,0.937167395401826,-0.023373516252434667,1.7463348574108548,4.869617303212483
70,4,1.919017619556851,0.4813956369956334,0.7658450704225352,0.760986733992072,0.7658450704225352,0.7602943585093086,0.9363192328877245,0.03615456331982281,1.8194332520167034,5.273468799061245
71,1,1.8784695267677307,0.4533177945348952,0.795774647887324,0.7953883081095267,0.795774647887324,0.7942791655038234,0.9355920192086913,-0.006715038141994922,1.8309033380614386,5.203823381000095
71,2,1.7845946550369263,0.42460543910662335,0.8274647887323944,0.8317724911166456,0.8274647887323944,0.8235717825714729,0.9447109446896416,0.013448818310765498,1.7688892285029094,4.957902630170186
71,3,1.8235598471429613,0.5248804489771525,0.778169014084507,0.7731767717058902,0.778169014084507,0.7713519286234156,0.9278476997032177,0.008880270697367743,1.7233731746673584,4.853811634911431
71,4,1.881959272755517,0.4461344579855601,0.8080985915492958,0.8115114814228815,0.8080985915492958,0.8065601039093946,0.9384919586320933,0.004055963992544043,1.819082260131836,5.2322168880038795
72,1,1.9179092115826077,0.5074825353092618,0.7799295774647887,0.7775028407803265,0.7799295774647887,0.7772019814990175,0.9293278908460606,0.006374726731172453,1.8340672453244526,5.2089046239852905
72,2,1.8676661650339763,0.5289958988626798,0.772887323943662,0.776236069687357,0.772887323943662,0.7690504566764609,0.9277510713084988,0.0025706624586371296,1.7719998293452792,4.991229878531562
72,3,1.8505157364739313,0.5691696272956001,0.7429577464788732,0.7387170275182603,0.7429577464788732,0.7382136247463039,0.9209201487456565,-0.0053154632189327256,1.7466441922717624,4.840323170026143
72,4,1.9196807278527155,0.47273272110356224,0.7852112676056338,0.79121306788097,0.7852112676056338,0.7773244270140736,0.9410209661545101,-0.00534651258347818,1.8383912245432537,5.295892516771953
73,1,1.9208967222107782,0.5038700782590442,0.7799295774647887,0.7819991555460406,0.7799295774647887,0.7756411695513008,0.9322978556851307,-0.0004110680930307087,1.8409915169080098,5.227291968133715
73,2,1.7921801805496216,0.45472440868616104,0.8063380281690141,0.805056053864453,0.8063380281690141,0.8007160055672752,0.9411564320959571,0.04562421366847713,1.7496074106958177,4.912910143534343
73,3,1.7977285186449687,0.4917867150571611,0.7746478873239436,0.7762269491182406,0.7746478873239436,0.7736201405416943,0.9343101525625441,-0.010576895543229048,1.743304517534044,4.844925840695699
73,4,1.93369722366333,0.4583306113878886,0.795774647887324,0.7943717134266272,0.795774647887324,0.7935594122181477,0.942578671816566,-0.010483114034574692,1.8441128929456074,5.376219073931376
74,1,1.8934091594484117,0.4539257403877046,0.7975352112676056,0.8026633126043071,0.7975352112676056,0.7961354945782351,0.9400185263781369,0.014173943205777029,1.8331818183263142,5.252203676435682
74,2,1.7895831598175898,0.42404669606023365,0.8116197183098591,0.8049523729829745,0.8116197183098591,0.8054694438072226,0.9483928630827103,-0.003098385594969999,1.7652873396873474,4.975834753778246
74,3,1.739709132247501,0.4363757140106625,0.8204225352112676,0.8182797924807965,0.8204225352112676,0.817458933777535,0.9477454618218599,0.021102428056890443,1.7330445845921834,4.780820237265693
74,4,1.9222025738822088,0.4768371052212185,0.7816901408450704,0.7809644799798503,0.7816901408450704,0.779901555047302,0.9421174821215866,0.021063102575846315,1.8308548397488065,5.294721841812134
75,1,1.914121601316664,0.5057274243897862,0.7869718309859155,0.7775974558531312,0.7869718309859155,0.779243004789642,0.9354387196427836,-0.0010109645692277791,1.82444163163503,5.200374364852905
75,2,1.800371117062039,0.46887830562061733,0.7887323943661971,0.791504658412397,0.7887323943661971,0.78781715671105,0.9402650921558023,0.01385845978102318,1.7523066732618544,4.907187481721242
75,3,1.7920879324277241,0.4986271990670098,0.7799295774647887,0.7746876270747847,0.7799295774647887,0.7728173882931034,0.9328319054702846,0.011094577707484232,1.7405778765678406,4.8101628753874035
75,4,1.9078985585106745,0.4409637451171875,0.7975352112676056,0.8033718027643315,0.7975352112676056,0.795886019797066,0.9437646651574971,-0.0032999272881160113,1.8335050212012396,5.330746226840549
76,1,1.9040813843409221,0.48560284078121185,0.7799295774647887,0.7792251386075366,0.7799295774647887,0.773848479519429,0.9335670605332713,0.004832068994232053,1.8252803021007113,5.213864352968004
76,2,1.7722556988398235,0.42114798145161736,0.7992957746478874,0.7927383450959691,0.7992957746478874,0.7939702184495127,0.9459024846417786,0.0248394744039917,1.768339044517941,4.924840278095669
76,3,1.7884006367789373,0.4602292511198256,0.7887323943661971,0.7871610211202535,0.7887323943661971,0.7853984663195089,0.9388409054852309,0.008059213280587785,1.7373909155527751,4.88746698697408
76,4,1.9079214268260531,0.4239245222674476,0.8045774647887324,0.7985750786876289,0.8045774647887324,0.7980022535267268,0.9469305289830232,0.01662234997699752,1.8541046844588385,5.37058064672682
77,1,1.9253217577934265,0.46164288454585606,0.7887323943661971,0.7878925392043736,0.7887323943661971,0.7863636867326059,0.9406651387630605,-0.02652869291078308,1.8443447020318773,5.340572330686781
77,2,1.7751922408739726,0.3929692291551166,0.8309859154929577,0.8246070556704845,0.8309859154929577,0.8262520543312526,0.9547112228063237,-0.018036296045809364,1.7816239794095357,5.000379032558865
77,3,1.817978647020128,0.5025678475697836,0.7816901408450704,0.7745749275554222,0.7816901408450704,0.7750935928126075,0.9326603344694911,0.011911484792285543,1.7524699767430623,4.887270318137275
77,4,1.9434123900201585,0.5317298902405633,0.7711267605633803,0.7804008549365731,0.7711267605633803,0.771637444727502,0.9306884108877449,0.025537572886745297,1.824419101079305,5.2373380528555975
78,1,1.9958239396413167,0.5717727260457145,0.7429577464788732,0.7356508998608624,0.7429577464788732,0.7381269365902793,0.9157188022166505,-0.027031256333127418,1.8489004506005182,5.318609873453776
78,2,1.8026079734166462,0.47018221186267006,0.8063380281690141,0.8061983502840774,0.8063380281690141,0.7967805193746585,0.9414320089172479,0.02116255351389551,1.7541292111078899,4.911601318253411
78,3,1.7749136487642925,0.4744070917367935,0.7887323943661971,0.7937565306786603,0.7887323943661971,0.7841354218402085,0.9392684421118543,0.002643936517393586,1.7368387248780992,4.809428731600444
78,4,1.8950262202156916,0.4436791075600518,0.7992957746478874,0.8043583193095274,0.7992957746478874,0.797367897973551,0.9434564176401927,0.016862411333083305,1.8231365349557664,5.281502577993605
79,1,1.8626044657495286,0.4477241411805153,0.7816901408450704,0.7775439517130044,0.7816901408450704,0.7764498107097395,0.9358432293164717,0.003512913470283041,1.8178701400756836,5.1639917559093895
79,2,1.8281213641166687,0.4999401933617062,0.7904929577464789,0.7850722149053595,0.7904929577464789,0.7863669446636715,0.9301137102721221,0.0029111935380204956,1.764247649245792,4.927210595872667
79,3,1.761991216076745,0.4467449386914571,0.801056338028169,0.7952080542827228,0.801056338028169,0.795267809179471,0.9457591980203819,0.010482863347610394,1.738661037551032,4.8308990531497535
79,4,1.8819213178422716,0.40618593659665847,0.8133802816901409,0.8272454385673594,0.8133802816901409,0.8064834735751755,0.9525751083146516,0.009138905316774748,1.827292839686076,5.3253036340077715
80,1,1.9032813641760085,0.43443223502900863,0.7940140845070423,0.7949933558570677,0.7940140845070423,0.7936234427843658,0.9429271396419192,-0.014955699387444898,1.8479079670376248,5.330595718489753
80,2,1.768631054295434,0.3965107831690047,0.829225352112676,0.8237574548808779,0.829225352112676,0.8236570633742947,0.9503381336819529,0.006963336494348216,1.7583518359396193,4.970244791772631
80,3,1.7699599862098694,0.43664492004447514,0.7887323943661971,0.7886383235236202,0.7887323943661971,0.7845643235726174,0.9441440705186873,-0.004631683579327417,1.7410300506485834,4.8810282945632935
80,4,1.8980983826849196,0.4218606154123942,0.801056338028169,0.7977610342095132,0.801056338028169,0.7956210243663773,0.9481925046379466,-0.013900378219429355,1.8285324043697782,5.342652930153741
81,1,1.8775163027975295,0.4477204696999656,0.795774647887324,0.7908143848794235,0.795774647887324,0.7925156708601613,0.9402169683465861,0.013505615563841444,1.8313685125774808,5.213706413904826
81,2,1.8328865766525269,0.49368219160371357,0.7816901408450704,0.7758775793743021,0.7816901408450704,0.777712639140982,0.9312144783218963,-0.0066188990869415765,1.7591980033450656,4.957696649763319
81,3,1.8029277523358662,0.4715823820895619,0.778169014084507,0.7752910168143957,0.778169014084507,0.7726904394195342,0.9348831190483944,0.0026015583739759096,1.7542880707316928,4.909400131967333
81,4,1.921384592851003,0.46619681848420036,0.7975352112676056,0.7955799298460838,0.7975352112676056,0.7953542695077318,0.9412667791116607,-0.0182671811492523,1.835058781835768,5.316822542084588
82,1,1.962774634361267,0.5282746371295717,0.7852112676056338,0.785092722987416,0.7852112676056338,0.7839510341839463,0.9263343650140705,-0.010371599971518375,1.8471738166279263,5.309941119617886
82,2,1.8177345991134644,0.45647506084707046,0.795774647887324,0.792013755791982,0.795774647887324,0.7915992842104856,0.9353312211914107,0.011448292586755948,1.773750901222229,4.994006739722358
82,3,1.7777729233105977,0.4865526821878221,0.7922535211267606,0.7961822533408185,0.7922535211267606,0.787639121956533,0.936010880646768,0.0250031604504527,1.7307769192589655,4.790619903140598
82,4,1.923298868868086,0.4430965648757087,0.795774647887324,0.8008353500536158,0.795774647887324,0.7953343633406174,0.9439286907778387,-0.01704716998177047,1.8401551644007366,5.377104083697001
83,1,1.9024884170956082,0.4706808461083306,0.7940140845070423,0.7877089433762345,0.7940140845070423,0.7889236561022094,0.9409558783982155,-0.010256745477709606,1.8271073036723666,5.243372665511237
83,2,1.7782280974917941,0.43651802837848663,0.8045774647887324,0.7984164545329095,0.8045774647887324,0.7995636747015781,0.9432918011076813,0.015574691920966055,1.7665654685762193,4.908884776963128
83,3,1.7800034748183355,0.4710193309519026,0.7975352112676056,0.7977403225802986,0.7975352112676056,0.79223686723843,0.9405261985410582,0.01930302676583573,1.7389903730816312,4.834299590852526
83,4,1.9176870319578383,0.4578240927722719,0.7922535211267606,0.7908846434259197,0.7922535211267606,0.7880208085544067,0.9357590708739776,-0.009636471640398048,1.8268780046039157,5.324033697446187
84,1,1.862453752093845,0.42085861497455174,0.801056338028169,0.8023193813963816,0.801056338028169,0.801384596732367,0.9494147499938634,0.010028919923845026,1.829684105184343,5.226175467173259
84,2,1.780545539326138,0.40396607915560406,0.8045774647887324,0.7995110958681001,0.8045774647887324,0.7985053233756908,0.9510315802684011,-0.004189010396240533,1.7769594060050116,4.992564015918308
84,3,1.7421374519666035,0.4108857959508896,0.8116197183098591,0.8113419265340924,0.8116197183098591,0.8080583584881226,0.9470380198409539,0.008679484359396805,1.7379908826616075,4.848391148779127
84,4,1.8388899630970426,0.3972296458151605,0.8274647887323944,0.8276732255979372,0.8274647887323944,0.8236253935866047,0.9551011232775793,0.02055883257424207,1.805551482571496,5.2027638753255205
85,1,1.8362184829182095,0.39491160545084214,0.7975352112676056,0.7939417972361812,0.7975352112676056,0.7937307057330968,0.9519205880747836,0.004922944195960177,1.8221987154748704,5.199267758263482
85,2,1.79568612575531,0.4197768179906739,0.8116197183098591,0.8081438743946399,0.8116197183098591,0.8056649047427478,0.9475537493361061,0.013252973095246867,1.7759598427348666,5.0061410665512085
85,3,1.7666461798879836,0.4427581719226307,0.7711267605633803,0.7738526536150228,0.7711267605633803,0.7683169664270577,0.9421939188767359,-0.020337283387952487,1.7423437966240778,4.855718029869927
85,4,1.869998276233673,0.38012537525759804,0.8169014084507042,0.813787683981125,0.8169014084507042,0.8140499760345505,0.9559720887057699,0.015267788254213377,1.836562540796068,5.346368140644497
86,1,1.8662493824958801,0.4287102884716458,0.8028169014084507,0.7968268051366643,0.8028169014084507,0.7982061573568672,0.9456716490788424,0.0010043239039576601,1.8276408513387044,5.220507091946072
86,2,1.828670812977685,0.4970755461189482,0.7904929577464789,0.7890776503943984,0.7904929577464789,0.7857670477149383,0.9343739201911173,0.018456203516911796,1.7580242024527655,4.9357262584898205
86,3,1.8194118671947055,0.5101815578010347,0.7605633802816901,0.7567347582184587,0.7605633802816901,0.7563360387515852,0.9284010458445155,0.015226296053967747,1.7430117593871222,4.874282426304287
86,4,1.887587931421068,0.4309173259470198,0.7940140845070423,0.8036471281283499,0.7940140845070423,0.7932734461724772,0.9473473479178638,-0.006890319194514216,1.8332703179783292,5.286485844188267
87,1,1.8982029093636408,0.4490707599454456,0.7940140845070423,0.789469152630743,0.7940140845070423,0.787558229827645,0.9416513088330525,-0.0073122346200582555,1.832012905014886,5.279511120584276
87,2,1.8139611151483324,0.45233669214778477,0.8028169014084507,0.8012540332082585,0.8028169014084507,0.7993266501172694,0.9464627891756447,0.001447821741405786,1.7780142956309848,4.99108460214403
87,3,1.7748600178294711,0.47788726290067035,0.7746478873239436,0.7726026084127449,0.7746478873239436,0.7727523633941523,0.9360848143260281,0.030261191004192778,1.7317048907279968,4.801129632525974
87,4,1.8973313238885667,0.4504099571042591,0.801056338028169,0.8026720427541549,0.801056338028169,0.7948287140679064,0.9434398018209704,-0.0037921878120548147,1.8276647726694744,5.273480998145209
88,1,1.9032067656517029,0.46437307861116195,0.7816901408450704,0.7869965327598187,0.7816901408450704,0.781745688463189,0.9382171244322585,0.0078094507949760805,1.8377855486339993,5.260485278235541
88,2,1.8167153067058988,0.4541771163543065,0.8151408450704225,0.8098998049229927,0.8151408450704225,0.8106533611607535,0.9433084679335857,-0.001474826914548144,1.7747337884373136,4.995970951186286
88,3,1.7767613927523296,0.4702405151393678,0.7799295774647887,0.7808348706082051,0.7799295774647887,0.7780434566203245,0.9373687049245465,0.027665405383123343,1.737189359135098,4.825309872627258
88,4,1.971693065431383,0.5188592308097415,0.7764084507042254,0.772945157576475,0.7764084507042254,0.7716244567241224,0.9316699533813242,-0.0029279935975727867,1.8401879668235779,5.36163850625356
89,1,1.9963392085499234,0.5745056685474184,0.7552816901408451,0.7506108666104253,0.7552816901408451,0.751861922211891,0.9145402908749338,-0.04691015206485449,1.8503614200486078,5.313950618108113
89,2,1.8093995915518866,0.4879299220111635,0.7746478873239436,0.7631262987098604,0.7746478873239436,0.765031170565714,0.9381414725716894,0.02568514153550172,1.7564915418624878,4.892828636699253
89,3,1.7468317018614874,0.4317982958422767,0.795774647887324,0.7914991372354918,0.795774647887324,0.79141375581312,0.9435382358068054,-0.003942636819867618,1.7341830995347765,4.815242767333984
89,4,1.8535031312041812,0.39524856044186485,0.823943661971831,0.8303861354137452,0.823943661971831,0.8209661114241725,0.9571246942248172,0.028267234537465158,1.816676722632514,5.256096965736813
90,1,1.8619401587380304,0.4139026602109273,0.8045774647887324,0.8028041281919082,0.8045774647887324,0.8009349328416873,0.9470588026505948,0.005005026317527417,1.8339975078900654,5.240694138738844
90,2,1.7703996631834242,0.4300852202706867,0.8063380281690141,0.8073113463908675,0.8063380281690141,0.8057153301497977,0.9438554208658712,0.014952716734050742,1.7575692468219333,4.897799942228529
90,3,1.7530584865146213,0.4025515417257945,0.8098591549295775,0.8128355755920174,0.8098591549295775,0.8070639604078608,0.9534183660951623,-0.011799044626686905,1.7616186009513006,4.904241138034397
90,4,1.8685327967007954,0.42108915663427776,0.8028169014084507,0.7995548144323852,0.8028169014084507,0.7987339161188304,0.9469876405326811,0.006931943321993872,1.8249508804745145,5.245901068051656
91,1,1.8660146395365398,0.416063313682874,0.801056338028169,0.7993241924801266,0.801056338028169,0.7991621817155081,0.944449037402322,-0.011484129456525327,1.8340224358770583,5.249234159787496
91,2,1.7551502254274156,0.410662430855963,0.8116197183098591,0.808205503429756,0.8116197183098591,0.805265228846148,0.947656474704047,0.017062034756243905,1.7448340588145785,4.892288194762336
91,3,1.7224613626797993,0.39933838778071934,0.8028169014084507,0.7994980162359436,0.8028169014084507,0.7999561268602531,0.951177731275362,0.026014156881528527,1.7380897535218134,4.809748119778103
91,4,1.8673846986558702,0.3981250218219227,0.8257042253521126,0.8243236915096718,0.8257042253521126,0.82111123205999,0.9521700963372122,-0.01506727605424718,1.8286600444051955,5.29565703868866
92,1,1.834111962053511,0.41587235613001716,0.801056338028169,0.8001382248402328,0.801056338028169,0.7967346423579332,0.9449862182034854,0.05067172344802473,1.816648370689816,5.143337514665392
92,2,1.767603662278917,0.3704734428061379,0.8309859154929577,0.8274970931407581,0.8309859154929577,0.8276855791235965,0.9555421536250952,-0.02172991470864649,1.7794708013534546,5.027574009365505
92,3,1.729386117723253,0.41134917901621926,0.7975352112676056,0.7979553439896385,0.7975352112676056,0.7942854019730897,0.9509112948052095,0.025241693613417437,1.7216600974400837,4.804805464214748
92,4,1.8793548809157476,0.4183601488669713,0.8116197183098591,0.8205125399609836,0.8116197183098591,0.8095668435345245,0.949224387437215,-0.0065372940054782,1.8323562807506986,5.288342422909206
93,1,1.8670237527953253,0.438784788052241,0.7940140845070423,0.7945305219236468,0.7940140845070423,0.791334208167974,0.9436159490018364,0.02361858427652619,1.8166126476393805,5.199581159485711
93,2,1.7634890211953058,0.38322456429402035,0.8169014084507042,0.8158191528512135,0.8169014084507042,0.8105043749380533,0.9530585021099409,-0.008335024608175035,1.7704548438390095,4.984105851915148
93,3,1.7246490054660373,0.38955579698085785,0.8063380281690141,0.8082864898697838,0.8063380281690141,0.8047595706758766,0.9539982058050158,0.01771715796880624,1.7463037901454501,4.839866280555725
93,4,1.8900226420826383,0.4154869185553657,0.8151408450704225,0.8135844808308522,0.8151408450704225,0.8113638677591497,0.9487313255451357,0.005152361745019651,1.83440766731898,5.3306057585610285
94,1,1.9104747507307265,0.48013852371109855,0.772887323943662,0.7695137862919554,0.772887323943662,0.7684566179350298,0.9260032186393419,-0.008184929257027296,1.8305477764871385,5.247925639152527
94,2,1.7873001131746504,0.41199517912334865,0.8151408450704225,0.8147669275203878,0.8151408450704225,0.8141387697184465,0.9491810944784961,-0.00042240931449843977,1.7780146665043302,4.996344712045458
94,3,1.759096582730611,0.42781810462474823,0.8045774647887324,0.8030019774366116,0.8045774647887324,0.8006856218491067,0.944713057328261,0.01904451468540347,1.7402451237042744,4.865412791570027
94,4,1.9235282407866583,0.4606935961378945,0.7852112676056338,0.7860341240884496,0.7852112676056338,0.7791428568175709,0.9426689158738537,-0.003163556480387353,1.837631622950236,5.33680882718828
95,1,1.8729154268900554,0.4391955683628718,0.7922535211267606,0.7858834281328744,0.7922535211267606,0.7871770710939526,0.9440254419159985,0.016056611848525915,1.8318611913257175,5.218261626031664
95,2,1.7456659807099237,0.39378033578395844,0.8204225352112676,0.8155346158787404,0.8204225352112676,0.8169374728439395,0.9541671465473787,0.015995740505399314,1.766965130964915,4.900065594249302
95,3,1.7514387435383267,0.4316423237323761,0.8063380281690141,0.8042005920661762,0.8063380281690141,0.8036956190596021,0.9460080114222049,0.011097473772322508,1.7400504151980083,4.83096358511183
95,4,1.8987148470348783,0.430291967259513,0.8080985915492958,0.8047387496602062,0.8080985915492958,0.8025415406204888,0.9483369690183011,0.003988051338761678,1.8289233644803364,5.325034697850545
96,1,1.8616352279980977,0.42714018126328784,0.8028169014084507,0.8001276558519679,0.8028169014084507,0.7998191269157502,0.9468711672009451,0.0027196296060569836,1.8298268583085802,5.208790275785658
96,2,1.809480991628435,0.4738563398520152,0.7992957746478874,0.797026569978815,0.7992957746478874,0.7918611606082815,0.9424033290864697,-0.0026638663326195022,1.7597025765313044,4.925938208897908
96,3,1.8018473386764526,0.5006847762399249,0.7799295774647887,0.7913432006772753,0.7799295774647887,0.7803735862326328,0.9326367870813989,0.015013632222606876,1.7333041826883953,4.837893168131511
96,4,1.912013093630473,0.46694910360707176,0.7922535211267606,0.7894645337335162,0.7922535211267606,0.7855372332856855,0.9398125758016059,0.002640279892551556,1.8233437207010057,5.2838289340337115
97,1,1.8599768413437738,0.43098752366171944,0.7922535211267606,0.793284217441728,0.7922535211267606,0.7903718607943959,0.9456461554225919,0.01376459061654356,1.8315117955207825,5.194285035133362
97,2,1.7395080990261502,0.3719916418194771,0.8345070422535211,0.8334506272944638,0.8345070422535211,0.8318607593314397,0.9556159044600491,-0.002154432175739629,1.767737136946784,4.9303796953625145
97,3,1.717386715941959,0.3848523704542054,0.8116197183098591,0.806981685676474,0.8116197183098591,0.8062697809165866,0.9538613120861701,0.001961080857488584,1.7361269328329298,4.826633281177944
97,4,1.886718703640832,0.4467511773109436,0.8204225352112676,0.8223429275145825,0.8204225352112676,0.813342110803753,0.946077609925897,0.02445441284668981,1.8163693282339308,5.246642722023858
98,1,1.900764286518097,0.42958060569233364,0.8116197183098591,0.8092027564669779,0.8116197183098591,0.8086022837026197,0.9479001416731363,-0.0029013214005015886,1.8496567739380732,5.333525975545247
98,2,1.7975057893329196,0.4683152884244919,0.801056338028169,0.8001271156076142,0.801056338028169,0.7977527773581283,0.9397069252530648,0.025096316932499585,1.758557226922777,4.898950099945068
98,3,1.7651494410302904,0.43123185717397267,0.7922535211267606,0.786722221114584,0.7922535211267606,0.7873442654295902,0.9465171737826981,-0.008892703447555439,1.751004609796736,4.87762357128991
98,4,1.8914228081703186,0.44114653766155243,0.7922535211267606,0.7914566077191021,0.7922535211267606,0.7891550842853068,0.9442766475950792,0.019966473905669635,1.8220083051257663,5.2754006253348456
99,1,1.9081712365150452,0.4646126992172665,0.7852112676056338,0.7877600286069154,0.7852112676056338,0.7829294300111024,0.9402489335021939,0.013432054703952367,1.828899211353726,5.276474330160353
99,2,1.760117808977763,0.4021415346198612,0.8274647887323944,0.825073146213806,0.8274647887323944,0.8238783934996473,0.9559833391134585,0.006976304586227111,1.7614234156078763,4.928728885120815
99,3,1.7638316286934748,0.43471651275952655,0.8028169014084507,0.8013026882061988,0.8028169014084507,0.7990557006043517,0.9474373705519513,-0.0010359862509996542,1.733123819033305,4.865100065867106
99,4,1.8489157292577956,0.36232883234818775,0.823943661971831,0.8233450760375997,0.823943661971831,0.8177311327231895,0.9605199458639332,-0.00036525439920054303,1.8329866727193196,5.317618343565199
100,1,1.83655274576611,0.38701746198866105,0.829225352112676,0.8253304886334268,0.829225352112676,0.825692417674649,0.9536486009985065,0.0009876961170326437,1.8256196710798476,5.218801538149516
100,2,1.7666513986057706,0.40051881389485466,0.8151408450704225,0.8115048372969708,0.8151408450704225,0.8120304822664086,0.9493133796290607,0.007648803958775985,1.7616402506828308,4.954293913311428
100,3,1.740416407585144,0.4235931543840302,0.8151408450704225,0.8145247685931507,0.8151408450704225,0.8122348891417374,0.9480553915770515,0.008130505365695373,1.740379187795851,4.813003818194072
100,4,1.8865130013889737,0.4052035129732556,0.795774647887324,0.7942214502047781,0.795774647887324,0.792702271754884,0.948036768309114,-0.021653700812602095,1.8257255885336134,5.34290165371365
101,1,1.8626939985487196,0.40478092266453636,0.8204225352112676,0.8223878336375076,0.8204225352112676,0.8189098947779936,0.9501536755425648,0.016531054428096104,1.8403228455119662,5.264490895801121
101,2,1.7230789528952704,0.3520163603954845,0.8327464788732394,0.8326088217424921,0.8327464788732394,0.8306585378560812,0.9593467454463218,-0.0013000139209264905,1.7633701629108853,4.922224799791972
101,3,1.722799731625451,0.4208721063203282,0.7922535211267606,0.7908186582001488,0.7922535211267606,0.7882221449117603,0.9468897166551089,0.02576537128168621,1.7237055169211493,4.760630700323317
101,4,1.858089096016354,0.3834831209646331,0.8221830985915493,0.8252588610774144,0.8221830985915493,0.8188745357277187,0.9550891180470853,0.014918927872276555,1.8312360511885748,5.298836204740736
102,1,1.8289606041378446,0.35341798928048873,0.8380281690140845,0.8379895997668422,0.8380281690140845,0.8364374029391559,0.9590906196733917,-0.011928314505087023,1.8476075265142653,5.2718931833903
102,2,1.7244648006227281,0.3775285954276721,0.8186619718309859,0.8165629524555713,0.8186619718309859,0.8154420698524061,0.9523660054315495,0.02205495384234124,1.753223028447893,4.86731579568651
102,3,1.7093314197328355,0.3513205010030005,0.8380281690140845,0.8363862501272707,0.8380281690140845,0.8337754697069832,0.9617349327330382,0.012553214266678214,1.7396831777360704,4.87802337275611
102,4,1.8892260260052152,0.4234491628077295,0.7904929577464789,0.7940523503997149,0.7904929577464789,0.7859407913118016,0.9474476439670021,-0.0062689447305752655,1.8263144228193495,5.309371829032898
103,1,1.8549646602736578,0.45002569258213043,0.7992957746478874,0.7936830820287214,0.7992957746478874,0.79149357064615,0.9411882278570146,0.01996760553150856,1.813514080312517,5.133155359162225
103,2,1.7749572396278381,0.3887435065375434,0.8204225352112676,0.8176106093839769,0.8204225352112676,0.8174951230342361,0.9516548499739883,0.005689805293122907,1.7726579440964594,5.009455720583598
103,3,1.7300173838933308,0.42579930937952465,0.8151408450704225,0.815989866200887,0.8151408450704225,0.8125042820512139,0.9476065933133231,0.006642282293963575,1.7197495235337152,4.773192803064982
103,4,1.8742729955249362,0.3848399180505011,0.8204225352112676,0.8194467382423625,0.8204225352112676,0.8169564411109729,0.9535167705784612,-0.0037629894975561573,1.8316149446699355,5.349616660012139
104,1,1.8431592517428927,0.39445796526140636,0.795774647887324,0.7900080678262638,0.795774647887324,0.7884779937188774,0.947118369313855,0.019519331690045383,1.8304513494173686,5.2234619988335504
104,2,1.723086675008138,0.3533413029379315,0.829225352112676,0.8275204168879619,0.829225352112676,0.8268757122726351,0.9597852738883833,0.01042603464268077,1.7511321637365553,4.919159028265211
104,3,1.719011280271742,0.38123789843585754,0.8257042253521126,0.8252368973563975,0.8257042253521126,0.8242714383022492,0.9575282510473305,0.0031413257991472765,1.7385830879211426,4.8404823541641235
104,4,1.855913778146108,0.4026005607512262,0.801056338028169,0.7995510579479851,0.801056338028169,0.7949603129255588,0.9538625015539642,0.017402740352891466,1.8197556601630316,5.246977753109402
105,1,1.8673299352327983,0.4173786160018709,0.7992957746478874,0.8014384900333521,0.7992957746478874,0.7972795688691873,0.9447764448005429,-0.017710073340947208,1.8230969773398504,5.250549462106493
105,2,1.8507349557346768,0.4886203027433819,0.7992957746478874,0.7961779938892615,0.7992957746478874,0.794570068561975,0.9441282836889802,0.0004595935623291636,1.7843032545513577,5.0290021896362305
105,3,1.7786139117346869,0.4854801876677407,0.7940140845070423,0.7905276953126014,0.7940140845070423,0.7912746259212744,0.942127869466559,-0.00464953013842484,1.737600306669871,4.7959258159001665
105,4,1.9187956518597074,0.40315378374523586,0.8133802816901409,0.8107034414675997,0.8133802816901409,0.8115399280672949,0.9511808858896533,-0.012935896204666397,1.8633135424719915,5.45529317855835
106,1,1.8383872509002686,0.41307842069202,0.7992957746478874,0.7995270503221421,0.7992957746478874,0.7976178424938094,0.949434818530299,0.002736175156870413,1.8167707324028015,5.1641076935662165
106,2,1.7690762877464294,0.391290749112765,0.8169014084507042,0.8089029260157851,0.8169014084507042,0.8100487021747342,0.953281663511067,-0.002694583270023365,1.7745034429762099,4.983908971150716
106,3,1.752374702029758,0.41819026403956944,0.795774647887324,0.7938428664858137,0.795774647887324,0.7942140343687606,0.9470535423826701,0.016540129265088854,1.743795805507236,4.865471588240729
106,4,1.8667448096805148,0.3831262075238758,0.829225352112676,0.8267283537922684,0.829225352112676,0.8268857322503059,0.9548548760423834,-0.020519789299511926,1.8356406490008037,5.328521331151326
107,1,1.8716280592812433,0.4424581469761001,0.8063380281690141,0.8120643174221055,0.8063380281690141,0.8039964035513452,0.9467806126934872,0.01719559873892551,1.824286765522427,5.206357624795702
107,2,1.7530865404340956,0.3922913985119926,0.8274647887323944,0.8217010492337767,0.8274647887323944,0.8214565810315421,0.9523472968464004,-0.001654393342593874,1.7653252217504714,4.9282750023735895
107,3,1.7639203535185919,0.45211341977119446,0.7992957746478874,0.7968107801537995,0.7992957746478874,0.7954836266559546,0.9461649476138381,0.015563221999640109,1.7418191035588582,4.824803060955471
107,4,1.8922787308692932,0.41944075293011135,0.7992957746478874,0.8047596949340745,0.7992957746478874,0.7962596420072043,0.9488068233189255,-0.009498776442494528,1.8268761701054044,5.3289005226559105
108,1,1.8663067089186773,0.4087814920478397,0.8151408450704225,0.8148776500559625,0.8151408450704225,0.8131702340693129,0.9489101523229109,-0.011677628828950848,1.836199661095937,5.267198708322313
108,2,1.7951850162612066,0.4248467493388388,0.8080985915492958,0.8031557151428553,0.8080985915492958,0.803255767992769,0.9467626214815309,-0.003247207882730363,1.7710574799113803,4.9926408131917315
108,3,1.765834841463301,0.40040426121817696,0.8098591549295775,0.8066004784498075,0.8098591549295775,0.8046636360290381,0.9531049996071207,-0.011738814795866137,1.7544993029700384,4.951839314566718
108,4,1.8593614498774211,0.3713307852546374,0.829225352112676,0.8263249574171371,0.829225352112676,0.8245414953306484,0.9546848362032265,0.0036546700441065783,1.8306558595763311,5.3314327001571655
109,1,1.8599351313379076,0.41488167809115517,0.8221830985915493,0.8191559725942098,0.8221830985915493,0.8200431135548246,0.942930953458641,0.004098615836113484,1.83035409450531,5.231726381513807
109,2,1.7577200399504767,0.40196361558304894,0.8204225352112676,0.8221006782607959,0.8204225352112676,0.8178303255315446,0.9489111264965437,0.0017284415164470213,1.7570899393823411,4.921151492330763
109,3,1.7286765045589871,0.38292182485262555,0.8221830985915493,0.8287341990760252,0.8221830985915493,0.8159494081953169,0.951209303692566,0.01816443093708553,1.7410894168747797,4.868770586119758
109,4,1.86984293990665,0.3794581525855594,0.8028169014084507,0.7992707448332954,0.8028169014084507,0.7948426174242224,0.953606519331939,-0.019998208829187458,1.8349399036831326,5.347407301266988
110,1,1.8148424492941961,0.3593372354904811,0.8151408450704225,0.812273899890128,0.8151408450704225,0.8130584210079829,0.955781435549903,0.005482315269236704,1.828999227947659,5.2110211451848345
110,2,1.7429299619462755,0.40596969839599395,0.8186619718309859,0.813335704474722,0.8186619718309859,0.8125000867970498,0.9486073476334534,0.016970895923577478,1.7493247720930312,4.862503700786167
110,3,1.7320513129234314,0.41101375387774575,0.8045774647887324,0.7978994801237358,0.8045774647887324,0.7988477225256646,0.9504596397894509,0.013755429096181104,1.737415697839525,4.814472092522515
110,4,1.8531777527597215,0.3906029380030102,0.8151408450704225,0.8125761174686549,0.8151408450704225,0.8104575804333931,0.9524749569646339,0.0064682789541589125,1.8112899131245084,5.265852120187548
111,1,1.830624070432451,0.4066031003991763,0.7922535211267606,0.7882716157080529,0.7922535211267606,0.7893679647404953,0.9483431965074426,0.006486693291003154,1.8173341022597418,5.153339452213711
111,2,1.7585230535931058,0.3780766833159659,0.823943661971831,0.8225729244852605,0.823943661971831,0.8172083468452301,0.9551028649001785,-0.0004271832151188093,1.7712276776631672,4.9795642958747015
111,3,1.7397860487302144,0.40323830975426567,0.7975352112676056,0.7985932495680035,0.7975352112676056,0.7929258604762796,0.9521751061752528,0.0015126874786347555,1.7310918238427904,4.858397232161628
111,4,1.8777721656693354,0.4230145249101851,0.8063380281690141,0.8108462733693995,0.8063380281690141,0.8058912801532282,0.9495012478314819,0.01640002972605148,1.8194880617989435,5.272206425666809
112,1,1.854793952571021,0.4241286880440182,0.8045774647887324,0.7994808243665015,0.8045774647887324,0.800761827452498,0.9418493037024016,0.018486718945476932,1.8273465832074482,5.193012648158604
112,2,1.7807280686166551,0.40021703557835686,0.8327464788732394,0.8306018724570811,0.8327464788732394,0.8279521908944439,0.9531315616237606,-0.006830553630631897,1.7709934645228915,5.001920302708943
112,3,1.7391858630710177,0.38869203047619927,0.8045774647887324,0.8016553929538937,0.8045774647887324,0.7996407576114684,0.9531654545871735,0.0025946999487359568,1.7489475541644626,4.890337891048855
112,4,1.8504140973091125,0.37848444365792805,0.8204225352112676,0.8180621455943988,0.8204225352112676,0.8159550988108205,0.9566216648474715,0.013176028048658472,1.835378713077969,5.28491637441847
113,1,1.8315763009919062,0.39558182573980755,0.7992957746478874,0.7982358320248502,0.7992957746478874,0.7914431825276858,0.9490795084040575,-0.00489491011635379,1.8235663771629333,5.182229850027296
113,2,1.770513329241011,0.403497588303354,0.8186619718309859,0.8198280344120056,0.8186619718309859,0.8159961322849816,0.9505746310788351,0.017382354024199742,1.7586913307507832,4.960216522216797
113,3,1.7438388135698106,0.40619296994474197,0.8169014084507042,0.8205869975576202,0.8169014084507042,0.8125179629448206,0.9507986679264516,0.028179439818013297,1.7381082971890767,4.8650122616026135
113,4,1.8262355261378818,0.3617502972483635,0.823943661971831,0.8210931823515755,0.823943661971831,0.8189769167065813,0.9612262010279613,-0.008411366614312188,1.81445884042316,5.243367499775356
114,1,1.853935632440779,0.3952110360066096,0.8186619718309859,0.8175274550810375,0.8186619718309859,0.8173292297782633,0.9523490181969608,0.0011389993412544985,1.840722209877438,5.257626242107815
114,2,1.728497134314643,0.34770717802974915,0.8538732394366197,0.8510340260647932,0.8538732394366197,0.8504532750580978,0.9592130089606397,0.022385716164720182,1.7625712752342224,4.950340178277758
114,3,1.7097282475895352,0.36409685181246865,0.8327464788732394,0.8343329206005262,0.8327464788732394,0.8331771755788933,0.9596106469650958,-0.01191532667300299,1.7477064662509494,4.849534630775452
114,4,1.8475551538997226,0.36910181244214374,0.8397887323943662,0.8436973490030495,0.8397887323943662,0.8370533530738099,0.9587450262504066,0.008308130972948247,1.8271671798494127,5.297279450628492
115,1,1.8454163140720792,0.4040079770816697,0.8045774647887324,0.7993570120970506,0.8045774647887324,0.8009709494175865,0.9508058564312355,0.006358475791260143,1.8279940287272136,5.2087022463480634
115,2,1.7750707566738129,0.397822779085901,0.8151408450704225,0.8115769570084629,0.8151408450704225,0.8116560331612513,0.9482761563354826,0.003673385991015188,1.7700434592035081,4.988649156358507
115,3,1.735182483990987,0.39114101148313946,0.8221830985915493,0.8207302717792082,0.8221830985915493,0.8174510614074361,0.9551650558654174,0.02203402764578688,1.7525240845150418,4.871279040972392
115,4,1.8667362994617887,0.42653024527761674,0.7746478873239436,0.774543537924726,0.7746478873239436,0.7705543312380811,0.9415505623137279,0.0002001535711959601,1.8006763855616252,5.227216919263204
116,1,1.8472579055362277,0.41043000751071507,0.8133802816901409,0.8104544428992541,0.8133802816901409,0.811554510584134,0.9483092087324949,0.007283643500352155,1.8229958216349285,5.199856056107415
116,2,1.796731366051568,0.44341689596573514,0.8169014084507042,0.8155835286010736,0.8169014084507042,0.8111477626886385,0.9463395637225783,0.0013224957560920014,1.767446173561944,4.954464846187168
116,3,1.7307880984412298,0.4077714880307515,0.795774647887324,0.7942866729620116,0.795774647887324,0.7917974106434251,0.9528841266312835,-0.0038860733106804712,1.7386503020922344,4.817826641930474
116,4,1.8546512855423822,0.37458577586544883,0.8274647887323944,0.8249154857603489,0.8274647887323944,0.8216063201865644,0.9541967853914888,0.018609109044753436,1.8291589154137506,5.308137231402927
117,1,1.8434812956386142,0.38795703483952415,0.8221830985915493,0.8224237043836694,0.8221830985915493,0.8206648772047951,0.9554745655144931,-0.0020209011957703638,1.8339774476157293,5.239704383744134
117,2,1.7313261098331876,0.3661542385816574,0.8345070422535211,0.8307326329600322,0.8345070422535211,0.8304172193536024,0.9569369539002086,0.027939078895374614,1.756320145395067,4.916726960076226
117,3,1.742001838154263,0.4027167161305745,0.8204225352112676,0.8193214421207379,0.8204225352112676,0.8170346334454608,0.9496102494730152,0.02062479540216089,1.7449552681710985,4.867000195715162
117,4,1.8350371718406677,0.37050602088371914,0.8257042253521126,0.8296398942609686,0.8257042253521126,0.8258676538245702,0.9583756918499952,0.014157497672529162,1.810996903313531,5.252276354365879
118,1,1.8206371996137831,0.4024908087319798,0.7940140845070423,0.7909481858473957,0.7940140845070423,0.7920346666224349,0.9458986966255667,0.003844525036769242,1.8130728801091511,5.129645347595215
118,2,1.739912337727017,0.36025991373591953,0.8380281690140845,0.8333818757102953,0.8380281690140845,0.8306931273057429,0.957440581407843,0.009219693608076285,1.7723218070136175,4.959101107385424
118,3,1.681369059615665,0.3676721006631851,0.8257042253521126,0.8225179891456104,0.8257042253521126,0.8227786990197519,0.9585142567443143,0.02173347798090597,1.7284786767429776,4.7466617822647095
118,4,1.8461236026551988,0.3516978894670804,0.829225352112676,0.837521589784811,0.829225352112676,0.8302145603456412,0.9612414478260898,-0.02380131570880506,1.8333606388833787,5.333116743299696
119,1,1.9478016760614183,0.5528250767125024,0.7764084507042254,0.768525600519674,0.7764084507042254,0.7691863947082295,0.9344715737060014,0.01172704776315503,1.815961605972714,5.202746960851881
119,2,1.8074144456121657,0.4518844683965047,0.801056338028169,0.7992270763946852,0.801056338028169,0.7960327382792814,0.9392256173832534,0.008457969645111585,1.7683262957466974,4.9703176551395
119,3,1.7864242196083069,0.474470096329848,0.7816901408450704,0.7757422044393875,0.7816901408450704,0.7777165537047648,0.9395420333429554,-0.012803383339510921,1.7467935813797846,4.847650236553616
119,4,1.877585722340478,0.4310131222009659,0.8045774647887324,0.8000180941052163,0.8045774647887324,0.8001643678930062,0.9486735911395728,0.01614143214952657,1.817640847629971,5.252921568022834
120,1,1.8355031344625685,0.4089173484179709,0.801056338028169,0.7960054507408824,0.801056338028169,0.7976750791729668,0.9470969001632707,0.027842811498344333,1.8235334157943726,5.164203074243334
120,2,1.7186937464608087,0.37490764756997425,0.852112676056338,0.8486224795686255,0.852112676056338,0.847869146959801,0.9602795079438211,-0.005382580429709183,1.7493934896257188,4.854194535149468
120,3,1.7185977631145053,0.40292955272727543,0.8151408450704225,0.8139568661971831,0.8151408450704225,0.8127534250467502,0.9525949716934119,0.01735937459242065,1.7152663204405043,4.7884901364644366
120,4,1.8533860776159499,0.3790622767474916,0.8169014084507042,0.813161062171537,0.8169014084507042,0.8089132840841218,0.9533330916936786,-0.004854504972866103,1.8257155550850763,5.293474793434143
121,1,1.8285588489638434,0.3937720035513242,0.8186619718309859,0.8155415096512492,0.8186619718309859,0.8159753981587172,0.9477376100218984,0.01641760880504506,1.8189755810631647,5.176394581794739
121,2,1.7424273027314081,0.3765488747093413,0.8362676056338029,0.8331060473513014,0.8362676056338029,0.8330544532014219,0.9545268139574179,0.01613715722138942,1.7681210041046143,4.929476896921794
121,3,1.7127136521869235,0.36800702661275864,0.8257042253521126,0.8281315949770366,0.8257042253521126,0.822738118129909,0.9565091193336459,-0.0032280307951317866,1.7371266682942708,4.8503623141182794
121,4,1.8711963891983032,0.4486733592218823,0.7975352112676056,0.803150931734196,0.7975352112676056,0.792863145473995,0.9491372329481687,0.026514896387922815,1.8047786619928148,5.190416720178392
122,1,1.8287309341960483,0.41298838208119076,0.8080985915492958,0.8056331404922954,0.8080985915492958,0.8004174655712524,0.9494396144520381,0.01850449884781813,1.8136927485466003,5.132130000326368
122,2,1.7057623002264235,0.3479439856277572,0.8485915492957746,0.8549344037330782,0.8485915492957746,0.8456039278565223,0.9634434101946461,0.011444102756818952,1.7590406272146437,4.874004946814643
122,3,1.705660343170166,0.3928651867641343,0.823943661971831,0.8331113280583466,0.823943661971831,0.8197683696554111,0.9515300803757514,0.036030508606797906,1.731617397732205,4.768848882781135
122,4,1.8876768350601196,0.3916115512450536,0.8169014084507042,0.8182232339268879,0.8169014084507042,0.8155078650037879,0.9518859153580842,-0.025095206471059228,1.8312477403216891,5.37849564022488
123,1,1.8526673979229398,0.406762791176637,0.8045774647887324,0.8004415376545841,0.8045774647887324,0.8014616391219291,0.9481312918157854,0.020026461943301155,1.8277492258283827,5.226444615258111
123,2,1.7470171650250752,0.33490632557206684,0.8714788732394366,0.8668281815993083,0.8714788732394366,0.8669385716649994,0.9643202988686626,-0.015709062214027902,1.7785308957099915,5.041942199071248
123,3,1.7097616990407307,0.3455674739347564,0.8274647887323944,0.8285162869325452,0.8274647887323944,0.823104878872136,0.9599928985526445,0.006193799119083021,1.7493665946854486,4.89288134045071
123,4,1.85014541943868,0.3379323159654935,0.8362676056338029,0.8382132604445669,0.8362676056338029,0.8334637799726797,0.9620759431117666,-0.014733989898030542,1.8376753661367629,5.378642506069607
124,1,1.823293149471283,0.3668709579441283,0.8186619718309859,0.8225486068585426,0.8186619718309859,0.8201110704631831,0.9568252429320829,0.006138941376432228,1.8244984149932861,5.221611407068041
124,2,1.709491166803572,0.3333044855131043,0.8503521126760564,0.847790340082576,0.8503521126760564,0.8430116657472627,0.961562189868157,0.0029066192171325334,1.7605514062775507,4.920593248473273
124,3,1.6986908117930095,0.344163678586483,0.8450704225352113,0.8472140834698916,0.8450704225352113,0.8411832037824432,0.9627163488124793,0.015605640021177702,1.7392186456256442,4.8592539230982466
124,4,1.854058305422465,0.3641061646242936,0.8221830985915493,0.8203388644647654,0.8221830985915493,0.8190814869229893,0.9561684813338743,-0.013871979195056783,1.8353772030936346,5.330613136291504
125,1,1.819079491827223,0.3835306912660599,0.8169014084507042,0.813284541164239,0.8169014084507042,0.8108979398838171,0.953759834109323,0.018544693690835667,1.8282734619246588,5.168693092134264
125,2,1.7238048447502985,0.33288392672936123,0.8556338028169014,0.851277854922965,0.8556338028169014,0.8497851286691332,0.9651074185897935,0.0022177578111611806,1.7661023007498846,4.969286759694417
125,3,1.7071550488471985,0.3781971012552579,0.8169014084507042,0.8132385899525525,0.8169014084507042,0.812893960343315,0.9567457040137917,0.022391627108001133,1.732345547940996,4.808056791623433
125,4,1.809560841984219,0.3530239769154125,0.823943661971831,0.8264545745207273,0.823943661971831,0.818774116818806,0.9572507003315672,0.0221401871106498,1.8115987049208746,5.20814671781328
126,1,1.8435043427679274,0.4039558412300216,0.7975352112676056,0.7989761679215475,0.7975352112676056,0.7966656138518354,0.9478185597456884,-0.011633362091214128,1.8295318947898016,5.202450540330675
126,2,1.737294852733612,0.3580574120084445,0.8380281690140845,0.8326118259020393,0.8380281690140845,0.8337001587920143,0.959325842457371,0.02487560882661277,1.757582618130578,4.955515397919549
126,3,1.7050319645139906,0.35523565858602524,0.8204225352112676,0.8204681777214723,0.8204225352112676,0.8170441585841882,0.9597676847639868,-0.015512449928874794,1.7368122074339125,4.854556547270881
126,4,1.8077922264734905,0.37178384843799805,0.8397887323943662,0.8359276657551777,0.8397887323943662,0.8341544061784985,0.9612574804496148,0.03794091140274869,1.806978788640764,5.15847823354933
127,1,1.8534232642915514,0.3899595911304156,0.8080985915492958,0.8119413278162382,0.8080985915492958,0.8075859000154775,0.9523775597802138,-0.004828942533408043,1.8406711883015103,5.268171575334337
127,2,1.782912598715888,0.4156860386331876,0.8133802816901409,0.8112618671683082,0.8133802816901409,0.8092185115989499,0.9493545578974254,0.005398452501943485,1.7809399233924017,4.9731077088250055
127,3,1.7775927782058716,0.4377474296424124,0.795774647887324,0.7950131205801451,0.795774647887324,0.793688797566236,0.9496624291401896,-0.0072771510419513685,1.7541022698084514,4.903898451063368
127,4,1.82880304257075,0.36433134062422645,0.823943661971831,0.8270813300148953,0.823943661971831,0.8232460637400248,0.9578463067856011,0.002042384012917453,1.8239590989218817,5.24590351846483
128,1,1.8378226823276944,0.40312488708231187,0.8045774647887324,0.8005385255805707,0.8045774647887324,0.7983597561402764,0.9496579432295256,0.017389030764051405,1.826943231953515,5.185450633366902
128,2,1.7899670600891113,0.4278409936361843,0.8080985915492958,0.8061682370012029,0.8080985915492958,0.8057844558754731,0.9493946025135496,0.014000153414884586,1.7572005920939975,4.968261003494263
128,3,1.729070458147261,0.4217980023887422,0.7940140845070423,0.7908564035642226,0.7940140845070423,0.7914500686712814,0.9485254589090715,0.024176837247636196,1.7232187920146518,4.779372665617201
128,4,1.8287616637017992,0.3699650449885262,0.8221830985915493,0.821612213933512,0.8221830985915493,0.8165213589903694,0.9568666646120974,0.0011760317450244528,1.8169308106104534,5.232620278994243
129,1,1.826005756855011,0.39360111703475315,0.8169014084507042,0.8195407298748542,0.8169014084507042,0.8162028880422715,0.9548171213110185,0.01285588723455433,1.8226545717981126,5.168283091651069
129,2,1.7893550329738193,0.4078212082386017,0.8274647887323944,0.8254263285745695,0.8274647887323944,0.8248181016169881,0.9497695642587171,0.003763902641271244,1.7737982206874423,5.012933810551961
129,3,1.7845028042793274,0.47242650969160926,0.795774647887324,0.7914205913386699,0.795774647887324,0.7865976633635722,0.9432803331608555,0.0127703100882256,1.7545452382829454,4.846013969845242
129,4,1.8397305541568332,0.39905431535508895,0.8169014084507042,0.8243201037547242,0.8169014084507042,0.8181290922163776,0.9546255331768808,0.019402088368309256,1.8019729653994243,5.201308250427246
130,1,1.8283907307518854,0.4120753150847223,0.8080985915492958,0.8033730683241015,0.8080985915492958,0.8043223935306746,0.9466219638890659,0.014627334803166692,1.812095006306966,5.133126497268677
130,2,1.7381551729308233,0.3852993862496482,0.8221830985915493,0.8198403089403038,0.8221830985915493,0.8189436352453201,0.9537585994460434,0.014470736192721212,1.7582939995659723,4.894818504651387
130,3,1.7199965980317857,0.3724607353409131,0.8151408450704225,0.8156480700210822,0.8151408450704225,0.8117400623507595,0.9559333892983352,-0.0023959983195103174,1.7474828362464905,4.864246673054165
130,4,1.8229840596516926,0.3751501250598166,0.8151408450704225,0.8143183923983098,0.8151408450704225,0.8125632548358984,0.9541982542738179,0.03300448902239517,1.8062679370244343,5.201263030370076
131,1,1.8186039924621582,0.35073841777112746,0.8397887323943662,0.8363770230897273,0.8397887323943662,0.8364413483572641,0.9593364093701175,-0.010455435827742221,1.8338377475738525,5.243623415629069
131,2,1.6986468103196886,0.32756471468342674,0.8538732394366197,0.8527409966219207,0.8538732394366197,0.8466884038835619,0.9638804325599273,0.024060916748641636,1.7563245296478271,4.897838128937615
131,3,1.7186800208356645,0.3789242001043426,0.8116197183098591,0.8104931673373574,0.8116197183098591,0.8078996922244079,0.9569679929061796,0.01585769587486474,1.738440367910597,4.844776789347331
131,4,1.8434990180863275,0.3699178530110253,0.823943661971831,0.8248496282736205,0.823943661971831,0.8221857379061838,0.9570000011387543,-0.0004572893248460108,1.8256285587946575,5.281854881180657
132,1,1.7904908392164443,0.3685104110174709,0.8397887323943662,0.838571519727811,0.8397887323943662,0.8362923590232122,0.9568756739518466,0.032661577895516825,1.809657096862793,5.108444955613878
132,2,1.7084920737478468,0.3464762791991234,0.8309859154929577,0.829432316365909,0.8309859154929577,0.8283016116560106,0.961285537877999,0.033391061589698845,1.7531224290529888,4.886528703901503
132,3,1.7169220646222432,0.38126302427715725,0.8063380281690141,0.8009992829760149,0.8063380281690141,0.8017660476017493,0.9560169479813043,0.003859757223036331,1.7411642339494493,4.833459642198351
132,4,1.8570531474219427,0.34419191628694534,0.8503521126760564,0.8488062459288267,0.8503521126760564,0.8482382589617536,0.963740685587694,-0.0065345615574976534,1.8401390645239089,5.3870624038908215
133,1,1.8187009692192078,0.3587810057732794,0.8257042253521126,0.8196795407400099,0.8257042253521126,0.8208017503042103,0.9565615106078067,0.012052481640153379,1.8291842473877802,5.22518073187934
133,2,1.737984253300561,0.36515222986539203,0.8221830985915493,0.8233536347135814,0.8221830985915493,0.8210521615504807,0.9566575402226059,0.007495501727641796,1.7606848080952961,4.941258774863349
133,3,1.7577678826120164,0.41798236386643517,0.8221830985915493,0.8211227022143657,0.8221830985915493,0.818017135752512,0.9493277143530152,-0.010371167077749321,1.7424298723538716,4.8839338355594215
133,4,1.8537293407652113,0.3894187683860461,0.8098591549295775,0.8098962986758756,0.8098591549295775,0.8069002344407471,0.9542640788454917,0.007586080748191559,1.8232798708809748,5.270453764332665
134,1,1.8294579916530185,0.3976140287187364,0.7887323943661971,0.7874646354483089,0.7887323943661971,0.7852142615996185,0.9485187043906403,0.02685304738405314,1.8280503816074796,5.17042699125078
134,2,1.762237184577518,0.3909323703911569,0.8221830985915493,0.8163719262143934,0.8221830985915493,0.8162783870240145,0.9536628638508288,0.005146257895503603,1.7596576015154521,4.961948288811578
134,3,1.6950413518481784,0.36764047625992036,0.8098591549295775,0.8129991939167223,0.8098591549295775,0.8071743693803952,0.9575462430069843,0.022935570583136666,1.7329972585042317,4.792309853765699
134,4,1.805021345615387,0.3553322230776151,0.8151408450704225,0.8090082960389825,0.8151408450704225,0.8094756886681149,0.9602547149733129,0.020966609648214174,1.7970121966467962,5.187629063924153
135,1,1.8301336566607158,0.3707177233364847,0.8415492957746479,0.8392628169698816,0.8415492957746479,0.8387465338227863,0.9586806706179662,0.004227467726327205,1.8333749771118164,5.23543726073371
135,2,1.794391651948293,0.41687862906191087,0.8257042253521126,0.8244588691221617,0.8257042253521126,0.8242114178160698,0.9560811589728075,-0.010517436490451004,1.7637742360432942,5.008588525984022
135,3,1.7544499304559495,0.4154500762621562,0.8063380281690141,0.8076186913420504,0.8063380281690141,0.8011252197041504,0.9491167920775333,-0.0031585642915645806,1.752368066045973,4.878782682948643
135,4,1.8511909643809001,0.37838580045435166,0.8169014084507042,0.8141305438131826,0.8169014084507042,0.8122356924954306,0.9571542057840566,0.01401617355777085,1.8226491808891296,5.287736256917317
136,1,1.8563887741830614,0.37093104587660897,0.8221830985915493,0.8210805825652596,0.8221830985915493,0.8209956686156719,0.9554043072744978,0.00042364656524829236,1.8468259506755405,5.322456532054478
136,2,1.741666469309065,0.35519664569033516,0.829225352112676,0.8283521899948519,0.829225352112676,0.8273162402557147,0.9583361045032559,-0.009928857747139697,1.767959111266666,4.976762493451436
136,3,1.7248265710141923,0.3736196880539258,0.8151408450704225,0.8171933599006433,0.8151408450704225,0.8136659664365079,0.9555010875651166,0.0035064637725871206,1.7439503802193537,4.877642406357659
136,4,1.8351352214813232,0.35564858218034107,0.8169014084507042,0.8137156600408179,0.8169014084507042,0.8126860510189571,0.9616475552382339,0.007987587249005612,1.8241004281573825,5.287270572450426
137,1,1.771745416853163,0.3533299532201555,0.8204225352112676,0.821845682513316,0.8204225352112676,0.8170721304316837,0.9581457175924663,0.02300220595346847,1.8078120483292475,5.081381267971462
137,2,1.7270118329260085,0.35449232161045074,0.8433098591549296,0.8402341570067491,0.8433098591549296,0.8380980087366628,0.9607678727263891,0.03432996420385259,1.766146394941542,4.92955728371938
137,3,1.791583173804813,0.450385940571626,0.8028169014084507,0.8002298876832755,0.8028169014084507,0.8001005907463743,0.9429810233712032,-0.028171853962221327,1.7557049459881253,4.921043197313945
137,4,1.8705198301209345,0.4048317223787308,0.801056338028169,0.800330013492302,0.801056338028169,0.7975287575699771,0.9524676574403966,0.01673751965845216,1.8227378527323406,5.290458467271593
138,1,1.8326288726594713,0.40771760874324375,0.8186619718309859,0.8128924849332401,0.8186619718309859,0.8146252189106725,0.9472210870281828,-0.00037397653696347177,1.817671815554301,5.157421641879612
138,2,1.7400799526108637,0.36907294806506896,0.8415492957746479,0.8382741058507132,0.8415492957746479,0.837500382152319,0.9624042206298721,0.01781353240472139,1.7598579393492804,4.939096066686842
138,3,1.7266781396336026,0.3981243669986725,0.8186619718309859,0.8175370875506827,0.8186619718309859,0.8156730387017102,0.9515972004239027,0.00794314712088684,1.7452355689472623,4.826636764738295
138,4,1.811114682091607,0.3490976004136933,0.8327464788732394,0.8328322296056739,0.8327464788732394,0.8290251918653622,0.9600143305660545,-9.029112998959476e-05,1.810007135073344,5.222487727801005
139,1,1.8265922400686476,0.40165383782651687,0.8116197183098591,0.8109798332617126,0.8116197183098591,0.8110641299085282,0.9531385120698623,0.013224118115941597,1.821353058020274,5.151448302798801
139,2,1.750683950053321,0.37749721275435555,0.8327464788732394,0.8284048712080316,0.8327464788732394,0.8280268568167668,0.9539418927646953,-0.010203322700409245,1.7701886627409193,4.954786154958937
139,3,1.7033372587627835,0.37321721762418747,0.829225352112676,0.831016272928648,0.829225352112676,0.8264690438351389,0.9577478028634732,0.02224412455791369,1.7270218133926392,4.806950542661879
139,4,1.8452967206637065,0.3546328991651535,0.8309859154929577,0.8270768520497452,0.8309859154929577,0.8267743387867897,0.9593890975098855,-0.009109975756477873,1.8221400048997667,5.323512077331543
140,1,1.8288532959090338,0.37042048904630875,0.8327464788732394,0.8346034256385771,0.8327464788732394,0.8315967815254975,0.9545609419742271,-0.0019793678150570315,1.8147885335816278,5.231863008605109
140,2,1.719181411796146,0.3425664570596483,0.8503521126760564,0.8488430583501007,0.8503521126760564,0.8468392091152062,0.963840367054022,0.009528506786821489,1.764350414276123,4.931282798449199
140,3,1.7164123323228624,0.35368643121586907,0.8116197183098591,0.8121146978525536,0.8116197183098591,0.8088842304181212,0.958368189867626,-0.009841631752509183,1.7426503366894193,4.896105951733059
140,4,1.802479498916202,0.3350963857438829,0.8591549295774648,0.8586234113250816,0.8591549295774648,0.8542327547405454,0.9637749671304969,0.014300432353992032,1.7975976003540888,5.226373195648193
141,1,1.7986634572347004,0.33562931087281966,0.8327464788732394,0.829728894761061,0.8327464788732394,0.8307940892822971,0.960919640879113,0.0027154798312301054,1.8194608953264024,5.2124095757802325
141,2,1.689016322294871,0.3171883655918969,0.846830985915493,0.8430225245864627,0.846830985915493,0.84330644959245,0.9645200022905007,0.02266902940473836,1.7621535195244684,4.889948063426548
141,3,1.6861225035455492,0.3493336546752188,0.8257042253521126,0.8248264483758432,0.8257042253521126,0.8219532812366959,0.9611672037093362,0.012617218246629092,1.732464399602678,4.8052963680691185
141,4,1.8145556251207988,0.3555653045574824,0.8380281690140845,0.8401743312429145,0.8380281690140845,0.8333003870515148,0.9595120466806372,0.015855735224088896,1.7991700636015997,5.218866202566359
142,1,1.780285828643375,0.3271557042996089,0.8309859154929577,0.8346912690731927,0.8309859154929577,0.8293557707171377,0.9611542687004704,0.022972681669684247,1.8155218097898695,5.170922597249349
142,2,1.7369910313023462,0.32543685949511,0.8433098591549296,0.8415097237625534,0.8433098591549296,0.8411220214819308,0.962951829423426,-0.006527183443204798,1.7815234661102295,5.030617263582018
142,3,1.68425429198477,0.3482777815726068,0.8362676056338029,0.8314721474295598,0.8362676056338029,0.8327376638916384,0.9621522333006458,0.006342153110911686,1.743372427092658,4.801532619529301
142,4,1.8562181393305461,0.38641175213787293,0.823943661971831,0.831740427790682,0.823943661971831,0.8189735291909325,0.9578518887312,-0.019244431813635998,1.8195565938949585,5.2857661909527245
143,1,1.855333685874939,0.4140252893169721,0.7992957746478874,0.7997856390743683,0.7992957746478874,0.7985255670838914,0.945056065295425,0.013110319481146382,1.8340383105807834,5.218386424912347
143,2,1.743615402115716,0.3695629785458247,0.8309859154929577,0.8280573501469187,0.8309859154929577,0.8289320430229102,0.9594212385943274,-0.013364616928030815,1.7688809235890706,4.949737548828125
143,3,1.7371035814285278,0.39690981225834954,0.8327464788732394,0.8384248427373001,0.8327464788732394,0.8275093375374821,0.95550910422799,0.004074747376526355,1.74210344420539,4.86422226164076
143,4,1.8305612603823345,0.3534194024072753,0.8309859154929577,0.8330872944730282,0.8309859154929577,0.8291694733432255,0.9597259408328739,0.004471329433352933,1.8175338175561693,5.2772254016664295
144,1,1.8008575240770976,0.3628505402141147,0.8204225352112676,0.8175923905310292,0.8204225352112676,0.8180466864284055,0.9542840619935684,0.043256743274375675,1.8125715454419453,5.156206872728136
144,2,1.7237049208747015,0.3479657611913151,0.8257042253521126,0.8222099584244269,0.8257042253521126,0.8230575978230341,0.9581796407833701,-0.006835138568604293,1.774881747033861,4.933762735790676
144,3,1.698109832074907,0.34703290462493896,0.8274647887323944,0.827146263469663,0.8274647887323944,0.8224816473696728,0.9619927519304969,0.021438961088825148,1.747913744714525,4.850622428788079
144,4,1.8045516080326505,0.3437938739856084,0.8397887323943662,0.8425443687767632,0.8397887323943662,0.8389916801802169,0.9622583278923555,0.011056475852114,1.8108195927408006,5.2129860983954535
145,1,1.793505781226688,0.3611153256562021,0.8221830985915493,0.8192866066211287,0.8221830985915493,0.8193169279607262,0.9566046555382304,0.019911183270210686,1.8178495168685913,5.1357499493492975
145,2,1.7666094104448955,0.39549128131734,0.829225352112676,0.8254286209345103,0.829225352112676,0.824909958760702,0.9532922939096264,0.007278037134493931,1.761542605029212,4.96588487095303
145,3,1.7177805105845134,0.38549763047032887,0.8186619718309859,0.8156615698773747,0.8186619718309859,0.8152465051152352,0.9560170746844558,-0.009243123917344276,1.7296529875861273,4.826440360811022
145,4,1.8209077450964186,0.3542618710133765,0.8309859154929577,0.8328634630951658,0.8309859154929577,0.8269417071690102,0.9622780025704315,0.026481653665804572,1.8132513562838237,5.243081225289239
146,1,1.8407365083694458,0.38599322901831734,0.8063380281690141,0.8043741934310475,0.8063380281690141,0.8042997919771216,0.9509522031075552,0.0009746287186520597,1.831474522749583,5.23513740963406
146,2,1.7347113755014207,0.3480716231796477,0.8380281690140845,0.8362981586916501,0.8380281690140845,0.8329469741607597,0.9628403709307009,0.017120199138259018,1.759662734137641,4.970203902986315
146,3,1.727067424191369,0.3619830442799462,0.8204225352112676,0.8163658958147268,0.8204225352112676,0.8162996248753364,0.9591657789036369,-0.03817832156493295,1.7574397789107428,4.912264148394267
146,4,1.8660011953777738,0.388042318324248,0.8274647887323944,0.8292676866808277,0.8274647887323944,0.8239944898174358,0.9565293612276112,0.007595025413450918,1.8301633199055989,5.314571724997626
147,1,1.8325345582432218,0.39240791234705186,0.8116197183098591,0.8088595521514962,0.8116197183098591,0.8076817367080775,0.9491786352181111,0.011386337826008286,1.8288272817929585,5.192829820844862
147,2,1.7372670438554552,0.37115930517514545,0.8380281690140845,0.8371501425910837,0.8380281690140845,0.8334145289754422,0.9591888083128852,0.02088245844287384,1.7564879920747545,4.92485151025984
147,3,1.7024123933580186,0.3787730799780952,0.8345070422535211,0.8335007006534941,0.8345070422535211,0.8312780375744778,0.9594160647006065,0.012820560235610179,1.7286406093173556,4.790903992123074
147,4,1.8363412883546617,0.3465188228421741,0.8415492957746479,0.8455344408119879,0.8415492957746479,0.8394614067555264,0.9593484329992701,0.015679319706429218,1.8286377456453111,5.312593486573961
148,1,1.8419353167215984,0.3873204117019971,0.8080985915492958,0.8063387232338619,0.8080985915492958,0.805242876394273,0.950340985026318,0.007846896517831325,1.8409756686952379,5.2360365523232355
148,2,1.7161126070552402,0.3774315069119136,0.829225352112676,0.827228541790667,0.829225352112676,0.8267903254285282,0.9541879998122378,0.041965935981361446,1.7408997880087957,4.8397016525268555
148,3,1.6955904099676344,0.3595043528411124,0.829225352112676,0.8264755068256119,0.829225352112676,0.8258370575026285,0.9601866450346246,0.0006913406137275535,1.737819492816925,4.813124431504144
148,4,1.831295457151201,0.35395869612693787,0.8309859154929577,0.8322786073933705,0.8309859154929577,0.8257567301362655,0.9587622237507403,0.007707515644135077,1.8304918209711711,5.278414408365886
149,1,1.8027363750669692,0.384764078590605,0.8133802816901409,0.8092402677991469,0.8133802816901409,0.8078851823252434,0.9527414986142801,0.01943026241910517,1.8022261261940002,5.111338231298658
149,2,1.7268530130386353,0.35313230918513405,0.8345070422535211,0.8338381323319588,0.8345070422535211,0.8328528521675972,0.9594430817451589,0.014422756743323828,1.761091755496131,4.932201186815898
149,3,1.724011202653249,0.37305521137184566,0.8186619718309859,0.8170908691183407,0.8186619718309859,0.8158145985751755,0.9540783563863771,-0.007035387891612732,1.7534564601050482,4.876241630978054
149,4,1.8081615037388272,0.3458372859491242,0.8257042253521126,0.8263198474056154,0.8257042253521126,0.8210439324793954,0.960195475423672,0.0209219120393781,1.816937698258294,5.220251109864977
150,1,1.756357769171397,0.3452806712852584,0.8362676056338029,0.8318650098553858,0.8362676056338029,0.8324998060674861,0.9593775807678419,0.021930877784343328,1.802706413798862,5.048870709207323
150,2,1.7098017732302349,0.32732122970951927,0.8573943661971831,0.8552409048887922,0.8573943661971831,0.8515145558452264,0.9641475171582501,0.01081963445647438,1.7568612098693848,4.935589459207323
150,3,1.6796977917353313,0.3271303259664112,0.8380281690140845,0.836174384013955,0.8380281690140845,0.8361813501993631,0.9635366511873649,0.010868683385509392,1.730931454234653,4.835688339339362
150,4,1.787496997250451,0.3228145101004177,0.8433098591549296,0.8515934013432176,0.8433098591549296,0.8381686707574457,0.9645529358543343,0.028943498972873183,1.8042783273590937,5.2050893439186945
