epoch,fold,total_loss,cross_entropy_loss,accuracy,precision,recall,f1_score,auc,r2_score,mae_loss,mse_loss
1,1,0.4739335427681605,1.244115604294671,0.4154929577464789,0.41225093175084254,0.4154929577464789,0.25704847491210203,0.5716232674324517,-0.046227835896510916,1.8733817007806566,5.4093436929914684
1,2,0.484896226061715,1.2444100777308147,0.4278169014084507,0.32888008395948043,0.4278169014084507,0.3327435712541143,0.5773708274325828,-0.030971894794010746,1.8197515540652804,5.217774589856465
1,3,0.48253486222691006,1.2798886431588068,0.3873239436619718,0.2854056687410833,0.3873239436619718,0.30130862970613953,0.5736781873338662,-0.012772818223224958,1.7966178523169622,5.108654631508721
1,4,0.4798026531934738,1.2544184592035081,0.43838028169014087,0.32552479143445806,0.43838028169014087,0.35795410336347316,0.5664825522245092,-0.012938105555090118,1.8738863799307082,5.530106398794386
2,1,0.472058085931672,1.2136191460821364,0.4137323943661972,0.35091496937012406,0.4137323943661972,0.2593458418286971,0.6147321379491769,-0.04261830504750441,1.8698216014438205,5.416755464341906
2,2,0.4826595170630349,1.2613130079375372,0.43309859154929575,0.3317795506224846,0.43309859154929575,0.34780445033571805,0.5639990603173743,-0.048168418494651366,1.8051839007271662,5.140899883376227
2,3,0.4740421175956726,1.2507097588645086,0.4278169014084507,0.31442286122274,0.4278169014084507,0.3479182102829953,0.5894256483384629,-0.07171333993138651,1.7819312281078763,5.024853918287489
2,4,0.4777190950181749,1.2413100732697382,0.44366197183098594,0.3325285879958418,0.44366197183098594,0.357413403816726,0.5861504385711787,-0.02381472663622186,1.8800371355480618,5.523708515697056
3,1,0.46858881248368156,1.228724221388499,0.43661971830985913,0.35269391963651087,0.43661971830985913,0.3322284284904509,0.6069549470827218,-0.06699836836669881,1.8651769624816046,5.409755415386623
3,2,0.47635990877946216,1.248441305425432,0.426056338028169,0.32678520308844944,0.426056338028169,0.3122704523919256,0.6057207457869215,-0.06097937793564756,1.8141378098063998,5.198253883255853
3,3,0.46696216861406964,1.2359563906987507,0.4225352112676056,0.3229534030752783,0.4225352112676056,0.3645241562562016,0.6127128043182333,-0.06108795360139707,1.7789323992199368,5.022521336873372
3,4,0.47340352336565655,1.2209493517875671,0.43661971830985913,0.3350832113129516,0.43661971830985913,0.3773973822653861,0.6342139537386876,-0.01768477729215867,1.8626517057418823,5.481280446052551
4,1,0.47098539604081047,1.2302080591519673,0.41901408450704225,0.33405210147078,0.41901408450704225,0.28990649192647533,0.627005381478646,-0.012436084448055107,1.8644935025109186,5.40913384490543
4,2,0.47392352753215367,1.2547856900427077,0.45598591549295775,0.35144507013219284,0.45598591549295775,0.39624793837354516,0.5865291783179302,-0.030217112771464327,1.8064968122376337,5.148190233442518
4,3,0.46429381602340275,1.2373489538828533,0.44014084507042256,0.34073921034999827,0.44014084507042256,0.38364991055131903,0.627141997267393,-0.00032421846998675896,1.778308265739017,5.042203929689196
4,4,0.4593066457245085,1.1709118617905512,0.4788732394366197,0.3666401894184583,0.4788732394366197,0.4118112743783882,0.6754605480105166,-0.008665538064675182,1.8616957863171895,5.463310930464003
5,1,0.45465948515468174,1.1933467653062608,0.4647887323943662,0.36207830233273214,0.4647887323943662,0.3798901411236722,0.6592202735960079,0.008048074219285772,1.8718868957625494,5.449067089292738
5,2,0.4610012753142251,1.1942219403054979,0.47183098591549294,0.3796065529423609,0.47183098591549294,0.4158892803374779,0.6451212423628521,-0.015457557014188383,1.8154654900232952,5.192590316136678
5,3,0.44841300944487256,1.1871759725941553,0.4647887323943662,0.3710922945077874,0.4647887323943662,0.4009284479268375,0.6589048362950253,-0.011542104744566517,1.785961303446028,5.0696002509858875
5,4,0.44498805536164177,1.1690364347563849,0.46830985915492956,0.3841777760746355,0.46830985915492956,0.4187113001421539,0.6660811472673656,0.007069999836172958,1.8702365954717,5.504147264692518
6,1,0.43186750676896835,1.1280045443110995,0.477112676056338,0.37743300493396137,0.477112676056338,0.42010530240761573,0.6911372091828554,0.027168260523833254,1.8747493359777663,5.482763237423367
6,2,0.4423891388707691,1.1670706868171692,0.46830985915492956,0.3877439786090606,0.46830985915492956,0.41732614664960094,0.6741245129643569,0.00863205666244582,1.8235101832283869,5.257368551360236
6,3,0.42628342906634015,1.1488948894871607,0.4894366197183099,0.3981997822742588,0.4894366197183099,0.42746055336942373,0.6918653065655338,0.04315516654394125,1.7937473919656541,5.098764260609944
6,4,0.43441574772198993,1.140741205877728,0.4982394366197183,0.4130466119527827,0.4982394366197183,0.4425655620168411,0.690822683389229,0.040171310674143035,1.8751500977410211,5.529005673196581
7,1,0.4104391319884194,1.0908151235845354,0.5070422535211268,0.42469239788566043,0.5070422535211268,0.453108780658568,0.7191703143818754,0.007242670092974968,1.8760577042897542,5.458582904603746
7,2,0.4350481546587414,1.216888427734375,0.477112676056338,0.3759639722392324,0.477112676056338,0.4183026900235009,0.6634636118215304,0.0002936407701945587,1.8162375688552856,5.18271725707584
7,3,0.42807692454920876,1.2105102803972032,0.4823943661971831,0.4004133628684123,0.4823943661971831,0.41554725374579987,0.6616674757663974,-0.02804860320527469,1.8018470605214436,5.145318706830342
7,4,0.43558753695752883,1.2099426984786987,0.4788732394366197,0.39452680998270323,0.4788732394366197,0.4245719113909388,0.6651781962704333,-0.0361750339017155,1.8744305306010776,5.5533378918965655
8,1,0.40951159596443176,1.123986542224884,0.5,0.42003590083,0.5,0.44416663850380733,0.6962607572043444,-0.05484450244808148,1.8835256497065227,5.4930514097213745
8,2,0.41618715557787156,1.1390561295880213,0.5140845070422535,0.42343405213278373,0.5140845070422535,0.4519121600401513,0.7057976612793095,-0.07282185652561712,1.8139955865012274,5.183003690507677
8,3,0.4137771974007289,1.2013637390401628,0.49295774647887325,0.3918383472299083,0.49295774647887325,0.4262273180977676,0.6892218866959868,-0.042620902791087545,1.7896973292032878,5.087118215031094
8,4,0.40477342406908673,1.148615923192766,0.5070422535211268,0.43350340280754224,0.5070422535211268,0.4524322670618568,0.6996923901637376,-0.028056707867917918,1.8731860783365037,5.537120487954882
9,1,0.39608363310496014,1.1375962297121684,0.5052816901408451,0.4159322650206397,0.5052816901408451,0.44772303148299086,0.6898346884232932,-0.018577074075735167,1.8765985700819228,5.470019472969903
9,2,0.4031216601530711,1.146654529703988,0.5140845070422535,0.4167798457411134,0.5140845070422535,0.45012481634440527,0.6996760985443536,-0.015929593363832817,1.8125264975759718,5.192106578085157
9,3,0.40909191800488365,1.1869655350844066,0.4964788732394366,0.4014735896418598,0.4964788732394366,0.4289118499796713,0.6761197717443475,-0.012941538843550537,1.7876145044962566,5.059173411793179
9,4,0.40513571434550816,1.1840857333607144,0.5070422535211268,0.40971434121436207,0.5070422535211268,0.4431216407408649,0.6935468234644747,-0.04005092257593024,1.8650737735960219,5.465001490381029
10,1,0.4017629904879464,1.1430352065298293,0.5140845070422535,0.41900370204740667,0.5140845070422535,0.4528746390395035,0.7117211489994038,-0.0752748898853719,1.8756241467263963,5.458540625042385
10,2,0.3964548475212521,1.1492483682102628,0.5264084507042254,0.4238116290216463,0.5264084507042254,0.4577882071890086,0.6912593943591906,-0.04350398355902518,1.8037810391849942,5.138289213180542
10,3,0.39701154496934676,1.152477006117503,0.5052816901408451,0.39529412783935103,0.5052816901408451,0.4343744499821821,0.7167340942211554,-0.07134974274326278,1.7820434040493436,5.034270326296489
10,4,0.39749644034438664,1.1368433203962114,0.5334507042253521,0.45243186115182804,0.5334507042253521,0.47351794227125316,0.7282819368211075,-0.08587734858217666,1.8846286005443997,5.582822349336412
11,1,0.39035799105962116,1.1128485467698839,0.522887323943662,0.42913020661761925,0.522887323943662,0.4621687745532946,0.7156977799258804,-0.0691351094286865,1.8684788412517972,5.399708112080892
11,2,0.39747850100199383,1.156843410597907,0.5316901408450704,0.42256349425581635,0.5316901408450704,0.46006635320000905,0.6998346125222518,-0.059710753332820055,1.8008409142494202,5.111508660846287
11,3,0.39124642809232074,1.148117247554991,0.5211267605633803,0.4147493010253691,0.5211267605633803,0.45071046400320364,0.7143070256913687,-0.06923878391352933,1.7846182452307806,5.0463894208272295
11,4,0.3943856358528137,1.1495135327180226,0.5299295774647887,0.42830122295839185,0.5299295774647887,0.4637612522888839,0.7123565497911739,-0.07271849676903708,1.8788374927308824,5.543605499797398
12,1,0.38903656436337364,1.1315382288561926,0.545774647887324,0.44642015271545593,0.545774647887324,0.48329346211736096,0.7146128229115029,-0.03483227838648495,1.8727659516864352,5.469125350316365
12,2,0.3970131576061249,1.1481523646248712,0.5387323943661971,0.44782182210920624,0.5387323943661971,0.47431579853968564,0.7105809188729691,-0.05314635781152566,1.8126179443465338,5.151890728208754
12,3,0.38331668078899384,1.1345774994956122,0.5211267605633803,0.41489288371688976,0.5211267605633803,0.4507946580582395,0.7199346653638689,-0.06660767336357565,1.7810210519366794,5.0427767568164406
12,4,0.38520634671052295,1.108927117453681,0.5352112676056338,0.4301804585274117,0.5352112676056338,0.4677357786671455,0.7191993867645675,-0.04058822080043423,1.8642976482709248,5.485975411203173
13,1,0.3788866251707077,1.1010174949963887,0.5334507042253521,0.42766117775422985,0.5334507042253521,0.4644805673135648,0.7325608340719537,-0.04779515150068692,1.8683909177780151,5.401960545116001
13,2,0.38304998311731553,1.1010216905011072,0.5475352112676056,0.43704144914532234,0.5475352112676056,0.47896454523947535,0.73727423967676,-0.10328551110823092,1.8050272862116497,5.132973750432332
13,3,0.3789549751414193,1.1482671896616619,0.5140845070422535,0.4094743004480981,0.5140845070422535,0.44455754627160426,0.7097930879281705,-0.0641353411687362,1.7752730978859796,5.010674476623535
13,4,0.3620064854621887,1.0672227177355025,0.5651408450704225,0.4654771050182641,0.5651408450704225,0.4973090074655512,0.7432478553765104,-0.07350259317008834,1.8721891442934673,5.5229198932647705
14,1,0.3798026558425691,1.1301045550240412,0.5422535211267606,0.44235446110658777,0.5422535211267606,0.47887746992627944,0.728409053849514,-0.058338487798655025,1.8648878667089674,5.395206795798408
14,2,0.36783356964588165,1.0724201566643186,0.5598591549295775,0.45545993933498197,0.5598591549295775,0.4867342381646535,0.739423449774246,-0.07266484904772685,1.8089848690562778,5.136762499809265
14,3,0.3779708362287945,1.1287238498528798,0.5475352112676056,0.41122244624439996,0.5475352112676056,0.4669798995769706,0.7238724656200008,-0.04662934788397344,1.7955181002616882,5.074525674184163
14,4,0.3607184390227,1.0511968798107572,0.5598591549295775,0.4741390821311133,0.5598591549295775,0.4965371287346771,0.7481171691913912,-0.08532050690898485,1.8835047483444214,5.57184734609392
15,1,0.37634662952688,1.125172237555186,0.545774647887324,0.4363302776432403,0.545774647887324,0.47612758609218075,0.7394801399749988,-0.05939894857802552,1.8740311463673909,5.428382688098484
15,2,0.3655962381098006,1.0625515679518382,0.573943661971831,0.4599562977846383,0.573943661971831,0.4995592162601275,0.7586985092290619,-0.06414799333777643,1.7998228006892734,5.107258876164754
15,3,0.34665463864803314,1.0321161051591237,0.5492957746478874,0.440062974772916,0.5492957746478874,0.47651960735487775,0.7679249271066644,-0.05282410859918052,1.7810825970437791,5.044431156582302
15,4,0.36988019777668846,1.095179236597485,0.551056338028169,0.4623758657852128,0.551056338028169,0.48622991348810907,0.751759874788881,-0.06261949760874375,1.870404024918874,5.492152041859097
16,1,0.363902371790674,1.0912094712257385,0.5580985915492958,0.46058370489262696,0.5580985915492958,0.4941397210481951,0.7552197798614,-0.06852261071967414,1.8703364266289606,5.441396713256836
16,2,0.3652476966381073,1.0542111264334784,0.5651408450704225,0.4622834109174823,0.5651408450704225,0.5000046251174814,0.7542754492638996,-0.060620909373869436,1.8017580111821492,5.128902607493931
16,3,0.370229325360722,1.1047379208935633,0.5422535211267606,0.4336664439447932,0.5422535211267606,0.4685180051060163,0.7376667412218318,-0.047497438921836777,1.7842374973826938,5.032274564107259
16,4,0.3816259155670802,1.0902244084411197,0.5440140845070423,0.44085640230637346,0.5440140845070423,0.47807567498749065,0.753493682182066,-0.06630839816689704,1.8709717724058363,5.540818532307942
17,1,0.35327237678898704,1.0329016248385112,0.5774647887323944,0.4762167882118109,0.5774647887323944,0.5092955824929908,0.7500512292739759,-0.033439945440529195,1.888740234904819,5.491341869036357
17,2,0.3740903635819753,1.108423673444324,0.5651408450704225,0.4460144328072926,0.5651408450704225,0.4923362428823416,0.7451274525505018,-0.046669585011377634,1.801741513941023,5.125608974032932
17,3,0.35496338042947984,1.0923085775640275,0.5563380281690141,0.437051996989914,0.5563380281690141,0.4783970507073233,0.7483466631063643,-0.03986059360547167,1.7702747186024983,4.976723763677809
17,4,0.35727878908316296,1.0736350052886539,0.5598591549295775,0.46456832525629665,0.5598591549295775,0.49040210435978604,0.7551634257418873,-0.05594194651071782,1.875130534172058,5.514985958735148
18,1,0.36335615813732147,1.083994898531172,0.5651408450704225,0.4647345582516422,0.5651408450704225,0.5038490103831842,0.7413972580821824,-0.067445027994951,1.8711163997650146,5.438336345884535
18,2,0.3543940616978539,1.061632192797131,0.5915492957746479,0.46676625246687803,0.5915492957746479,0.5138481645698812,0.7459440001658081,-0.03083473390635172,1.7982517613304987,5.106236033969456
18,3,0.35013093385431504,1.0591988066832225,0.551056338028169,0.4381401902463374,0.551056338028169,0.47393701724546095,0.7551925349743966,-0.054258836113570075,1.7829861442248027,5.014910472763909
18,4,0.35737083852291107,1.055978685617447,0.5651408450704225,0.46615828574686996,0.5651408450704225,0.4977951193540182,0.7615027276788672,-0.0946373464565895,1.8706403308444552,5.4949017895592585
19,1,0.3543502820862664,1.0579020778338115,0.5880281690140845,0.48688656675357006,0.5880281690140845,0.5183701306940744,0.7623596924494909,-0.06240206109447577,1.8776469495561388,5.457586076524523
19,2,0.3454580207665761,1.0462162163522508,0.5669014084507042,0.45222881562450723,0.5669014084507042,0.49423661200402336,0.7599260024593775,-0.046081038882413994,1.7951343324449327,5.088223973910014
19,3,0.3484074225028356,1.0819736454221938,0.5545774647887324,0.4305077948355708,0.5545774647887324,0.4791952007457486,0.7611458291915139,-0.06189905710456989,1.7787267433272467,5.01393108897739
19,4,0.3511543919642766,1.0435639652940962,0.5704225352112676,0.47772608706128983,0.5704225352112676,0.5016680235382778,0.7735675277597086,-0.05162169884773249,1.8554869956440396,5.4346622758441505
20,1,0.33658379564682644,1.0114195578628116,0.5757042253521126,0.4740507876803325,0.5757042253521126,0.510193057418966,0.7615306137741403,-0.03940787314773364,1.8682639996210735,5.384343067804973
20,2,0.3509347786506017,1.058249486817254,0.5721830985915493,0.45369514900286484,0.5721830985915493,0.500693350508122,0.7519933679759608,-0.06581616025356785,1.8105496168136597,5.151980876922607
20,3,0.3406866623295678,1.0477931333912744,0.5616197183098591,0.4444743276687354,0.5616197183098591,0.48628982456735037,0.7632189596093168,-0.08257041305175838,1.7776930067274306,5.008132841851976
20,4,0.33618926836384666,1.015157139963574,0.5862676056338029,0.4753649188862549,0.5862676056338029,0.5148599160239028,0.769075078582006,-0.04169848893036132,1.860619564851125,5.462273372544183
21,1,0.346700852115949,1.0723675390084584,0.5580985915492958,0.4466513467126863,0.5580985915492958,0.49198701438866566,0.7653263202711258,-0.05729405500745277,1.8597987691561382,5.39497619205051
21,2,0.340284305314223,1.043098701371087,0.5897887323943662,0.4740099147937697,0.5897887323943662,0.5135523485890517,0.7582046761508361,-0.06836842169726154,1.809905509154002,5.183445864253574
21,3,0.3348449766635895,1.0400671296649509,0.5598591549295775,0.4510675027334164,0.5598591549295775,0.4864076470734678,0.7714463895821808,-0.07253454214900446,1.7883336544036865,5.062280986044142
21,4,0.3545786572827233,1.0603135327498119,0.5721830985915493,0.47864108914156694,0.5721830985915493,0.5069798422387753,0.7640830779487006,-0.04701243130433341,1.8651366101370916,5.480357196595934
22,1,0.3315981907976998,1.0173111061255138,0.5862676056338029,0.4826206388345767,0.5862676056338029,0.5162235026717743,0.7739087429835645,-0.018601119204960437,1.8605554633670383,5.379067076577081
22,2,0.36078890826967025,1.1132231851418812,0.5563380281690141,0.4413384699082577,0.5563380281690141,0.48400651899083896,0.7480888117000896,-0.05745953957059191,1.7997924089431763,5.1047559181849165
22,3,0.3330593291256163,1.0198346177736919,0.5704225352112676,0.4509612040715326,0.5704225352112676,0.491532530502314,0.7743953954252175,-0.04434694530317951,1.7741866774029202,5.003150317404005
22,4,0.33812399870819515,0.9924310147762299,0.5950704225352113,0.4996069277066255,0.5950704225352113,0.5258551122628246,0.7882958323373752,-0.044119466016514064,1.860598948266771,5.469358219040765
23,1,0.33325307567914325,1.0059079461627536,0.5933098591549296,0.4811601064275023,0.5933098591549296,0.523257151822575,0.7750467547518258,-0.048995457019915145,1.8601563904020522,5.348767651451959
23,2,0.3420566933022605,1.046040932337443,0.6056338028169014,0.5055377179585651,0.6056338028169014,0.5301262190656385,0.748410854996731,-0.03769453970225789,1.795276701450348,5.082538670963711
23,3,0.33022573755847084,1.0126169059011672,0.5774647887323944,0.45648073221940344,0.5774647887323944,0.49535957334641545,0.7763202205994666,-0.05048582590393136,1.773133138815562,4.976812428898281
23,4,0.3467208693424861,1.0344778166876898,0.573943661971831,0.4675603616644768,0.573943661971831,0.5014040258146388,0.7789557860020291,-0.05360354555887259,1.862796942392985,5.479716234736973
24,1,0.32878443598747253,1.0012896822558508,0.5845070422535211,0.47885560696318163,0.5845070422535211,0.5151284032108362,0.7716331856206075,-0.022490510246890638,1.8571030232641432,5.349758452839321
24,2,0.3322548336452908,1.0379183093706768,0.5950704225352113,0.48235117818447204,0.5950704225352113,0.5188114838765213,0.7593479389140453,-0.04688153410445173,1.789607564608256,5.062318219078912
24,3,0.34220704270733726,1.0755856467617884,0.5563380281690141,0.429246649194821,0.5563380281690141,0.47657865328157634,0.7528700004013446,-0.03079330185246354,1.768394238419003,4.97328159544203
24,4,0.3429773367113537,1.0384079251024458,0.5985915492957746,0.49485563670161703,0.5985915492957746,0.5249323564385722,0.7712565742128482,-0.047523431829321616,1.8707123928599887,5.496006780200535
25,1,0.3212442472577095,0.9928381873501672,0.6109154929577465,0.4885583501006036,0.6109154929577465,0.5352462466294837,0.7794837827473656,-0.05627761421776789,1.8584779368506537,5.354250258869595
25,2,0.32850855588912964,0.9877231121063232,0.602112676056338,0.4924028029997164,0.602112676056338,0.53433292667651,0.7693065484786599,-0.03235925634969261,1.7939277357525296,5.081163035498725
25,3,0.32858969271183014,1.0186886390050252,0.5862676056338029,0.45628212735537393,0.5862676056338029,0.5048437927343068,0.7746561948679549,-0.07299653660639471,1.7775983346833124,5.020059055752224
25,4,0.33867911663320327,1.0212005542384253,0.5809859154929577,0.48283872174508996,0.5809859154929577,0.5108852104923555,0.7825297983776995,-0.04890794834528078,1.8636158506075542,5.447993967268202
26,1,0.33052099247773487,1.008048266172409,0.5862676056338029,0.4741212278110637,0.5862676056338029,0.5121234093023727,0.7862021626755159,-0.038914051183431164,1.8524419864018757,5.334262490272522
26,2,0.3413371228509479,1.043273366159863,0.5915492957746479,0.4696765452890923,0.5915492957746479,0.5137060858735697,0.7531230140656798,-0.040500975492762326,1.7936251163482666,5.086910790867275
26,3,0.33261944188012016,1.0710354546705882,0.5686619718309859,0.4562764700088644,0.5686619718309859,0.49381823299594635,0.765255837873502,-0.04160014626172792,1.7730406986342535,4.989862627453274
26,4,0.33795865294006133,1.0080740749835968,0.5897887323943662,0.48863263956005387,0.5897887323943662,0.5193846684003951,0.7824598083585284,-0.022643642922945517,1.8660160038206313,5.504924906624688
27,1,0.33112938536538017,0.9950083494186401,0.5897887323943662,0.4723624960942936,0.5897887323943662,0.5175713471959043,0.7836645164601665,-0.04367949566976681,1.859850651688046,5.36438610818651
27,2,0.3411860308713383,1.0354859398470984,0.5774647887323944,0.4678875929621064,0.5774647887323944,0.506518830282705,0.7793179408299662,-0.040004648728608316,1.7984907494650946,5.1111512713962135
27,3,0.3237524562411838,1.009572962919871,0.5827464788732394,0.4656092118204783,0.5827464788732394,0.5082607404365598,0.7855132478961419,-0.0661448498952113,1.7759538624021742,5.008196221457587
27,4,0.3368304603629642,1.0304361316892836,0.5897887323943662,0.4967219584064358,0.5897887323943662,0.5206137541563147,0.7693548802879203,-0.018302013184944288,1.8581358128123813,5.49386813905504
28,1,0.3144860474599732,0.9476503729820251,0.6091549295774648,0.5067331139896047,0.6091549295774648,0.5447110063393832,0.798113962347687,-0.022726696438670535,1.8533737526999579,5.3237051301532325
28,2,0.3410327409704526,1.0343085394965277,0.6056338028169014,0.4979722967259467,0.6056338028169014,0.5314130132828263,0.7789767092453612,-0.043485954665645865,1.7950776550504897,5.084056562847561
28,3,0.31045057541794246,0.9697681665420532,0.596830985915493,0.4695544797864518,0.596830985915493,0.5164156944537804,0.7955305968325969,-0.048567688376943474,1.7629629241095648,4.9606863260269165
28,4,0.32424676418304443,0.9804378085666232,0.596830985915493,0.503815504021868,0.596830985915493,0.5275094596789051,0.7922835331601096,-0.052639369930834734,1.8629607492023044,5.472278118133545
29,1,0.321250781416893,0.9800019429789649,0.6126760563380281,0.5000945189594914,0.6126760563380281,0.5414182208619073,0.7838834350953796,-0.040481339968454044,1.8626586265034146,5.377435962359111
29,2,0.33533402615123326,1.0383764505386353,0.6038732394366197,0.4890758746229881,0.6038732394366197,0.5267528038102942,0.7695577474121074,-0.025469596170187625,1.8050464590390523,5.136673622661167
29,3,0.3205933454963896,0.9920908676253425,0.5915492957746479,0.47325903184909623,0.5915492957746479,0.5134440990304573,0.7771353467809268,-0.05365875486324878,1.7671396732330322,4.960257781876458
29,4,0.32966680659188163,0.9725677801503075,0.6091549295774648,0.5045214070375323,0.6091549295774648,0.5350047489858079,0.789934831410552,-0.03876648114567516,1.8529683881335788,5.442691458596124
30,1,0.3313287827703688,1.0294197731547885,0.5915492957746479,0.46480043912849567,0.5915492957746479,0.5172298015215266,0.7805706148399812,-0.029083039081002182,1.856620152791341,5.374029212527805
30,2,0.31268395649062264,0.935803171661165,0.602112676056338,0.4911915402672445,0.602112676056338,0.5317042663084337,0.8017201408934411,-0.03762835022050992,1.798409965303209,5.093868056933085
30,3,0.3017041004366345,0.9470951788955264,0.5985915492957746,0.4904412441057718,0.5985915492957746,0.521775602132745,0.8076488497794682,-0.03221133359578432,1.7846480806668599,5.034347560670641
30,4,0.32425501611497665,1.0086782077948253,0.5880281690140845,0.498170474735897,0.5880281690140845,0.5213484017563222,0.7870372425053448,-0.04434725657422356,1.8584358758396573,5.443979528215197
31,1,0.33767558137575787,1.0307374629709456,0.5933098591549296,0.47443241376490675,0.5933098591549296,0.5210910937886665,0.7774853259544012,-0.03476553940622629,1.8559246791733637,5.3547050555547075
31,2,0.3260073843929503,0.9982213510407342,0.5915492957746479,0.4884229735891988,0.5915492957746479,0.5178947461371386,0.7726374566618869,-0.04071255243314109,1.8101545439826117,5.179659816953871
31,3,0.31734322177039254,0.9983727700180478,0.5827464788732394,0.45408139781734297,0.5827464788732394,0.5039444655950492,0.7884801692709207,-0.05700446210676602,1.7684286104308233,4.972142113579644
31,4,0.32285618285338086,0.9830157591236962,0.6038732394366197,0.5159436928803126,0.6038732394366197,0.5347949903064307,0.7957095043538935,-0.03997914453048157,1.8628615604506598,5.4681399663289385
32,1,0.30020565042893094,0.9087600774235196,0.6126760563380281,0.4963264252876929,0.6126760563380281,0.5385582996659599,0.8014942141222564,-0.0555304053116783,1.8636722564697266,5.394588006867303
32,2,0.3276826813817024,1.012229452530543,0.5915492957746479,0.46654414114610077,0.5915492957746479,0.5171491668481908,0.7731152891495697,-0.04896664183215016,1.7975659039285448,5.094377570682102
32,3,0.3123359771238433,0.9887202348974016,0.596830985915493,0.47303716435876175,0.596830985915493,0.5170398476933996,0.8064589891446602,-0.023365909289939424,1.7697172098689609,4.986714945899116
32,4,0.33681223955419326,1.0603283411926694,0.5704225352112676,0.4601619295071237,0.5704225352112676,0.4998507273155161,0.7793330657396076,-0.021614169093562063,1.8653561539120145,5.462667690383063
33,1,0.3100123529632886,0.9612226552433438,0.6073943661971831,0.49248241386302305,0.6073943661971831,0.5352755570969662,0.7853967051537777,-0.03805242634828776,1.8616671429740057,5.371909048822191
33,2,0.31994036005602944,0.998249414894316,0.5985915492957746,0.4795248859411613,0.5985915492957746,0.5222380184080642,0.7924404786689144,-0.049458984384654014,1.8002282049920824,5.095635374387105
33,3,0.30209411597914165,0.9505336284637451,0.5985915492957746,0.4744065389904056,0.5985915492957746,0.5203240845613292,0.8042724125957403,-0.04287026426678486,1.7789527376492817,5.00504015551673
33,4,0.3140823195377986,0.9576308760378096,0.6038732394366197,0.5089972797010689,0.6038732394366197,0.5364031260709899,0.8072715151427996,-0.056051998853327456,1.858080976539188,5.440124591191609
34,1,0.31159641842047375,0.9375780291027493,0.6056338028169014,0.4958575283704162,0.6056338028169014,0.536099932930919,0.7988787805000195,-0.044879038103293745,1.8559870322545369,5.352499842643738
34,2,0.31278078589174485,0.9559787743621402,0.6144366197183099,0.4989305539507003,0.6144366197183099,0.5387358525103981,0.7966805696274164,-0.011654861986985177,1.7944731248749628,5.100834012031555
34,3,0.301746913128429,0.9571171568499671,0.5862676056338029,0.4712903899046023,0.5862676056338029,0.5129434107971992,0.806011335668168,-0.06294030406892714,1.7871036728223164,5.0587283505333795
34,4,0.3104876395728853,0.9439764453305138,0.6161971830985915,0.5124689991802667,0.6161971830985915,0.5488094528837982,0.8168980003460597,-0.05250389192576277,1.8591659201516046,5.448444777064854
35,1,0.2938278880384233,0.9223764439423879,0.625,0.5096765769167139,0.625,0.5503959243622292,0.8006635857965241,-0.03498097021807545,1.8569611112276714,5.331545405917698
35,2,0.2963457571135627,0.906646685467826,0.6373239436619719,0.5103302989389037,0.6373239436619719,0.5593282042818346,0.8125118480449522,-0.04186865350523794,1.7950258255004883,5.102105736732483
35,3,0.2917968953649203,0.9047101140022278,0.6197183098591549,0.4844660439186441,0.6197183098591549,0.5324284169554597,0.8144760509628931,-0.043956118840916325,1.7693909804026287,4.9924945169025
35,4,0.303767161236869,0.915137079026964,0.6161971830985915,0.5155845036390605,0.6161971830985915,0.5479098492857606,0.8167392362179844,-0.028585324358337605,1.8569198118315802,5.433793147404988
36,1,0.30498317297961974,0.9387638999356164,0.6073943661971831,0.502768511241408,0.6073943661971831,0.5380774262847161,0.8080308393021622,-0.022763576922452344,1.870909955766466,5.4196602371003895
36,2,0.2962584329975976,0.905820455816057,0.6126760563380281,0.4900915492957747,0.6126760563380281,0.5354778679274553,0.8097935717127299,-0.07139069190793434,1.8072667982843187,5.132477349705166
36,3,0.2928048786189821,0.9123117791281806,0.6144366197183099,0.49281413402359925,0.6144366197183099,0.533051490601086,0.8088491940642273,-0.06606821795102147,1.7669237918323941,4.984604318936666
36,4,0.3041145404179891,0.9433536065949334,0.6302816901408451,0.5364888046226075,0.6302816901408451,0.5598265198716066,0.8081493972460169,-0.005809116859202712,1.8519192867808871,5.406914830207825
37,1,0.2839202359318733,0.8824595047367944,0.6390845070422535,0.5245441640329538,0.6390845070422535,0.562118882649043,0.8169990350435219,-0.018205146758001334,1.8554863466156855,5.333493709564209
37,2,0.30855860975053573,0.9438486960199144,0.6144366197183099,0.500052528690892,0.6144366197183099,0.5447203815755124,0.8156861373092168,-0.04019847288431233,1.7918185061878629,5.067956063482496
37,3,0.2969214816888173,0.960024184650845,0.596830985915493,0.46644368766277045,0.596830985915493,0.5125671605133008,0.8097483624349257,-0.008605868571035069,1.7736035519176059,4.993126140700446
37,4,0.2971290051937103,0.8958960407310061,0.6267605633802817,0.5363865078602217,0.6267605633802817,0.5588976439248455,0.8206330191456302,-0.02281354963015203,1.8596717185444303,5.445516917440626
38,1,0.3089907459086842,0.9659602046012878,0.6197183098591549,0.5092591261856855,0.6197183098591549,0.5480947530043996,0.8012495565913833,-0.03833637053404959,1.8569004403220282,5.336978554725647
38,2,0.3059122429953681,0.962964309586419,0.6073943661971831,0.49762137312743465,0.6073943661971831,0.5329871128973523,0.8003242026799896,-0.034914358490422126,1.7908929983774822,5.050027132034302
38,3,0.30197292897436356,0.9261623488532172,0.6091549295774648,0.4963132779864306,0.6091549295774648,0.5316962471626997,0.8187958736463361,-0.05791488752489782,1.7760333286391363,5.00880425506168
38,4,0.31840327547656166,0.9960686994923486,0.6126760563380281,0.5093463290426319,0.6126760563380281,0.539367578930969,0.7963656290349442,-0.03017201122489066,1.8485638631714716,5.38645417160458
39,1,0.3027084254556232,0.941794279548857,0.6091549295774648,0.4978397598706996,0.6091549295774648,0.5374282601454967,0.8051988193495196,-0.004885407129468611,1.8598565061887105,5.374441292550829
39,2,0.2977277826931741,0.8976899203326967,0.6232394366197183,0.5140982804266342,0.6232394366197183,0.5552768563443007,0.8092752735794662,-0.04932589306034463,1.7856367892689176,5.034175475438436
39,3,0.30693154285351437,0.9745366738902198,0.5880281690140845,0.468706993466624,0.5880281690140845,0.5055029968798539,0.7927759345795431,-0.05580559099767046,1.771076175901625,4.976137545373705
39,4,0.30133943839205635,0.9351170361042023,0.5950704225352113,0.4901463947572423,0.5950704225352113,0.5203017388034967,0.8078354813995661,-0.03587111159395939,1.854929228623708,5.448255300521851
40,1,0.2888382590479321,0.8699606524573432,0.6408450704225352,0.5219367164681966,0.6408450704225352,0.5699678885883713,0.8285028498961026,-0.03964029495165655,1.856230894724528,5.3284313678741455
40,2,0.3006933612955941,0.9303122593296899,0.6320422535211268,0.5075809208329461,0.6320422535211268,0.5526100709950761,0.8018444547193317,-0.05753639645121433,1.7863668733172946,5.04612057738834
40,3,0.27817154427369434,0.8747719062699212,0.6285211267605634,0.5081307064436081,0.6285211267605634,0.5450613452394298,0.813276220322694,-0.03271430556199606,1.7706464330355327,4.982229418224758
40,4,0.2989750877022743,0.9135655992560916,0.6197183098591549,0.5209703584961304,0.6197183098591549,0.5471896268928951,0.8170456448391332,-0.02494159122536299,1.8482460512055292,5.417330980300903
41,1,0.2929644253518846,0.9259718226061927,0.6408450704225352,0.5332908163265306,0.6408450704225352,0.5691595063040717,0.8039837913590626,-0.020490122865183036,1.8519491420851812,5.341056797239515
41,2,0.2914577399690946,0.9202252791987525,0.6232394366197183,0.5131395812115103,0.6232394366197183,0.5509429643292058,0.8171934296814894,-0.04964827515410497,1.786945641040802,5.045301569832696
41,3,0.2905420834819476,0.9159308936860826,0.625,0.724915348870718,0.625,0.5492688306194259,0.8111842076295541,-0.06856890147617256,1.767664498753018,4.962470147344801
41,4,0.2922928449180391,0.9182545575830672,0.6144366197183099,0.5130487564941959,0.6144366197183099,0.5423095057212298,0.816970330682862,-0.0410447858507057,1.8528483907381694,5.406727287504408
42,1,0.29372624225086635,0.9266032841470506,0.625,0.5248015932045683,0.625,0.5546190908169295,0.8159313101029724,-0.02351573495577619,1.8515128294626872,5.333161817656623
42,2,0.3204164115919007,1.0107323229312897,0.5950704225352113,0.48755582801226344,0.5950704225352113,0.526536931752216,0.7914115180108909,-0.025777776680937725,1.7854402330186632,5.045122159851922
42,3,0.2992195395959748,0.9610509011480544,0.602112676056338,0.600442653020834,0.602112676056338,0.5317984460841707,0.8075786414446924,-0.029386264483832525,1.7777095635732014,4.993780851364136
42,4,0.29294270277023315,0.8781553109486898,0.6179577464788732,0.5292161842711743,0.6179577464788732,0.5513678177977314,0.8300934333398577,-0.046892458321590835,1.860451704925961,5.454274641142951
43,1,0.2956634908914566,0.9003277983930376,0.6426056338028169,0.5824049922293618,0.6426056338028169,0.5751121726473839,0.8125844431107048,-0.03920539642978138,1.8575248784489102,5.365821335050795
43,2,0.2789745007952054,0.8628369503551059,0.6426056338028169,0.5243385136462552,0.6426056338028169,0.5649268591411415,0.8054126875391486,-0.04920012721778133,1.793691959646013,5.085327598783705
43,3,0.2908264382017983,0.924461281961865,0.6038732394366197,0.6965061982023607,0.6038732394366197,0.5265557994968866,0.8138626619463007,-0.05713895953636028,1.7767560018433466,5.005857335196601
43,4,0.3001240814725558,0.9508526855044894,0.6214788732394366,0.521227068520327,0.6214788732394366,0.5524330996828639,0.8244181435837528,-0.011826825966924304,1.8458338777224224,5.387555122375488
44,1,0.29348714566893047,0.917086962196562,0.6443661971830986,0.5972551219752654,0.6443661971830986,0.576789538519776,0.8258271158764147,0.005863796124092047,1.856144494480557,5.369700312614441
44,2,0.2954014473491245,0.8927425112989213,0.6267605633802817,0.5136823112934407,0.6267605633802817,0.554956339962296,0.8178657297780872,-0.0461279264171921,1.800468795829349,5.122302465968662
44,3,0.2936050560739305,0.9455934001339806,0.5897887323943662,0.4596972265692923,0.5897887323943662,0.5076129502623768,0.801971081501838,-0.02343783897846463,1.7695503698454962,4.962364104059008
44,4,0.30325017124414444,0.9555985530217489,0.6144366197183099,0.6374281883711298,0.6144366197183099,0.5462819506964552,0.8115873750239393,-0.02698366007008901,1.8526895509825811,5.418218519952562
45,1,0.2768954129682647,0.8741623096995883,0.6426056338028169,0.6398208418685712,0.6426056338028169,0.5664976811520847,0.8170916396229398,-0.030185431370716387,1.8534625106387668,5.351666887601216
45,2,0.2880122794045342,0.8700794577598572,0.6461267605633803,0.5298454541133008,0.6461267605633803,0.5721850007616903,0.8265444592473479,-0.028795911787675932,1.7879339522785611,5.070301744672987
45,3,0.2674293476674292,0.8365804056326548,0.6390845070422535,0.5195446174489391,0.6390845070422535,0.560260471277665,0.8300738870151606,-0.050276647695204346,1.7824609478314717,5.013152135743035
45,4,0.2866814434528351,0.8823026385572221,0.6302816901408451,0.5275415312387143,0.6302816901408451,0.5583929523112486,0.8190423977943588,-0.03707356445875032,1.8582293060090807,5.412922845946418
46,1,0.2681543901562691,0.8616206215487586,0.6285211267605634,0.5570374758591711,0.6285211267605634,0.5601513485740586,0.825307725854669,-0.030790757654161505,1.849488549762302,5.356608748435974
46,2,0.29373135252131355,0.9310150841871897,0.6144366197183099,0.5525354439601631,0.6144366197183099,0.5458684663683118,0.8117526121380396,-0.03598925858435109,1.7876712150043912,5.062379744317797
46,3,0.3095781331260999,0.956744960612721,0.6073943661971831,0.5727447915741612,0.6073943661971831,0.5411021768655321,0.8053152883625785,-0.028426912587874442,1.773586392402649,5.000958349969652
46,4,0.30416011975871193,0.9413464466730753,0.625,0.5162984979867513,0.625,0.5512858315940795,0.8136153349860746,-0.026900527804566643,1.8550996780395508,5.420443389150831
47,1,0.27987346218691933,0.8756590419345431,0.6426056338028169,0.6197619911188976,0.6426056338028169,0.5807651664060444,0.815029309747964,-0.012375611974000167,1.8498865564664204,5.337477988666958
47,2,0.281428274181154,0.8825962675942315,0.6214788732394366,0.566177004305777,0.6214788732394366,0.5494936904958495,0.8066922257533559,-0.03288957608734444,1.7880354523658752,5.039395623736912
47,3,0.2636798578831885,0.8152055641015371,0.6302816901408451,0.6095628229065646,0.6302816901408451,0.5563466191018135,0.835581877754369,-0.04233832001584403,1.773240281475915,4.988223897086249
47,4,0.29971539477507275,0.9688084390428331,0.6197183098591549,0.5968477238793584,0.6197183098591549,0.5525476044673839,0.8132135360588606,-0.02884894401030169,1.8558448155721028,5.421853860219319
48,1,0.2725456588798099,0.8790926072332594,0.6390845070422535,0.5825925612181,0.6390845070422535,0.5701064061743157,0.817847052725462,-0.06060332152420389,1.8562492860688105,5.333829998970032
48,2,0.2797916854421298,0.8717167559597228,0.6267605633802817,0.5884843373969306,0.6267605633802817,0.5667804272943995,0.8293767947030914,-0.028262565485971836,1.7926368514696758,5.0715746482213335
48,3,0.2720159176323149,0.8799538446797265,0.6038732394366197,0.5474645071567927,0.6038732394366197,0.5366884860111804,0.8236903296733783,-0.04187143976692331,1.7602594494819641,4.9274326297971935
48,4,0.3037065499358707,0.9499960111247169,0.602112676056338,0.552650691241026,0.602112676056338,0.5393366032643827,0.8125238456429471,-0.03107688980443446,1.8500796887609694,5.401797943645054
49,1,0.28419753826326793,0.9199400709735023,0.6355633802816901,0.5967769425361703,0.6355633802816901,0.5665488928997325,0.8046039586217122,-0.015997795393849934,1.8426833947499592,5.283276637395223
49,2,0.28768522954649395,0.8843921025594076,0.6232394366197183,0.5650559737022961,0.6232394366197183,0.5607822748390306,0.8121806115960893,-0.026096685626192384,1.7866072720951505,5.056064698431227
49,3,0.28823179917203057,0.9319875240325928,0.6109154929577465,0.588927140850047,0.6109154929577465,0.5469098316859022,0.8164301657749713,-0.042664246728422395,1.7676419483290777,4.9658950037426415
49,4,0.28722338295645183,0.8908834142817391,0.6197183098591549,0.6031616851399182,0.6197183098591549,0.5613055780090201,0.822417160038503,-0.058328161455511784,1.8685664998160467,5.454796075820923
50,1,0.26761840532223385,0.8636003997590807,0.6355633802816901,0.5928762083425192,0.6355633802816901,0.57103590037633,0.8213174098093796,-0.029432520050581168,1.8667042255401611,5.403232455253601
50,2,0.282474825779597,0.8714622457822164,0.6285211267605634,0.5506708551965387,0.6285211267605634,0.5620476438215245,0.8237623069989699,-0.03491474118115079,1.781836364004347,5.030064503351848
50,3,0.2822469588783052,0.8955182565583123,0.6179577464788732,0.5508914356019858,0.6179577464788732,0.5484983186253187,0.8267535382793838,-0.04483760457546726,1.7674289213286505,4.953136722246806
50,4,0.2785206403997209,0.864152279165056,0.6426056338028169,0.657342029314112,0.6426056338028169,0.5939369152002278,0.8221419065878603,-0.04450910797990093,1.854063868522644,5.414048870404561
51,1,0.27834909078147674,0.8855694002575345,0.6267605633802817,0.5194722007292927,0.6267605633802817,0.5583789300805285,0.8154495162608297,-0.012332854483656952,1.8610681891441345,5.367347372902764
51,2,0.2984043401148584,0.9436119298140208,0.6285211267605634,0.6083502795487279,0.6285211267605634,0.5786606568095444,0.8159744078496917,-0.04399581550552223,1.7893198529879253,5.059012134869893
51,3,0.27011022220055264,0.8769140409098731,0.6197183098591549,0.5432347041112011,0.6197183098591549,0.5451353318615428,0.8165282666779148,-0.03996506099841479,1.767992741531796,4.960728830761379
51,4,0.27344586037927204,0.8676541695992152,0.6267605633802817,0.5884656573604838,0.6267605633802817,0.5698876590711497,0.8337691900329779,-0.01994260589126129,1.8581284681955974,5.431148211161296
52,1,0.2520412943429417,0.7889510459370084,0.6672535211267606,0.6451241845957094,0.6672535211267606,0.6008495530989674,0.8320783214279425,-0.027208327098468432,1.8523317244317796,5.330135795805189
52,2,0.27116286175118554,0.8580282562308841,0.6514084507042254,0.6002124621452101,0.6514084507042254,0.5924038331107842,0.8272877019219472,-0.017941665873563162,1.797557122177548,5.129286872016059
52,3,0.27706095907423234,0.8752941687901815,0.6302816901408451,0.6045937570985424,0.6302816901408451,0.5674402364075087,0.8245521737307968,-0.0432073119995251,1.7716765469974942,5.000254220432705
52,4,0.27501942879623836,0.8580510980553098,0.6285211267605634,0.5951748410340241,0.6285211267605634,0.5746711795280022,0.8305670266745258,-0.03488721742940326,1.8539137774043613,5.402542961968316
53,1,0.28187937455044854,0.8752196878194809,0.6390845070422535,0.5891701194739195,0.6390845070422535,0.5866652498145276,0.8241653767190966,-0.03940902600984986,1.8559144271744623,5.3607725567287865
53,2,0.2792869160572688,0.8585636847549014,0.6461267605633803,0.6092907908584577,0.6461267605633803,0.5763966046617985,0.8260073621125339,-0.0456406968485239,1.795634667078654,5.078398452864753
53,3,0.2643102647529708,0.8339793086051941,0.6302816901408451,0.637005317857957,0.6302816901408451,0.5824972399550242,0.8453656434282991,-0.03344917196701647,1.7697037657101948,4.969477004475063
53,4,0.26147597117556465,0.8103204833136665,0.6390845070422535,0.6023271909659468,0.6390845070422535,0.5819962901086688,0.846896081691079,-0.04973901214864895,1.8695549037721422,5.5153094795015125
54,1,0.2727435471283065,0.8767790728145175,0.6461267605633803,0.6191629380625489,0.6461267605633803,0.5958989281134922,0.8244099873107495,-0.065168608667175,1.8614683283699884,5.351091451115078
54,2,0.29814425028032726,0.9592868255244361,0.6179577464788732,0.5707134103723762,0.6179577464788732,0.5520420574293218,0.8160448832726254,-0.04424505365247544,1.7919017871220906,5.072062055269877
54,3,0.2969232019450929,0.9574575258625878,0.6161971830985915,0.5997481632533362,0.6161971830985915,0.5664258533213403,0.8073522135580246,-0.04021013718439348,1.764681339263916,4.952880303064982
54,4,0.27573731872770524,0.8435374995072683,0.625,0.566834969629628,0.625,0.5619808169653461,0.8358410426611502,-0.030265945646517967,1.8614320622550116,5.450409041510688
55,1,0.26245076871580547,0.8388097219996982,0.6408450704225352,0.5909516478421183,0.6408450704225352,0.5820890649491979,0.8257565893144776,-0.017319496148214375,1.8626515931553311,5.40490718682607
55,2,0.2593211266729567,0.8135652939478556,0.6443661971830986,0.5972771383686555,0.6443661971830986,0.5887104346509162,0.8359494473727092,-0.049327920056218444,1.7958780460887485,5.0818015866809425
55,3,0.2793564332856072,0.8848110569847955,0.625,0.6312887523274847,0.625,0.561848420353531,0.8163538911869399,-0.025338963391317693,1.772400028175778,5.000390595859951
55,4,0.272224738366074,0.8442767196231418,0.6496478873239436,0.6341054907878645,0.6496478873239436,0.5975120645207715,0.8445918174186731,-0.036807587038586664,1.8541024128595989,5.4220806625154285
56,1,0.2703962309492959,0.8390562302536435,0.6390845070422535,0.625314378343619,0.6390845070422535,0.5879894178292518,0.8370826045286266,-0.026198623640623975,1.857878612147437,5.357633829116821
56,2,0.28178562472263974,0.9036644266711341,0.6355633802816901,0.6157072628425581,0.6355633802816901,0.5855854923033521,0.8256190394703942,-0.05173361404472332,1.7896635135014851,5.051260140207079
56,3,0.2516556407014529,0.8334305253293779,0.625,0.5763985551314241,0.625,0.564328036782255,0.8409148315164343,-0.03119740748691835,1.7661264340082805,4.960802276929219
56,4,0.2610306267937024,0.7855790158112844,0.6496478873239436,0.6267084044669465,0.6496478873239436,0.6037746008411429,0.8503785019879125,-0.047125204204019555,1.8635120391845703,5.447723521126641
57,1,0.27036909345123505,0.8551629384358724,0.6426056338028169,0.6077068935108068,0.6426056338028169,0.606550245080235,0.8354878000740896,-0.030261724222959252,1.8551205197970073,5.353006058269077
57,2,0.26050857702891034,0.8160759409268697,0.6496478873239436,0.6280088476752118,0.6496478873239436,0.5985871106724671,0.8424743674232857,-0.017485555568089506,1.7942110233836703,5.070633358425564
57,3,0.26778094636069405,0.8673204514715407,0.6302816901408451,0.6114168228941338,0.6302816901408451,0.5850791515312873,0.8289071518466208,-0.02912130278152536,1.7814085483551025,5.000059538417393
57,4,0.3022330444720056,0.9645417895581987,0.602112676056338,0.5765914177925149,0.602112676056338,0.5529377782226046,0.8122937261307852,-0.022735169846062275,1.8562922146585252,5.4260032176971436
58,1,0.2733565593759219,0.8679420252641042,0.6390845070422535,0.602330721071928,0.6390845070422535,0.5917151765427058,0.8275442468113079,-0.007381303769205205,1.8492314550611708,5.3247955110338
58,2,0.28148715529176926,0.8760183287991418,0.6549295774647887,0.6395792939454911,0.6549295774647887,0.6070270743043453,0.8311763772943984,-0.019370398170869718,1.7880085640483432,5.0697718726264105
58,3,0.27806392974323696,0.9062270389662849,0.6285211267605634,0.6105345945852703,0.6285211267605634,0.5862178782079798,0.825318721752174,-0.035613980056387495,1.773970690038469,5.002517329321967
58,4,0.26234469645553166,0.8049013415972391,0.6443661971830986,0.6203011302951369,0.6443661971830986,0.5978583018464255,0.8543637166621302,-0.022492369707181492,1.8510641985469394,5.421486430697971
59,1,0.2478015191025204,0.7726925379700131,0.653169014084507,0.6332171931318653,0.653169014084507,0.6196577766885234,0.8390750390953456,-0.03658781251314114,1.8496581713358562,5.337648630142212
59,2,0.2901864680978987,0.9182451036241319,0.6161971830985915,0.5700768603413002,0.6161971830985915,0.5526493597817885,0.8339344423975038,-0.04171061969703116,1.7869407998190985,5.0610752370622425
59,3,0.2903917125529713,0.9246491756704118,0.6073943661971831,0.5800931977199943,0.6073943661971831,0.5709711347229378,0.8157978846013376,-0.0527374137857024,1.7645192676120334,4.938748849762811
59,4,0.2591532344619433,0.83179905017217,0.6566901408450704,0.6503584745665989,0.6566901408450704,0.6090034237315611,0.8411153184914123,-0.025153547329642256,1.8510307206047907,5.411812120013767
60,1,0.2560868130789863,0.8047991130087111,0.6619718309859155,0.6318893284433627,0.6619718309859155,0.6285917839695374,0.8325879835312882,-0.03592744002110049,1.8516522645950317,5.325223445892334
60,2,0.2686046643389596,0.8595040539900461,0.6584507042253521,0.6091074190200751,0.6584507042253521,0.6063564709942815,0.8217835522876881,-0.028427953924788918,1.8012828098403082,5.087354938189189
60,3,0.278487842116091,0.9170149763425192,0.6197183098591549,0.60525822542879,0.6197183098591549,0.5699438887545673,0.8129508056103583,-0.03747308335933108,1.769244869550069,4.989760663774279
60,4,0.25286029444800484,0.8237307733959622,0.6496478873239436,0.6424515228626662,0.6496478873239436,0.6059755499320209,0.8406788329407044,-0.016497532743160903,1.8530789547496371,5.416318549050225
61,1,0.26127590404616463,0.8344354497061836,0.6514084507042254,0.6274146258160719,0.6514084507042254,0.6250379717124708,0.8363720317547032,-0.04954679456509825,1.8604937195777893,5.360946430100335
61,2,0.26078957236475414,0.8112374742825826,0.6461267605633803,0.6048277988890738,0.6461267605633803,0.5996038533429449,0.8493560961920512,-0.073240718664213,1.79789137840271,5.09728921784295
61,3,0.2971025018228425,0.9690351088841757,0.6179577464788732,0.5922979571519832,0.6179577464788732,0.5628734247590809,0.8280951608105176,-0.041866877358351706,1.7775913808080885,5.008719285329183
61,4,0.2826823881930775,0.8710628085666232,0.6320422535211268,0.6015313367220527,0.6320422535211268,0.5905717552104124,0.8368663619221838,-0.04473439942025714,1.8823583722114563,5.582289987140232
62,1,0.2665686019592815,0.8203937494092517,0.6514084507042254,0.6306971928271204,0.6514084507042254,0.6234323754014787,0.8464276510032476,-0.017718108622049478,1.8529660569296942,5.333855655458239
62,2,0.25865822119845283,0.8156867855125003,0.6584507042253521,0.6360244957398713,0.6584507042253521,0.6172632450682104,0.8414490523499684,-0.027721645883459267,1.7864471806420221,5.0584325260586205
62,3,0.24324853221575418,0.8006866706742181,0.6443661971830986,0.6259497203561373,0.6443661971830986,0.603372196168445,0.8456602310714616,-0.06738570661143495,1.765312221315172,4.970413592126635
62,4,0.26778842839929795,0.8469518456194136,0.6443661971830986,0.6104737743625205,0.6443661971830986,0.5959402165379495,0.8418533472663801,-0.017830118737161227,1.8507996135287814,5.392692526181539
63,1,0.2633864896165,0.8297343568669425,0.6566901408450704,0.6336404176408498,0.6566901408450704,0.6185041625576879,0.8392973081782586,-0.010853256308986703,1.855542818705241,5.340586105982463
63,2,0.2622291710641649,0.8231519460678101,0.6566901408450704,0.6287378010947275,0.6566901408450704,0.6118283965211349,0.8469907293121853,-0.026770946089980763,1.789439810646905,5.046382188796997
63,3,0.26379111657540005,0.8420216192801794,0.6373239436619719,0.6159364101101025,0.6373239436619719,0.5976028964706339,0.8408946671804929,-0.047082436067031885,1.7819489902920194,5.0248094002405805
63,4,0.25593889753023785,0.8097506728437212,0.6549295774647887,0.6398611527319948,0.6549295774647887,0.6167323553116494,0.8484300351497616,-0.04352962530103954,1.8540129992696974,5.4045109616385565
64,1,0.24980250580443275,0.8007406426800622,0.6566901408450704,0.6075715274387734,0.6566901408450704,0.6110885927004569,0.8357927429070131,-0.03696286274814087,1.862941821416219,5.397027571996053
64,2,0.2667436889476246,0.8122566292683283,0.6602112676056338,0.6346296157939044,0.6602112676056338,0.6192826321019765,0.8480114963251724,-0.062435008714121,1.7959413727124531,5.077524754736158
64,3,0.25259153958823943,0.8489965664015876,0.6320422535211268,0.6085519066917523,0.6320422535211268,0.5928693163558864,0.8385636531182277,-0.017722574074703346,1.757568856080373,4.922856251398723
64,4,0.23901422984070247,0.7372613880369399,0.6654929577464789,0.653454995322814,0.6654929577464789,0.6341477052380354,0.8622750836688736,-0.0071910802912869,1.865853938791487,5.489935994148254
65,1,0.2820225374566184,0.9200040234459771,0.6320422535211268,0.6156617999521086,0.6320422535211268,0.6002268336924853,0.8282187173037524,-0.04830110589230241,1.8540517687797546,5.364702423413594
65,2,0.24148344496885935,0.770565946896871,0.6566901408450704,0.6263082520857411,0.6566901408450704,0.6198792762026499,0.854872153086004,-0.04123191201765897,1.792718529701233,5.06489536497328
65,3,0.2505468312236998,0.8271292034122679,0.6390845070422535,0.616638092521392,0.6390845070422535,0.5916809587202788,0.835175152823158,-0.04111346719400477,1.7659506930245294,4.9616490205128985
65,4,0.26399720708529156,0.8099674516254001,0.6496478873239436,0.6281146897117005,0.6496478873239436,0.6188289344481649,0.849316665320111,-0.03447053268686706,1.847337179713779,5.39391921626197
66,1,0.2809324595663283,0.9053822292221917,0.6426056338028169,0.6145832544836891,0.6426056338028169,0.5974312338062929,0.8279383754770884,-0.016863673784352384,1.856625152958764,5.330633852216932
66,2,0.2559685566359096,0.8135087556309171,0.6654929577464789,0.6419366501452265,0.6654929577464789,0.633887146407859,0.8448865580465613,-0.03862567997259636,1.7894337972005208,5.052294519212511
66,3,0.25543377217319274,0.8240402374002669,0.6408450704225352,0.6309164695414398,0.6408450704225352,0.6050930575829773,0.8338253763033763,-0.02358723758068404,1.7617971036169264,4.9399970637427435
66,4,0.2560032804807027,0.8094985153939989,0.6461267605633803,0.6164499874644535,0.6461267605633803,0.611205361417549,0.853119571109973,-0.02386744937150187,1.8477163116137187,5.409284591674805
67,1,0.2387587759229872,0.7684274646970961,0.6690140845070423,0.6414823817445011,0.6690140845070423,0.6346887331219613,0.852464264528706,-0.0025494693837488924,1.8523066639900208,5.328766928778754
67,2,0.2681817271643215,0.8662135700384775,0.6461267605633803,0.6418014058686204,0.6461267605633803,0.6136744867108261,0.8373547263449429,-0.05251574492305289,1.7953431407610576,5.073867148823208
67,3,0.2797464496559567,0.922794457938936,0.6390845070422535,0.6072691723431564,0.6390845070422535,0.5978174554318921,0.814955641852561,-0.010555746111937214,1.7702590889400907,4.963424629635281
67,4,0.2513899786604775,0.770631750424703,0.6637323943661971,0.6614426644912967,0.6637323943661971,0.6335552870189084,0.8615677640556307,-0.011060639769059577,1.8510792718993292,5.403945498996311
68,1,0.26128144065539044,0.8232957124710083,0.6637323943661971,0.639289150114757,0.6637323943661971,0.6294405010181502,0.8420918517295094,-0.009607545708563814,1.8502812849150763,5.300295193990071
68,2,0.2417859435081482,0.7574635876549615,0.6584507042253521,0.6349472321902347,0.6584507042253521,0.6247579472504254,0.8568627704721157,-0.048642076385214006,1.7946183813942804,5.0775449011060925
68,3,0.25384338531229234,0.8301552865240309,0.6390845070422535,0.6267732315597839,0.6390845070422535,0.6138049562209569,0.8395975343190046,-0.049831979861764575,1.7633973624971178,4.945644564098782
68,4,0.2544034678075049,0.7985331035322614,0.6461267605633803,0.6291980517342405,0.6461267605633803,0.6018708178966226,0.8608329643721953,-0.028827916372215823,1.8549089696672227,5.405361162291633
69,1,0.2534186815222104,0.7747845351696014,0.6813380281690141,0.6722212151361189,0.6813380281690141,0.652143610532514,0.8592850428187861,-0.03056191026030497,1.8523339827855427,5.327470620473226
69,2,0.24607717742522559,0.7824728141228358,0.653169014084507,0.6341933272026201,0.653169014084507,0.6157426966291984,0.853380645240277,-0.0417552603670126,1.805614901913537,5.156527108616299
69,3,0.2511666996611489,0.8162006338437399,0.6390845070422535,0.6164503267786442,0.6390845070422535,0.6037900462525874,0.8418790661964444,-0.024616296910651814,1.7542263468106587,4.903850661383735
69,4,0.2622162716256248,0.8291008654567931,0.6514084507042254,0.6286165907644781,0.6514084507042254,0.6266457607658596,0.8430553822832596,-0.04789331933752572,1.8564543657832675,5.417527808083428
70,1,0.2565189450979233,0.8055042458905114,0.6654929577464789,0.6493581992930345,0.6654929577464789,0.629520818194505,0.8484639058448115,-0.026161077974217628,1.8512109054459467,5.339156256781684
70,2,0.26918766564793056,0.8819316062662337,0.653169014084507,0.6331878974327118,0.653169014084507,0.6205252566161645,0.833323842080323,-0.02730866688256417,1.7887351645363703,5.052484472592671
70,3,0.23676678041617075,0.7589319149653116,0.6426056338028169,0.6087737465374071,0.6426056338028169,0.6058322368313865,0.8507610814121024,-0.021557580505819685,1.7748500572310553,4.988744656244914
70,4,0.2515023921926816,0.7936950657102797,0.6654929577464789,0.6624660550716889,0.6654929577464789,0.6392632130068604,0.857944926047908,-0.026544270437631745,1.8643206159273784,5.452410048908657
71,1,0.26660004175371593,0.8531150917212168,0.6602112676056338,0.6494267831359531,0.6602112676056338,0.6275291784879679,0.8463810803804998,-0.03747994848761893,1.862879494825999,5.369868954022725
71,2,0.24512825492355558,0.7645057042439779,0.6566901408450704,0.631337749585296,0.6566901408450704,0.619830089939285,0.8559867727402797,-0.049321242009718436,1.7963366044892206,5.089650432268779
71,3,0.24659039742416805,0.8121759941180547,0.653169014084507,0.6301927034723329,0.653169014084507,0.6160072807668283,0.8453259979995946,-0.025458382610435537,1.7698078221744962,4.968540747960408
71,4,0.2571403384208679,0.823545495669047,0.6496478873239436,0.6361050466331826,0.6496478873239436,0.6209022075791144,0.8496696422182911,-0.03571599791888547,1.848325749238332,5.385717670122783
72,1,0.25412920696867836,0.7995972600248125,0.6654929577464789,0.6433213824105225,0.6654929577464789,0.6307483951009893,0.8500698544856882,-0.020223293095294803,1.854038370980157,5.3389687405692206
72,2,0.2526145817504989,0.7702734238571591,0.6637323943661971,0.6364722912202604,0.6637323943661971,0.633044616198785,0.8616210589796891,-0.01826533477751191,1.7900730503929987,5.059760438071357
72,3,0.2464454248547554,0.8050459722677866,0.6426056338028169,0.6167870299011436,0.6426056338028169,0.599033976783301,0.850348082184933,-0.022300398836363033,1.7639790309800043,4.961368004480998
72,4,0.2614422034886148,0.8314877351125082,0.6602112676056338,0.6447869592162974,0.6602112676056338,0.636943500320798,0.8476760925682711,-0.04926477292452813,1.847201645374298,5.391546024216546
73,1,0.25107144316037494,0.8218897316190932,0.676056338028169,0.6502341817093823,0.676056338028169,0.6390373801859768,0.8441983919996676,-0.03696590807921751,1.8649954795837402,5.367574493090312
73,2,0.25540406505266827,0.7905464023351669,0.6566901408450704,0.6291404156060832,0.6566901408450704,0.6283734113527495,0.8616219689304696,-0.023004661702098472,1.787437465455797,5.037349462509155
73,3,0.24348454839653438,0.7930093473858304,0.6426056338028169,0.632279770566557,0.6426056338028169,0.6063843468986592,0.8532027819510617,-0.06468514386997026,1.7748297188017104,5.020549866888258
73,4,0.2603515237569809,0.8114910771449407,0.6584507042253521,0.6341737244459075,0.6584507042253521,0.6277221635857997,0.8521120707589431,-0.017753352688175017,1.8547242416275873,5.419635441568163
74,1,0.2741977084014151,0.8567429714732699,0.647887323943662,0.6357736824958,0.647887323943662,0.624146029295606,0.8436622924857852,-0.0071134525616780575,1.8544554048114352,5.334697431988186
74,2,0.2396505077679952,0.7581393851174248,0.670774647887324,0.647826451319076,0.670774647887324,0.6360950649609086,0.8545104465647918,-0.017156179021867057,1.7851529121398926,5.037516752878825
74,3,0.2353562828567293,0.7763253367609448,0.6742957746478874,0.6420436731298451,0.6742957746478874,0.6399960303773897,0.8519295689629096,-0.030337443689266275,1.758863714006212,4.9102687040964765
74,4,0.24568014426363838,0.7873136599858602,0.6584507042253521,0.6508669995204741,0.6584507042253521,0.6366034092308323,0.8604926112624778,-0.03819451243628147,1.8545801043510437,5.420055958959791
75,1,0.24867885808149973,0.8099106070068147,0.6672535211267606,0.657324782858022,0.6672535211267606,0.6448246720256111,0.8482072780093665,-0.032905558463550255,1.8617389533254836,5.355764574474758
75,2,0.24841118603944778,0.781560050116645,0.6672535211267606,0.6384586695484107,0.6672535211267606,0.636870507358082,0.8534018936661738,-0.029975159123254436,1.7870676385031805,5.051420158810085
75,3,0.2751116214527024,0.9259907073444791,0.6637323943661971,0.6426016032089976,0.6637323943661971,0.6363633505218474,0.8329330943985345,-0.013422869324228204,1.7773824797736273,5.0096866554684105
75,4,0.2468588434987598,0.7720336351129744,0.6637323943661971,0.6502071629120442,0.6637323943661971,0.6304661758789004,0.8558992162616024,-0.032263046923952654,1.8579815758599176,5.447536071141561
76,1,0.24851369361082712,0.8096698986159431,0.676056338028169,0.6604481656806515,0.676056338028169,0.6462570653563943,0.8503413664744186,-0.010047512687219928,1.844483925236596,5.3008097012837725
76,2,0.23849829783042273,0.7661654452482859,0.653169014084507,0.6269201306507901,0.653169014084507,0.6211646047820166,0.863089794322033,-0.030803608390105763,1.7924877007802327,5.066755718655056
76,3,0.2325842065943612,0.7725624475214217,0.6690140845070423,0.6598691702650716,0.6690140845070423,0.6431165487438116,0.8482340683689867,-0.03506874061083631,1.768518375025855,4.935204227765401
76,4,0.23996916910012564,0.7448974251747131,0.6496478873239436,0.6387109010742604,0.6496478873239436,0.6213291207721344,0.8659427461035525,-0.005205815994728802,1.856146064069536,5.417202048831516
77,1,0.23007061580816904,0.7364229791694217,0.6866197183098591,0.6693656555587308,0.6866197183098591,0.6624556233295377,0.8616382395364599,-0.020179064388648582,1.8596375054783292,5.354751123322381
77,2,0.23423374278677833,0.748957539598147,0.6901408450704225,0.6789405361350416,0.6901408450704225,0.6605716105460626,0.86686004424188,-0.04457026716050727,1.7809624936845567,5.017567316691081
77,3,0.22742420186599097,0.726696425014072,0.6690140845070423,0.6555440801173685,0.6690140845070423,0.6405458854696632,0.8719588183696853,-0.028256509956107623,1.7647240493032668,4.9488858514361915
77,4,0.23843656231959662,0.7510586612754397,0.6742957746478874,0.6633294438866499,0.6742957746478874,0.6512901373990849,0.8653346741551591,-0.027007813319060325,1.8473297622468736,5.381710794236925
78,1,0.2586466678314739,0.8354432533184687,0.670774647887324,0.6523844463941704,0.670774647887324,0.6435132344855895,0.8403756896138244,-0.021546145627343583,1.8562434911727905,5.3454833957884045
78,2,0.2742878529760573,0.868315812614229,0.6496478873239436,0.6325836416897934,0.6496478873239436,0.6146648988031442,0.8405617886507226,-0.05687708571457395,1.8008855779965718,5.092678003840977
78,3,0.24339022984107336,0.8018766476048363,0.6584507042253521,0.6395074822995287,0.6584507042253521,0.6339624831842515,0.855515082912434,-0.026235403485012965,1.780040118429396,5.03095641401079
78,4,0.24125140574243334,0.768905242284139,0.6566901408450704,0.6437677011341755,0.6566901408450704,0.6351820500856666,0.852238529789896,-0.014105830554200782,1.854077438513438,5.4173082907994585
79,1,0.2487157243821356,0.7770658135414124,0.6883802816901409,0.667733550784003,0.6883802816901409,0.6617491004610866,0.8601421357198444,-0.003339166960456108,1.839366892973582,5.270664996571011
79,2,0.2642855917414029,0.8678070306777954,0.6390845070422535,0.6053647517851934,0.6390845070422535,0.6029305006417682,0.837356308354309,-0.04502862640825023,1.7966201768981085,5.080104894108242
79,3,0.2523368017541038,0.8053469260533651,0.6355633802816901,0.6179792055581386,0.6355633802816901,0.6077383119666288,0.8547724257103078,-0.030445399205298207,1.7640469537840948,4.943824489911397
79,4,0.24429895066552693,0.7929452078209983,0.6566901408450704,0.6447601980397591,0.6566901408450704,0.6305606990934194,0.8590923097019956,-0.02687112120567292,1.8532461391554937,5.432598736551073
80,1,0.25055572142203647,0.8047873146004147,0.6672535211267606,0.6435536648380958,0.6672535211267606,0.6407930082758241,0.8436136137493554,-0.042317521318759654,1.8600536849763658,5.389927373992072
80,2,0.25621075679858524,0.8323578006691403,0.6566901408450704,0.6319937634508622,0.6566901408450704,0.625495714886351,0.8364442341118618,-0.06405752338581983,1.7954665886031256,5.11368629667494
80,3,0.252235595550802,0.8506913714938693,0.6443661971830986,0.629172263285666,0.6443661971830986,0.6135764291483731,0.8333247948510366,-0.022785433874370042,1.7676114042599995,4.949078599611918
80,4,0.24292727477020687,0.7797319789727529,0.6672535211267606,0.6524229227172992,0.6672535211267606,0.6433137569775458,0.8629320135708447,-0.008111733702617308,1.8618414733144972,5.47937712404463
81,1,0.22666213827000725,0.7339800364441342,0.6778169014084507,0.6663986850489306,0.6778169014084507,0.6571961205437139,0.8594129515880642,-0.004669944708744378,1.852780818939209,5.320890651808845
81,2,0.24488207697868347,0.7658353712823656,0.6514084507042254,0.6276863810803966,0.6514084507042254,0.6236905173539876,0.8612611228432817,-0.027541792872808557,1.783028933737013,5.036733759774102
81,3,0.2518532590733634,0.835628577404552,0.6584507042253521,0.6480212994868721,0.6584507042253521,0.6377566083187916,0.8569501716092195,-0.020895662416327676,1.7589649094475641,4.913525197241041
81,4,0.2423200797703531,0.7640469902091556,0.6725352112676056,0.6635127563709393,0.6725352112676056,0.6483883342800513,0.8678257490596475,-0.026598998209163005,1.8549754685825772,5.439529207017687
82,1,0.2453099422984653,0.7954024225473404,0.6725352112676056,0.6451386189920975,0.6725352112676056,0.6437523752242895,0.8379445592700507,-0.012589358131740669,1.854333029852973,5.3263250721825495
82,2,0.24125275015830994,0.7476750612258911,0.6901408450704225,0.670801126521965,0.6901408450704225,0.6601909128293094,0.8632908812308606,-0.033433703582476104,1.8067733314302232,5.135264065530565
82,3,0.22250974509451124,0.7246949705812666,0.6778169014084507,0.6624562629313078,0.6778169014084507,0.6488657242170383,0.8651474645208785,-0.031665652058710636,1.7673092815611098,4.960232231352064
82,4,0.2540855060021083,0.784822682539622,0.6566901408450704,0.6409267326497462,0.6566901408450704,0.63311147095269,0.8656870804647339,-0.033749642085300735,1.8513132135073345,5.415045539538066
83,1,0.2383546746439404,0.7593566675980886,0.6866197183098591,0.6732992209777339,0.6866197183098591,0.6650331549200071,0.8612878396645657,-0.005034867347024852,1.8521308170424566,5.320753746562534
83,2,0.23086143947309917,0.7485012743208144,0.6901408450704225,0.6803713380328134,0.6901408450704225,0.6672087780878571,0.8618215563808814,-0.018124633030615733,1.7912378642294142,5.060851467980279
83,3,0.22933132532570097,0.7422606878810458,0.6637323943661971,0.6533770408520777,0.6637323943661971,0.6383212648605556,0.8629852613877859,-0.01696293521138803,1.7808309925927057,4.985263758235508
83,4,0.2285301461815834,0.7353083077404234,0.6637323943661971,0.6463885516263451,0.6637323943661971,0.6344312138891295,0.8695355082681182,-0.04381390510401584,1.8626664876937866,5.442603283458286
84,1,0.253706360856692,0.8009866972764333,0.653169014084507,0.6267037004636514,0.653169014084507,0.624717830041043,0.8551206360210608,0.0005596074501005299,1.8562898304727342,5.3564388619528875
84,2,0.24241465081771216,0.7784265279769897,0.6725352112676056,0.6573212326370762,0.6725352112676056,0.650633848909711,0.8653872271698748,-0.04884426614945925,1.8049823376867506,5.1011229621039496
84,3,0.24019106808635923,0.7706244389216105,0.653169014084507,0.6382184338689314,0.653169014084507,0.6291707599500912,0.8606347116746927,-0.013857780394870733,1.7780187527338664,5.008126417795817
84,4,0.23799819830391142,0.7790959692663617,0.6672535211267606,0.6446534812037577,0.6672535211267606,0.6344049181114357,0.8559947043298264,-0.01825241135273048,1.8457287218835619,5.3809494972229
85,1,0.2338651584254371,0.7435851643482844,0.6883802816901409,0.6855336564843607,0.6883802816901409,0.6674015436172103,0.8645502409402938,-0.02398058357189803,1.8565471371014912,5.354239530033535
85,2,0.23276106350951725,0.7363311681482527,0.6584507042253521,0.6365035981308417,0.6584507042253521,0.638040970741943,0.8553113919015576,-0.027662253263175396,1.7931861413849726,5.071708612971836
85,3,0.24176628473732206,0.7661738461918302,0.670774647887324,0.6512594938008708,0.670774647887324,0.6415932099434137,0.8611026473671107,-0.01664251886109347,1.7645343939463298,4.949809471766154
85,4,0.2299017392926746,0.7321471704377068,0.6813380281690141,0.674433870660158,0.6813380281690141,0.6589622830225202,0.8729108060428871,-0.028170224756953743,1.8618404534127977,5.455910629696316
86,1,0.2481018743581242,0.81574257546001,0.6672535211267606,0.6555686038820138,0.6672535211267606,0.651801125323754,0.8449900354921899,-0.042276602215134185,1.8517315189043682,5.342745357089573
86,2,0.22638110402557585,0.7165150774849786,0.6725352112676056,0.654939786005226,0.6725352112676056,0.6463516240913391,0.8716795731335762,-0.04200374680092689,1.7936559981769986,5.090961866908604
86,3,0.21566500018040338,0.7274965859121747,0.6971830985915493,0.6797978135572086,0.6971830985915493,0.6700241252013308,0.8645374784319267,-0.06255553961223925,1.7682470348146226,4.983634127510919
86,4,0.2353208851483133,0.7437096999751197,0.6866197183098591,0.6920698956635952,0.6866197183098591,0.6636887234895146,0.873864516764473,-0.025397745291031892,1.8500462969144185,5.378819333182441
87,1,0.24586458255847296,0.7997559309005737,0.6267605633802817,0.6072755526618371,0.6267605633802817,0.6093758351460264,0.8436396775215811,-0.033695275213880826,1.866989062892066,5.389953401353624
87,2,0.23366307550006443,0.7313113328483369,0.670774647887324,0.6463782333699417,0.670774647887324,0.6402125808563439,0.8718281154119851,0.00594820489564607,1.7778695027033489,4.99803419245614
87,3,0.23498492605156368,0.7711559616857104,0.6690140845070423,0.6565202932353443,0.6690140845070423,0.6363925509606415,0.8579111742529274,-0.013800261645373624,1.7611102130677965,4.924053563012017
87,4,0.2503574647837215,0.8181811273097992,0.6584507042253521,0.6467138332629484,0.6584507042253521,0.6479804823329007,0.8564608816229908,-0.04030966805157665,1.85493579838011,5.433192438549465
88,1,0.23623509208361307,0.7549133996168772,0.6742957746478874,0.6656647146189237,0.6742957746478874,0.6552905261328331,0.8663501086065408,-0.01827987114619889,1.8606772356563144,5.371043920516968
88,2,0.2345778089430597,0.7539995809396108,0.6954225352112676,0.6692068768039298,0.6954225352112676,0.6648237433899433,0.8667931733919039,-0.03931167936895674,1.7933990491761103,5.107984675301446
88,3,0.227342346476184,0.7441988984743754,0.6795774647887324,0.6572364618347208,0.6795774647887324,0.6545043164775588,0.8637271840878384,-0.00937266096968914,1.7599967055850558,4.92586444483863
88,4,0.2272125987543,0.7270155251026154,0.6936619718309859,0.6947654241482397,0.6936619718309859,0.6746855323320996,0.8728277824864845,-0.03715989944898035,1.8498203290833368,5.41342372364468
89,1,0.22907058149576187,0.7557289285792245,0.698943661971831,0.6817929112050697,0.698943661971831,0.6731767064851067,0.8557448878940159,-0.019496536452152435,1.8524348205990262,5.316054185231526
89,2,0.24452211376693514,0.7841691192653444,0.6725352112676056,0.6511190048661578,0.6725352112676056,0.6512843244903096,0.8555747144989415,-0.008821986730760845,1.787015802330441,5.054442723592122
89,3,0.2514744872848193,0.8238695296976302,0.6549295774647887,0.6507144074094269,0.6549295774647887,0.6311385719064536,0.8566027554003672,-0.013337004331473779,1.77245251999961,5.010558128356934
89,4,0.2374192683233155,0.7836691174242232,0.6637323943661971,0.6533682821527576,0.6637323943661971,0.6450032174076764,0.8570922343825564,-0.007094282253402584,1.8570245504379272,5.416643513573541
90,1,0.23604348384671742,0.76809794207414,0.6584507042253521,0.6331468290402559,0.6584507042253521,0.636363777796745,0.8540750484958822,0.011917818303299854,1.846471561325921,5.307575861612956
90,2,0.2289153668615553,0.7368290970722834,0.6901408450704225,0.6699955252920071,0.6901408450704225,0.6605499403243436,0.8695193977644944,-0.020245979851435614,1.7887511716948614,5.0486457745234175
90,3,0.22669359379344517,0.7451527416706085,0.6795774647887324,0.6708457026897255,0.6795774647887324,0.6626399013865467,0.866725502517939,-0.03589555651864407,1.75823708375295,4.911269108454387
90,4,0.23727413266897202,0.8004761272006564,0.6742957746478874,0.6694680364510018,0.6742957746478874,0.655533946599024,0.8640468772561581,-0.022097259950785375,1.8506829076343112,5.384242786301507
91,1,0.22616634021202722,0.7374123434225718,0.670774647887324,0.651624041110531,0.670774647887324,0.6514680678453458,0.8623224705316246,-0.028353386224573063,1.859028372499678,5.381544987360637
91,2,0.2273960883418719,0.7580967860089408,0.6866197183098591,0.6736661731719134,0.6866197183098591,0.6674739272649143,0.8579112933331663,-0.025238572886023825,1.7964857353104486,5.1304984887441
91,3,0.2363322609000736,0.7979198959138658,0.6584507042253521,0.6412196711208189,0.6584507042253521,0.636621874354999,0.8448916945458217,-0.021601043346847648,1.7765524983406067,5.018753290176392
91,4,0.25329114745060605,0.7955749366018507,0.653169014084507,0.6496253180314207,0.653169014084507,0.6379870001052406,0.8656309864684948,-0.009425536653851374,1.8554431200027466,5.4351833131578235
92,1,0.23034702075852287,0.761274258295695,0.6919014084507042,0.683164903407039,0.6919014084507042,0.6770653497701684,0.8593108345385498,-0.024608948862681057,1.8524842394722834,5.337541964319017
92,2,0.23841246383057701,0.7516687015692393,0.6954225352112676,0.6801441589238418,0.6954225352112676,0.6760422110460903,0.8678256600183435,-0.0338868964918817,1.7908337381150987,5.072047842873467
92,3,0.23288940058814156,0.7608793261978362,0.6883802816901409,0.6677389454382219,0.6883802816901409,0.6691362141808724,0.8644355995597321,-0.032972687631730224,1.7691657344500225,4.972837766011556
92,4,0.2279574895898501,0.7438082661893632,0.6619718309859155,0.654718466015471,0.6619718309859155,0.6432947766933766,0.8716736119846604,-0.008966747998795599,1.850542041990492,5.3976260556115045
93,1,0.2434082238210572,0.7477604680591159,0.6883802816901409,0.6725126258615403,0.6883802816901409,0.6737101329997237,0.8695769292796336,0.0016205646836484622,1.849355677763621,5.3346923854615955
93,2,0.22311019649108252,0.7313583095868429,0.6866197183098591,0.6686626332124335,0.6866197183098591,0.6694355708416184,0.8668331473833398,-0.024850636350746358,1.794492933485243,5.08702211909824
93,3,0.2232451852824953,0.7230916884210374,0.704225352112676,0.6837477867394554,0.704225352112676,0.6830147692050129,0.8726393982708432,-0.036159353091344215,1.7716584934128656,4.976744651794434
93,4,0.22169849110974205,0.7181659291187922,0.6866197183098591,0.6779523428563409,0.6866197183098591,0.6748864608476101,0.8707024641481298,-0.01913457636973548,1.8542668090926275,5.411589357588026
94,1,0.22827436361047956,0.7331382417016559,0.6883802816901409,0.6844576922899834,0.6883802816901409,0.673373517206799,0.8729412126109808,-0.01796460211776907,1.847672548558977,5.294223308563232
94,2,0.2199936103489664,0.6915804627868865,0.704225352112676,0.6873817626500782,0.704225352112676,0.6853580451769185,0.875636587067292,-0.024065424348461928,1.785774330298106,5.032362063725789
94,3,0.225834711558289,0.7508109245035384,0.6602112676056338,0.6392383759358212,0.6602112676056338,0.6381885551804444,0.8619337937906746,-0.019654551012541654,1.7569607231352065,4.918972929318746
94,4,0.2398135471675131,0.7902309464083778,0.6742957746478874,0.6689431073734444,0.6742957746478874,0.6508911641964575,0.8676749146466955,-0.046638397499836115,1.8524284892612033,5.411481791072422
95,1,0.23089659048451316,0.777979228231642,0.676056338028169,0.6520327237552159,0.676056338028169,0.6588450089696711,0.8518239920073607,-0.002748567604536012,1.8455103437105815,5.302249352137248
95,2,0.22499182985888588,0.7119031134578917,0.6936619718309859,0.6898185724516591,0.6936619718309859,0.6808218535445315,0.8893552431350777,-0.033232888180037,1.7915334966447618,5.071539574199253
95,3,0.2223083045747545,0.7295393579536014,0.6619718309859155,0.6425364536251323,0.6619718309859155,0.6470687325463957,0.8684911093754185,-0.04139526915401803,1.7625450160768297,4.938760307100084
95,4,0.2265042397711012,0.7410651279820336,0.6866197183098591,0.6885640649222706,0.6866197183098591,0.6745614931074189,0.8763160274037529,-0.006465839050584954,1.8418505191802979,5.382143881585863
96,1,0.21956226064099205,0.6976135969161987,0.7059859154929577,0.6906445100486569,0.7059859154929577,0.6930518072542391,0.8690329836168271,0.007621219050725325,1.851386739148034,5.35222421752082
96,2,0.23852508101198408,0.7697421577241685,0.6813380281690141,0.6692305537610498,0.6813380281690141,0.6604120793124557,0.869124356369284,-0.030287363706057446,1.7814877496825323,5.020943376753065
96,3,0.2289795759651396,0.7406875540812811,0.6725352112676056,0.6524627724150811,0.6725352112676056,0.6476562435884434,0.8717603760966655,-0.030821599383764164,1.7662831942240398,4.9420899285210504
96,4,0.23456883430480957,0.7350207616885504,0.6830985915492958,0.672801046563307,0.6830985915492958,0.6723246184266206,0.8698875144458434,-0.019393016193683943,1.8479223781161838,5.389811793963115
97,1,0.23520650300714704,0.7417519986629486,0.6954225352112676,0.6812640642844086,0.6954225352112676,0.6786679975495699,0.8718124572818233,-0.0062835320029215325,1.8501910765965779,5.314790447552999
97,2,0.22381595273812613,0.727614583240615,0.6778169014084507,0.6606736744610514,0.6778169014084507,0.6602984609383493,0.8676946018325503,-0.023685633139945095,1.781892995039622,5.013701253467136
97,3,0.22204073104593489,0.7132954249779383,0.6901408450704225,0.6772006361310038,0.6901408450704225,0.6662315477626353,0.873460449177005,-0.012000203976210155,1.7658093571662903,4.9527213838365345
97,4,0.2351702700058619,0.740490370326572,0.6830985915492958,0.671552276160108,0.6830985915492958,0.6644239735305942,0.878521373327731,-0.024732364626221637,1.8512758678860135,5.399819559521145
98,1,0.2265208661556244,0.7797946118646197,0.676056338028169,0.661592579761996,0.676056338028169,0.6638589232447168,0.861744069407228,-0.023210282612277977,1.8695389893319871,5.403150929345025
98,2,0.2257983518971337,0.7291402286953397,0.6813380281690141,0.6577822971602044,0.6813380281690141,0.6533109509842842,0.8684558983674378,-0.01267644037378024,1.787521435154809,5.050173375341627
98,3,0.25306003789107007,0.8517827689647675,0.6373239436619719,0.6178589177990089,0.6373239436619719,0.6192766294444806,0.849480414811544,-0.011428097868229736,1.7722518510288663,4.977474755711025
98,4,0.22017530020740297,0.7032732665538788,0.6742957746478874,0.6619398667295717,0.6742957746478874,0.6562933245214433,0.8743304929414741,-0.007875229220472901,1.8458216256565518,5.38903201950921
99,1,0.23138548185427985,0.7381076249811385,0.6919014084507042,0.6698295076922639,0.6919014084507042,0.670240940348712,0.8583170811396548,-0.00881338578959312,1.8536955912907918,5.34062495496538
99,2,0.20271785226133135,0.6443572292725245,0.7077464788732394,0.692749251287077,0.7077464788732394,0.6852165361932661,0.8851500583419254,-0.0018053392567740634,1.782061431143019,5.028909815682305
99,3,0.2222786611980862,0.7436868912643857,0.6795774647887324,0.6585265586676874,0.6795774647887324,0.6574265197473619,0.8716882144664428,-0.009788510274744144,1.76327825917138,4.96267835299174
99,4,0.21190604153606626,0.7120542311006122,0.7007042253521126,0.6967027398229949,0.7007042253521126,0.683469956969928,0.8767325925392792,-0.015454289981490454,1.842058863904741,5.373496837086147
100,1,0.23302357892195383,0.7524464593993293,0.6866197183098591,0.6662320682908037,0.6866197183098591,0.6657369430256753,0.8667111883498273,-0.026466630985644057,1.8506275746557448,5.328039632903205
100,2,0.21996435191896227,0.7235024372736613,0.6954225352112676,0.6895544414911982,0.6954225352112676,0.6826470795709736,0.8802907546725771,-0.0256756689955433,1.7852231462796528,5.044135941399468
100,3,0.2190222144126892,0.7358768648571439,0.6778169014084507,0.6648787498518236,0.6778169014084507,0.665405361036695,0.8588714105926898,-0.03483441726873515,1.76119468609492,4.952745291921827
100,4,0.21867002298434576,0.6712911162111495,0.6883802816901409,0.6789543815187264,0.6883802816901409,0.6699452084232905,0.8852175744245857,-0.02669001444259078,1.8583226667510138,5.443094253540039
101,1,0.2071105216940244,0.6719429012801912,0.6936619718309859,0.671970796047304,0.6936619718309859,0.6713946724705945,0.8778941546926307,-0.058885492473236045,1.8582573003239102,5.3585876888699
101,2,0.2024210567275683,0.6399394704235924,0.7200704225352113,0.7115724106401362,0.7200704225352113,0.7020266431400757,0.8940649929098877,-0.03025826010737931,1.7963548567559984,5.086432973543803
101,3,0.23320820679267248,0.780929308798578,0.6566901408450704,0.6415000236199491,0.6566901408450704,0.6452153185804439,0.8702394294793714,-0.023249042863133784,1.7612528403600056,4.950836949878269
101,4,0.21971162988079918,0.6952248695823882,0.6830985915492958,0.6697070130775812,0.6830985915492958,0.6677817040605428,0.879829250171022,-0.021083007913995644,1.8604923619164362,5.4530249039332075
102,1,0.21615345693296856,0.7007277243667178,0.704225352112676,0.6846196599706709,0.704225352112676,0.6812249620100786,0.8758138885517771,0.00998953284820947,1.854031953546736,5.340092327859667
102,2,0.21907628079255423,0.6961235702037811,0.6936619718309859,0.6835547913734656,0.6936619718309859,0.6837036875282928,0.8779056511012819,-0.030933295216800438,1.7988662719726562,5.100474264886644
102,3,0.2438315972685814,0.7967014279630449,0.6690140845070423,0.6534474391014358,0.6690140845070423,0.6549208150576543,0.8614054795792523,-0.010691158435504056,1.7581017480956183,4.910734282599555
102,4,0.23177798837423325,0.7612251242001852,0.6778169014084507,0.6663149599777844,0.6778169014084507,0.6549410099905479,0.870098500234733,0.008181750452512904,1.8518941269980536,5.40792989730835
103,1,0.23500505255328286,0.7628014402257072,0.6725352112676056,0.6580877196942337,0.6725352112676056,0.6587668118800725,0.8636101396421041,-0.034144574920760506,1.8592699368794758,5.364639467663235
103,2,0.213824057744609,0.6963588992754618,0.6866197183098591,0.6689795308623588,0.6866197183098591,0.6676683198739878,0.8747726821944837,-0.006123307177140491,1.7837965687115986,5.032358182801141
103,3,0.2230350308948093,0.7441467742125193,0.6830985915492958,0.6638428625452251,0.6830985915492958,0.6629976657222526,0.8688668931522324,-0.02250077395546235,1.7671519716580708,4.971531960699293
103,4,0.21734337508678436,0.6989467690388361,0.6936619718309859,0.6902534900787198,0.6936619718309859,0.6824602164528278,0.8904545484840227,0.008465800777238797,1.8486621247397528,5.40825421280331
104,1,0.21656642191939884,0.7041762702994876,0.6971830985915493,0.6788242301210823,0.6971830985915493,0.6828475853429229,0.8698099780872516,0.005213178435643062,1.849289808008406,5.314066767692566
104,2,0.20808608167701298,0.6641778465774324,0.7007042253521126,0.6816277262758922,0.7007042253521126,0.6861497969264336,0.8804843278654283,-0.03155059675687144,1.7945378224054973,5.086648914549086
104,3,0.21078534838226107,0.6956510411368476,0.6866197183098591,0.6720883534136546,0.6866197183098591,0.6669253371405349,0.8848619957516507,-0.023191009046121813,1.7599849502245586,4.9116399553087025
104,4,0.21929901507165697,0.7324339283837212,0.6795774647887324,0.6733332871702067,0.6795774647887324,0.6689525578730969,0.8711422336355855,-0.03187346913967137,1.8530030449231465,5.426417152086894
105,1,0.2254467010498047,0.7639136165380478,0.6672535211267606,0.652551194077369,0.6672535211267606,0.6513261379185366,0.8569989135675048,-0.012664237306032167,1.8564448886447482,5.348302178912693
105,2,0.202482294705179,0.6724718610445658,0.7147887323943662,0.7013805694850811,0.7147887323943662,0.7011186844561985,0.8812329434364855,-0.013880987696530456,1.7905644840664334,5.061372531784905
105,3,0.21462211426761416,0.6973945912387636,0.6848591549295775,0.6693999477376983,0.6848591549295775,0.6705669916937522,0.8745548297000094,-0.026392788166014203,1.7804962264166937,5.005205379592048
105,4,0.22028562012645933,0.7247248209185071,0.6778169014084507,0.6664583017820184,0.6778169014084507,0.6557839596243615,0.8777965847556483,-0.014694226374259989,1.8546381857660081,5.42387138472663
106,1,0.22047326382663515,0.7084650579426024,0.704225352112676,0.700915531489221,0.704225352112676,0.6922640675765661,0.8828242825838635,-0.008529994311267108,1.8469153576427035,5.316301319334242
106,2,0.2293534121579594,0.738487689031495,0.6954225352112676,0.68267224269004,0.6954225352112676,0.6800812285142273,0.8791359387351706,-0.030605917587997578,1.7951884600851271,5.0896139409806995
106,3,0.22536472562286589,0.7601287762324015,0.6795774647887324,0.6739145744029393,0.6795774647887324,0.6722491150189628,0.8640732889646483,-0.043148249008612805,1.781878391901652,5.043120675616795
106,4,0.21621781173679563,0.6819963885678185,0.7095070422535211,0.691639875986867,0.7095070422535211,0.6921878823636535,0.8928283078058288,-0.022665035804791067,1.8561876747343276,5.486796577771504
107,1,0.20659763945473564,0.6593653791480594,0.7007042253521126,0.6896292459054022,0.7007042253521126,0.6913639393796137,0.8769495484952724,-0.02234473229397471,1.851936572127872,5.3200354311201306
107,2,0.21888910151190227,0.7305036319626702,0.6919014084507042,0.6705167873365957,0.6919014084507042,0.6736498780071101,0.8573031188296443,-0.026373443185505163,1.7881502641571894,5.0589861737357245
107,3,0.22810132056474686,0.7921037260029051,0.6619718309859155,0.6451302037358947,0.6619718309859155,0.6386775656857027,0.8551578182414132,0.0006983303425353027,1.762904577785068,4.941925101810032
107,4,0.2284305344025294,0.7473188936710358,0.6654929577464789,0.6637827934785161,0.6654929577464789,0.6545659117489987,0.8682869175786465,-0.0026829690372593973,1.8569453093740675,5.431965523295933
108,1,0.20098939289649329,0.6645630167590247,0.7077464788732394,0.6984902033732445,0.7077464788732394,0.6929109981296858,0.8787245682411733,-0.019055351788840325,1.8544437024328444,5.337505208121406
108,2,0.21150295519166523,0.6878784447908401,0.6954225352112676,0.6800754019063878,0.6954225352112676,0.6826680993675616,0.8753406511204925,-0.02415810766550819,1.7838502923647563,5.040295243263245
108,3,0.22388344920343822,0.762999983297454,0.6672535211267606,0.6486176594145076,0.6672535211267606,0.6450941383498255,0.8571640721422513,-0.02702104937501959,1.7511651118596394,4.894977860980564
108,4,0.198110184735722,0.6435326801406013,0.7183098591549296,0.7027315340003825,0.7183098591549296,0.6988436429823928,0.8952121642239405,-0.011123093258133654,1.8480821251869202,5.405345797538757
109,1,0.23935805675056246,0.7960437685251236,0.6637323943661971,0.6460352432647193,0.6637323943661971,0.6501633560494203,0.8600545025906707,-0.007018819475226312,1.844507290257348,5.311889714664883
109,2,0.2163164218266805,0.6870788749721315,0.6971830985915493,0.6852453817930204,0.6971830985915493,0.6757352252005201,0.8823852548981257,-0.014766390555686959,1.7870488961537678,5.042342119746738
109,3,0.22690609097480774,0.7566028022103839,0.676056338028169,0.6587052857377342,0.676056338028169,0.6618902280176521,0.8566066353697078,-0.02027551943616146,1.7730964355998569,4.9836007886462745
109,4,0.2238080551226934,0.7323309067222807,0.6883802816901409,0.6752658241941768,0.6883802816901409,0.6730020330178861,0.8737080027832408,-0.004785936245087052,1.8475910888777838,5.397281924883525
110,1,0.2159416468607055,0.7210598952240415,0.6936619718309859,0.6780722223438755,0.6936619718309859,0.6783745564686019,0.8743579322806203,-0.028306303900014207,1.8547981447643704,5.335568414794074
110,2,0.20058196286360422,0.68052762415674,0.7095070422535211,0.6996671121640381,0.7095070422535211,0.698514672535708,0.8876709361259817,-0.03200926069157517,1.7861224744055006,5.05795223183102
110,3,0.21163332793447706,0.6965057336621814,0.676056338028169,0.6634162510770995,0.676056338028169,0.6632815857835427,0.8711835636571159,-0.04833308836546979,1.7642907036675348,4.959198435147603
110,4,0.2186212432053354,0.7031949344608519,0.6919014084507042,0.6923197228422829,0.6919014084507042,0.6867602821037748,0.8877244189298432,-0.0177971957829568,1.8553759919272528,5.421522378921509
111,1,0.22117777168750763,0.7297426693969302,0.6866197183098591,0.6792395608196518,0.6866197183098591,0.6781626424897649,0.8684899412765856,0.00349409318228755,1.8539757000075445,5.319501121838887
111,2,0.20778529925478828,0.6417187998692194,0.7183098591549296,0.7158341125997405,0.7183098591549296,0.7093100802168504,0.8951114314277051,-0.0021536711433891575,1.7977532082133822,5.091025895542568
111,3,0.2141218740079138,0.7353306180900998,0.6619718309859155,0.6489585311025658,0.6619718309859155,0.6423177041179399,0.8678881910783557,-0.019493427883959136,1.7651308642493353,4.962309665150112
111,4,0.21298563397592968,0.6945084896352556,0.6971830985915493,0.6830811627846374,0.6971830985915493,0.6859084845689204,0.8773143628756106,-0.020290218103392155,1.8434124986330669,5.373892837100559
112,1,0.21792694098419613,0.6976304203271866,0.7183098591549296,0.7217157504937837,0.7183098591549296,0.7097952853341255,0.8858984372094796,-0.01697420003122141,1.8622360759311252,5.370870537228054
112,2,0.19779651280906466,0.6068928043047587,0.7165492957746479,0.6961818871599394,0.7165492957746479,0.6995816854424559,0.900141673290981,-0.01723850769948032,1.7864351802402072,5.043988333808051
112,3,0.19052096042368147,0.6357944359381994,0.704225352112676,0.6921305030541663,0.704225352112676,0.6927139208687808,0.8919157696504677,-0.022473507929094527,1.7642374171151056,4.9516124327977495
112,4,0.2145519256591797,0.7084572563568751,0.6848591549295775,0.6816073380924819,0.6848591549295775,0.674834114614402,0.8827612473068971,-0.031362431737166796,1.8502666287951999,5.418872237205505
113,1,0.22978393567932975,0.7658978402614594,0.6813380281690141,0.6708941907680098,0.6813380281690141,0.6732468095376785,0.8679317300449894,0.010080159544409883,1.8626088500022888,5.370604064729479
113,2,0.20763207061423194,0.6798037191232046,0.6866197183098591,0.6632094444344365,0.6866197183098591,0.6692319627654122,0.8708177237162258,-0.012006134177357186,1.7870862152841356,5.050945626364814
113,3,0.20781285729673174,0.7249212149116728,0.6919014084507042,0.6783827372810618,0.6919014084507042,0.6758723689824658,0.8694935248094584,0.010756120861320051,1.7616296940379672,4.930203093422784
113,4,0.20211466319031185,0.6287781496842703,0.7341549295774648,0.7247067451935416,0.7341549295774648,0.7222824786116873,0.8930222384416044,-0.014079097860222323,1.8512889544169109,5.416368987825182
114,1,0.1980026720298661,0.6575085868438085,0.7200704225352113,0.7102045332101901,0.7200704225352113,0.7082746790731835,0.8800620366295169,-0.011637482629680118,1.8508337802357144,5.337263027826945
114,2,0.20595680094427532,0.697092150648435,0.6901408450704225,0.676558415228824,0.6901408450704225,0.675314757591178,0.8810357241640474,-0.04729906092814118,1.7862063712543912,5.036489155557421
114,3,0.22210623737838533,0.7558372467756271,0.6954225352112676,0.6769109258316787,0.6954225352112676,0.6803537580204938,0.8589128289713939,-0.009577257760146951,1.7629415922694736,4.92269680235121
114,4,0.2304934486746788,0.7463638616932763,0.6936619718309859,0.7052509600963909,0.6936619718309859,0.6859240108048442,0.867947058269595,-0.015152170883793836,1.865474972460005,5.4819084538353815
115,1,0.20959700892368952,0.6740190900034375,0.6936619718309859,0.6785139315089485,0.6936619718309859,0.6761333373450961,0.8799783944269582,-0.0028489619888560913,1.8549100293053522,5.3333626058366566
115,2,0.21533014045821297,0.7089963356653849,0.7077464788732394,0.6987730211735259,0.7077464788732394,0.6947600904388803,0.8782313427801521,-0.027681341068339638,1.7898431022961934,5.058405545022753
115,3,0.20739986995855966,0.7015681382682588,0.7077464788732394,0.7031153782236921,0.7077464788732394,0.6956693179976797,0.8779545783238629,-0.010778383063765995,1.7599764598740473,4.937034368515015
115,4,0.21400341971053016,0.6813269671466615,0.7165492957746479,0.7170698767192999,0.7165492957746479,0.7096322403497235,0.8873741265569818,-0.001627452422638509,1.8432465195655823,5.37098503112793
116,1,0.20882852209938896,0.6955893453624513,0.7235915492957746,0.714811908414377,0.7235915492957746,0.7099330903762814,0.8768363036030355,0.01417932798841759,1.8438470164934795,5.2895516819424095
116,2,0.21386726862854427,0.68365188770824,0.7147887323943662,0.7149388374585355,0.7147887323943662,0.7106958629238999,0.886134072241856,-0.019881999546205176,1.7851305339071486,5.062138266033596
116,3,0.19997430427206886,0.6772821231020821,0.6954225352112676,0.6867204550147101,0.6954225352112676,0.6731472915310642,0.8837414480964736,-0.006740364479287164,1.7701697084638808,4.97583085960812
116,4,0.2080419576830334,0.6870240436659919,0.698943661971831,0.6864791198169409,0.698943661971831,0.6885260883484119,0.8880123233434516,-0.019535135598240938,1.8491489754782782,5.39787581231859
117,1,0.2207672107550833,0.7212471879190869,0.670774647887324,0.6615180942876003,0.670774647887324,0.6626083030072707,0.8709944699135896,-0.010762448249288292,1.854817423555586,5.347048083941142
117,2,0.19469100650813845,0.6479252775510153,0.7130281690140845,0.6994579988295804,0.7130281690140845,0.6911780612066579,0.8966745842013861,-0.03439802212657184,1.7794652647442288,5.019835803243849
117,3,0.20592262016402352,0.6880762974421183,0.676056338028169,0.6613031554636353,0.676056338028169,0.6622450911877336,0.8789001431135973,-0.03773061725569993,1.7606571118036907,4.9274718628989325
117,4,0.21552012777990764,0.7152849170896742,0.6901408450704225,0.6880749433631365,0.6901408450704225,0.6847091628890395,0.885799437700768,-0.008872161339819717,1.8471453785896301,5.39189170466529
118,1,0.21519235687123406,0.7004150963491864,0.7147887323943662,0.7046298963569276,0.7147887323943662,0.7042808040676043,0.8793101731547098,-0.014486097899497175,1.8477484517627292,5.3142918480767145
118,2,0.2087946848736869,0.6797534508837594,0.676056338028169,0.6591404450812174,0.676056338028169,0.6594574489770477,0.8880392245192477,-0.0077554923926062,1.7770332362916734,5.000579754511516
118,3,0.2351012925306956,0.7803214954005347,0.6813380281690141,0.6755445258966386,0.6813380281690141,0.668337780489194,0.870837984135434,0.019845501273157207,1.7568157315254211,4.9094078540802
118,4,0.2301228940486908,0.7430945932865143,0.6971830985915493,0.684661684694173,0.6971830985915493,0.6810810849451102,0.8771672569857609,0.009943409552620852,1.8428464465671115,5.366710888014899
119,1,0.2056736225883166,0.6887719846434064,0.704225352112676,0.6997170252391985,0.704225352112676,0.6945509400256241,0.8801115830426065,-0.026186667370379446,1.8503544794188604,5.324534866544935
119,2,0.20306175036562812,0.6180235710408952,0.7130281690140845,0.7045498448704984,0.7130281690140845,0.7070724694959928,0.8979626671370035,-0.0358462517849607,1.7862447765138414,5.053390185038249
119,3,0.21071678565608132,0.7218983918428421,0.6813380281690141,0.6758465859969556,0.6813380281690141,0.6695376598813916,0.8672126934432339,-0.015171499365554064,1.7675463093651667,4.9781091345681086
119,4,0.21880260399646229,0.7191572884718577,0.6813380281690141,0.6654000978014796,0.6813380281690141,0.6676708552350965,0.8756208015695706,-0.006532833378399161,1.8597733577092488,5.440792732768589
120,1,0.2127857862247361,0.6984951496124268,0.7288732394366197,0.7169634696790688,0.7288732394366197,0.7079596429937821,0.8759739024968471,0.018966313693614456,1.8404059145185683,5.284482094976637
120,2,0.2080815475847986,0.6663331985473633,0.7130281690140845,0.7039353704454163,0.7130281690140845,0.7022813492115194,0.8865386807115218,-0.016408772618359935,1.786698665883806,5.058314270443386
120,3,0.2097986282573806,0.7199146880043877,0.6954225352112676,0.6770394878851653,0.6954225352112676,0.6786573658541979,0.8725084934225203,-0.02310824437485115,1.7621857126553853,4.97357632054223
120,4,0.2033214180005921,0.665557238790724,0.6936619718309859,0.695386897850321,0.6936619718309859,0.68224823268275,0.8830631638872712,0.007279461975512769,1.849144458770752,5.3895978927612305
121,1,0.20610863053136402,0.6610793504450057,0.6883802816901409,0.6676026060646436,0.6883802816901409,0.6760166634163511,0.8820369877024026,0.0017195757329065975,1.844450420803494,5.306535429424709
121,2,0.2085745649205314,0.6780536025762558,0.7059859154929577,0.6918259303690105,0.7059859154929577,0.6944414217418986,0.8903488669097677,-0.020959234650462566,1.7831018964449565,5.026230971018474
121,3,0.22113161037365595,0.7658671769830916,0.6496478873239436,0.63293028270339,0.6496478873239436,0.6370515735209943,0.8558246973015446,-0.00648630485876267,1.779130068090227,4.997066259384155
121,4,0.2042725375956959,0.6624329156345792,0.7095070422535211,0.701467980593515,0.7095070422535211,0.6935481396480612,0.8908985740566008,-0.028683729674424008,1.8556352390183344,5.421970725059509
122,1,0.1979258673058616,0.6456558638148837,0.7024647887323944,0.6898698117093852,0.7024647887323944,0.6853709155927658,0.8908523847163639,0.0018528945909217498,1.8483579887284174,5.323879175715977
122,2,0.19104604257477653,0.638754634393586,0.7095070422535211,0.7002202797462742,0.7095070422535211,0.7025443708570697,0.8929755150575858,-0.016914744650433633,1.7849242157406278,5.037695434358385
122,3,0.2064609701434771,0.7145987815327115,0.6654929577464789,0.6540760514282279,0.6654929577464789,0.6561997659414183,0.8757240057881733,-0.00018509561136093033,1.7696046431859334,4.962319400575426
122,4,0.2256186149186558,0.7335123916467031,0.6901408450704225,0.6764774224543478,0.6901408450704225,0.6673410553324383,0.8838811924294034,-0.02322983496338571,1.851326048374176,5.420067932870653
123,1,0.20970673279629815,0.6773712270789676,0.7130281690140845,0.7100515614188135,0.7130281690140845,0.7038399794553051,0.890481777931436,-0.023258710839262342,1.8550629946920607,5.341597557067871
123,2,0.20410129179557165,0.6759100672271516,0.7077464788732394,0.690219119883621,0.7077464788732394,0.6942833387588563,0.884156445342432,-0.020556676593888934,1.7850401401519775,5.0416685740153
123,3,0.18845702956120172,0.6435152275694741,0.7147887323943662,0.6998908652652088,0.7147887323943662,0.6988260656555637,0.8838801830656828,-0.002048536483129082,1.7576247188780043,4.926391270425585
123,4,0.19673781014151043,0.6264875183502833,0.7130281690140845,0.7085306007853684,0.7130281690140845,0.7039086539361649,0.8958935292843606,-0.011482282878824579,1.8522749874326918,5.404711696836683
124,1,0.21128876672850716,0.7103954023785062,0.698943661971831,0.6874443486314715,0.698943661971831,0.6836323511944994,0.8757490832429105,-0.004973343775966033,1.846037122938368,5.309297243754069
124,2,0.21043859836128023,0.6794350263145235,0.6883802816901409,0.6791822562424177,0.6883802816901409,0.6786258674719895,0.8872468002539113,-0.02854285470638107,1.7797665662235684,5.008276806937324
124,3,0.20331199136045244,0.7130271527502272,0.6866197183098591,0.6781025687574389,0.6866197183098591,0.6765332574044794,0.8748866971070546,0.006854912036366678,1.7622704439693027,4.925590223736233
124,4,0.21220232049624124,0.6953220218420029,0.6813380281690141,0.6753292407310212,0.6813380281690141,0.6733904343294349,0.8825248230117012,-0.02460081771399958,1.8545278443230524,5.404754426744249
125,1,0.2262396795882119,0.7429980850882001,0.6830985915492958,0.6797319411051281,0.6830985915492958,0.6733275991828835,0.8713134191378836,-0.0009702274417087153,1.8420899907747905,5.2829340431425305
125,2,0.2003939085536533,0.6364819920725293,0.7059859154929577,0.6860378526958677,0.7059859154929577,0.6851114819562087,0.8960459906067411,-0.029377732595207817,1.7933717833624945,5.068879842758179
125,3,0.21052323198980755,0.7115277383062575,0.6602112676056338,0.6456651296280161,0.6602112676056338,0.6498124222834345,0.8668556451149688,-0.016345702548222096,1.7645675142606099,4.926576164033678
125,4,0.2199931964278221,0.743018690082762,0.7024647887323944,0.68737325828133,0.7024647887323944,0.6868682881701247,0.8767466483565288,-0.0031156417093975985,1.8504155609342787,5.414712720447117
126,1,0.21455822885036469,0.7078694171375699,0.7112676056338029,0.7034231613999306,0.7112676056338029,0.7048033406156756,0.8762505945623668,0.006061089535119524,1.8498780793613858,5.340389953719245
126,2,0.19967031768626636,0.6504179918103747,0.7183098591549296,0.7101143160717426,0.7183098591549296,0.7078215233289161,0.8919418166662515,-0.006841626110516863,1.7991667191187541,5.114579916000366
126,3,0.2122890700896581,0.7219688279761208,0.6795774647887324,0.6720420066059398,0.6795774647887324,0.6677999209405002,0.8732916643672082,-0.042310089313735366,1.7705153690444098,4.992811878522237
126,4,0.20002644095155928,0.6544438203175863,0.7183098591549296,0.7162561182699031,0.7183098591549296,0.7107423278932709,0.8900576761707015,-0.010470343823801409,1.849413341946072,5.394168721304999
127,1,0.20453614079289967,0.6804581880569458,0.6919014084507042,0.6743354428441024,0.6919014084507042,0.6802262927479815,0.8806007514923235,-0.016373332563656362,1.8429417345258925,5.291592147615221
127,2,0.20080432958073086,0.6804065224197176,0.7130281690140845,0.7117748155600269,0.7130281690140845,0.7074044943645865,0.8838709940668912,-0.017825120839420006,1.7863255076938205,5.038609398735894
127,3,0.20001013866729206,0.6853086981508467,0.6901408450704225,0.6766557570202972,0.6901408450704225,0.6767066180864824,0.879409709046402,-0.025630976830281593,1.7621817125214472,4.938633097542657
127,4,0.19703923579719332,0.6360606501499811,0.7147887323943662,0.7116872167038568,0.7147887323943662,0.7094236233315652,0.8953591289546095,-0.027032975612979238,1.8520889745818243,5.393007410897149
128,1,0.19446932524442673,0.645061946577496,0.704225352112676,0.6968459158445024,0.704225352112676,0.6882004034007969,0.8883752871380927,-0.002755758659228391,1.8391785025596619,5.2714062266879615
128,2,0.17959843368993866,0.5945572621292539,0.7077464788732394,0.7068650914795477,0.7077464788732394,0.7052714495574406,0.9004492631979752,-0.0245385157642104,1.7841855221324496,5.025745073954265
128,3,0.2038858433564504,0.6806643654902776,0.7007042253521126,0.6958474438419867,0.7007042253521126,0.690665924356141,0.8875336342770842,-0.01416679133290799,1.7755501866340637,4.967985934681362
128,4,0.18806182344754538,0.6070463127560086,0.704225352112676,0.696711353918391,0.704225352112676,0.6924179540565385,0.8957746380068881,-0.025349342739121372,1.8613792194260492,5.485974815156725
129,1,0.2046775221824646,0.6668444441424476,0.7024647887323944,0.6979877428372266,0.7024647887323944,0.6983876491724157,0.8887492344966093,-0.007342783939705555,1.8441015813085768,5.292264024416606
129,2,0.20304950740602282,0.66291234559483,0.7235915492957746,0.7190069687907672,0.7235915492957746,0.7165215517942927,0.891905283457443,-0.021272229288480604,1.7770499520831637,4.9988449811935425
129,3,0.20023642480373383,0.6700060996744368,0.7059859154929577,0.6956664153335397,0.7059859154929577,0.6928447572399982,0.883196251923279,-0.009509560006409012,1.757022692097558,4.914332217640347
129,4,0.20157723873853683,0.6676813695165846,0.6971830985915493,0.6993372684364205,0.6971830985915493,0.6877907095045409,0.8924185513697639,-0.025117649409569287,1.8455545571115282,5.3631225029627485
130,1,0.19537550542089674,0.6515491240554385,0.7077464788732394,0.6953655250498527,0.7077464788732394,0.698051214599295,0.8853116033397371,-0.004889252128702282,1.8579571975602045,5.330021103223165
130,2,0.1941105317738321,0.6589833729796939,0.7007042253521126,0.6806542379275653,0.7007042253521126,0.6855849020985119,0.8914265482121464,0.010732529616837128,1.7908651365174189,5.046282688776652
130,3,0.20217731926176283,0.6917983955807157,0.6954225352112676,0.6879459609464172,0.6954225352112676,0.6896215093758545,0.882186844501377,-0.02807400779255853,1.7566461563110352,4.930370966593425
130,4,0.20397651029957664,0.6639540973636839,0.7095070422535211,0.6991033978784953,0.7095070422535211,0.6985802998772227,0.8950128038633338,0.0037995278784098696,1.8490430580245123,5.389213654730055
131,1,0.21656624807251823,0.7202333278126187,0.704225352112676,0.692595541252529,0.704225352112676,0.6857983655733217,0.8818616666937453,0.024406040536715468,1.8523646460639105,5.330391433503893
131,2,0.2012854797972573,0.6975396772225698,0.704225352112676,0.6982906341874926,0.704225352112676,0.6995271378275182,0.8710401825772609,-0.013809437706729932,1.7874101665284898,5.044253812895881
131,3,0.2082418691780832,0.7202411045630773,0.6901408450704225,0.6774857812387225,0.6901408450704225,0.6773754892017643,0.8804335189764358,-0.015859907477515867,1.752435975604587,4.887463940514459
131,4,0.20423009577724668,0.6510031835900413,0.727112676056338,0.717551936310226,0.727112676056338,0.7141865872351103,0.89685946493706,-0.02302131839429422,1.842310157087114,5.373738103442722
132,1,0.20756839464108148,0.674694428841273,0.7059859154929577,0.7018003804008868,0.7059859154929577,0.699446788985025,0.8781782767072615,-0.014410168450986305,1.8566969831784566,5.356526599989997
132,2,0.21488291604651344,0.7449023326237997,0.6795774647887324,0.6644632967790332,0.6795774647887324,0.6639869882684181,0.8813871395615924,0.001017150105857234,1.7810027201970418,5.029637972513835
132,3,0.1910119131207466,0.6518358257081773,0.7007042253521126,0.6935987036418753,0.7007042253521126,0.6932632831426594,0.8827553107153393,-0.01942375879332614,1.7650465899043613,4.948783702320522
132,4,0.21777454184161293,0.7173273927635617,0.6901408450704225,0.6773023594068301,0.6901408450704225,0.6751759084488651,0.8781247345540939,-0.02031288993091418,1.842248022556305,5.361809757020739
133,1,0.19996432463328043,0.650342239273919,0.7112676056338029,0.7004001887793514,0.7112676056338029,0.7007385173786376,0.8926258537213849,0.02026023856919601,1.8440333869722154,5.2916635274887085
133,2,0.19063990894291136,0.6160318851470947,0.7130281690140845,0.6932041024926517,0.7130281690140845,0.6975475466662774,0.8935028315882156,-0.021790514809420403,1.7887013951937358,5.0427289671368065
133,3,0.19798716985517079,0.6468167785141203,0.7007042253521126,0.6831225830313014,0.7007042253521126,0.6859947616644424,0.8845519564911739,-0.01183758299836235,1.7566564016871982,4.9169018268585205
133,4,0.18935862928628922,0.6276340203152763,0.7024647887323944,0.7000518639229153,0.7024647887323944,0.6934158672096131,0.9015549791621071,-0.0026783618625334515,1.845143735408783,5.383761670854357
134,1,0.19821684807538986,0.6663383146127065,0.7165492957746479,0.7073004185874423,0.7165492957746479,0.7063752921853524,0.8859285516754211,0.0026496716869645054,1.8426704539193048,5.322887831264072
134,2,0.18890800327062607,0.6082406143347422,0.7235915492957746,0.7136171676523788,0.7235915492957746,0.7152265841122869,0.8860140821532319,-0.0016357821245560622,1.7893375423219469,5.07128992345598
134,3,0.19996025496058994,0.6560994883378347,0.7200704225352113,0.7063095823283971,0.7200704225352113,0.7107026703608715,0.8956726615336489,-0.00464981791381236,1.758388082186381,4.929261657926771
134,4,0.1959506811367141,0.6544286525911756,0.698943661971831,0.6912012943042872,0.698943661971831,0.6865448976429508,0.8915423090874397,-0.022019480873140207,1.8445375495486789,5.371419403288099
135,1,0.209342240045468,0.7186133497291141,0.704225352112676,0.6932126929663646,0.704225352112676,0.6947812259997769,0.8729067845919113,0.004076788300840906,1.8529768255021837,5.350649979379442
135,2,0.18670163055260977,0.6106059153874716,0.7288732394366197,0.7299783697007849,0.7288732394366197,0.725686493286438,0.8990574849483518,-0.0025198443742271426,1.7858197689056396,5.041225910186768
135,3,0.20118959248065948,0.681075405743387,0.7007042253521126,0.6838082751211981,0.7007042253521126,0.6858813548168057,0.8824046929899237,-0.046679156577869474,1.7721618480152554,5.002278897497389
135,4,0.2085475619468424,0.6940433118078444,0.6848591549295775,0.6866862845026818,0.6848591549295775,0.6803300977779086,0.884858786110732,-0.017807646319772275,1.8482276995976765,5.38680977291531
136,1,0.1935050669643614,0.6125698056485918,0.727112676056338,0.7112346499403016,0.727112676056338,0.7072790434136978,0.893847754308367,0.0021707582687212623,1.8485613531536527,5.307099594010247
136,2,0.19798631055487526,0.6395027604367998,0.7130281690140845,0.7047898768225942,0.7130281690140845,0.7060340415048358,0.8915972134723249,-0.023657586933923946,1.7894506520695157,5.04460793071323
136,3,0.2031717391477691,0.6925889187388949,0.6901408450704225,0.6696142021870974,0.6901408450704225,0.6735692137458383,0.8768128027350891,-0.011624331053561532,1.7539716826544867,4.910980290836758
136,4,0.20952297209037674,0.7062652673986223,0.7059859154929577,0.7093654008374441,0.7059859154929577,0.7005896409678052,0.8850675315768995,0.002783456853208355,1.8506024612320795,5.434764199786716
137,1,0.19910447175304094,0.6489729003773795,0.7095070422535211,0.7075068650421295,0.7095070422535211,0.7039902782631378,0.8905915373959467,0.013085109326334221,1.8591834372944303,5.333844410048591
137,2,0.19811802688572142,0.6223504311508603,0.7323943661971831,0.7397666255870647,0.7323943661971831,0.722004680011812,0.9096861014112411,-0.029642671748994376,1.782741626103719,5.028378950224982
137,3,0.19182966152826944,0.6702857663234075,0.698943661971831,0.6942737292485894,0.698943661971831,0.6876808212134427,0.8765530125316963,-0.02511752318927485,1.7570761905776129,4.924168017175463
137,4,0.18937173237403235,0.6303326040506363,0.7059859154929577,0.6975290007587943,0.7059859154929577,0.6969628851725914,0.8927549173110463,0.008889094901501027,1.8463187019030254,5.386291980743408
138,1,0.20522956591513422,0.6827751795450846,0.6919014084507042,0.6834926620813486,0.6919014084507042,0.6822793543020496,0.8846904517077825,-0.0028861018755224066,1.8534056411849127,5.341412570741442
138,2,0.19575905137591892,0.6579919159412384,0.7112676056338029,0.7060423943528628,0.7112676056338029,0.7050008832401969,0.8896656325011552,-0.022120951067211125,1.7923338611920674,5.064793507258098
138,3,0.20832186937332153,0.7256132827864753,0.6654929577464789,0.6531225878899004,0.6654929577464789,0.6516194257984205,0.8749381844588795,-0.005734289390217695,1.7608216007550557,4.934200167655945
138,4,0.19478119081921047,0.640072312619951,0.7112676056338029,0.7002215514194504,0.7112676056338029,0.7008098399628974,0.8962891268283949,-0.019026508534603748,1.845051560137007,5.389509174558851
139,1,0.1985126030113962,0.6435194296969308,0.7165492957746479,0.7166115118737977,0.7165492957746479,0.7056534465138619,0.8873993926279385,-0.021445307505835398,1.8479692074987624,5.303719851705763
139,2,0.1909204696615537,0.6342361387279298,0.7253521126760564,0.7123363337727174,0.7253521126760564,0.716793700106367,0.886998572463965,-0.0195296812369945,1.7883247865570917,5.042089753680759
139,3,0.19773394780026543,0.6762822700871362,0.7165492957746479,0.7074918120181144,0.7165492957746479,0.7064940931857162,0.8803450490200351,-0.003021071132555564,1.760523584153917,4.9340298838085594
139,4,0.2078734396232499,0.669266982211007,0.7200704225352113,0.7176680959374951,0.7200704225352113,0.7109117385787705,0.8877700483369994,0.008999031028817273,1.8514218396610684,5.442922486199273
140,1,0.1880698659353786,0.6505815949704912,0.7112676056338029,0.7005312063782202,0.7112676056338029,0.701896934669703,0.8835753346560195,-0.010740185048938589,1.853978455066681,5.349378652042812
140,2,0.2008212904135386,0.6613089525037341,0.7253521126760564,0.7166799353398601,0.7253521126760564,0.7168165421923042,0.8874256226901719,0.005941840795230302,1.7783924010064867,5.012508326106602
140,3,0.19454829643170038,0.6567338655392329,0.7288732394366197,0.7187726472583658,0.7288732394366197,0.7167828146001092,0.888703029749059,-0.015641749132302207,1.76806554529402,4.970318608813816
140,4,0.2096257723040051,0.6880625436703364,0.7077464788732394,0.6977634316963413,0.7077464788732394,0.6982359614802347,0.885737755795293,-0.021800519708040644,1.8638827734523349,5.460821919971043
141,1,0.19624908102883232,0.6396659678883023,0.7183098591549296,0.715107073257153,0.7183098591549296,0.7120407630971011,0.8916255671295277,-0.009925728875990858,1.8565879927741156,5.368345869912042
141,2,0.17709852920638192,0.5568090909057193,0.7482394366197183,0.7479023881707791,0.7482394366197183,0.7387636935847138,0.9096966799451092,-0.019549180603679384,1.7836389938990276,5.01983364423116
141,3,0.1834492857257525,0.6218554741806455,0.7112676056338029,0.7032161286972765,0.7112676056338029,0.7023239381883918,0.8952202721999292,-0.025186313266975624,1.7570948998133342,4.924870411554973
141,4,0.2132411069340176,0.6848111831479602,0.7095070422535211,0.7118043995813716,0.7095070422535211,0.7064373677275548,0.895694344316843,-0.0007742918845377034,1.8433661262194316,5.381072375509474
142,1,0.20246475976374415,0.6860640744368235,0.6883802816901409,0.6692709408372597,0.6883802816901409,0.6734136194427086,0.8771212859961076,-0.01247632055104364,1.8643381860521104,5.40419786506229
142,2,0.20570486204491722,0.689203346769015,0.704225352112676,0.6931278269698569,0.704225352112676,0.6945281636978144,0.8819388516172795,-0.03847853094572096,1.7877630326482985,5.054296824667189
142,3,0.18953130973709953,0.6418285949362649,0.7112676056338029,0.6946337074865608,0.7112676056338029,0.7003344086913181,0.8819068294151392,0.0008436114419400065,1.7649016976356506,4.958733810318841
142,4,0.20329306109084022,0.6667356838782629,0.6971830985915493,0.6825004352483547,0.6971830985915493,0.6828365119259117,0.886460882395156,0.01774892515143245,1.845809645122952,5.3795061111450195
143,1,0.20770467652214897,0.7014058464103274,0.7165492957746479,0.7124954214257274,0.7165492957746479,0.7120623165345211,0.8812003159361259,-0.010723683132410011,1.8609360390239291,5.349826335906982
143,2,0.19736438658502367,0.6761249038908217,0.7165492957746479,0.7067388410753644,0.7165492957746479,0.7094927852844995,0.8804932339287727,-0.0012799196055595097,1.7852725320392184,5.0244928863313465
143,3,0.1998487181133694,0.674542067779435,0.7077464788732394,0.6965271692628697,0.7077464788732394,0.698428467760231,0.8871373641536922,0.004204170844735788,1.7563450535138447,4.9086940553453235
143,4,0.18027929382191765,0.5786448336309857,0.7323943661971831,0.7288055259919985,0.7323943661971831,0.7259099848169767,0.9071445875396777,-0.02470287893052192,1.860753920343187,5.456848131285773
144,1,0.19589759409427643,0.6248615036408106,0.7376760563380281,0.7368987656729455,0.7376760563380281,0.7310096087781484,0.8978486750008078,-0.013106119676780104,1.848894629213545,5.322520772616069
144,2,0.20776762647761238,0.6999253332614899,0.7200704225352113,0.7079923558444685,0.7200704225352113,0.7082765299001529,0.8849462484442976,-0.014846924806578787,1.7782042225201924,5.023608578575982
144,3,0.18079469684097502,0.6092230793502595,0.7253521126760564,0.7117332485143729,0.7253521126760564,0.7150475643805608,0.9011537588529875,0.006773238926642167,1.7693867815865412,4.958448741171095
144,4,0.19991838600900438,0.6537691205739975,0.7306338028169014,0.7294559229339552,0.7306338028169014,0.7242911239109469,0.9028140039861675,0.010594348432228506,1.8411327335569594,5.344450314839681
145,1,0.19219450818167794,0.6312263409296671,0.7253521126760564,0.7141747265048968,0.7253521126760564,0.7162334648488292,0.8959664218127177,-0.02705489252918558,1.8578760425249736,5.370333260960049
145,2,0.18996409657928678,0.5870453384187486,0.7570422535211268,0.7511423360423982,0.7570422535211268,0.7511136484875301,0.913570936883457,-0.007721552007367238,1.7886270615789626,5.038052731090122
145,3,0.19314624617497125,0.6575342135296928,0.7165492957746479,0.7013639401829429,0.7165492957746479,0.7026488566385269,0.8807388242946382,-0.009780745381024358,1.7649819254875183,4.956289238399929
145,4,0.19091113160053888,0.6464749574661255,0.7165492957746479,0.7137966359958643,0.7165492957746479,0.7106507087240734,0.8940294113051026,0.010713785984431401,1.8510686755180359,5.4127313825819225
146,1,0.18724897669421303,0.6374258382452859,0.7306338028169014,0.7276002020987753,0.7306338028169014,0.7247146673732042,0.8929208918075362,0.004516958884711264,1.8482897215419345,5.29226651456621
146,2,0.18848096910450193,0.6159961240159141,0.7235915492957746,0.7183430164362965,0.7235915492957746,0.7177290854223539,0.89970843552345,-0.02156976428039159,1.7853728532791138,5.026204546292623
146,3,0.1865446385410097,0.650130925907029,0.7200704225352113,0.7084542173805451,0.7200704225352113,0.711236041143155,0.8897552105035135,-0.00869169715582463,1.762558122475942,4.961506326993306
146,4,0.18703662604093552,0.6064830621083578,0.721830985915493,0.7270152270529092,0.721830985915493,0.714198578423131,0.9054872305590721,-0.016249757684891897,1.8577412234412298,5.443030158678691
147,1,0.18943236188756096,0.6412381910615497,0.7323943661971831,0.7353053658637381,0.7323943661971831,0.7284831906823122,0.8875156030739354,0.018035963659511323,1.840428478187985,5.263131949636671
147,2,0.1900203534298473,0.6238180994987488,0.7095070422535211,0.7028217709460687,0.7095070422535211,0.6985296161890091,0.9009622331221456,-0.0005019587930858993,1.7951325244373746,5.074275083012051
147,3,0.19255711676345932,0.6651651362578074,0.6954225352112676,0.6854886819858323,0.6954225352112676,0.6852177126709632,0.8867693062475972,-0.03434894023501456,1.772938417063819,4.982671009169684
147,4,0.1964302592807346,0.6306189977460437,0.7235915492957746,0.7112638002202664,0.7235915492957746,0.7132468587114821,0.9033407656320325,-0.018094631964427288,1.8405981262524922,5.360259903801812
148,1,0.20287218441565832,0.6676014446549945,0.7130281690140845,0.703322790240344,0.7130281690140845,0.7034221015925988,0.8855516183555221,-0.0019784857238906994,1.8459001183509827,5.2975234852896795
148,2,0.20320277992222044,0.6408421744902929,0.721830985915493,0.7170618586011418,0.721830985915493,0.716277880852957,0.9023125463063773,-0.0255272609826096,1.7801609635353088,5.016185720761617
148,3,0.18227111134264204,0.6282493472099304,0.7183098591549296,0.7008916377419976,0.7183098591549296,0.7058153906326857,0.8973880840729055,0.004875131230870244,1.7570789257685344,4.910733752780491
148,4,0.18868137978845173,0.5863290992048051,0.7235915492957746,0.7229636585330645,0.7235915492957746,0.716733952219102,0.9070347395216735,0.019200792174972947,1.8471937113338046,5.400141331884596
149,1,0.18921831705503994,0.6453222615851296,0.6971830985915493,0.6888232903030655,0.6971830985915493,0.6882918109738704,0.8870776992766374,0.019466878967055457,1.8394368754492865,5.256662130355835
149,2,0.18826080858707428,0.6126050667630302,0.7288732394366197,0.7219642658719986,0.7288732394366197,0.7177939281550856,0.8969089171852069,0.0017072485687277261,1.7968682249387105,5.082448773913914
149,3,0.18883133017354542,0.6163192722532485,0.7235915492957746,0.7207426410938185,0.7235915492957746,0.7161531755628249,0.9014300446919785,-0.022469689130023784,1.7714330355326335,4.980287498897976
149,4,0.18628383262289894,0.6064722852574455,0.7306338028169014,0.7314206194363665,0.7306338028169014,0.7242937770347275,0.9040805096077571,-0.0048470616836757685,1.8556418418884277,5.457620514763726
150,1,0.18877929697434107,0.6285998324553171,0.7200704225352113,0.7073117952143619,0.7200704225352113,0.7115091811503431,0.8935811862527301,-0.00173010580707178,1.8407793177498712,5.287714004516602
150,2,0.19392875913116667,0.6281436218155755,0.7253521126760564,0.7204854848270603,0.7253521126760564,0.7206067682293106,0.9001695822002355,-0.033776060367999516,1.7822112109926012,5.03768257300059
150,3,0.1879358511004183,0.6233158542050256,0.6883802816901409,0.6793309956818674,0.6883802816901409,0.6811762311837319,0.894077995325476,0.0018397048242508873,1.7594830724928114,4.911179145177205
150,4,0.2005525736345185,0.6610646545886993,0.698943661971831,0.6907825550968065,0.698943661971831,0.6905532516117088,0.8920013807958997,0.010208300167798834,1.8473789758152432,5.398787564701504
