epoch,fold,total_loss,cross_entropy_loss,accuracy,precision,recall,f1_score,auc,r2_score,mae_loss,mse_loss
1,1,25.182140350341797,1.7055303785536025,0.0880281690140845,0.1509679068735799,0.0880281690140845,0.05252099187470475,0.4936096000679766,-14.256043876943815,8.569869915644327,79.9608940548367
1,2,11.57722677124871,2.0255573193232217,0.07042253521126761,0.12381470149442436,0.07042253521126761,0.02099744805727752,0.5028836075542544,-5.833113368488588,5.328033513493008,33.86445373959012
1,3,4.4728646940655175,1.975586149427626,0.10211267605633803,0.11598053500176174,0.10211267605633803,0.07142996557320687,0.4868829727340479,-1.0967983712565013,2.6874649127324424,10.299847629335192
1,4,2.793788300620185,1.5952777465184529,0.22535211267605634,0.33236913823628045,0.22535211267605634,0.14572463047191844,0.5112531180173461,-0.05548814797841728,1.8930286367734273,5.590312745836046
2,1,2.528660668267144,1.2947959966129727,0.38028169014084506,0.29231406960280204,0.38028169014084506,0.3201315593751665,0.5217262689195801,-0.03361873312000041,1.869783878326416,5.4076780213250055
2,2,2.3823457492722406,1.2390423350863986,0.397887323943662,0.2855356550152444,0.397887323943662,0.2660790400296516,0.5422576621908863,-0.014401918578981432,1.7902200288242764,5.050053728951348
2,3,2.365569141176012,1.2492571009529962,0.3873239436619718,0.27039857004378565,0.3873239436619718,0.3151086013351309,0.5348408467225994,-0.020044915171104405,1.7682498428556654,4.970297045177883
2,4,2.48174387216568,1.2341285811530218,0.4014084507042254,0.283791389021842,0.4014084507042254,0.32997999312206927,0.558762150527428,-0.0022722680122146954,1.8524854713016086,5.392846028010051
3,1,2.457152134842343,1.2149720324410334,0.4137323943661972,0.2876399862590175,0.4137323943661972,0.30116066055987567,0.5715620159733824,-0.029842367885779986,1.8548026349809434,5.355572144190471
3,2,2.3761744300524392,1.2170661356714036,0.44190140845070425,0.3209798803222909,0.44190140845070425,0.3645657443419824,0.5681094865755207,-0.009828829150579699,1.7975827389293246,5.080760425991482
3,3,2.382280707359314,1.2310146888097127,0.397887323943662,0.27298513302034433,0.397887323943662,0.3166906846484311,0.5791701014140833,-0.008570751067642934,1.7856561938921611,5.0685679117838545
3,4,2.50659532017178,1.2171165015962389,0.4454225352112676,0.5160031522691185,0.4454225352112676,0.3724920820355498,0.5978533373959621,-0.03047809170622129,1.8660678929752774,5.515379044744703
4,1,2.445482909679413,1.2083963354428608,0.44366197183098594,0.32115669509047934,0.44366197183098594,0.3628236503775133,0.5859474109974532,-0.007645656497813569,1.854174706670973,5.332018097241719
4,2,2.3731501698493958,1.2060641050338745,0.43309859154929575,0.3594787751604886,0.43309859154929575,0.35660249375038106,0.5814118843530368,-0.025029843828312526,1.7986558675765991,5.096350749333699
4,3,2.34878369834688,1.2153405679596796,0.43661971830985913,0.37069199167955197,0.43661971830985913,0.36856228589164924,0.6094550349854888,-0.021431706361291436,1.77107834815979,4.993484192424351
4,4,2.4695209397210016,1.2051766249868605,0.4454225352112676,0.3208471500524181,0.4454225352112676,0.37160926303962855,0.5997303683212392,-0.036390696642900844,1.8552864856190152,5.4196574158138695
5,1,2.4431120422151356,1.1903247899479337,0.43485915492957744,0.3425119539792653,0.43485915492957744,0.36528283164155095,0.6123463095107873,-0.03141299914100504,1.8588694996303983,5.366282105445862
5,2,2.35390751891666,1.1865614785088434,0.4788732394366197,0.3567714855566968,0.4788732394366197,0.4081166653148554,0.6101552468392752,-0.022669919917364778,1.7930431564648945,5.077714734607273
5,3,2.348326795630985,1.2131014664967854,0.4524647887323944,0.43139445648248465,0.4524647887323944,0.38122949655902283,0.6020103419419334,-0.00629834543703911,1.7776699198616877,4.997185760074192
5,4,2.4572710858450995,1.182858215437995,0.4595070422535211,0.4184111306053485,0.4595070422535211,0.39368867003285,0.6225586310090621,-0.0069280575834003155,1.8545301821496751,5.430900904867384
6,1,2.4200326204299927,1.1604221132066515,0.4841549295774648,0.481152394776159,0.4841549295774648,0.40968874034519365,0.6311938091711073,-0.05086542802378968,1.8616564803653293,5.35912365383572
6,2,2.359100090132819,1.1778279079331293,0.4524647887323944,0.338168177974658,0.4524647887323944,0.38581341968095345,0.6231169466631946,-0.025380287407070767,1.798501345846388,5.11540158589681
6,3,2.3329765266842313,1.184249394469791,0.44014084507042256,0.3640263320569478,0.44014084507042256,0.3722315311415128,0.6410089389892594,-0.03160416984135073,1.7825167642699347,5.013339678446452
6,4,2.451614340146383,1.1821311314900715,0.44014084507042256,0.39031897695279066,0.44014084507042256,0.38061266473358524,0.6267663882945599,-0.05585101109450674,1.8515321877267625,5.413741601838006
7,1,2.423530618349711,1.1748985747496288,0.4753521126760563,0.41169612275226974,0.4753521126760563,0.4064224389647517,0.6151459547676176,-0.02617989495565265,1.8530978626675076,5.337005403306749
7,2,2.318548387951321,1.1615438825554318,0.448943661971831,0.3264564476064281,0.448943661971831,0.3775861188878462,0.6276575685166539,-0.01139111501871759,1.7816084490882025,5.018225378460354
7,3,2.3103223972850375,1.150323447253969,0.4647887323943662,0.5617755412544028,0.4647887323943662,0.39343047466331443,0.6506080970486043,-0.03679050128754047,1.7766383687655132,5.016986555523342
7,4,2.434598962465922,1.156136691570282,0.46830985915492956,0.4289524647887324,0.46830985915492956,0.40981789766115834,0.6464813371795503,-0.019565837426911203,1.8495497306187947,5.417677521705627
8,1,2.3945486413107977,1.129898703760571,0.49295774647887325,0.36696286332225564,0.49295774647887325,0.4204912409770471,0.6559501187566854,-0.034277269277680045,1.8591975172360737,5.345398426055908
8,2,2.358663989437951,1.1736244559288025,0.4665492957746479,0.341333751300071,0.4665492957746479,0.39423156586578295,0.6252914712475268,-0.02206080103268504,1.801068213250902,5.1237561040454445
8,3,2.3360749880472818,1.1529229349560208,0.4788732394366197,0.4917064760997895,0.4788732394366197,0.40575897451825493,0.6515161914916718,-0.07754396590891544,1.7889393700493708,5.096762975056966
8,4,2.44135453303655,1.1680530375904508,0.46830985915492956,0.4032029005268646,0.46830985915492956,0.4154807021513283,0.6414594232224741,-0.05118684979127708,1.858600417772929,5.4123912122514515
9,1,2.3940151929855347,1.1264492604467604,0.49295774647887325,0.4653184744204056,0.49295774647887325,0.4239288102740086,0.6639199360545237,-0.022542472387445445,1.8606506519847446,5.351668927404615
9,2,2.3300456603368125,1.1368252105183072,0.4859154929577465,0.4030106109050682,0.4859154929577465,0.4171192582080975,0.6639148476204701,-0.031126260164974218,1.802602728207906,5.1142265399297075
9,3,2.3029229905870228,1.1604308287302654,0.47007042253521125,0.4319304630673618,0.47007042253521125,0.4118833156474498,0.654514328854689,-0.018609112021844343,1.767244279384613,4.9687378538979425
9,4,2.422861715157827,1.149917205174764,0.4753521126760563,0.37790215034292934,0.4753521126760563,0.40853399052801337,0.671900540620295,-0.023533015440352578,1.8494928479194641,5.393065452575684
10,1,2.385697583357493,1.122255606783761,0.5176056338028169,0.46568404044103306,0.5176056338028169,0.4534326180824433,0.6635215090223117,-0.021375017344754443,1.8522491322623358,5.333728750546773
10,2,2.3104513817363315,1.118238949113422,0.5070422535211268,0.43421578087817575,0.5070422535211268,0.44351519936184985,0.6601815325010322,-0.050233559902001845,1.7959682411617703,5.092280175950792
10,3,2.2611190411779614,1.0886700881852045,0.5105633802816901,0.4395574232798365,0.5105633802816901,0.44147116442577167,0.707316215747549,-0.002741307718062469,1.7736914157867432,4.996833152241177
10,4,2.401321954197354,1.1218653817971547,0.4982394366197183,0.42330771637795866,0.4982394366197183,0.43663718752748193,0.6739701115134498,-0.030156233350411954,1.8474504152933757,5.3867203924391
11,1,2.4143725302484302,1.127777294980155,0.5035211267605634,0.42319579311618505,0.5035211267605634,0.44223705043604333,0.6745865197253615,-0.0307402258487135,1.869957447052002,5.416428009668986
11,2,2.306802988052368,1.121854970852534,0.4982394366197183,0.43736800842689183,0.4982394366197183,0.44891207382817233,0.6622201831701495,-0.02332727577091953,1.7998589211040072,5.071681578954061
11,3,2.2731123831537037,1.1190261940161388,0.5193661971830986,0.49172949361088886,0.5193661971830986,0.4584406356502524,0.6816155619999235,-0.01706976797537285,1.7681336667802598,4.965980026457045
11,4,2.3874126407835217,1.0845311714543238,0.5052816901408451,0.4448209022994414,0.5052816901408451,0.4511253433760382,0.7128262971432979,-0.015248266723647541,1.857804576555888,5.427469293276469
12,1,2.3627570139037237,1.0824928614828322,0.5246478873239436,0.4499979312829292,0.5246478873239436,0.4704247113381575,0.7008445470322471,-0.0013272734370888273,1.8580890364117093,5.350039839744568
12,2,2.308004743523068,1.0871769421630435,0.5176056338028169,0.4927300139689413,0.5176056338028169,0.466290728526344,0.6933824231988345,-0.04122216989028571,1.81988173060947,5.1566027535332575
12,3,2.2496966984536915,1.095106263955434,0.5017605633802817,0.42655371649015145,0.5017605633802817,0.4386529386529387,0.7003657513144339,-0.0458787653815822,1.7640947235955133,4.943740977181329
12,4,2.376037617524465,1.072808434565862,0.5211267605633803,0.45811715657906693,0.5211267605633803,0.4682687951977341,0.7096260301826638,-0.022798120311826597,1.8544522523880005,5.416905615064833
13,1,2.3566788567437067,1.0567451218763988,0.5440140845070423,0.4853423856437468,0.5440140845070423,0.4930508868145778,0.7119573682289891,-0.030984076951824147,1.8661454319953918,5.389857398139106
13,2,2.234077937073178,1.034835586945216,0.5686619718309859,0.5271823508619283,0.5686619718309859,0.5161592999724408,0.7209233193178725,-0.034697510072628335,1.7827604148123,5.032309929529826
13,3,2.233897202544742,1.0602990223301783,0.5440140845070423,0.48114269364358536,0.5440140845070423,0.4854361297296608,0.7294763546676526,-0.021074062295878937,1.7673159109221563,4.9722927411397295
13,4,2.366464330090417,1.0667888224124908,0.5299295774647887,0.469378315644523,0.5299295774647887,0.48720458557574803,0.723242699590579,-0.006027377423823088,1.8526427348454793,5.399040328131782
14,1,2.3430450161298118,1.0659057166841295,0.551056338028169,0.49262920600728216,0.551056338028169,0.5041522107257831,0.7179597396443201,-0.02933340422407249,1.8524506555663214,5.323036538230048
14,2,2.2815501358773975,1.0651471383041806,0.5299295774647887,0.4641052209079631,0.5299295774647887,0.46499542003498745,0.7073408523390639,-0.02193473911709054,1.7968032426304288,5.119823614756267
14,3,2.2368030548095703,1.0642489128642612,0.5316901408450704,0.48921797105776393,0.5316901408450704,0.4676445401616753,0.7218029994972543,-0.02112552839093773,1.7717686163054571,4.972762597931756
14,4,2.3191917604870267,1.011657413509157,0.551056338028169,0.49474704558334315,0.551056338028169,0.5107389804022164,0.750980239054221,-0.01560669755804045,1.8505440553029378,5.370105081134373
15,1,2.3120094074143305,1.0124678048822615,0.5563380281690141,0.4623412830680653,0.5563380281690141,0.4900167546897479,0.7462636820070566,-0.03672679674487589,1.8517314725451999,5.344273037380642
15,2,2.283352699544695,1.069623076253467,0.5264084507042254,0.46610485250332573,0.5264084507042254,0.46982437454638043,0.7032593010431173,-0.023036068358479156,1.8048676186137729,5.1153883006837635
15,3,2.2362807856665716,1.0603075524171193,0.545774647887324,0.4937569611684202,0.545774647887324,0.49871017346992846,0.7232990770918659,-0.03051653659753173,1.7709145347277324,4.9802181588278875
15,4,2.3229376011424594,1.0120900405777826,0.5492957746478874,0.49540888222067303,0.5492957746478874,0.514370622693134,0.7560802205180375,-0.02373243251205981,1.8478089703453913,5.381581703821818
16,1,2.330687257978651,1.0201239950127072,0.5669014084507042,0.509519768617743,0.5669014084507042,0.5211493744501939,0.7503709343273195,-0.01000805312187425,1.8617979751692877,5.388668179512024
16,2,2.2438579201698303,1.0079817242092557,0.5563380281690141,0.5096786018085653,0.5563380281690141,0.5108455160176874,0.7386783761741735,-0.03507813140695171,1.8081265555487738,5.127568920453389
16,3,2.2885721590783863,1.0385019679864247,0.5387323943661971,0.4727490112071439,0.5387323943661971,0.4940690805261697,0.7449612414933223,-0.08336300661470397,1.819483995437622,5.2054024537404375
16,4,2.3542130324575634,1.0018441180388133,0.579225352112676,0.5250477756430293,0.579225352112676,0.5313168517888663,0.7748778519253845,-0.021734364085997937,1.867762651708391,5.509740352630615
17,1,2.2843383153279624,0.9652876125441657,0.5933098591549296,0.520351432574813,0.5933098591549296,0.5289633615967269,0.7678540345303491,-0.04101801003777372,1.860166675514645,5.362123025788201
17,2,2.2317710518836975,1.0057846638891432,0.545774647887324,0.49548629223903085,0.545774647887324,0.5129344060747545,0.7415123886602313,-0.019647009233760837,1.7963367965486314,5.092405809296502
17,3,2.1967330310079785,0.9884468846850925,0.5721830985915493,0.5144438377143432,0.5721830985915493,0.5266792989237206,0.7743225395109146,-0.013035911551052548,1.7765774594412909,5.01606723997328
17,4,2.3399599260754056,1.0245985951688554,0.5440140845070423,0.5076889667384177,0.5440140845070423,0.5175023662403692,0.7412660221162822,-0.01361949051736877,1.851390500863393,5.409136215845744
18,1,2.318952845202552,0.9962650736172994,0.579225352112676,0.5186776705274685,0.579225352112676,0.5420934911745402,0.7631208254256161,-0.033331802711382696,1.8712070518069797,5.405224124590556
18,2,2.2070416145854526,0.9653747081756592,0.5897887323943662,0.5348650942658851,0.5897887323943662,0.5368256662006298,0.76396805709181,-0.023122770017324434,1.8056393265724182,5.104264285829332
18,3,2.180445306830936,0.9822980860869089,0.5651408450704225,0.512373900253615,0.5651408450704225,0.5286801694799765,0.7803427524168669,-0.006397444222166149,1.7722873952653673,4.976122008429633
18,4,2.3108377390437655,0.9738680786556668,0.579225352112676,0.5311029519949707,0.579225352112676,0.5437974339682706,0.7768494638214701,-0.032531444335741844,1.8573988477389018,5.430433419015673
19,1,2.2591690089967518,0.9456276165114509,0.602112676056338,0.5407547562843308,0.602112676056338,0.546850117170908,0.7850531102383653,-0.02689087762802811,1.855300850338406,5.324098679754469
19,2,2.2230944434801736,1.0176053676340315,0.5563380281690141,0.4938131054353604,0.5563380281690141,0.5067845423797265,0.7612871959789941,-0.02339906991099805,1.786052061451806,5.035902142524719
19,3,2.1863010194566517,0.9800038470162286,0.5387323943661971,0.4976979899485439,0.5387323943661971,0.5114508016438206,0.7737742719329546,-0.05241065977323722,1.7794089251094394,5.00099429819319
19,4,2.3064761492941113,0.9521385067039065,0.573943661971831,0.5205484550236799,0.573943661971831,0.5285557894907607,0.7868148646018156,-0.03240898618429444,1.8591982656055026,5.466597146458096
20,1,2.2878384987513223,0.9689527617560493,0.551056338028169,0.48651849480514503,0.551056338028169,0.5050886731478321,0.7753477002316381,-0.0018490493521892137,1.864605678452386,5.365238255924648
20,2,2.1888643635643854,0.9490114317999946,0.5862676056338029,0.5272646258171868,0.5862676056338029,0.5317675195316041,0.7800997595579942,-0.032829078410897106,1.7916314270761278,5.08185433016883
20,3,2.1553222404585943,0.9541524681780074,0.5862676056338029,0.5458375103805828,0.5862676056338029,0.5590123960146874,0.782235587948302,-0.017199439110427095,1.7691738141907587,4.958051469590929
20,4,2.2925759024090238,0.9418122172355652,0.5933098591549296,0.5523040254237288,0.5933098591549296,0.5637968835643254,0.7959129980276789,-0.03206990646622798,1.859162105454339,5.444357660081652
21,1,2.2739660276307,0.9615553948614333,0.596830985915493,0.5319841437234359,0.596830985915493,0.5544127552537343,0.7833051008880283,-0.03277141075717416,1.8551002277268305,5.336257404751247
21,2,2.1762083106570773,0.924902124537362,0.6073943661971831,0.5564450825067234,0.6073943661971831,0.5671780662153418,0.7881171460752161,-0.017096574316310287,1.8010598752233717,5.095922589302063
21,3,2.155534783999125,0.9566601547929976,0.5774647887323944,0.5539181944763689,0.5774647887323944,0.536289996722801,0.7839934332963008,-0.009940961012811167,1.7680856453047857,4.952908621893989
21,4,2.3098530173301697,0.9642899400658078,0.573943661971831,0.5197296190336463,0.573943661971831,0.5355951465842315,0.7834584716680162,-0.03959665441825799,1.860552966594696,5.449500057432386
22,1,2.257479872968462,0.9204480250676473,0.5985915492957746,0.5463842230213443,0.5985915492957746,0.5692331028943507,0.8145124163111955,-0.01297866052237584,1.8611021240552266,5.377220696873135
22,2,2.1764954129854837,0.9342225160863664,0.6003521126760564,0.5535179399986665,0.6003521126760564,0.5474172080838337,0.7806248349166227,-0.024107896594874,1.793274137708876,5.075132131576538
22,3,2.204554213417901,1.0250807967450883,0.5563380281690141,0.4962140732084283,0.5563380281690141,0.5120054630019331,0.7515072984045191,-0.02589500993241778,1.7664371132850647,4.956658681233724
22,4,2.2751458088556924,0.925482968489329,0.5880281690140845,0.5421411525869972,0.5880281690140845,0.5611656988776501,0.8048480877292284,-0.05348149413015735,1.8585233224762812,5.42435884475708
23,1,2.2289523084958396,0.8862700959046682,0.6144366197183099,0.5573237907053791,0.6144366197183099,0.580169260158094,0.8174831313242168,-0.005173185341503572,1.8566708432303534,5.36187728246053
23,2,2.1300597257084317,0.8836084438694848,0.6214788732394366,0.5590271682097493,0.6214788732394366,0.5638274189635947,0.802503818772017,-0.014036524983932486,1.7857848074701097,5.0384458038542
23,3,2.1107795569631786,0.8800958262549506,0.6073943661971831,0.5610736208118787,0.6073943661971831,0.5825320955202761,0.8204794192909599,-0.03287261667841679,1.7693455219268799,4.982374827067058
23,4,2.2371243635813394,0.8881961438390944,0.6003521126760564,0.5625538592648932,0.6003521126760564,0.5621460903564139,0.818022360852054,-0.018983741618259886,1.849030249648624,5.384623368581136
24,1,2.2472241785791187,0.8984682725535499,0.602112676056338,0.5395416674180807,0.602112676056338,0.5645672811208792,0.8127693428080431,-0.037899398707967435,1.8599744107988145,5.394321163495381
24,2,2.1755071348614163,0.9035287234518263,0.6285211267605634,0.5835893937601278,0.6285211267605634,0.602022633618652,0.8139134862111429,-0.02772871427144219,1.8077166808976068,5.14345653851827
24,3,2.10543390777376,0.8876046803262498,0.596830985915493,0.5416891238189947,0.596830985915493,0.5553089559001437,0.8132991268375885,-0.02262411703927092,1.7645335859722562,4.947035299407111
24,4,2.318332221772936,0.9609048035409715,0.5721830985915493,0.5509604828028754,0.5721830985915493,0.5498521292085887,0.7840386230358629,-0.027653236795024405,1.8678064346313477,5.485662592781915
25,1,2.3001837068133884,0.970219761133194,0.579225352112676,0.5318576176020736,0.579225352112676,0.5498865090712675,0.7915474236945733,-0.030974159569984394,1.8730143904685974,5.403432660632664
25,2,2.1648786465326944,0.9368958208296034,0.596830985915493,0.5628821974830065,0.596830985915493,0.5603039322469421,0.7962113588990725,-0.026246437928302058,1.789462195502387,5.030171712239583
25,3,2.115722040335337,0.8833915756808387,0.6144366197183099,0.6279391782611761,0.6144366197183099,0.5837520253899392,0.8233063048291185,-0.04302166964781229,1.7733594046698675,4.99115965101454
25,4,2.2403289477030435,0.8805418974823422,0.6144366197183099,0.566982187530406,0.6144366197183099,0.5865318636986027,0.8243750449384082,-0.0073985218544525555,1.8527075317170885,5.413165238168505
26,1,2.1924095617400274,0.852137502696779,0.6179577464788732,0.5679672533167825,0.6179577464788732,0.5900770369577437,0.8240878104848381,-0.005651049174930423,1.8513131737709045,5.3197108374701605
26,2,2.104434331258138,0.8414537376827664,0.6443661971830986,0.605590105706254,0.6443661971830986,0.5952096342551294,0.8311949211345624,-0.021202900124139612,1.7867816024356418,5.0513888994852705
26,3,2.0655287504196167,0.8183720641665988,0.6179577464788732,0.5676499852182583,0.6179577464788732,0.5904457489594186,0.8453832631226269,-0.0486292217010631,1.7688658038775127,4.975560903549194
26,4,2.23545593685574,0.8794816037019094,0.6056338028169014,0.6315787171366732,0.6056338028169014,0.5766376964634968,0.821607678661775,-0.027661919120382183,1.8517501950263977,5.399395849969652
27,1,2.2165399524900646,0.8815183374616835,0.6267605633802817,0.6006371562709591,0.6267605633802817,0.6103959258262279,0.8221913055216572,-0.0226155313700096,1.8556003173192341,5.331590135892232
27,2,2.1680912242995367,0.9059853752454122,0.6197183098591549,0.5647184341650049,0.6197183098591549,0.5773263135289542,0.8019469447068762,-0.03401026119647432,1.800869517856174,5.113004604975383
27,3,2.083683126502567,0.8390776216983795,0.5985915492957746,0.5527990155006285,0.5985915492957746,0.569382068329702,0.8342539144905788,-0.014527648995789733,1.7679810722668965,4.987762557135688
27,4,2.240764684147305,0.8812503152423434,0.6302816901408451,0.5828930783504979,0.6302816901408451,0.6008750694014774,0.8201758382276685,-0.036041095401945,1.8512178593211703,5.412964754634434
28,1,2.1944282054901123,0.8378440108564165,0.6197183098591549,0.5651180614053971,0.6197183098591549,0.5852985369755509,0.8335087445591481,-0.048011424664634816,1.8543547987937927,5.359791093402439
28,2,2.0922993222872415,0.8174008859528435,0.6443661971830986,0.6604239625432134,0.6443661971830986,0.6237057119943182,0.8350409081235743,-0.027316935227948314,1.7890489565001593,5.067062099774678
28,3,2.065641509162055,0.8189065092139773,0.6285211267605634,0.5818470084688235,0.6285211267605634,0.5907585239638714,0.8464020641735718,-0.03614824132615868,1.7702159881591797,4.974689629342821
28,4,2.196967727608151,0.8223255972067515,0.6320422535211268,0.6213245766625066,0.6320422535211268,0.618434669050773,0.8446419843181432,-0.039072384761445145,1.852575871679518,5.404465860790676
29,1,2.168542047341665,0.8067983587582906,0.6566901408450704,0.6372008781223103,0.6566901408450704,0.6304148612838673,0.8406740083493057,-0.029535018509172506,1.8578813936975267,5.34594382180108
29,2,2.086775024731954,0.8159773912694719,0.6461267605633803,0.6248682831713274,0.6461267605633803,0.6120895230738296,0.8385957854665188,0.002238872402074543,1.789233512348599,5.051969289779663
29,3,2.14481078253852,0.9109536773628659,0.6179577464788732,0.5710589775144815,0.6179577464788732,0.5918547481577255,0.8091368562491282,-0.02579499799452245,1.7800362043910556,5.023810519112481
29,4,2.2373488744099936,0.8784885803858439,0.6179577464788732,0.5824972572226729,0.6179577464788732,0.5978106586045768,0.8214019313216033,-0.009689486524868673,1.8466494878133137,5.408022695117527
30,1,2.179904374811384,0.8146481480863359,0.6496478873239436,0.6229387464841061,0.6496478873239436,0.6219405368179614,0.846163102762261,-0.011225261873453185,1.860623882876502,5.365502039591472
30,2,2.0839783747990928,0.8226778209209442,0.6197183098591549,0.5950223618212074,0.6197183098591549,0.5875920014997581,0.8350259368318221,-0.04466712361162406,1.7794338398509555,5.027012825012207
30,3,2.114836182859209,0.8616578446494209,0.6073943661971831,0.6006692576777675,0.6073943661971831,0.5779368580576691,0.8233606724963133,-0.022757195672642005,1.776559313138326,5.038918693860372
30,4,2.188465330335829,0.7908639113108317,0.6602112676056338,0.6452785225419155,0.6602112676056338,0.6462739970188782,0.8550931187830607,-0.034355735332383563,1.8634861177868314,5.449535118208991
31,1,2.174750049908956,0.8042406207985349,0.6373239436619719,0.6227760623487062,0.6373239436619719,0.612630286941218,0.8448839278650784,-0.024472763215637183,1.8587591581874423,5.372605125109355
31,2,2.1473684708277383,0.8681955536206564,0.6003521126760564,0.602383490192116,0.6003521126760564,0.5769781243241918,0.819731696963159,-0.019473979269789776,1.8030805124176874,5.1321051650577125
31,3,2.0941122571627298,0.8471110430028703,0.6214788732394366,0.5927883689346058,0.6214788732394366,0.6019336312005101,0.836746779584022,-0.019481117782744306,1.7722134788831074,5.003781649801466
31,4,2.1660408510102167,0.7936907708644867,0.6443661971830986,0.603517392321054,0.6443661971830986,0.6226425458757768,0.8500291617217247,-0.018103643109015577,1.8472612367735968,5.368190778626336
32,1,2.1647195286220975,0.7785547077655792,0.6426056338028169,0.5913562408936378,0.6426056338028169,0.6055473231774157,0.851038760729197,-0.03332360644144039,1.8680179715156555,5.399103893174066
32,2,2.1134880714946322,0.8171010944578383,0.6637323943661971,0.6432352139464454,0.6637323943661971,0.6359239486153792,0.8441394715392208,-0.047162666846847445,1.8108938468827143,5.138390832477146
32,3,2.088315877649519,0.8547083768579695,0.6302816901408451,0.61193720897532,0.6302816901408451,0.610110452906719,0.839899812831974,-0.019088625575439222,1.771121660868327,4.966733151011997
32,4,2.2240421573321023,0.8679786026477814,0.6091549295774648,0.5798753384001716,0.6091549295774648,0.5870419560253526,0.8194717321613161,0.0017276038107835179,1.8527461290359497,5.388190256224738
33,1,2.2259562611579895,0.8676158587137858,0.6109154929577465,0.5959678652330465,0.6109154929577465,0.586675269512769,0.8316727660673549,-0.02989773854270661,1.8626461293962266,5.395416975021362
33,2,2.1436747246318393,0.8334241840574477,0.6390845070422535,0.6261570514791808,0.6390845070422535,0.6115836834938948,0.832307600643854,-0.05374119744489003,1.814873629146152,5.200925694571601
33,3,2.0365513828065662,0.7805438571506076,0.6549295774647887,0.6264321731015337,0.6549295774647887,0.6260341693234042,0.8594415648387553,-0.012535772485525065,1.7748010224766202,4.9672353929943505
33,4,2.18118025859197,0.7877412968211703,0.6461267605633803,0.6305749861372908,0.6461267605633803,0.6349574618436219,0.8534877587234031,-0.026710727523329814,1.857320315308041,5.432537648412916
34,1,2.154619574546814,0.7897039684984419,0.6496478873239436,0.6345370208444512,0.6496478873239436,0.6277767986498155,0.8438618303265213,-0.037512350961843355,1.8538482189178467,5.339422437879774
34,2,2.0827447970708213,0.8160357905758752,0.6267605633802817,0.5695829045766435,0.6267605633802817,0.5852160873762502,0.8504120065642893,-0.027860119028644048,1.7873248192999098,5.038398888376024
34,3,2.075948907269372,0.8432056191894743,0.6232394366197183,0.6018152881180845,0.6232394366197183,0.6028860265165208,0.838085907328811,-0.0065952573424734595,1.7709514167573717,4.952349808481005
34,4,2.192437344127231,0.7773117423057556,0.6619718309859155,0.6714796184514494,0.6619718309859155,0.6523750813237734,0.8635087396776395,-0.04226274223754101,1.8657322857115004,5.494396924972534
35,1,2.1784532599978976,0.8059236076143053,0.647887323943662,0.6216403424575677,0.647887323943662,0.6293293424941216,0.8439322419679413,-0.028315245028476932,1.8640725745095148,5.38102224138048
35,2,2.060413380463918,0.7866960565249125,0.6549295774647887,0.6287200950995119,0.6549295774647887,0.6292052605852918,0.8507572390578717,-0.02309332785961926,1.7863141960567899,5.03242031733195
35,3,2.0113253593444824,0.7678503427240584,0.6742957746478874,0.6811726387454486,0.6742957746478874,0.6578749432154523,0.8563552193666943,-0.016910613401533547,1.7575874262385898,4.912766906950209
35,4,2.1390246285332575,0.7406767689519458,0.670774647887324,0.6480957950500204,0.670774647887324,0.6545151776720007,0.8695942445388337,-0.0061966040259904265,1.8532482319407992,5.401836064126757
36,1,2.1336021886931524,0.7422831356525421,0.670774647887324,0.6659652961136149,0.670774647887324,0.6569506505201992,0.8679587463857312,-0.0340299258709853,1.8684038917223613,5.380013015535143
36,2,2.049709783660041,0.7556659281253815,0.6672535211267606,0.6385572262571713,0.6672535211267606,0.6373943970296619,0.8630867828865018,-0.004789808722574618,1.790070308579339,5.069145308600532
36,3,2.0415867103470697,0.7990048792627122,0.6443661971830986,0.6317814046198406,0.6443661971830986,0.6206369079970987,0.8494258296497547,-0.0018965404468365143,1.7635607918103535,4.940944088829888
36,4,2.2153659198019238,0.8475923869344923,0.6584507042253521,0.6380020086365186,0.6584507042253521,0.6415136736141875,0.8344370389996582,-0.03479801893342116,1.8545414010683696,5.406837224960327
37,1,2.164380543761783,0.8158582349618276,0.6179577464788732,0.5718925753959186,0.6179577464788732,0.5900367657702488,0.8375364537274402,-0.02422295472301128,1.849022924900055,5.310932450824314
37,2,2.076501111189524,0.7993540465831757,0.6408450704225352,0.6167103606862853,0.6408450704225352,0.604358924712295,0.84483597480696,-0.03756201048685792,1.7960440715154011,5.056510806083679
37,3,2.0373041960928173,0.8001373012860616,0.6602112676056338,0.6625579752209941,0.6602112676056338,0.6417038211289844,0.8540245341621657,-0.011083760499767559,1.7606531712743971,4.924026846885681
37,4,2.194853617085351,0.8056321243445078,0.6514084507042254,0.6224874750793915,0.6514084507042254,0.6303193132648124,0.8522736310953994,-0.03806030904467006,1.8581988149219089,5.436370187335545
38,1,2.1538258062468634,0.7944225271542867,0.625,0.5958063442972704,0.625,0.6052142207715352,0.8519235126246607,-0.006117058238356288,1.8550521466467116,5.325766642888387
38,2,2.0171948273976645,0.7313449366225137,0.6919014084507042,0.6733489059051055,0.6919014084507042,0.6668856219715152,0.8701639918185842,-0.012717709379262754,1.780318816502889,5.017511076397366
38,3,1.9936501714918349,0.7346688807010651,0.6637323943661971,0.6509317787582255,0.6637323943661971,0.643828089981676,0.8721538826578284,-0.033081988097506176,1.765486670864953,4.931272970305549
38,4,2.124036020702786,0.7240738239553239,0.6566901408450704,0.6441741179645009,0.6566901408450704,0.6339356159406674,0.8744877218312602,-0.029497702276544358,1.8504152496655781,5.39061427116394
39,1,2.0918376776907177,0.7109096745649973,0.670774647887324,0.6684163919688343,0.670774647887324,0.648441332138214,0.8747725362060823,-0.033697367610475926,1.8481539487838745,5.3140028317769366
39,2,2.063866721259223,0.7836664848857455,0.6461267605633803,0.62226795197414,0.6461267605633803,0.6184748291239062,0.8531156371023166,-0.006680038709464098,1.7927663260036044,5.0510003964106245
39,3,2.062517080042097,0.8060722284846835,0.647887323943662,0.623855364391653,0.647887323943662,0.6193683668216916,0.8552502745154358,-0.02245296171222977,1.7757934596803453,4.994221554862128
39,4,2.137747678491804,0.7307865851455264,0.6672535211267606,0.669472639507938,0.6672535211267606,0.6573121124416496,0.8701690761311209,-0.015080988569449172,1.854528632428911,5.420656575096978
40,1,2.1252043114768133,0.7713536851935916,0.6461267605633803,0.6305308226467679,0.6461267605633803,0.6103132299523973,0.848449991023269,-0.01658900693791643,1.8472334212727017,5.284188985824585
40,2,2.022621558772193,0.7318918042712741,0.676056338028169,0.628953674406419,0.676056338028169,0.6456599932056484,0.8596051256751145,-0.004420292707073337,1.7887255880567763,5.034324182404412
40,3,1.9706722497940063,0.710278355413013,0.6866197183098591,0.6645028655102584,0.6866197183098591,0.6665859813673455,0.8814416985596984,-0.025250964735845205,1.7586718797683716,4.911591172218323
40,4,2.14895753065745,0.751998065246476,0.6654929577464789,0.6509915172855314,0.6654929577464789,0.6502104959147533,0.8682853022403711,-0.0280108181973191,1.8560774193869696,5.4085294008255005
41,1,2.100589712460836,0.7156297034687467,0.6866197183098591,0.6657827602789939,0.6866197183098591,0.6662821944652064,0.8750780364077793,-0.014006190951997288,1.8557029234038458,5.332162804073757
41,2,2.0732676717970104,0.7847007016340891,0.6373239436619719,0.6213620513402999,0.6373239436619719,0.6086192882237987,0.8539683096714197,-0.01609234271360771,1.7932967874738905,5.079923735724555
41,3,2.0113060937987433,0.7180077897177802,0.6584507042253521,0.6276500388441367,0.6584507042253521,0.630433200799818,0.8753200537339555,-0.026127872085488058,1.7751950952741835,5.029001964463128
41,4,2.1533360216352673,0.7639915943145752,0.6373239436619719,0.6273483509382548,0.6373239436619719,0.6249730029245356,0.8575301990863531,-0.016881684357432203,1.8501365714603,5.395139455795288
42,1,2.1081773241360984,0.7217216822836134,0.6725352112676056,0.6493915656091251,0.6725352112676056,0.6504415495937618,0.8690337938898389,-0.010790381589341314,1.8505074050691392,5.343240208095974
42,2,2.0727641913625927,0.7754452692137824,0.6725352112676056,0.6651404824498264,0.6725352112676056,0.6560155525083722,0.8663888644782969,-0.03732227365591534,1.7888862291971843,5.099841528468662
42,3,2.05403952466117,0.8051706519391801,0.6408450704225352,0.6170630129530276,0.6408450704225352,0.6200968093915231,0.847934662192784,-0.023468278015338795,1.7618005871772766,4.968066546652052
42,4,2.134520729382833,0.7355399595366584,0.6901408450704225,0.6720632619244881,0.6901408450704225,0.6738798682784969,0.8775348162560634,-0.002814414720730074,1.8469336893823411,5.3988090356191
43,1,2.100228468577067,0.7367363803916507,0.6461267605633803,0.6113007481505337,0.6461267605633803,0.6155377480828564,0.8601667022223258,-0.03928373681165942,1.845335344473521,5.28170989619361
43,2,2.034459193547567,0.7176631225479974,0.6795774647887324,0.6626936781386206,0.6795774647887324,0.6638879955094195,0.876939429796101,-0.03548849547176225,1.796903928120931,5.10698319805993
43,3,1.9778608679771423,0.6985164715184106,0.670774647887324,0.6346100078258168,0.670774647887324,0.6436523639098614,0.8718805947769861,-0.002519774866590163,1.7711123360527887,4.962997674942017
43,4,2.117965128686693,0.7026056481732262,0.6901408450704225,0.6852299078485142,0.6901408450704225,0.6793035158525874,0.883235205784413,-0.0174056748669833,1.855683492289649,5.420470396677653
44,1,2.1161136759652033,0.7520315812693702,0.6654929577464789,0.6423703300514442,0.6654929577464789,0.6463376264037581,0.8620615155693664,-0.031457028154417976,1.845943080054389,5.298971666230096
44,2,2.0263809495502048,0.7325119392739402,0.6830985915492958,0.6735572423674934,0.6830985915492958,0.6600513132551108,0.8727105363088512,-0.01962091515281017,1.7792002889845107,5.045408487319946
44,3,2.0180225173632302,0.7623398734463586,0.653169014084507,0.6341057690315663,0.653169014084507,0.6339163141817931,0.8597228723898978,-0.009094127342323066,1.7661855949295893,4.947948548528883
44,4,2.1147649354404874,0.6960953805181715,0.6919014084507042,0.6668924874590605,0.6919014084507042,0.6695752541067309,0.8819323419306033,-0.007246070751899536,1.8547538585133023,5.424993647469415
45,1,2.1094174252616034,0.7226864546537399,0.6778169014084507,0.6659110455662057,0.6778169014084507,0.6637370059848473,0.8717646345413436,-0.019847448167426895,1.854080895582835,5.345122814178467
45,2,2.0300475358963013,0.7315580646197001,0.6866197183098591,0.6749156483423789,0.6866197183098591,0.6662008241385101,0.8675072788375318,-0.03672878269392732,1.7910908924208746,5.059856123394436
45,3,2.0246395336257086,0.7649597624937693,0.6549295774647887,0.6417832600214369,0.6549295774647887,0.638133899510403,0.8633749924090492,-0.016368090262546264,1.775550835662418,4.963892168468899
45,4,2.116735643810696,0.7106326984034644,0.6725352112676056,0.6665407206011852,0.6725352112676056,0.6471564644682233,0.8778049012449853,-0.035799912441870196,1.8508237136734857,5.397642215092977
46,1,2.117602950996823,0.743226495054033,0.670774647887324,0.6482653085740052,0.670774647887324,0.653722761065577,0.8602558893972311,-0.02555839035316043,1.8590242200427585,5.324481156137255
46,2,2.037974132431878,0.7385822087526321,0.6672535211267606,0.6536582843029458,0.6672535211267606,0.6480657451010403,0.8645095077609838,-0.013790905932793862,1.7913300395011902,5.069888485802545
46,3,1.9814979036649067,0.7031470735867819,0.6848591549295775,0.6688684349151071,0.6848591549295775,0.667691938201491,0.8738975752045401,-0.027947958050088095,1.7664690878656175,4.964316381348504
46,4,2.119033455848694,0.6883394171794256,0.6866197183098591,0.6831694417517249,0.6866197183098591,0.6766605711494087,0.8821449413375091,-0.022705631565752116,1.8567215138011508,5.4573193656073675
47,1,2.1014658278889127,0.7233323852221171,0.6848591549295775,0.6719527083032777,0.6848591549295775,0.6651903791084249,0.8741856879264194,-0.014403975396950264,1.8512491914961073,5.31711036629147
47,2,1.9934082693523831,0.6987962358527713,0.6919014084507042,0.6821584120105246,0.6919014084507042,0.6709211135521082,0.8790179763343289,-0.012766838535544167,1.784249974621667,5.0141694280836315
47,3,1.9702379637294345,0.6944924493630728,0.6971830985915493,0.7069248634559737,0.6971830985915493,0.6841879664298509,0.881936542685723,-0.0014115738134545808,1.7622992528809442,4.946977297465007
47,4,2.1082679563098483,0.683737595876058,0.6936619718309859,0.67523944272925,0.6936619718309859,0.6740955362784359,0.8823957244980459,-0.017635562691210138,1.8524519801139832,5.432171874576145
48,1,2.0811600817574396,0.7054390344354842,0.6742957746478874,0.6483685974141689,0.6742957746478874,0.6579864428954784,0.875741777300608,-0.013836551216739545,1.8445366024971008,5.291175723075867
48,2,1.9822267691294353,0.6686436716053221,0.7024647887323944,0.6875336985472481,0.7024647887323944,0.6806592514688696,0.8878982933575039,-0.04231686982939542,1.7849462694591947,5.047253807385762
48,3,1.9701078534126282,0.7043072730302811,0.6778169014084507,0.6611417306374848,0.6778169014084507,0.6595765296339933,0.8842096411451257,0.0034596590339087685,1.7568165726131864,4.923642423417833
48,4,2.1327443189091153,0.7374342249499427,0.6795774647887324,0.6765066836424615,0.6795774647887324,0.6666193154350051,0.8736208653387906,-0.012407321634172463,1.8477122518751357,5.388467629750569
49,1,2.0918564200401306,0.71618010269271,0.6742957746478874,0.6717566151960048,0.6742957746478874,0.6682204591766316,0.8776173508161396,-0.02356463886692728,1.8507204784287348,5.301767614152697
49,2,2.0738103124830456,0.747067446509997,0.6813380281690141,0.6527212989092965,0.6813380281690141,0.6546345214010472,0.8552818459144977,-0.058375332459759566,1.8130510449409485,5.169543491469489
49,3,2.017844577630361,0.7419723007414076,0.6654929577464789,0.639086760636967,0.6654929577464789,0.6455446424852079,0.8696636706076587,-0.009303351338909138,1.7736694945229425,4.994879775577122
49,4,2.086713022655911,0.6800003581576877,0.6866197183098591,0.6909813999601346,0.6866197183098591,0.682694566570717,0.891112924747293,-0.00022850963841625216,1.845590717262692,5.369042449527317
50,1,2.051826490296258,0.6509926401906543,0.7007042253521126,0.6772714559016936,0.7007042253521126,0.6732529085868146,0.8913561074118492,-0.028896072962994568,1.8466687599817913,5.320438623428345
50,2,1.9714512361420526,0.6432924171288809,0.7095070422535211,0.6973041226029871,0.7095070422535211,0.6937591476832311,0.8920993277304783,-0.0017283860992653999,1.785156296359168,5.070488188001844
50,3,1.9904799726274278,0.7112770593828626,0.6672535211267606,0.6556596952723713,0.6672535211267606,0.6544780864163418,0.8716798270731339,-0.012517426912366902,1.7666728032959833,4.975286708937751
50,4,2.1088410549693637,0.6985409590933058,0.6672535211267606,0.6526065698070619,0.6672535211267606,0.6466771138841138,0.876939960006375,-0.033430006457020545,1.8519265982839797,5.399540954165989
51,1,2.051991237534417,0.6413216690222422,0.7130281690140845,0.7018530727037918,0.7130281690140845,0.7022829074483794,0.8966619377121573,-0.02032071328087115,1.861338390244378,5.343553357654148
51,2,1.9290176563792758,0.6201593296395408,0.7429577464788732,0.7341375348417601,0.7429577464788732,0.7305006330777668,0.9037791918767355,-0.007568950123282292,1.7787224517928228,4.983020186424255
51,3,1.9529090457492404,0.6801589826742808,0.6813380281690141,0.6663336356915269,0.6813380281690141,0.6643786261555389,0.8855880238724336,-0.01944121321416703,1.760363797346751,4.922658986515469
51,4,2.101243303881751,0.6753046611944834,0.6830985915492958,0.6842220838050843,0.6830985915492958,0.6759878596673354,0.8889562008289805,-0.02383271052200886,1.8568371070755854,5.428433272573683
52,1,2.0404534538586936,0.6384320788913302,0.7077464788732394,0.6897006066058058,0.7077464788732394,0.689960681477166,0.8937713042568176,0.006987691021597353,1.8502647015783522,5.3118363751305475
52,2,1.9797901378737555,0.6793552289406458,0.7183098591549296,0.706200199384714,0.7183098591549296,0.7023279081770769,0.8865264279317613,-0.013996114627612855,1.7823581298192341,5.01413807604048
52,3,1.923974613348643,0.6321276492542691,0.7112676056338029,0.7136115041756248,0.7112676056338029,0.6991825551138957,0.894570169302554,-0.017555622141657512,1.7626351316769917,4.938284026251899
52,4,2.098738067679935,0.6697617123524348,0.6883802816901409,0.659471866162007,0.6883802816901409,0.6674777773169778,0.8899978794036593,-0.011185374666732306,1.8616634209950764,5.433016114764744
53,1,2.0664435029029846,0.6831807146469752,0.6971830985915493,0.6833811778718286,0.6971830985915493,0.6853548134693884,0.8840691328512617,-0.020306068677837796,1.8493363459904988,5.294056481785244
53,2,1.9982230795754328,0.6814551287227206,0.6866197183098591,0.667367707796135,0.6866197183098591,0.6572131735165806,0.8818596298443351,-0.029662951628450118,1.7874830497635736,5.0706814130147295
53,3,1.959884524345398,0.6737894515196482,0.6919014084507042,0.6921092250246612,0.6919014084507042,0.6823713252889593,0.8885944897281822,-0.02565579948150254,1.7704533669683669,4.960772805743748
53,4,2.0434398849805198,0.610676818423801,0.721830985915493,0.7115203213282694,0.721830985915493,0.7060560904377277,0.9050778977351824,-0.012924617744107803,1.8491137888696458,5.386553446451823
54,1,2.0279386242230735,0.6265919639004601,0.7059859154929577,0.7072407269587118,0.7059859154929577,0.6990536702751761,0.8970192586487932,-0.014411871499066198,1.8462877538469102,5.297747400071886
54,2,2.0324014491505094,0.7225248250696394,0.7007042253521126,0.6968948088940146,0.7007042253521126,0.68324022007427,0.8717793585267725,-0.023720576050701103,1.8006037539905972,5.0887800852457685
54,3,1.9451910985840692,0.6598126457797157,0.7112676056338029,0.7047015994370615,0.7112676056338029,0.7033640897820558,0.8946202435321657,-0.024356300533661557,1.761594421333737,4.944407357109918
54,4,2.1049275199572244,0.6922658069266213,0.6830985915492958,0.6703126196079126,0.6830985915492958,0.6741205008156912,0.8827551698830783,-0.008617441759917854,1.8557495209905837,5.40113804075453
55,1,2.0584320889578924,0.6428353389104208,0.7007042253521126,0.7030231298142677,0.7007042253521126,0.6820021495019336,0.8912922497647047,-0.05912935366452787,1.8518387410375807,5.3614910046259565
55,2,1.9788594113455877,0.6636464397112528,0.7183098591549296,0.7156627579161262,0.7183098591549296,0.703766550583961,0.889471469516425,0.0008030896294776158,1.7884045640627544,5.047689371638828
55,3,1.9446860154469807,0.6338188085291121,0.7165492957746479,0.7023785217447189,0.7165492957746479,0.7015771606574819,0.9000701471645371,-0.0383052023561099,1.7710139552752178,5.0033760335710316
55,4,2.06001298295127,0.6527793473667569,0.7059859154929577,0.6995413028577546,0.7059859154929577,0.698047985097002,0.8981348961621476,0.003430596070531422,1.84026919470893,5.343557993570964
56,1,2.0479496320088706,0.6680358433061175,0.6848591549295775,0.659188546057643,0.6848591549295775,0.6674734284257745,0.8809094519929492,-0.0074750429982775035,1.841381761762831,5.267748249901666
56,2,2.045193466875288,0.6912215583854251,0.6919014084507042,0.682888479948011,0.6919014084507042,0.6746957370585167,0.8827558525560668,-0.006047343270378258,1.8229978813065424,5.204460978507996
56,3,1.9467134144571092,0.6525224496920904,0.7130281690140845,0.7156034087441162,0.7130281690140845,0.7042359017244983,0.8926422222387116,-0.04495074445315206,1.7669928471247356,4.966492202546862
56,4,2.051290531953176,0.6170630637142394,0.7112676056338029,0.7164131161315952,0.7112676056338029,0.7038099178018856,0.8997486585332088,-0.040628031461205305,1.8514501319991217,5.39782108200921
57,1,2.0566997594303555,0.6476642307307985,0.7183098591549296,0.7064268074760284,0.7183098591549296,0.7020534822649351,0.8934456352358515,0.0027908535935262657,1.8596710761388142,5.344449043273926
57,2,1.9735061128934224,0.6560500909884771,0.7059859154929577,0.6941125300881281,0.7059859154929577,0.6946404143868353,0.8904953945239973,-0.038866810495254756,1.7812968624962702,5.047569831212361
57,3,1.9093344277805753,0.6088376194238663,0.7253521126760564,0.7195885624803668,0.7253521126760564,0.7131111571346365,0.9056901810543314,-0.011380033940033618,1.7645621630880568,4.943826834360759
57,4,2.0251454843415155,0.5876708394951291,0.7253521126760564,0.7243303379516219,0.7253521126760564,0.7195912428429365,0.9091142462905554,0.0002430703033839965,1.8441581792301602,5.3792528708775835
58,1,2.0402924153539868,0.6429716398318609,0.7165492957746479,0.7008013220431033,0.7165492957746479,0.7040966973118951,0.8930615302893717,-0.006153642599968867,1.8496280444992914,5.300707260767619
58,2,2.0146887501080832,0.6978804849916034,0.6936619718309859,0.6923722132990782,0.6936619718309859,0.6858474080604725,0.8826454481634792,-0.01934036855726684,1.7908799250920613,5.0872412125269575
58,3,1.9658097359869215,0.688466982709037,0.7024647887323944,0.7003575752799159,0.7024647887323944,0.6927177225102691,0.8880201116692809,-0.031785690826453994,1.7654006348715887,4.946275936232673
58,4,2.0491234329011707,0.6181219203604592,0.727112676056338,0.7188125556908759,0.727112676056338,0.7145455451874946,0.9083747734253607,-0.011930679895199914,1.8492500715785556,5.388126797146267
59,1,2.022750390900506,0.6049674368566937,0.7253521126760564,0.7063528868066156,0.7253521126760564,0.709991350970955,0.9049336503904771,-0.01994388005542924,1.8521456387307909,5.330910523732503
59,2,1.960481497976515,0.6560017234749265,0.7147887323943662,0.7056258907304533,0.7147887323943662,0.7088557099562246,0.8888777095150014,-0.03347246976268492,1.7797368499967787,5.004267427656385
59,3,1.9685446951124403,0.7066757397519218,0.6725352112676056,0.6712875226927592,0.6725352112676056,0.6606194239064075,0.8863922680838523,-0.0042082405569183745,1.7609166966544256,4.912905507617527
59,4,2.1111191974745855,0.7004385590553284,0.6778169014084507,0.6685577936020844,0.6778169014084507,0.6669676901166297,0.8816143979669675,-0.0010189894656618126,1.849102622932858,5.4027071131600275
60,1,2.0734803279240928,0.6888795495033264,0.6866197183098591,0.6766024755875626,0.6866197183098591,0.6775899642935003,0.8767101089290088,-0.018157052249137218,1.8498172892464533,5.304215298758613
60,2,1.930230650636885,0.6042391955852509,0.7447183098591549,0.7350325955455023,0.7447183098591549,0.7270614954932096,0.9084406044255948,-0.02026163595788333,1.7847550378905401,5.0242105854882135
60,3,1.8875215583377414,0.5784109168582492,0.7288732394366197,0.721264986867544,0.7288732394366197,0.720842587090504,0.9156232764170711,-0.005097083229077759,1.7597858905792236,4.94211286968655
60,4,2.0179042882389493,0.568075512846311,0.7482394366197183,0.7266595474486262,0.7482394366197183,0.7318535219614591,0.9131215792844116,-0.03323018863483673,1.8514738082885742,5.400837911499871
61,1,2.0004569821887546,0.5899743735790253,0.7306338028169014,0.7292813575441721,0.7306338028169014,0.7288689692246153,0.9078067061804517,0.01650497655442662,1.8451927834086947,5.291582955254449
61,2,1.942698644267188,0.62433679567443,0.7323943661971831,0.7220647881542126,0.7323943661971831,0.7202845072107111,0.8996319252836715,-0.00642668552109682,1.7818285557958815,5.018876075744629
61,3,1.9040503766801622,0.6104800237549676,0.7077464788732394,0.6996021033950186,0.7077464788732394,0.6962119849607029,0.9057310369569432,-0.03236522763775307,1.7632177935706244,4.9223809242248535
61,4,2.022536642021603,0.5767207327816222,0.7447183098591549,0.7529008368454779,0.7447183098591549,0.7381448375216546,0.9092794359758007,0.013417768765345395,1.8510272171762254,5.396106931898329
62,1,2.0039043757650585,0.5870858215623431,0.7323943661971831,0.7229883853633596,0.7323943661971831,0.7262546135710929,0.9072876813305424,-0.029917785402616248,1.8463491664992437,5.309814108742608
62,2,1.9007517165607877,0.5589261651039124,0.7570422535211268,0.7526112684691842,0.7570422535211268,0.7413547291655068,0.9132392151974109,-0.022420594372635883,1.7843155529763963,5.031677828894721
62,3,1.9109986755583022,0.633594219883283,0.7235915492957746,0.72184371578031,0.7235915492957746,0.7125707618201985,0.9008610610667298,-0.009648212643951659,1.7509156664212544,4.891608926984999
62,4,2.0389459199375577,0.609274160530832,0.7130281690140845,0.702165498049023,0.7130281690140845,0.7037715459211117,0.9068623078015525,-0.0026559990260521804,1.8403260111808777,5.374846431944105
63,1,2.029533816708459,0.6246063808600107,0.7200704225352113,0.7190163992752204,0.7200704225352113,0.7171413679572263,0.8950067184590977,-0.020113617703150233,1.8470327258110046,5.307697627279493
63,2,1.922246601846483,0.6123494240972731,0.7235915492957746,0.7173324545930849,0.7235915492957746,0.7136225715105945,0.9012658853679163,-0.001608679847298955,1.7759307424227397,4.978673193189833
63,3,1.8862212763892279,0.5879371679491467,0.7394366197183099,0.7376719235601402,0.7394366197183099,0.7307983690217814,0.909431117288178,-0.0292085449171553,1.7611902621057298,4.915550735261705
63,4,2.024017141924964,0.59903198811743,0.7200704225352113,0.7251528333715893,0.7200704225352113,0.7113017812926202,0.9055762170600162,0.004925665967509318,1.842137919531928,5.34898226790958
64,1,1.9819779329829745,0.5876255730787913,0.7341549295774648,0.7206722954212732,0.7341549295774648,0.7252690985820551,0.9085321549127232,-0.026751577300138996,1.83407857020696,5.235466533237034
64,2,1.9042091369628906,0.5494696564144559,0.7464788732394366,0.738610611314523,0.7464788732394366,0.7383870347885357,0.917193115578722,-0.02167686797421986,1.7899804645114474,5.065267721811931
64,3,1.892264770136939,0.6040489127238592,0.7341549295774648,0.7205976912762483,0.7341549295774648,0.7205026808703233,0.9059934588391794,-0.012237777645907277,1.750374178091685,4.898101647694905
64,4,2.041607757409414,0.6137542128562927,0.7253521126760564,0.7210529499667423,0.7253521126760564,0.7156435638131633,0.9078655089829917,0.008831822482382568,1.8414676984151204,5.3732658757103815
65,1,2.0530061191982694,0.6526994953552882,0.7376760563380281,0.7322469365660891,0.7376760563380281,0.7322080476288949,0.8915549358541006,-0.0454003827911309,1.8542425632476807,5.320388038953145
65,2,1.9811833302179973,0.6465221693118414,0.7200704225352113,0.7137110044252107,0.7200704225352113,0.7107299052112114,0.8977123177280524,-0.00805553679187554,1.806855685181088,5.095392505327861
65,3,1.9043522742059495,0.5888014833132426,0.7235915492957746,0.7136342888983734,0.7235915492957746,0.7101051299071715,0.9037735368597021,-0.005339113756384073,1.7658548686239455,4.973970532417297
65,4,2.0631223056051464,0.6249913026889166,0.7183098591549296,0.7152545179428438,0.7183098591549296,0.7137118451147652,0.9000796879965919,-0.02531095519692883,1.8522580199771457,5.418761094411214
66,1,2.020727389388614,0.581810356842147,0.7429577464788732,0.7425564149678744,0.7429577464788732,0.7328399351103663,0.9099901406154082,-0.008472673895594252,1.8605360057618883,5.378200319078234
66,2,1.9483542574776544,0.6192392806212107,0.7411971830985915,0.7368225154588239,0.7411971830985915,0.7290093449719788,0.904315447219359,-0.025343801535305133,1.7858756846851773,5.049622376759847
66,3,1.869562202029758,0.5995101398891873,0.721830985915493,0.7243735309853538,0.721830985915493,0.7139841860579724,0.9052911607378002,-0.007745147069482927,1.7436083687676325,4.833016872406006
66,4,2.0266614291403027,0.5802839282486174,0.7447183098591549,0.7457973443981732,0.7447183098591549,0.7336928247936471,0.9125837444252085,-0.00984308201831352,1.8452281223403082,5.401542107264201
67,1,2.017569382985433,0.6142112165689468,0.7323943661971831,0.7197737389598003,0.7323943661971831,0.7241162365193576,0.9049452221501018,-0.004714027542930488,1.8470209704505072,5.2920716603597
67,2,1.9228785104221768,0.6023693283398946,0.7323943661971831,0.721328493626078,0.7323943661971831,0.7232657590119498,0.906715088825131,-0.012470949619625138,1.7820296419991388,5.004066427548726
67,3,1.8629640605714586,0.5668329414394166,0.7411971830985915,0.7320308376634109,0.7411971830985915,0.7310997177587365,0.9158635250564977,-0.016361278638167498,1.7485990193155077,4.887269788318211
67,4,1.9865949617491827,0.5426314142015245,0.7816901408450704,0.7718077274551467,0.7816901408450704,0.76998183137717,0.9191549895847553,-0.028968851691576036,1.844095402293735,5.355843080414666
68,1,1.9832650886641607,0.5642346772882674,0.7570422535211268,0.7597444671108587,0.7570422535211268,0.7548638737586815,0.9192142529839379,0.004866173775480598,1.844909906387329,5.294335815641615
68,2,1.8797499537467957,0.5397416866487927,0.7605633802816901,0.7492167514153085,0.7605633802816901,0.7471663250177759,0.9228077331847919,0.002176962577073005,1.7762046655019124,5.006435725424025
68,3,1.835545625951555,0.5210801578230329,0.772887323943662,0.7679108004292422,0.772887323943662,0.766583683649924,0.9255354995331873,-0.008204429256830403,1.7573723660575018,4.9026315742068824
68,4,2.022853765222761,0.5823472572697533,0.75,0.7437437215986682,0.75,0.7405691071255934,0.9153886833893463,-0.028599380319787038,1.8433287607298956,5.384035428365071
69,1,2.005363682905833,0.5685590157906214,0.7429577464788732,0.7337583397518497,0.7429577464788732,0.735434878159219,0.9119121983065834,-0.015679162026450033,1.8536234233114455,5.357907758818732
69,2,1.897700031598409,0.5547680838240517,0.7429577464788732,0.7320461602446959,0.7429577464788732,0.732552463571886,0.9165877769876776,0.01098428474865043,1.7834952871004741,5.031207746929592
69,3,1.8562355637550354,0.5446041822433472,0.7605633802816901,0.760479448822166,0.7605633802816901,0.7590135093872734,0.9250752847558388,-0.01812371747438224,1.7579592201444838,4.916708601845635
69,4,2.016980873213874,0.5830493006441329,0.7394366197183099,0.731770990397751,0.7394366197183099,0.7326507659814538,0.9159279044685587,-0.017718864607527696,1.8439213302400377,5.362820996178521
70,1,1.980353421635098,0.5720610602034463,0.7447183098591549,0.746083260896967,0.7447183098591549,0.7396222143607629,0.9123010751864614,-0.018293701258929262,1.8390300671259563,5.266368760002984
70,2,1.9362643228636847,0.588727229171329,0.7394366197183099,0.7323696896871978,0.7394366197183099,0.7345713525048154,0.9056102266727408,-0.023242386830577555,1.7947894997066922,5.0805173714955645
70,3,1.9195384979248047,0.6202273484733369,0.7147887323943662,0.7025710983254169,0.7147887323943662,0.7025447407575403,0.9063696692270498,-0.012433046586840968,1.7728211747275457,4.951264288690355
70,4,2.0482800669140286,0.6223870085345374,0.7253521126760564,0.7146009371082369,0.7253521126760564,0.7118144138359929,0.9038219552023421,-0.02124733616701935,1.8427977561950684,5.375363654560513
71,1,2.0190666053030224,0.5900685522291396,0.7288732394366197,0.7270625800630296,0.7288732394366197,0.7249041586496633,0.9081860259147911,-0.014985851193404232,1.8596200942993164,5.353395130899218
71,2,1.8654310372140672,0.5073244902822707,0.7658450704225352,0.7656143289360332,0.7658450704225352,0.7571564554097147,0.9303497912112941,-0.009868013514689356,1.7829312880833943,5.034346169895596
71,3,1.8882435427771673,0.5850402530696657,0.7429577464788732,0.7293063382095325,0.7429577464788732,0.7317267750559766,0.9105583777821797,-0.023234789269396705,1.7579264375898573,4.929051094584995
71,4,2.0085138744778104,0.56694386071629,0.7517605633802817,0.7581481597083146,0.7517605633802817,0.7467770657276439,0.9157367543515982,-0.017652491986153596,1.8379498852623835,5.372177004814148
72,1,1.9656117028660245,0.5671776549683677,0.7253521126760564,0.719028566307343,0.7253521126760564,0.7165556585784852,0.9099527814006118,-0.004468363717426538,1.8293170200453863,5.22862430413564
72,2,1.8986137840482924,0.5697850402858522,0.7517605633802817,0.7453342852228705,0.7517605633802817,0.7448189770204048,0.9168907642226956,-0.014117385832736584,1.77573870950275,4.999213973681132
72,3,1.9401474396387737,0.6375152816375097,0.7147887323943662,0.7041316121248349,0.7147887323943662,0.7032905553274064,0.9013138039385427,-0.009638765972597163,1.7710257371266682,4.979622324307759
72,4,2.1047924293412104,0.6444455103741752,0.7359154929577465,0.7433657961922479,0.7359154929577465,0.7289114890114757,0.8990882838517048,-0.03470603745762446,1.8645638161235385,5.512268424034119
73,1,2.036051266723209,0.6191660546594195,0.7165492957746479,0.7072052766766438,0.7165492957746479,0.7069138657139398,0.8979028027889385,-0.012004755953089807,1.8542455964618259,5.342116594314575
73,2,1.9247882233725653,0.5879185431533389,0.7447183098591549,0.737123504925224,0.7447183098591549,0.7374228334531248,0.9137713851717703,0.0017232486852398754,1.7845033804575603,5.0441505379147
73,3,1.9389817317326863,0.6515532665782504,0.7341549295774648,0.7253226596420629,0.7341549295774648,0.7201747367468273,0.8977954578057135,-0.022472041653636587,1.7644625968403287,4.942981349097358
73,4,2.015474922127194,0.55533300836881,0.7359154929577465,0.7299959227176159,0.7359154929577465,0.7297632464570213,0.914584732397869,-0.016720508898022013,1.8589889407157898,5.422472529941135
74,1,2.0091021590762668,0.5923325518767039,0.75,0.7383097605239279,0.75,0.738875130908419,0.9039702141716337,-0.014712020483352184,1.8473903470569186,5.314897696177165
74,2,1.9213554991616144,0.5854423592487971,0.75,0.743315655907353,0.75,0.7362580637515928,0.9051075775765767,0.00999243951013562,1.790768649843004,5.03848593764835
74,3,1.9349814984533522,0.6544960919353697,0.7130281690140845,0.7117597372092184,0.7130281690140845,0.7043337208173673,0.8955207497626705,-0.0147123298631755,1.764585256576538,4.922780619727241
74,4,2.017158978515201,0.5777877320845922,0.727112676056338,0.7199690430964554,0.727112676056338,0.7192919307824659,0.9148151544283147,-0.014278316059208818,1.8452313145001729,5.37569178475274
75,1,1.9843659930759006,0.5494436721007029,0.7570422535211268,0.7524466271096989,0.7570422535211268,0.7518841467384345,0.9192984491497516,-0.020072359328731748,1.8530871007177565,5.332517915301853
75,2,1.9039156569374933,0.5577709111902449,0.7658450704225352,0.7607880964382445,0.7658450704225352,0.7569357636198427,0.9197708503193538,-0.004214541553554607,1.7805664539337158,5.044919941160414
75,3,1.8639556235737271,0.5751660797331068,0.7447183098591549,0.746114271441003,0.7447183098591549,0.7325090636999837,0.9174010026070522,0.0019129242933262347,1.7455352478557162,4.871131036016676
75,4,2.012922485669454,0.5539730075332854,0.7623239436619719,0.7615759088763784,0.7623239436619719,0.753534159073153,0.9181451377474761,-0.01997092300531733,1.8520584834946527,5.417137768533495
76,1,1.9895012974739075,0.5809801734156079,0.727112676056338,0.723778738125468,0.727112676056338,0.7225081931549436,0.9052450589634197,-0.03161887213771175,1.840588563018375,5.276050382190281
76,2,1.866361267036862,0.5174395442008972,0.7711267605633803,0.7620001847150443,0.7711267605633803,0.7558058614351875,0.9239159346397402,-0.0007398170819254979,1.7801793018976848,5.013845165570577
76,3,1.8564095629586115,0.5505025734504064,0.7605633802816901,0.7471500171411425,0.7605633802816901,0.7473589689240197,0.9192961392344898,-0.01618398614256855,1.7535746031337314,4.903525683614943
76,4,2.0194969839519925,0.5781811078389486,0.7306338028169014,0.7215824858080983,0.7306338028169014,0.7245425103131172,0.9084786386968022,-0.01767894850073093,1.8499274916119046,5.382567273245917
77,1,1.95321120818456,0.5300487892495261,0.772887323943662,0.7690931544457311,0.772887323943662,0.7675609689267032,0.9255748411171822,-0.0020904366361658155,1.8396828638182745,5.273923383818732
77,2,1.8944208025932312,0.5580959949228499,0.7640845070422535,0.7642083358412582,0.7640845070422535,0.7591885475486999,0.916722790165631,-0.01613443502069578,1.7804093427128262,5.012511836157905
77,3,1.837747593720754,0.5343991335895326,0.7482394366197183,0.7430216901539701,0.7482394366197183,0.7431883818092795,0.919737329715512,-0.00041210060927010517,1.751947045326233,4.878893852233887
77,4,1.9905754327774048,0.5601806574397616,0.7323943661971831,0.7224145621229442,0.7323943661971831,0.7227697269218302,0.9174183329004839,-0.01449108032282509,1.8344779080814786,5.32816297478146
78,1,1.9834390017721388,0.5641037689314948,0.7394366197183099,0.7374869374351299,0.7394366197183099,0.7312734616655155,0.9122716408474235,0.003420195692449002,1.8479503724310133,5.295220997598436
78,2,1.9003618624475267,0.5210215399662653,0.7640845070422535,0.7525090369343722,0.7640845070422535,0.7515040090138358,0.9235173608178618,-0.03040063346016897,1.8078300555547078,5.11882237593333
78,3,1.871828019618988,0.5674049175447888,0.7535211267605634,0.747098568397233,0.7535211267605634,0.7450741012010844,0.9148075374435489,-0.022783212457101465,1.7584965891308255,4.915481819046868
78,4,2.006264222992791,0.5465413646565543,0.7605633802816901,0.7608997487911531,0.7605633802816901,0.753101082400466,0.9236519430780968,-0.03038632383116613,1.8513888518015544,5.412284056345622
79,1,1.9685597353511386,0.5415504723787308,0.7658450704225352,0.7602649621432782,0.7658450704225352,0.7617657707446439,0.9156033153866082,0.0194546452714901,1.845353987481859,5.298247893651326
79,2,1.8536073565483093,0.5040019998947779,0.7852112676056338,0.7761270459861346,0.7852112676056338,0.7787673070899536,0.9287463199598918,-0.007415391120121573,1.7788859870698717,5.002686394585504
79,3,1.8628776603274875,0.5371901210811403,0.7623239436619719,0.7547829131357282,0.7623239436619719,0.7516736977091024,0.9184784801594886,-0.022845133220866343,1.7686462667253282,4.9561483595106335
79,4,1.9861610266897414,0.519377147157987,0.7552816901408451,0.7487244145370495,0.7552816901408451,0.7458906307571799,0.9271043425289917,-0.01400059835130607,1.8516877028677199,5.408656477928162
80,1,1.9696391026178997,0.5595361375146441,0.7570422535211268,0.7525739416505264,0.7570422535211268,0.7501758068416192,0.9164400683191061,-0.005185035104083635,1.8434737258487277,5.2598791519800825
80,2,1.9225351479318407,0.5571879926655028,0.7535211267605634,0.751592037475591,0.7535211267605634,0.7491284840346045,0.9187751567453161,-0.02365716971552745,1.79918552769555,5.108344965510899
80,3,1.894672499762641,0.5642502241664462,0.7341549295774648,0.730955282288169,0.7341549295774648,0.724212456782135,0.9195754976057469,-0.021228701913682757,1.769742296801673,4.998990959591335
80,4,1.9830497238371108,0.5168081108066771,0.7517605633802817,0.7456424743926453,0.7517605633802817,0.744731573452653,0.9235197780419768,0.0006109988016713697,1.8508739074071248,5.404279973771837
81,1,1.9903740485509236,0.5776570124758614,0.7623239436619719,0.7523636889672994,0.7623239436619719,0.7539533210930932,0.9193213081316047,-0.013320392030982564,1.8399686813354492,5.286713586913215
81,2,1.8890770739979215,0.5610402656926049,0.7482394366197183,0.7453117548542867,0.7482394366197183,0.7449961774400964,0.9182055469751839,-0.0067463315456028905,1.7765961951679654,4.987829407056172
81,3,1.9237898455725775,0.6626659482717514,0.7095070422535211,0.7086059863951163,0.7095070422535211,0.7001213196276737,0.8913445587356146,-0.0065920901076654825,1.7465309302012126,4.866412215762669
81,4,2.028567817476061,0.6076710207594765,0.727112676056338,0.7253011959546994,0.727112676056338,0.7214818311794993,0.9089901983043693,0.006208974010055157,1.840376443333096,5.343993412123786
82,1,1.9796745048628912,0.5829868730571535,0.7253521126760564,0.7200256921071417,0.7253521126760564,0.7161050199055952,0.902636722390675,-0.010263776686358694,1.8391257524490356,5.238612095514934
82,2,1.862516740957896,0.5296898649798499,0.7552816901408451,0.7467219236132909,0.7552816901408451,0.7448857483635207,0.9231914075306431,0.0016085125001188416,1.7620613773663838,4.972445964813232
82,3,1.8408162064022489,0.5482668777306875,0.7535211267605634,0.7539796976934509,0.7535211267605634,0.7452246432857952,0.9204925444322873,-0.004830198181103862,1.7445633080270555,4.856764396031697
82,4,1.9733433259858026,0.5366532256205877,0.7588028169014085,0.7518970347240677,0.7588028169014085,0.7504371692649715,0.9269543559214091,0.005373222796409283,1.8268429570727878,5.32561997572581
83,1,1.9488466845618353,0.5139058944251802,0.7746478873239436,0.773270157072974,0.7746478873239436,0.7708720963051727,0.9247196712583352,-0.02367137593938229,1.84538420703676,5.297041654586792
83,2,1.86480846007665,0.5203057693110572,0.7711267605633803,0.7611319251678125,0.7711267605633803,0.7646180593888602,0.931008124645772,-0.01059562180598883,1.7794947624206543,5.001981152428521
83,3,1.8364649613698323,0.5236096282800039,0.7711267605633803,0.7659459892713378,0.7711267605633803,0.7656099334056192,0.9269975460975708,0.00969841459669285,1.7576525608698528,4.899793889787462
83,4,1.9343537886937459,0.505630781253179,0.7588028169014085,0.7547062388725716,0.7588028169014085,0.7523035797741947,0.9251386626591112,0.016573182629624372,1.8316351241535611,5.268040590816074
84,1,1.9808798101213243,0.5422469029823939,0.75,0.7384898693665085,0.75,0.7384311461126737,0.9183632433798803,-0.020047803975979273,1.8649497363302443,5.33768974410163
84,2,1.884484072526296,0.5599833263291253,0.75,0.7472500973083618,0.75,0.7470973849116284,0.9212309378412866,0.0015710695434631994,1.7735382119814556,4.974985626008776
84,3,1.837183998690711,0.5261950128608279,0.7676056338028169,0.7622758939372463,0.7676056338028169,0.7548363822621191,0.9235887575823692,-0.007989064788828548,1.772023035420312,4.896158125665453
84,4,1.9930246339903936,0.5013707511954837,0.7658450704225352,0.7665853549024968,0.7658450704225352,0.7597089547381175,0.9338314630675688,-0.019997785413341074,1.8632693688074748,5.473550213707818
85,1,1.9687195022900899,0.5177218599451913,0.7764084507042254,0.7696537725993401,0.7764084507042254,0.7690622715107048,0.920534885641205,-0.013368931440056242,1.8532076676686604,5.354380554623074
85,2,1.856021781762441,0.509769888387786,0.7605633802816901,0.7539796691541656,0.7605633802816901,0.7559715132573894,0.9240802946218144,-0.03154431768028032,1.7776483231120639,4.997275935278998
85,3,1.806172298060523,0.5053268497188886,0.7816901408450704,0.7783437188057851,0.7816901408450704,0.7778583261552402,0.9287419358102791,0.02474395225985948,1.7527691059642367,4.841478149096171
85,4,1.9803735216458638,0.5200901710324817,0.7799295774647887,0.7753352485482562,0.7799295774647887,0.767677750854653,0.9248227917175902,-0.013206175759955308,1.8484352363480463,5.387701193491618
86,1,1.9767223927709792,0.5557332502471076,0.7359154929577465,0.726371564580677,0.7359154929577465,0.7280316297462361,0.9096576174335494,-0.01738881571498574,1.8499949044651456,5.292363550927904
86,2,1.8763268391291301,0.5393353932433658,0.7517605633802817,0.7504650183710961,0.7517605633802817,0.7495308354708945,0.9196113884903626,-0.009875703666192281,1.778016487757365,4.995973375108507
86,3,1.8724873065948486,0.5802008228169547,0.7376760563380281,0.732955233391392,0.7376760563380281,0.732387114149117,0.9068400336323413,0.0030459549287745746,1.7458300524287753,4.887822243902418
86,4,1.976733512348599,0.5167617367373573,0.778169014084507,0.7710143292679109,0.778169014084507,0.7668819217637736,0.927173924618081,-0.00882942383921348,1.8493571745024786,5.383334027396308
87,1,1.9987991319762335,0.5885295768578848,0.7447183098591549,0.7428174198017123,0.7447183098591549,0.740156870533861,0.9129412218250198,0.0006520263790090741,1.8390203648143344,5.289427863226996
87,2,1.8451980418629117,0.4811886250972748,0.7816901408450704,0.7787132042159998,0.7816901408450704,0.7764642050900551,0.9362505928084056,-0.010639092790464266,1.78155740764406,5.027886403931512
87,3,1.8360892203119066,0.5149426973528333,0.7799295774647887,0.7885169232042167,0.7799295774647887,0.7713323980935701,0.9224859738512348,-0.0287391158014072,1.7541487283176846,4.918764154116313
87,4,1.962840113374922,0.4961811486217711,0.7799295774647887,0.780325135038705,0.7799295774647887,0.7739779204980789,0.9324784980654596,0.0001676353190522839,1.842826737297906,5.385044124391344
88,1,1.9699936972724066,0.5547001709540685,0.7623239436619719,0.755907461169576,0.7623239436619719,0.7524640177318065,0.9194772736747494,0.017892648105070852,1.842255261209276,5.2723450263341265
88,2,1.8635747366481357,0.5287130723396937,0.7676056338028169,0.7650002495881796,0.7676056338028169,0.7635813196948493,0.9216124486995878,0.0008008537090807843,1.7738771968417697,4.978251761860317
88,3,1.8624364137649536,0.548624101612303,0.7799295774647887,0.7763774589631305,0.7799295774647887,0.7761569429626232,0.9177935575141137,-0.012474953144418599,1.762050277656979,4.927998330858019
88,4,1.9582160181469388,0.5177984717819426,0.7588028169014085,0.7624563277756373,0.7588028169014085,0.7554533448797119,0.9286028316588986,0.00022158629698876275,1.8357443941964044,5.319190012084113
89,1,1.9323872526486714,0.4920120057132509,0.7799295774647887,0.7751569437280698,0.7799295774647887,0.7742787888647362,0.931653800340267,-0.004955523820231678,1.8475969897376165,5.293262667126125
89,2,1.9062376154793634,0.5512929906447729,0.7535211267605634,0.7492437688461392,0.7535211267605634,0.7484515881902293,0.9193178420481221,-0.026845903426062856,1.7972475356525845,5.06777482562595
89,3,1.8454997936884563,0.5465606533818774,0.7640845070422535,0.7624028512781407,0.7640845070422535,0.7582336743571446,0.9199073346087286,-0.00831005076803204,1.7549929949972365,4.876357608371311
89,4,1.9686065514882405,0.5153651585181555,0.7623239436619719,0.7573579564372486,0.7623239436619719,0.7563754513346009,0.927374652248232,-0.002500688872793866,1.8462935354974535,5.359502991040547
90,1,1.9386032753520541,0.5320768869585462,0.7570422535211268,0.7554111797028017,0.7570422535211268,0.753603942059908,0.9199990176386441,0.008963633716821073,1.8286009894476996,5.22049801879459
90,2,1.8260802163018122,0.4800519016053941,0.7834507042253521,0.7842879310818626,0.7834507042253521,0.7797738281541098,0.9355133511288247,0.017556930098949874,1.7744862304793463,4.966812756326464
90,3,1.8455259998639424,0.5156176487604777,0.7570422535211268,0.7451688662244206,0.7570422535211268,0.7456532216584466,0.9263172423629549,-0.018182167167973606,1.7578048308690388,4.948645326826307
90,4,1.9663664168781705,0.47976264854272205,0.7764084507042254,0.7860405268175863,0.7764084507042254,0.7694707925943708,0.9362899548013914,-0.017103347374637812,1.8490917815102472,5.435108396742079
91,1,1.9561319086286757,0.5170861648188697,0.7535211267605634,0.7456890400016581,0.7535211267605634,0.7463965683115936,0.9268124722743915,-0.012641760488764309,1.8479328751564026,5.313905186123318
91,2,1.9128333926200867,0.5699610875712501,0.7623239436619719,0.7573749556807465,0.7623239436619719,0.7568740741245075,0.9178859296438941,-0.016097182034261914,1.7765425841013591,5.04620193110572
91,3,1.8737069368362427,0.5682169314887788,0.7447183098591549,0.7306982613966396,0.7447183098591549,0.7343246622182257,0.9190541628752885,-0.00841811787784641,1.757863461971283,4.91985011100769
91,4,2.007334146234724,0.5592187444368998,0.7482394366197183,0.7516049332665742,0.7482394366197183,0.7460661366650994,0.9215393234871427,-0.016326925096374456,1.8458144797219171,5.386269860797459
92,1,1.9709675510724385,0.5190874454047945,0.7658450704225352,0.7662547799804272,0.7658450704225352,0.7635432164555332,0.9223701857842656,-0.006895895199016122,1.8562282191382513,5.358687559763591
92,2,1.8686612645785015,0.4999500099155638,0.7711267605633803,0.7646190270076973,0.7711267605633803,0.7615646906897462,0.9297048428528583,-0.03428380001827103,1.7911495963732402,5.062320695983039
92,3,1.8354741864734225,0.48217890163262683,0.7887323943661971,0.7832800737923078,0.7887323943661971,0.7817004081648687,0.9367163388148259,-0.010533886458048869,1.7696879506111145,4.993162963125441
92,4,1.9470710224575467,0.49568882087866467,0.7623239436619719,0.7556173542006186,0.7623239436619719,0.7560494327546969,0.929939229995228,0.0146410071405767,1.8354545566770766,5.333629277017382
93,1,1.9214490320947435,0.5017931875255373,0.772887323943662,0.7709992391869501,0.772887323943662,0.769100737543205,0.9315671499054339,-0.007551266242255883,1.8321746985117595,5.2339791721767845
93,2,1.835568606853485,0.49315587679545086,0.795774647887324,0.7906868823953442,0.795774647887324,0.7901291300528586,0.9302345292526035,0.01057371523460715,1.766616529888577,4.967864804797703
93,3,1.8259752260314093,0.5097981989383698,0.7764084507042254,0.767518494807227,0.7764084507042254,0.7689702226219678,0.9326941891502677,-0.013980959434584106,1.751603643099467,4.897054804695977
93,4,1.9314426249927945,0.46635063075357014,0.795774647887324,0.7949781710706457,0.795774647887324,0.7937881200149235,0.9403936454499093,-0.005492899415020958,1.8294876019159954,5.349990420871311
94,1,1.9555242856343586,0.5076980276240243,0.7588028169014085,0.7541529645594252,0.7588028169014085,0.7543071589335967,0.9261042516060954,-0.015415986141659177,1.8519711361991034,5.333785507414076
94,2,1.8379804359541998,0.47133773896429276,0.8063380281690141,0.8024626311756315,0.8063380281690141,0.7981086355430759,0.9347288963542554,-0.010461328779790335,1.7789294785923428,5.026813268661499
94,3,1.7990533113479614,0.48716649909814197,0.7816901408450704,0.7809571417527567,0.7816901408450704,0.7769601645217128,0.9346288955531077,0.005431577953230793,1.7479823893970914,4.860122362772624
94,4,1.9534810185432434,0.4988025410307778,0.7887323943661971,0.7854803682527887,0.7887323943661971,0.784564777563471,0.932694930347798,-0.013764090064915857,1.834610402584076,5.347730623351203
95,1,1.9740012221866183,0.5323352267344793,0.7570422535211268,0.7504159867222137,0.7570422535211268,0.7512341407818128,0.9187206826214328,-0.03271839285400846,1.846300224463145,5.337888267305162
95,2,1.8525872826576233,0.49862536208497155,0.7693661971830986,0.7644227963656913,0.7693661971830986,0.7636003749081175,0.9259619007926105,0.028134698919898393,1.7770092421107822,5.011831614706251
95,3,1.799831039375729,0.48661960164705914,0.7816901408450704,0.7785004526653629,0.7816901408450704,0.7767328976348812,0.9332861795033103,0.0171954849261865,1.7452624373965793,4.8639909161461725
95,4,1.9188706278800964,0.4622717234823439,0.7940140845070423,0.791510391542665,0.7940140845070423,0.7903382864029095,0.9400943145231924,-0.016292569399947388,1.8307543728086684,5.3176012304094105
96,1,1.952096700668335,0.5124706212017272,0.7676056338028169,0.7734657947686117,0.7676056338028169,0.7653929483423396,0.9244634136556641,-0.04267692956109781,1.8430827723609076,5.311223983764648
96,2,1.8621659874916077,0.5017506529887518,0.7764084507042254,0.7640632379868805,0.7764084507042254,0.7665293661702034,0.9329236527271835,0.011109445735023926,1.7862557305230036,5.036468346913655
96,3,1.8420544928974576,0.5347490741146935,0.7640845070422535,0.7599855589977343,0.7640845070422535,0.7597277889421595,0.9232241645046584,0.00993517188556503,1.7488467627101474,4.892433616850111
96,4,1.9625609583324857,0.5251160115003586,0.7605633802816901,0.75862233740431,0.7605633802816901,0.7546274990004301,0.9285525673565257,-0.022991378749807945,1.829743464787801,5.31659898493025
97,1,1.9589712619781494,0.5867630177074008,0.7429577464788732,0.7376463284527222,0.7429577464788732,0.7371252867091024,0.9150088305761359,0.01426454135776234,1.8181716865963407,5.160790271229214
97,2,1.8954944941732619,0.5656924446423849,0.7623239436619719,0.757438845818578,0.7623239436619719,0.7519470723477665,0.9215791826560482,-0.0029089079353092906,1.7786278128623962,4.998365733358595
97,3,1.827213082048628,0.5188435879018571,0.7482394366197183,0.7404338529912627,0.7482394366197183,0.7395257452371427,0.9299841751850956,-0.0032545773525272104,1.7509573764271207,4.880075070593092
97,4,1.95727186732822,0.500461022886965,0.7676056338028169,0.7688680061468467,0.7676056338028169,0.7653879911040025,0.9325076985694984,0.008617614988136735,1.8385818401972454,5.356496943367852
98,1,1.9110817246966891,0.46892120440800983,0.7940140845070423,0.785368740934555,0.7940140845070423,0.7853389313676574,0.9385211479131655,0.0005236376410233667,1.840854611661699,5.276122689247131
98,2,1.843677858511607,0.4620116055011749,0.7869718309859155,0.7918285992086663,0.7869718309859155,0.7836720377579588,0.93369172456816,-0.03798793951482682,1.785048418574863,5.067565560340881
98,3,1.8191856609450445,0.512845367193222,0.7640845070422535,0.7569033153892679,0.7640845070422535,0.7584894104488314,0.9316567605361847,0.011165426343676232,1.7533091836505466,4.867312934663561
98,4,1.950569576687283,0.45228830973307294,0.7816901408450704,0.7843599744187087,0.7816901408450704,0.7805816365391285,0.9404920880547579,-0.006429797393305403,1.8611347807778253,5.446558952331543
99,1,1.8983654843436346,0.4649249033795463,0.7658450704225352,0.7583306296640603,0.7658450704225352,0.7581363102980986,0.9335021166501591,-0.0180378308838256,1.8340916302469041,5.243059992790222
99,2,1.8335286180178325,0.4811650514602661,0.7816901408450704,0.7749125687371847,0.7816901408450704,0.7767605866924239,0.9306845379421884,0.024943535793160665,1.7752738661236234,4.989043500688341
99,3,1.8389098180664911,0.4975661635398865,0.778169014084507,0.7738646593865264,0.778169014084507,0.7745207839568663,0.9295463307022915,-0.014785287426671623,1.773301985528734,4.968711548381382
99,4,1.9567683471573725,0.4828767221834924,0.778169014084507,0.7731463771052144,0.778169014084507,0.7721162200475581,0.9342191505515034,-0.0190080623883202,1.8533816867404513,5.395848658349779
100,1,1.9407545328140259,0.4991825537549125,0.7693661971830986,0.7694025345472106,0.7693661971830986,0.7684530145646984,0.9287532164841444,-0.031041504922911578,1.8467385437753465,5.30442229906718
100,2,1.8531907796859741,0.5010457866721683,0.7746478873239436,0.7696118393933582,0.7746478873239436,0.7681823844238392,0.9269934140661882,0.023893835361724514,1.7737288077672322,5.0081955724292335
100,3,1.838054809305403,0.5119062446885638,0.7535211267605634,0.745758607118645,0.7535211267605634,0.7449286661662131,0.9264178842198518,0.0013716749825595231,1.7551432583067152,4.932401220003764
100,4,1.970588551627265,0.49302429623074,0.772887323943662,0.7708411426522093,0.772887323943662,0.7693899026972473,0.9311195681110185,-0.03359880362800727,1.8541003664334614,5.418238282203674
101,1,1.9165791008207533,0.4683135896921158,0.7940140845070423,0.791424175052478,0.7940140845070423,0.7901804203886317,0.9406182236545302,0.0008314334240588916,1.8464761508835688,5.295865045653449
101,2,1.8201244274775188,0.46338868141174316,0.8133802816901409,0.8076135033971716,0.8133802816901409,0.8096631072818716,0.9384348197327751,-0.0065949252996289065,1.773119032382965,4.985841062333849
101,3,1.7919439276059468,0.4428655157486598,0.7992957746478874,0.790629659127795,0.7992957746478874,0.7921237166058971,0.9404839292006885,0.00046228384831425995,1.7694544593493144,4.939793388048808
101,4,1.9363855653338962,0.43147336277696824,0.801056338028169,0.8050101703736748,0.801056338028169,0.7967108946956785,0.9442825569336745,-0.012825148749658455,1.8574041459295485,5.447847194141811
102,1,1.9175398680898879,0.48953066766262054,0.7764084507042254,0.7624553091266228,0.7764084507042254,0.7664680152591095,0.9305897280177085,-0.044434240476485254,1.8346844249301486,5.249561124377781
102,2,1.819643537203471,0.45718544390466476,0.8080985915492958,0.802082166582491,0.8080985915492958,0.8019105274247386,0.9398460462497364,0.0034664470685464854,1.76811103688346,4.998712182044983
102,3,1.7646212975184123,0.44374292757776046,0.8028169014084507,0.8037309825199134,0.8028169014084507,0.7989909050195666,0.9443664918812791,0.01913959736276094,1.745297696855333,4.846670654084948
102,4,1.963402529557546,0.5110342171457078,0.7764084507042254,0.7710973800189873,0.7764084507042254,0.7711794991567993,0.9305561653781863,0.011548634797501234,1.8316752910614014,5.352261715465122
103,1,1.9201351205507915,0.5085335779521201,0.7658450704225352,0.7663009441054037,0.7658450704225352,0.7617879697220331,0.9242285606783491,-0.0023372300281034875,1.823752270804511,5.21387177043491
103,2,1.814151598347558,0.454400176803271,0.7940140845070423,0.7892574230219669,0.7940140845070423,0.789032562654126,0.9412011241374146,0.003524413938071236,1.7699485884772406,4.986904660860698
103,3,1.829572704103258,0.4762180646260579,0.7887323943661971,0.7791254023845572,0.7887323943661971,0.7804087964502506,0.9364260113449037,-0.013323333923124014,1.7661686738332112,4.987400028440687
103,4,1.9065982037120395,0.4709324820174111,0.7869718309859155,0.7972961340454602,0.7869718309859155,0.7858572802495001,0.9394798702883888,0.0064141722504458265,1.8119877643055387,5.25648476017846
104,1,1.9303353230158489,0.5015311936537424,0.7535211267605634,0.7465025622344716,0.7535211267605634,0.7448493148978665,0.9246732399229365,0.005276222268149389,1.8385293814871047,5.264211389753553
104,2,1.8507291939523485,0.5147816754049725,0.7711267605633803,0.7670796623219692,0.7711267605633803,0.7643643699537915,0.9302219615392084,-0.00015369001231446688,1.7622489862971835,4.967939880159166
104,3,1.8316866490576003,0.5079333144757483,0.7676056338028169,0.7629091772965343,0.7676056338028169,0.760393599038542,0.9311688655045491,-0.01986598436276421,1.7580979201528761,4.920444223615858
104,4,1.9571189946598477,0.5003896488083733,0.7570422535211268,0.7600789242120041,0.7570422535211268,0.7551927951124585,0.9321367116651542,0.0034904190215698794,1.842322912481096,5.3561539385053845
105,1,1.928969634903802,0.5060883810122808,0.778169014084507,0.7718454164142861,0.778169014084507,0.7733329189974257,0.9295147065718722,0.00616934089227561,1.8274259368578594,5.249025742212932
105,2,1.854275855753157,0.4815928025378121,0.7922535211267606,0.7889445684095894,0.7922535211267606,0.7884723044852638,0.934873330940531,-0.00979437771525804,1.790312647819519,5.057202855745952
105,3,1.8017640709877014,0.5142295310894648,0.7376760563380281,0.7350610107880565,0.7376760563380281,0.7311177336556022,0.9307719331790762,0.011670159595674856,1.7438033752971225,4.806011199951172
105,4,1.951890766620636,0.4882404539320204,0.7887323943661971,0.7841070052153718,0.7887323943661971,0.7842315142468502,0.9361837350186241,-0.001645667283556973,1.8473314974043105,5.367074622048272
106,1,1.922507597340478,0.4914817114671071,0.7887323943661971,0.7848302820995526,0.7887323943661971,0.7848973668647028,0.9334656869797902,-0.01016201584267562,1.8389684822824266,5.261567817793952
106,2,1.8387983640034993,0.4698270360628764,0.7887323943661971,0.7803025225528998,0.7887323943661971,0.7821557699692248,0.9351419961919369,-0.04139804264221225,1.776535153388977,5.033064577314589
106,3,1.822963297367096,0.4883488996161355,0.7816901408450704,0.781967266562337,0.7816901408450704,0.7772726100190889,0.9308835926559957,0.008084709081975672,1.7541995180977716,4.937063389354282
106,4,1.926983614762624,0.4433856921063529,0.7940140845070423,0.7898633230080933,0.7940140845070423,0.7911637854352547,0.9455886494165562,-0.0022466219468442183,1.8496377136972215,5.3887118101119995
107,1,1.930274572637346,0.48328172001573777,0.7799295774647887,0.7755864635885128,0.7799295774647887,0.7753622314728573,0.929089827169417,-0.013068181116838273,1.8351796666781108,5.306590927971734
107,2,1.8492208454344008,0.48004666301939225,0.795774647887324,0.7962288519827203,0.795774647887324,0.7947171575661862,0.9339777294941105,-0.008886297256890163,1.787725157207913,5.043960478570726
107,3,1.8207537631193798,0.4573898994260364,0.8045774647887324,0.8002766399032153,0.8045774647887324,0.7996977968975378,0.9421130932444453,-0.05893104205192223,1.7737725244628058,5.001935905880398
107,4,1.9198523230022855,0.4531253973642985,0.7869718309859155,0.7940602882632242,0.7869718309859155,0.7818130188398628,0.9385528802339158,0.02904679931378451,1.8343639373779297,5.342214981714885
108,1,1.8928570416238573,0.45880506767166984,0.7940140845070423,0.7904172605944103,0.7940140845070423,0.7901461248847598,0.9367049070220456,0.01863663008518257,1.8412466446558635,5.238978253470527
108,2,1.806749039226108,0.4410674340195126,0.7975352112676056,0.7931493808418715,0.7975352112676056,0.7928371948033973,0.9417426921591913,-0.023659760265168694,1.7739121052953932,4.993339247173733
108,3,1.8122024138768513,0.48544111020035213,0.7922535211267606,0.7913843369955351,0.7922535211267606,0.7842257435089539,0.9339543859087016,-0.0013215421290568852,1.7585009336471558,4.907978614171346
108,4,1.9308860235744052,0.4643261002169715,0.7975352112676056,0.7977776611492668,0.7975352112676056,0.7923847644154559,0.941797049172336,0.0018858156315486596,1.8403931326336331,5.352858940760295
109,1,1.933306634426117,0.5122632947232988,0.7676056338028169,0.7649262291864907,0.7676056338028169,0.7649170641062436,0.9277475547420029,-0.010651356699280745,1.8321542607413397,5.249074233902825
109,2,1.8103910485903423,0.48114993009302354,0.7869718309859155,0.787233854478783,0.7869718309859155,0.7837881389627165,0.936655544734696,0.041365888384898075,1.7599954737557306,4.911953383021885
109,3,1.8291467030843098,0.5081766943136851,0.772887323943662,0.7665932377270234,0.772887323943662,0.7657635774565253,0.9317353892626468,-0.015454807551390504,1.7555562059084575,4.911409934361775
109,4,1.9571903414196439,0.5089621345202128,0.7693661971830986,0.7676608247649993,0.7693661971830986,0.7648605292283377,0.9321243999672029,-0.007816095620257979,1.8452728125784132,5.336389223734538
110,1,1.9533960885471768,0.5501481145620346,0.7605633802816901,0.7634059813220303,0.7605633802816901,0.7551516497541628,0.920755809862563,0.005283436768903527,1.8206436236699421,5.227641118897332
110,2,1.8834757937325373,0.5452927334441079,0.7816901408450704,0.78215561621052,0.7816901408450704,0.7738608775916364,0.9251200874321748,-0.00774886711065137,1.769894176059299,5.005902740690443
110,3,1.8236960503790114,0.5173864165941874,0.772887323943662,0.7681681347001478,0.772887323943662,0.7675544383387606,0.9268784809670025,0.014465320511126478,1.7466554244359334,4.871751705805461
110,4,1.9216927488644917,0.4249936408466763,0.7940140845070423,0.7980210528456737,0.7940140845070423,0.7908932648149887,0.9473072269794939,-0.03442366056156976,1.840181099043952,5.413990378379822
111,1,1.877132409148746,0.45138506756888497,0.7940140845070423,0.7891608074095531,0.7940140845070423,0.7911176832807424,0.9387793974698666,0.0023258244904423853,1.8214420676231384,5.2038760582606
111,2,1.8003284931182861,0.4507054504421022,0.795774647887324,0.7925413164365105,0.795774647887324,0.7891293642568734,0.9424357409854969,-0.012504318939567272,1.7679255207379658,4.9494487047195435
111,3,1.813455171055264,0.49903230037954116,0.7676056338028169,0.7578184181972232,0.7676056338028169,0.7607536263546517,0.9298967250943201,0.002300934343101191,1.7478093769815233,4.880441639158461
111,4,1.9535766608185239,0.4719513522254096,0.7816901408450704,0.7781147331473646,0.7816901408450704,0.7768169437087307,0.9359299672505408,-0.005597257028763458,1.8415961861610413,5.410702096091376
112,1,1.8926834132936265,0.449541375041008,0.7834507042253521,0.7849457604912089,0.7834507042253521,0.7827845788293806,0.9375641378900477,0.0006245094504232496,1.8364043765597873,5.260014666451348
112,2,1.8460044529702928,0.5008505268229378,0.7940140845070423,0.789577621512607,0.7940140845070423,0.7863552815279227,0.9295165670708683,-0.026246614902553533,1.7649467587471008,4.984696706136067
112,3,1.8516837490929499,0.5464393761422899,0.7535211267605634,0.7468892912718658,0.7535211267605634,0.7462035264193783,0.9281164490813939,-0.01564030844918074,1.7535496883922153,4.897253778245714
112,4,1.9627061949835882,0.4810050692823198,0.7852112676056338,0.7831082893385828,0.7852112676056338,0.7789889152159143,0.9352274221843625,-0.025535254254951845,1.8469699091381497,5.42000859313541
113,1,1.916318462954627,0.475200076897939,0.7834507042253521,0.7744931478864486,0.7834507042253521,0.7765186465290923,0.9314573702681236,0.005587408678357941,1.8458472887674968,5.278927829530504
113,2,1.8492627011405096,0.4689226382308536,0.7904929577464789,0.7866337661413919,0.7904929577464789,0.7867429311919785,0.9360441289903892,-0.02482494114960554,1.784235782093472,5.070055974854363
113,3,1.7414994405375586,0.41222460485166973,0.8063380281690141,0.7987815494258206,0.8063380281690141,0.7995396222829312,0.9506611562213071,0.007593055349154998,1.7540311879581876,4.84314058886634
113,4,1.9147471918000116,0.42644502305322224,0.8151408450704225,0.8202532388003912,0.8151408450704225,0.8122562543539222,0.9451625729335342,0.011495640864561452,1.8469589352607727,5.38745211230384
114,1,1.8635511464542813,0.41297199991014266,0.8080985915492958,0.8037635150592822,0.8080985915492958,0.8052734549861743,0.9488918246538733,-0.029463448752806487,1.839528414938185,5.248235636287266
114,2,1.7831902239057753,0.43347469137774575,0.8257042253521126,0.8232464225154538,0.8257042253521126,0.8208942443824304,0.9441249790854718,0.027276172022965506,1.7681681513786316,4.93252628379398
114,3,1.7988608413272433,0.4350664019584656,0.7869718309859155,0.787108429620523,0.7869718309859155,0.781882771829195,0.9435051801045573,-0.038076801441988994,1.7674242456754048,4.981047696537441
114,4,1.8882276349597507,0.4062572568655014,0.8133802816901409,0.816485974484358,0.8133802816901409,0.8100510807807838,0.949190680119024,0.007330508071172082,1.8371949593226116,5.346158292558458
115,1,1.8809021645122104,0.43745114074812996,0.7869718309859155,0.7831806613529972,0.7869718309859155,0.7818933147276209,0.9393884217523871,0.01865600680421131,1.8310715225007799,5.248954428566827
115,2,1.8057175742255316,0.4268549184004466,0.801056338028169,0.7979997617228517,0.801056338028169,0.7967245734544602,0.9412267078922034,-0.007488932716831265,1.7769247359699674,5.023063487476772
115,3,1.783060332139333,0.43607383635309005,0.795774647887324,0.7939779415544361,0.795774647887324,0.7929353881585448,0.9474213256899873,-0.03118455373617679,1.7559599942631192,4.926028596030341
115,4,1.9062936570909288,0.42584232489267987,0.7940140845070423,0.790531581776416,0.7940140845070423,0.7911379922276883,0.9486905028833847,0.010075264916748594,1.83966726064682,5.360679891374376
116,1,1.8783862789471943,0.4173651900556352,0.8045774647887324,0.8005481070181775,0.8045774647887324,0.8006282770467088,0.9474298843935695,-0.0005982352518769662,1.8432135317060683,5.287435266706678
116,2,1.7873450252744887,0.4167233837975396,0.823943661971831,0.8182337874854099,0.823943661971831,0.8188499187623568,0.9489751936671039,-0.013109509330584412,1.766763793097602,4.985462016529507
116,3,1.7969868845409818,0.45996396740277606,0.795774647887324,0.7905469921314993,0.795774647887324,0.78965950300632,0.9413669408942263,0.0069056029206857605,1.7677268981933594,4.916706866688198
116,4,1.8934823274612427,0.4242255985736847,0.7940140845070423,0.7910184935854405,0.7940140845070423,0.7845501138945886,0.9449544509651484,0.0010549468530165473,1.8387696478101943,5.321747832828098
117,1,1.8867300020323858,0.45777742399109733,0.7816901408450704,0.7806033236935617,0.7816901408450704,0.7790246517086848,0.9350309708193472,0.002184099174049936,1.826824128627777,5.22095247109731
117,2,1.7959600422117445,0.42727696233325535,0.8063380281690141,0.8027533872862759,0.8063380281690141,0.8036617470295373,0.9457014653579013,-7.5955813014561e-05,1.7720419499609206,4.989553742938572
117,3,1.7586099704106648,0.4257013714975781,0.801056338028169,0.7987411456415509,0.801056338028169,0.7963645482942701,0.9431450529865778,-0.0036615629351801626,1.7518206569883559,4.868729843033685
117,4,1.8813823858896892,0.4077845025393698,0.8133802816901409,0.8078829263679898,0.8133802816901409,0.8057021539233175,0.9507958576175708,0.012404689000549696,1.8319468763139513,5.31977723704444
118,1,1.9070345097117953,0.4848415338330799,0.7869718309859155,0.789744561079586,0.7869718309859155,0.7857621687799706,0.9344084799902515,2.293741515346781e-05,1.8392951753404405,5.225484556621975
118,2,1.8024961021211412,0.4215491803156005,0.8133802816901409,0.8091341817046043,0.8133802816901409,0.8100807182160138,0.9441116289085241,-0.0244053718605306,1.7868774400817022,5.024705357021755
118,3,1.7915120191044278,0.44649050136407215,0.7852112676056338,0.7854836057286648,0.7852112676056338,0.7807298206714766,0.9416848482816284,-0.011744297425434036,1.752402212884691,4.929895334773594
118,4,1.9079176187515259,0.4498872806628545,0.7904929577464789,0.7970401302805098,0.7904929577464789,0.7845386003687302,0.9424917017923672,0.00991486268500652,1.8314806752734714,5.309988273514642
119,1,1.8876976701948378,0.44980398648315006,0.8045774647887324,0.7998739102377967,0.8045774647887324,0.800241735715848,0.9405163591584621,-0.020839957228588668,1.8391752176814609,5.24278265900082
119,2,1.8144182165463765,0.44892315483755535,0.8045774647887324,0.8031188749951836,0.8045774647887324,0.8016327938411915,0.9465103628155729,0.0034050047213076695,1.77461838722229,5.000573145018683
119,3,1.754961417780982,0.4344225641753938,0.8098591549295775,0.8035511234376838,0.8098591549295775,0.8014431848334866,0.9433018600540779,-0.02320182443302743,1.7384821640120611,4.836218582259284
119,4,1.9175535937150319,0.45155567013555103,0.801056338028169,0.8024339997097595,0.801056338028169,0.7994295496399577,0.9388401251415411,0.01478306810307306,1.834840092394087,5.338215231895447
120,1,1.9068993661138747,0.4527646601200104,0.7922535211267606,0.7842904668549513,0.7922535211267606,0.784176772319724,0.9356895615684139,-0.00569796041129722,1.8432439963022869,5.299880226453145
120,2,1.825437969631619,0.43637653936942417,0.7992957746478874,0.7993210036377613,0.7992957746478874,0.7978428168272813,0.9421585046642995,-0.020443822659774513,1.7927842405107286,5.066581063800388
120,3,1.8194635311762493,0.4589153279860814,0.7887323943661971,0.7909520476170375,0.7887323943661971,0.7845957865669886,0.938579130017615,-0.032994381122591454,1.7662572198443942,4.994075801637438
120,4,1.9267259769969516,0.4577697399589751,0.7887323943661971,0.7847710414173277,0.7887323943661971,0.7821305882163485,0.9436859112862306,0.022411154899183994,1.8403536743587918,5.354290339681837
121,1,1.8945364091131423,0.4638139605522156,0.7975352112676056,0.7954386899981198,0.7975352112676056,0.7936241729204468,0.9362305330104331,-0.005753833716756196,1.8349906735950046,5.232888552877638
121,2,1.7958797415097554,0.4067944768402312,0.8221830985915493,0.823252094370628,0.8221830985915493,0.8193178682916642,0.9503711488104354,-0.013178908423158608,1.7795831031269498,5.0370785925123425
121,3,1.8143960502412584,0.4788788946138488,0.7904929577464789,0.7841962266067937,0.7904929577464789,0.78589286561602,0.9332192985320614,-0.005631692322966009,1.7616109450658162,4.930602537261115
121,4,1.9117415216233995,0.4164361076222526,0.7992957746478874,0.799454213101419,0.7992957746478874,0.7953299157562297,0.9464825594680841,0.0018786655567013533,1.8465578224923875,5.400787274042766
122,1,1.8609556290838454,0.39840923249721527,0.8257042253521126,0.8254210721847424,0.8257042253521126,0.8236355336958613,0.9526651534851491,-0.012999911868301739,1.8441214164098103,5.273563755883111
122,2,1.8104956414964464,0.44333520862791276,0.8063380281690141,0.8048854585907316,0.8063380281690141,0.8023409240407942,0.9470170034561997,-0.006177213112143809,1.7845384346114264,5.000536547766791
122,3,1.7948180304633246,0.4675450010432137,0.7746478873239436,0.7740805510214841,0.7746478873239436,0.7697696418240293,0.9365893528416287,-0.006532222211670158,1.7605292068587408,4.891788257492913
122,4,1.907936281628079,0.4143043930331866,0.8204225352112676,0.8263484840971077,0.8204225352112676,0.8177800189350641,0.9502943633336756,-0.004358319647693065,1.843518488936954,5.393077095349629
123,1,1.8697154389487372,0.43107038570774925,0.7887323943661971,0.7870757741135663,0.7887323943661971,0.7850252354184405,0.9425728433291627,0.020143610809737478,1.832686225573222,5.226553678512573
123,2,1.7799240681860182,0.41126247412628597,0.823943661971831,0.8224733341569888,0.823943661971831,0.8216317556432381,0.9488823963116308,-0.008423132650833942,1.7727909220589533,4.973467614915636
123,3,1.7634253170755174,0.4381161944733726,0.8133802816901409,0.8147463314797718,0.8133802816901409,0.8076826495199537,0.9434622005258665,-0.013847859238802274,1.7537784179051716,4.855813185373942
123,4,1.9055535528394911,0.4426383111211989,0.7799295774647887,0.7782825283251417,0.7799295774647887,0.7760225669233557,0.9378618590963528,0.022584599428925656,1.8375061286820307,5.3190222183863325
124,1,1.8824132084846497,0.4444028221898609,0.7887323943661971,0.7922213837709835,0.7887323943661971,0.7886979153406027,0.9380316288227042,-0.018523061253292727,1.8358564840422735,5.237770636876424
124,2,1.7920824554231432,0.431834081808726,0.8133802816901409,0.810918284509965,0.8133802816901409,0.8099754780201104,0.9432070809435675,0.006156364794977165,1.777665952841441,4.965995205773248
124,3,1.7988401982519362,0.4598590400483873,0.7852112676056338,0.7828459110331415,0.7852112676056338,0.7764607786427419,0.9403766621888021,-0.007999045348061617,1.762294265958998,4.923129439353943
124,4,1.9464125567012363,0.4503940012719896,0.7869718309859155,0.7882808319308214,0.7869718309859155,0.785002142490217,0.9430768493486452,-0.027193431685279545,1.854966978232066,5.43712231847975
125,1,1.8936775028705597,0.45026959147718215,0.7992957746478874,0.7926948271961317,0.7992957746478874,0.7928446600678246,0.9385762289660519,-0.004545269070045155,1.8306279579798381,5.261629078123304
125,2,1.825241035885281,0.44521673685974544,0.8045774647887324,0.7960048018015995,0.8045774647887324,0.7984404992062558,0.9449605347377701,0.015579853432251878,1.7892390092213948,5.045297529962328
125,3,1.7603641880883112,0.45194615175326663,0.795774647887324,0.7980732374447578,0.795774647887324,0.7936476136622568,0.944159130769914,0.012569037385858461,1.7330006427235074,4.813339485062493
125,4,1.9034032556745741,0.4542088823186027,0.7852112676056338,0.785023948874319,0.7852112676056338,0.7827576193718814,0.9391423149523991,0.02183262045058687,1.8151815003818936,5.2848565975824995
126,1,1.8594946795039706,0.4170234070883857,0.8151408450704225,0.8127249680841125,0.8151408450704225,0.8131870188055123,0.945934191435492,-0.006357617560568185,1.8344363239076402,5.225260853767395
126,2,1.765467233128018,0.3874749963482221,0.8274647887323944,0.8255490083384616,0.8274647887323944,0.8241349634150666,0.9535868966493865,0.0155001790847481,1.770980676015218,4.980782296922472
126,3,1.753737701310052,0.4163749756084548,0.8098591549295775,0.8095716930930678,0.8098591549295775,0.8046824047425933,0.9501826403444495,0.016334024322929408,1.7577236692110698,4.874250557687548
126,4,1.9212110969755385,0.4329374068313175,0.7992957746478874,0.7981897396646108,0.7992957746478874,0.7944944248217379,0.9468040055818546,-0.03666103322859904,1.8416040274831984,5.3938495715459185
127,1,1.9023388491736517,0.4456935657395257,0.795774647887324,0.7965866868694629,0.795774647887324,0.7944135086748545,0.9392409080051112,-0.0191102406070347,1.8333884610070124,5.3011776606241865
127,2,1.7995636463165283,0.4103361972504192,0.8169014084507042,0.8133876015913976,0.8169014084507042,0.8100451029025305,0.947361369240308,-0.01837002957555356,1.7879265679253473,5.041094223658244
127,3,1.744789805677202,0.43051325115892625,0.7816901408450704,0.7766086283921572,0.7816901408450704,0.778385189388753,0.9465798391853384,0.02012445182174527,1.7375658286942377,4.8114349312252465
127,4,1.8877200020684137,0.4262271391020881,0.7887323943661971,0.7896864140132565,0.7887323943661971,0.7851110160375085,0.9418074052312617,0.012117248869287556,1.8256510098775227,5.297869854503208
128,1,1.8771267467074924,0.4322945773601532,0.7940140845070423,0.7933629505792189,0.7940140845070423,0.7905494490699513,0.941357198976591,-0.002851610549075456,1.8365351690186396,5.248401602109273
128,2,1.7648398578166962,0.4085770199696223,0.8133802816901409,0.8099569640062597,0.8133802816901409,0.8103867771848483,0.9472598234695896,-0.012900037969183042,1.7648202445771959,4.929453002081977
128,3,1.7717832790480719,0.45391970376173657,0.7975352112676056,0.7927274146328062,0.7975352112676056,0.7931098262414988,0.940587993206489,0.016056643280336735,1.7445504599147372,4.846798128551907
128,4,1.9354456928041246,0.4598318570190006,0.7975352112676056,0.7895486397117083,0.7975352112676056,0.7905526808863027,0.9446012415762677,-0.012535638162546991,1.8431988093588088,5.3785444895426435
129,1,1.9025626513693068,0.484366324212816,0.7852112676056338,0.7839352816668298,0.7852112676056338,0.7794188088101454,0.9278772180687092,0.0036003189584337125,1.8262674477365282,5.211687286694844
129,2,1.8110926151275635,0.4341173337565528,0.8080985915492958,0.8059160328500484,0.8080985915492958,0.8052326833887583,0.9449504668941512,-0.024491806100824576,1.7971717317899067,5.024034791522556
129,3,1.7434826095898945,0.44912316732936436,0.8098591549295775,0.8068481393424771,0.8098591549295775,0.8053919708486201,0.9447502948338841,0.0515196123600995,1.7372979521751404,4.763654510180156
129,4,1.927187098397149,0.419149786233902,0.8098591549295775,0.8032523734499571,0.8098591549295775,0.8036633600610683,0.9476086084057738,-0.006244666979801083,1.8541892766952515,5.445940600501166
130,1,1.9202023479673598,0.4551455155014992,0.795774647887324,0.7925184740003379,0.795774647887324,0.7903971000207696,0.9349304986227115,-0.007846796779447107,1.8395848075548809,5.33866810798645
130,2,1.8001590039994981,0.4557484860221545,0.7922535211267606,0.7880161200376611,0.7922535211267606,0.7872484694805618,0.943026487976315,0.012411012063138327,1.7673629721005757,4.9371166759067115
130,3,1.7569591999053955,0.4310470157199436,0.8151408450704225,0.8129210932874221,0.8151408450704225,0.8127402129527747,0.9481409162283557,0.002016881011770888,1.7469275063938565,4.850754234525892
130,4,1.9278790420956082,0.4356938840614425,0.8063380281690141,0.8111067138122855,0.8063380281690141,0.8028387563903578,0.9455387206115995,-0.020044061305873218,1.846972233719296,5.409644272592333
131,1,1.8681851890352037,0.4024457203017341,0.8274647887323944,0.829603855472534,0.8274647887323944,0.8232363165350944,0.9515980226012157,0.00779350480069696,1.841248591740926,5.288243730862935
131,2,1.7649503350257874,0.3868490755558014,0.829225352112676,0.8255790140562873,0.829225352112676,0.8229179603740691,0.9494404720641664,-0.022285339500005108,1.7733019656605191,4.980519678857592
131,3,1.7336189084582858,0.39482937422063613,0.8028169014084507,0.804044045928451,0.8028169014084507,0.8012977936445361,0.9496154945078876,0.019660911047369334,1.752046114868588,4.857461015383403
131,4,1.8717866871092055,0.4008585024211142,0.823943661971831,0.8275465653456867,0.823943661971831,0.82117783553032,0.948552248060599,0.01572261782163531,1.8282349507013957,5.303952190611097
132,1,1.8958549499511719,0.4557322429286109,0.801056338028169,0.797142732502598,0.801056338028169,0.7977503529847401,0.9370061680938981,-0.028884269483501646,1.833947565820482,5.256141119533115
132,2,1.7821158634291754,0.3922806613975101,0.8415492957746479,0.8410750682683596,0.8415492957746479,0.8359235231497438,0.9549156125460421,-0.013669603253964935,1.7835858662923176,5.025064455138312
132,3,1.7437169684304132,0.4132538032200601,0.8028169014084507,0.8015329430188955,0.8028169014084507,0.7988587086658487,0.9500158429857085,-0.008323646268268314,1.7507325543297663,4.8481308751636085
132,4,1.9188180565834045,0.4674793415599399,0.7816901408450704,0.782270218732674,0.7816901408450704,0.7792364886452247,0.9373949594167756,0.0011751972409591582,1.8239580459064908,5.305274910396999
133,1,1.9320885605282254,0.4833091977569792,0.7922535211267606,0.7903180677043388,0.7922535211267606,0.7887109124644694,0.9361317674316642,-0.014686281686933977,1.8401123219066196,5.312573578622606
133,2,1.8364720079633925,0.47373680273691815,0.7869718309859155,0.7804480911514575,0.7869718309859155,0.7826407954476234,0.9405862726122707,0.03421411170833588,1.7847741047541301,5.016187429428101
133,3,1.7730531560050116,0.45202833745214677,0.7746478873239436,0.7764856222913267,0.7746478873239436,0.7732454780882715,0.9422873402834651,-0.001017758700238236,1.7436276343133714,4.855444232622783
133,4,1.9001750416225858,0.41526008894046146,0.8098591549295775,0.8100496850655071,0.8098591549295775,0.8061709026288992,0.9477693011487878,-0.010651853769870767,1.850508491198222,5.364976379606459
134,1,1.862696237034268,0.4112182143661711,0.801056338028169,0.7920913131705487,0.801056338028169,0.7919739643957932,0.9434188169161594,-0.0038772650957750177,1.8364056613710191,5.249478101730347
134,2,1.8143991364373102,0.4161227030886544,0.8098591549295775,0.8103083388542638,0.8098591549295775,0.8074879990513524,0.947583950276063,-0.006482477897364003,1.7921476893954806,5.077043950557709
134,3,1.7071261670854356,0.3707696654730373,0.8257042253521126,0.8236691180681555,0.8257042253521126,0.8217295497992433,0.9590518722929476,-0.00043048508166587673,1.7447594536675348,4.825291077295939
134,4,1.8711541692415874,0.3823517445060942,0.8063380281690141,0.8032644920419472,0.8063380281690141,0.8022112204424965,0.952381325274769,-0.013180717680706389,1.8381153278880649,5.34502633412679
135,1,1.835702273580763,0.3915343185265859,0.8221830985915493,0.8274159182575319,0.8221830985915493,0.8225777618542915,0.9490366149004795,0.02887323539645037,1.8273323045836554,5.2054272757636175
135,2,1.7841279705365498,0.41972815990448,0.829225352112676,0.8242881829890726,0.829225352112676,0.8229481974389964,0.9503001542796672,-0.014001366439501783,1.7749974926312764,4.96772727701399
135,3,1.7932129038704767,0.48499178224139744,0.7816901408450704,0.778038595278531,0.7816901408450704,0.7779098424781521,0.9418679658585529,0.035446769852941706,1.7478507028685675,4.845728688769871
135,4,1.9342543946372137,0.4645286632908715,0.7887323943661971,0.7872691643813116,0.7887323943661971,0.7836591506586328,0.9393142738459389,-0.007495660295825379,1.8377725217077467,5.363614281018575
136,1,1.8916596571604412,0.47244659397337174,0.7764084507042254,0.7700898482609679,0.7764084507042254,0.7709604640920744,0.9338862933362302,0.00299770490064466,1.8211063875092401,5.203156537479824
136,2,1.8324318395720587,0.4855993588765462,0.7940140845070423,0.7835992267575022,0.7940140845070423,0.7848280785489689,0.9356509550490046,-0.002253990744455203,1.7687140504519145,4.97504088613722
136,3,1.78857331805759,0.44209042688210803,0.7816901408450704,0.7756163046656006,0.7816901408450704,0.7751299463447351,0.9396722382220659,-0.00794134897317833,1.7579351862271626,4.9303665028678045
136,4,1.8981462981965807,0.4429757876528634,0.8028169014084507,0.803312310868922,0.8028169014084507,0.801203065798156,0.9468748375275722,0.021324264765044343,1.8300420641899109,5.2935438685947
137,1,1.9107039173444111,0.4769587260153558,0.7834507042253521,0.7779250802892853,0.7834507042253521,0.7793770810210877,0.9306149427531805,-0.02176092785074979,1.8411225080490112,5.256109131707086
137,2,1.8304820855458577,0.4629063192341063,0.7852112676056338,0.778526299719488,0.7852112676056338,0.7794730288759336,0.9370112988242871,0.008392116781336556,1.7817961838510301,5.021492017640008
137,3,1.8180474374029372,0.466800997654597,0.7922535211267606,0.7901185604435721,0.7922535211267606,0.784400299237413,0.9393219546449935,-0.037524556352998006,1.7641844948132832,4.970955570538838
137,4,1.8890175885624356,0.43226498034265304,0.7992957746478874,0.8023149373351651,0.7992957746478874,0.797985862888734,0.9481174960404053,0.02558240515307475,1.8237772981325786,5.288106812371148
138,1,1.8686518602901034,0.42867101894484627,0.7992957746478874,0.7971119744975442,0.7992957746478874,0.7959783958302024,0.9414392397796532,-0.011158160685925456,1.830845640765296,5.228606979052226
138,2,1.7766694691446092,0.387249656021595,0.8204225352112676,0.8159876856910473,0.8204225352112676,0.8142524028411368,0.9517695534531001,0.014738006008661597,1.7776374419530232,5.018648796611362
138,3,1.7445722818374634,0.3918056670162413,0.8080985915492958,0.8103974804028385,0.8080985915492958,0.8054291564172763,0.9517077095882924,-0.0007864938895829621,1.7580761578347948,4.901027494006687
138,4,1.8538673453860812,0.3870497826072905,0.8221830985915493,0.8207762152606775,0.8221830985915493,0.8181655596227513,0.9524654695878625,0.002784317249791668,1.8220700290468004,5.276441468132867
139,1,1.8447412451108296,0.4165753920873006,0.8080985915492958,0.8105520843228102,0.8080985915492958,0.8074629115604507,0.9453446130882996,0.011761446864194225,1.8311719298362732,5.177128036816915
139,2,1.762314432197147,0.38225911806027096,0.8345070422535211,0.8338324019282056,0.8345070422535211,0.8304987127547776,0.9540397242834274,-0.009076560785826748,1.7709193494584825,4.982443306181166
139,3,1.7440922127829657,0.40156902290052837,0.8169014084507042,0.8108252360260149,0.8169014084507042,0.8116313085131437,0.9485150484592243,0.012834610992470408,1.7465912169880338,4.876646094852024
139,4,1.8950793279541864,0.4099276446633869,0.8063380281690141,0.8119533110818389,0.8063380281690141,0.8025564813487771,0.9492715666955789,-0.0021475525510474824,1.8363982439041138,5.360433075163099
140,1,1.8700214227040608,0.4098296935359637,0.8098591549295775,0.8103977105789889,0.8098591549295775,0.8075755523818905,0.9460750071487081,-0.026182620243508925,1.834783951441447,5.277135319179958
140,2,1.8055466413497925,0.4624380220969518,0.7940140845070423,0.7894883645953849,0.7940140845070423,0.7882234412494822,0.942898146270117,0.033645717051455915,1.7637632687886555,4.9394665824042425
140,3,1.7569285035133362,0.422112880481614,0.8151408450704225,0.8090822897033002,0.8151408450704225,0.8103513876397144,0.9444816612599183,-0.02171933972234319,1.7529093490706549,4.871498213873969
140,4,1.8831678364011977,0.4039235851830906,0.8151408450704225,0.8132138761273969,0.8151408450704225,0.8084442637041012,0.948622935133725,-0.006947229509173258,1.8335718909899394,5.334737499554952
141,1,1.8347733749283686,0.40711510595348144,0.7904929577464789,0.7871546700639348,0.7904929577464789,0.7875224735127676,0.9464262194715545,0.017478018695249675,1.8221792181332905,5.1659758355882435
141,2,1.7735156549347773,0.39265264984634185,0.823943661971831,0.8236024502085587,0.823943661971831,0.8194030073412754,0.953612971214142,0.005244013712611295,1.77681968609492,4.995529214541118
141,3,1.7572524083985224,0.4282209823528926,0.7904929577464789,0.7840458775189325,0.7904929577464789,0.7827638021485608,0.9404698968316791,0.009566143394917015,1.7443060808711581,4.858325547642178
141,4,1.8832026653819613,0.42265575461917454,0.8116197183098591,0.8146338474427784,0.8116197183098591,0.8085393714715375,0.9489379373129068,-0.0036808808143666827,1.8197276062435574,5.291145284970601
142,1,1.8470951252513461,0.4000929585761494,0.8151408450704225,0.8107451382972105,0.8151408450704225,0.8108525487482504,0.9511087736395518,0.026991020810605337,1.8342790206273396,5.223433282640245
142,2,1.7555246353149414,0.40756994320286644,0.8151408450704225,0.8127287450260167,0.8151408450704225,0.8111364069958614,0.948682028631089,4.373585155725834e-05,1.7558100488450792,4.900752120547825
142,3,1.7638066642814212,0.40809228519598645,0.8063380281690141,0.8012955476213284,0.8063380281690141,0.801497002978303,0.9512635002149166,-0.011066737486575384,1.7520425385899014,4.9271400637096825
142,4,1.9263144996431139,0.4725930541753769,0.8204225352112676,0.8191423807852019,0.8204225352112676,0.8165042029389218,0.9418016118026241,0.009902533193360097,1.8365999791357253,5.31833095020718
143,1,1.95485610432095,0.5710301920771599,0.7640845070422535,0.7590375539206633,0.7640845070422535,0.7602027353244765,0.924240892350282,0.031111561346000682,1.829894569185045,5.18378304110633
143,2,1.881814698378245,0.5300054674347242,0.778169014084507,0.7747319282004805,0.778169014084507,0.7730517019887141,0.9309273686315732,-0.003546397729537354,1.7821443213356867,5.036036014556885
143,3,1.8610478639602661,0.49601614971955615,0.7676056338028169,0.7618703452648246,0.7676056338028169,0.7589873355434755,0.9308587883557251,-0.04054872406503973,1.7850481271743774,5.0461216237809925
143,4,1.9279827376206715,0.4583795881933636,0.7904929577464789,0.7839087880472919,0.7904929577464789,0.783851311262612,0.9351334504308613,-0.0009623144234423009,1.8369442224502563,5.357056511773004
144,1,1.9169297814369202,0.48040984239843154,0.778169014084507,0.7666631806389235,0.778169014084507,0.7707638605523189,0.9337148925363674,-0.017610774059707124,1.8426796661482916,5.26880939801534
144,2,1.8001402748955622,0.4210281992952029,0.829225352112676,0.8251565413399602,0.829225352112676,0.8248428841039777,0.9520918186069895,-0.022326256942102995,1.7805789444181654,5.018068300353156
144,3,1.8029207322332594,0.4858490096198188,0.7834507042253521,0.785265319333112,0.7834507042253521,0.7806859241753368,0.9393708310747568,0.008623710587258193,1.754508415857951,4.876087917221917
144,4,1.9401862687534757,0.4942852838171853,0.7887323943661971,0.7873820913981712,0.7887323943661971,0.7842252885383378,0.9356001933528884,-0.0026676328275678785,1.8294172816806369,5.313954975869921
145,1,1.8836650914616055,0.4533396148019367,0.7922535211267606,0.7914343197458155,0.7922535211267606,0.7895801407802222,0.9422752433485997,-0.005001221842473091,1.828489899635315,5.221091032028198
145,2,1.806178053220113,0.418131984770298,0.8169014084507042,0.8140783426046475,0.8169014084507042,0.8107187114073013,0.9473765403299591,0.016631371433573294,1.7800384163856506,5.04495206144121
145,3,1.7892863816685147,0.4589990857574675,0.8063380281690141,0.8030236348442478,0.8063380281690141,0.8020612655394436,0.9409887604771295,-0.023732793248215867,1.7516841954655118,4.893289870686001
145,4,1.867018825478024,0.41192346811294556,0.8257042253521126,0.8273856377210106,0.8257042253521126,0.8246518611565361,0.948373164893078,0.03762662373408432,1.8273437552981906,5.2622411251068115
146,1,1.870939638879564,0.3936453147066964,0.8098591549295775,0.8105665357877435,0.8098591549295775,0.8086153335500271,0.953578045007466,-0.046105213606355555,1.8426192071702745,5.317959547042847
146,2,1.7424659927686055,0.37395720680554706,0.8362676056338029,0.8317798746988632,0.8362676056338029,0.830073022900314,0.957746378828412,0.03867577729231131,1.7761330140961542,4.935652918285793
146,3,1.7489391035503812,0.41306262297762764,0.8098591549295775,0.8098043735762068,0.8098591549295775,0.8067534703824414,0.9488901525974851,-0.01982683195761159,1.7470794055196974,4.865984068976508
146,4,1.9047981368170843,0.4306733161211014,0.8169014084507042,0.8146530599215696,0.8169014084507042,0.8134194975986802,0.9452839107253619,0.012206089878524784,1.8359221087561712,5.344422499338786
147,1,1.8902508616447449,0.4467337288790279,0.7922535211267606,0.794552034428795,0.7922535211267606,0.7880577515435865,0.9391184692516469,-0.012566653903677505,1.8409532242351108,5.25845730304718
147,2,1.765078279707167,0.4268070376581616,0.7975352112676056,0.7927536876326923,0.7975352112676056,0.792897452362437,0.9447732314935865,0.01768945791668175,1.7619969977272882,4.887710981898838
147,3,1.7943830887476604,0.4622037518355582,0.7869718309859155,0.782824114576393,0.7869718309859155,0.7833052677731808,0.9384459938559087,0.012188658941641783,1.7526663541793823,4.902801420953539
147,4,1.8889610237545438,0.41093121882941985,0.801056338028169,0.8051587447881412,0.801056338028169,0.8005196777415827,0.9495182858777832,0.005877714991748273,1.8381029698583815,5.337696962886387
148,1,1.893885248237186,0.45863667627175647,0.772887323943662,0.7652585372899351,0.772887323943662,0.766436033466508,0.9398201359295896,-0.009546776343691388,1.8257761928770277,5.242798447608948
148,2,1.776411407523685,0.3848686143755913,0.829225352112676,0.8246098210886943,0.829225352112676,0.8251221367662015,0.9511233924811371,-0.002018887929945201,1.782899989022149,5.023344371053907
148,3,1.7311395009358723,0.41136852072344887,0.8133802816901409,0.8149047797105028,0.8133802816901409,0.8082000773784863,0.9471275007922211,0.02376582677931771,1.7312020593219333,4.8106049166785345
148,4,1.874330507384406,0.40514684634076226,0.8169014084507042,0.8189818238398802,0.8169014084507042,0.8138822249737743,0.9487516932825123,-0.00441733839638947,1.8322488798035517,5.302425556712681
149,1,1.8765662577417161,0.4378170164095031,0.8045774647887324,0.8006369991578697,0.8045774647887324,0.8000715221775329,0.9416349841291227,0.0228009832904692,1.8287522461679246,5.2336476643880205
149,2,1.7618885437647502,0.38106072859631646,0.8257042253521126,0.8224239486104152,0.8257042253521126,0.8209808883552707,0.9549654190471151,-0.007444523855401286,1.7735460201899211,4.983819948302375
149,3,1.742264621787601,0.3914665894375907,0.823943661971831,0.8220613222184887,0.823943661971831,0.8199177772579405,0.954391145753495,0.010427464781530005,1.750098831123776,4.894126494725545
149,4,1.8692191176944308,0.3710937748352687,0.8257042253521126,0.8307516213911763,0.8257042253521126,0.8243487115850463,0.9574364682882179,-0.0008079403707808019,1.8384269211027358,5.364844640096028
150,1,1.859538820054796,0.42138216230604386,0.795774647887324,0.792247330483954,0.795774647887324,0.7910112010631837,0.9462204638665865,0.009403292903626292,1.8204718165927463,5.215237577756246
150,2,1.7593494322564867,0.37913740757438874,0.829225352112676,0.8244363056824784,0.829225352112676,0.8251901296768871,0.9554850203057279,0.0013103451148136491,1.775056196583642,4.9798440138498945
150,3,1.7423260278171964,0.37944219758113223,0.8151408450704225,0.8136458999030685,0.8151408450704225,0.813329282355074,0.9532914777525149,-0.005034473653441562,1.746955520576901,4.922388143009609
150,4,1.8690192368295457,0.39150191760725445,0.8151408450704225,0.8164497072070439,0.8151408450704225,0.8104266758769795,0.9517254061831618,-0.010026642417676923,1.8359480036629572,5.316559407446119
