Region,Folder,Filename,FullPath
Italy,1,.DS_Store,/home/sebastian-cruz6/cp-anemia-detection/data/eyes-defy-anemia-original/Italy/1/.DS_Store
Italy,1,001_palpebral.png,/home/sebastian-cruz6/cp-anemia-detection/data/eyes-defy-anemia-original/Italy/1/001_palpebral.png
Italy,1,1.jpg,/home/sebastian-cruz6/cp-anemia-detection/data/eyes-defy-anemia-original/Italy/1/1.jpg
Italy,2,002_forniceal.png,/home/sebastian-cruz6/cp-anemia-detection/data/eyes-defy-anemia-original/Italy/2/002_forniceal.png
Italy,2,002_forniceal_palpebral.png,/home/sebastian-cruz6/cp-anemia-detection/data/eyes-defy-anemia-original/Italy/2/002_forniceal_palpebral.png
Italy,2,002_palpebral.png,/home/sebastian-cruz6/cp-anemia-detection/data/eyes-defy-anemia-original/Italy/2/002_palpebral.png
Italy,2,2.jpg,/home/sebastian-cruz6/cp-anemia-detection/data/eyes-defy-anemia-original/Italy/2/2.jpg
Italy,3,003_forniceal.png,/home/sebastian-cruz6/cp-anemia-detection/data/eyes-defy-anemia-original/Italy/3/003_forniceal.png
Italy,3,003_forniceal_palpebral.png,/home/sebastian-cruz6/cp-anemia-detection/data/eyes-defy-anemia-original/Italy/3/003_forniceal_palpebral.png
Italy,3,003_palpebral.png,/home/sebastian-cruz6/cp-anemia-detection/data/eyes-defy-anemia-original/Italy/3/003_palpebral.png
Italy,3,3.jpg,/home/sebastian-cruz6/cp-anemia-detection/data/eyes-defy-anemia-original/Italy/3/3.jpg
Italy,4,004__forniceal.png,/home/sebastian-cruz6/cp-anemia-detection/data/eyes-defy-anemia-original/Italy/4/004__forniceal.png
Italy,4,004__forniceal_palpebral.png,/home/sebastian-cruz6/cp-anemia-detection/data/eyes-defy-anemia-original/Italy/4/004__forniceal_palpebral.png
Italy,4,004_palpebral.png,/home/sebastian-cruz6/cp-anemia-detection/data/eyes-defy-anemia-original/Italy/4/004_palpebral.png
Italy,4,4.jpg,/home/sebastian-cruz6/cp-anemia-detection/data/eyes-defy-anemia-original/Italy/4/4.jpg
Italy,5,005_forniceal.png,/home/sebastian-cruz6/cp-anemia-detection/data/eyes-defy-anemia-original/Italy/5/005_forniceal.png
Italy,5,005_forniceal_palpebral.png,/home/sebastian-cruz6/cp-anemia-detection/data/eyes-defy-anemia-original/Italy/5/005_forniceal_palpebral.png
Italy,5,005_palpebral.png,/home/sebastian-cruz6/cp-anemia-detection/data/eyes-defy-anemia-original/Italy/5/005_palpebral.png
Italy,5,5.jpg,/home/sebastian-cruz6/cp-anemia-detection/data/eyes-defy-anemia-original/Italy/5/5.jpg
Italy,6,006_forniceal.png,/home/sebastian-cruz6/cp-anemia-detection/data/eyes-defy-anemia-original/Italy/6/006_forniceal.png
Italy,6,006_forniceal_palpebral.png,/home/sebastian-cruz6/cp-anemia-detection/data/eyes-defy-anemia-original/Italy/6/006_forniceal_palpebral.png
Italy,6,006_palpebral.png,/home/sebastian-cruz6/cp-anemia-detection/data/eyes-defy-anemia-original/Italy/6/006_palpebral.png
Italy,6,6.jpg,/home/sebastian-cruz6/cp-anemia-detection/data/eyes-defy-anemia-original/Italy/6/6.jpg
Italy,7,007_forniceal.png,/home/sebastian-cruz6/cp-anemia-detection/data/eyes-defy-anemia-original/Italy/7/007_forniceal.png
Italy,7,007_forniceal_palpebral.png,/home/sebastian-cruz6/cp-anemia-detection/data/eyes-defy-anemia-original/Italy/7/007_forniceal_palpebral.png
Italy,7,007_palpebral.png,/home/sebastian-cruz6/cp-anemia-detection/data/eyes-defy-anemia-original/Italy/7/007_palpebral.png
Italy,7,7.jpg,/home/sebastian-cruz6/cp-anemia-detection/data/eyes-defy-anemia-original/Italy/7/7.jpg
Italy,8,008_forniceal.png,/home/sebastian-cruz6/cp-anemia-detection/data/eyes-defy-anemia-original/Italy/8/008_forniceal.png
Italy,8,008_forniceal_palpebral.png,/home/sebastian-cruz6/cp-anemia-detection/data/eyes-defy-anemia-original/Italy/8/008_forniceal_palpebral.png
Italy,8,008_palpebral.png,/home/sebastian-cruz6/cp-anemia-detection/data/eyes-defy-anemia-original/Italy/8/008_palpebral.png
Italy,8,8.jpg,/home/sebastian-cruz6/cp-anemia-detection/data/eyes-defy-anemia-original/Italy/8/8.jpg
Italy,9,.DS_Store,/home/sebastian-cruz6/cp-anemia-detection/data/eyes-defy-anemia-original/Italy/9/.DS_Store
Italy,9,009_forniceal.png,/home/sebastian-cruz6/cp-anemia-detection/data/eyes-defy-anemia-original/Italy/9/009_forniceal.png
Italy,9,009_forniceal_palpebral.png,/home/sebastian-cruz6/cp-anemia-detection/data/eyes-defy-anemia-original/Italy/9/009_forniceal_palpebral.png
Italy,9,009_palpebral.png,/home/sebastian-cruz6/cp-anemia-detection/data/eyes-defy-anemia-original/Italy/9/009_palpebral.png
Italy,9,9.jpg,/home/sebastian-cruz6/cp-anemia-detection/data/eyes-defy-anemia-original/Italy/9/9.jpg
Italy,10,010_forniceal.png,/home/sebastian-cruz6/cp-anemia-detection/data/eyes-defy-anemia-original/Italy/10/010_forniceal.png
Italy,10,010_forniceal_palpebral.png,/home/sebastian-cruz6/cp-anemia-detection/data/eyes-defy-anemia-original/Italy/10/010_forniceal_palpebral.png
Italy,10,010_palpebral.png,/home/sebastian-cruz6/cp-anemia-detection/data/eyes-defy-anemia-original/Italy/10/010_palpebral.png
Italy,10,10.jpg,/home/sebastian-cruz6/cp-anemia-detection/data/eyes-defy-anemia-original/Italy/10/10.jpg
Italy,11,011_forniceal.png,/home/sebastian-cruz6/cp-anemia-detection/data/eyes-defy-anemia-original/Italy/11/011_forniceal.png
Italy,11,011_forniceal_palpebral.png,/home/sebastian-cruz6/cp-anemia-detection/data/eyes-defy-anemia-original/Italy/11/011_forniceal_palpebral.png
Italy,11,011_palpebral.png,/home/sebastian-cruz6/cp-anemia-detection/data/eyes-defy-anemia-original/Italy/11/011_palpebral.png
Italy,11,11.jpg,/home/sebastian-cruz6/cp-anemia-detection/data/eyes-defy-anemia-original/Italy/11/11.jpg
Italy,12,012_forniceal.png,/home/sebastian-cruz6/cp-anemia-detection/data/eyes-defy-anemia-original/Italy/12/012_forniceal.png
Italy,12,012_forniceal_palpebral.png,/home/sebastian-cruz6/cp-anemia-detection/data/eyes-defy-anemia-original/Italy/12/012_forniceal_palpebral.png
Italy,12,012_palpebral.png,/home/sebastian-cruz6/cp-anemia-detection/data/eyes-defy-anemia-original/Italy/12/012_palpebral.png
Italy,12,12.jpg,/home/sebastian-cruz6/cp-anemia-detection/data/eyes-defy-anemia-original/Italy/12/12.jpg
Italy,13,013_forniceal.png,/home/sebastian-cruz6/cp-anemia-detection/data/eyes-defy-anemia-original/Italy/13/013_forniceal.png
Italy,13,013_forniceal_palpebral.png,/home/sebastian-cruz6/cp-anemia-detection/data/eyes-defy-anemia-original/Italy/13/013_forniceal_palpebral.png
Italy,13,013_palpebral.png,/home/sebastian-cruz6/cp-anemia-detection/data/eyes-defy-anemia-original/Italy/13/013_palpebral.png
Italy,13,13.jpg,/home/sebastian-cruz6/cp-anemia-detection/data/eyes-defy-anemia-original/Italy/13/13.jpg
Italy,14,.DS_Store,/home/sebastian-cruz6/cp-anemia-detection/data/eyes-defy-anemia-original/Italy/14/.DS_Store
Italy,14,014_forniceal.png,/home/sebastian-cruz6/cp-anemia-detection/data/eyes-defy-anemia-original/Italy/14/014_forniceal.png
Italy,14,014_forniceal_palpebral.png,/home/sebastian-cruz6/cp-anemia-detection/data/eyes-defy-anemia-original/Italy/14/014_forniceal_palpebral.png
Italy,14,014_palpebral.png,/home/sebastian-cruz6/cp-anemia-detection/data/eyes-defy-anemia-original/Italy/14/014_palpebral.png
Italy,14,14.jpg,/home/sebastian-cruz6/cp-anemia-detection/data/eyes-defy-anemia-original/Italy/14/14.jpg
Italy,15,.DS_Store,/home/sebastian-cruz6/cp-anemia-detection/data/eyes-defy-anemia-original/Italy/15/.DS_Store
Italy,15,015_forniceal.png,/home/sebastian-cruz6/cp-anemia-detection/data/eyes-defy-anemia-original/Italy/15/015_forniceal.png
Italy,15,015_forniceal_palpebral.png,/home/sebastian-cruz6/cp-anemia-detection/data/eyes-defy-anemia-original/Italy/15/015_forniceal_palpebral.png
Italy,15,015_palpebral.png,/home/sebastian-cruz6/cp-anemia-detection/data/eyes-defy-anemia-original/Italy/15/015_palpebral.png
Italy,15,15.jpg,/home/sebastian-cruz6/cp-anemia-detection/data/eyes-defy-anemia-original/Italy/15/15.jpg
Italy,16,016_forniceal.png,/home/sebastian-cruz6/cp-anemia-detection/data/eyes-defy-anemia-original/Italy/16/016_forniceal.png
Italy,16,016_forniceal_palpebral.png,/home/sebastian-cruz6/cp-anemia-detection/data/eyes-defy-anemia-original/Italy/16/016_forniceal_palpebral.png
Italy,16,016_palpebral.png,/home/sebastian-cruz6/cp-anemia-detection/data/eyes-defy-anemia-original/Italy/16/016_palpebral.png
Italy,16,16.jpg,/home/sebastian-cruz6/cp-anemia-detection/data/eyes-defy-anemia-original/Italy/16/16.jpg
Italy,17,017_forniceal.png,/home/sebastian-cruz6/cp-anemia-detection/data/eyes-defy-anemia-original/Italy/17/017_forniceal.png
Italy,17,017_forniceal_palpebral.png,/home/sebastian-cruz6/cp-anemia-detection/data/eyes-defy-anemia-original/Italy/17/017_forniceal_palpebral.png
Italy,17,017_palpebral.png,/home/sebastian-cruz6/cp-anemia-detection/data/eyes-defy-anemia-original/Italy/17/017_palpebral.png
Italy,17,17.jpg,/home/sebastian-cruz6/cp-anemia-detection/data/eyes-defy-anemia-original/Italy/17/17.jpg
Italy,18,018_forniceal.png,/home/sebastian-cruz6/cp-anemia-detection/data/eyes-defy-anemia-original/Italy/18/018_forniceal.png
Italy,18,018_forniceal_palpebral.png,/home/sebastian-cruz6/cp-anemia-detection/data/eyes-defy-anemia-original/Italy/18/018_forniceal_palpebral.png
Italy,18,018_palpebral.png,/home/sebastian-cruz6/cp-anemia-detection/data/eyes-defy-anemia-original/Italy/18/018_palpebral.png
Italy,18,18.jpg,/home/sebastian-cruz6/cp-anemia-detection/data/eyes-defy-anemia-original/Italy/18/18.jpg
Italy,19,019_forniceal.png,/home/sebastian-cruz6/cp-anemia-detection/data/eyes-defy-anemia-original/Italy/19/019_forniceal.png
Italy,19,019_forniceal_palpebral.png,/home/sebastian-cruz6/cp-anemia-detection/data/eyes-defy-anemia-original/Italy/19/019_forniceal_palpebral.png
Italy,19,019_palpebral.png,/home/sebastian-cruz6/cp-anemia-detection/data/eyes-defy-anemia-original/Italy/19/019_palpebral.png
Italy,19,19.jpg,/home/sebastian-cruz6/cp-anemia-detection/data/eyes-defy-anemia-original/Italy/19/19.jpg
Italy,20,020_forniceal.png,/home/sebastian-cruz6/cp-anemia-detection/data/eyes-defy-anemia-original/Italy/20/020_forniceal.png
Italy,20,020_forniceal_palpebral.png,/home/sebastian-cruz6/cp-anemia-detection/data/eyes-defy-anemia-original/Italy/20/020_forniceal_palpebral.png
Italy,20,020_palpebral.png,/home/sebastian-cruz6/cp-anemia-detection/data/eyes-defy-anemia-original/Italy/20/020_palpebral.png
Italy,20,20.jpg,/home/sebastian-cruz6/cp-anemia-detection/data/eyes-defy-anemia-original/Italy/20/20.jpg
Italy,21,021_forniceal.png,/home/sebastian-cruz6/cp-anemia-detection/data/eyes-defy-anemia-original/Italy/21/021_forniceal.png
Italy,21,021_forniceal_palpebral.png,/home/sebastian-cruz6/cp-anemia-detection/data/eyes-defy-anemia-original/Italy/21/021_forniceal_palpebral.png
Italy,21,021_palpebral.png,/home/sebastian-cruz6/cp-anemia-detection/data/eyes-defy-anemia-original/Italy/21/021_palpebral.png
Italy,21,21.jpg,/home/sebastian-cruz6/cp-anemia-detection/data/eyes-defy-anemia-original/Italy/21/21.jpg
Italy,22,022_forniceal.png,/home/sebastian-cruz6/cp-anemia-detection/data/eyes-defy-anemia-original/Italy/22/022_forniceal.png
Italy,22,022_forniceal_palpebral.png,/home/sebastian-cruz6/cp-anemia-detection/data/eyes-defy-anemia-original/Italy/22/022_forniceal_palpebral.png
Italy,22,022_palpebral.png,/home/sebastian-cruz6/cp-anemia-detection/data/eyes-defy-anemia-original/Italy/22/022_palpebral.png
Italy,22,22.jpg,/home/sebastian-cruz6/cp-anemia-detection/data/eyes-defy-anemia-original/Italy/22/22.jpg
Italy,23,023_forniceal.png,/home/sebastian-cruz6/cp-anemia-detection/data/eyes-defy-anemia-original/Italy/23/023_forniceal.png
Italy,23,023_forniceal_palpebral.png,/home/sebastian-cruz6/cp-anemia-detection/data/eyes-defy-anemia-original/Italy/23/023_forniceal_palpebral.png
Italy,23,023_palpebral.png,/home/sebastian-cruz6/cp-anemia-detection/data/eyes-defy-anemia-original/Italy/23/023_palpebral.png
Italy,23,23.jpg,/home/sebastian-cruz6/cp-anemia-detection/data/eyes-defy-anemia-original/Italy/23/23.jpg
Italy,24,024_forniceal.png,/home/sebastian-cruz6/cp-anemia-detection/data/eyes-defy-anemia-original/Italy/24/024_forniceal.png
Italy,24,024_forniceal_palpebral.png,/home/sebastian-cruz6/cp-anemia-detection/data/eyes-defy-anemia-original/Italy/24/024_forniceal_palpebral.png
Italy,24,024_palpebral.png,/home/sebastian-cruz6/cp-anemia-detection/data/eyes-defy-anemia-original/Italy/24/024_palpebral.png
Italy,24,24.jpg,/home/sebastian-cruz6/cp-anemia-detection/data/eyes-defy-anemia-original/Italy/24/24.jpg
Italy,25,025_forniceal.png,/home/sebastian-cruz6/cp-anemia-detection/data/eyes-defy-anemia-original/Italy/25/025_forniceal.png
Italy,25,025_forniceal_palpebral.png,/home/sebastian-cruz6/cp-anemia-detection/data/eyes-defy-anemia-original/Italy/25/025_forniceal_palpebral.png
Italy,25,025_palpebral.png,/home/sebastian-cruz6/cp-anemia-detection/data/eyes-defy-anemia-original/Italy/25/025_palpebral.png
Italy,25,25.jpg,/home/sebastian-cruz6/cp-anemia-detection/data/eyes-defy-anemia-original/Italy/25/25.jpg
Italy,26,026_forniceal.png,/home/sebastian-cruz6/cp-anemia-detection/data/eyes-defy-anemia-original/Italy/26/026_forniceal.png
Italy,26,026_forniceal_palpebral.png,/home/sebastian-cruz6/cp-anemia-detection/data/eyes-defy-anemia-original/Italy/26/026_forniceal_palpebral.png
Italy,26,026_palpebral.png,/home/sebastian-cruz6/cp-anemia-detection/data/eyes-defy-anemia-original/Italy/26/026_palpebral.png
Italy,26,26.jpg,/home/sebastian-cruz6/cp-anemia-detection/data/eyes-defy-anemia-original/Italy/26/26.jpg
Italy,27,027_forniceal.png,/home/sebastian-cruz6/cp-anemia-detection/data/eyes-defy-anemia-original/Italy/27/027_forniceal.png
Italy,27,027_forniceal_palpebral.png,/home/sebastian-cruz6/cp-anemia-detection/data/eyes-defy-anemia-original/Italy/27/027_forniceal_palpebral.png
Italy,27,027_palpebral.png,/home/sebastian-cruz6/cp-anemia-detection/data/eyes-defy-anemia-original/Italy/27/027_palpebral.png
Italy,27,27.jpg,/home/sebastian-cruz6/cp-anemia-detection/data/eyes-defy-anemia-original/Italy/27/27.jpg
Italy,28,028_forniceal.png,/home/sebastian-cruz6/cp-anemia-detection/data/eyes-defy-anemia-original/Italy/28/028_forniceal.png
Italy,28,028_forniceal_palpebral.png,/home/sebastian-cruz6/cp-anemia-detection/data/eyes-defy-anemia-original/Italy/28/028_forniceal_palpebral.png
Italy,28,028_palpebral.png,/home/sebastian-cruz6/cp-anemia-detection/data/eyes-defy-anemia-original/Italy/28/028_palpebral.png
Italy,28,28.jpg,/home/sebastian-cruz6/cp-anemia-detection/data/eyes-defy-anemia-original/Italy/28/28.jpg
Italy,29,029_forniceal.png,/home/sebastian-cruz6/cp-anemia-detection/data/eyes-defy-anemia-original/Italy/29/029_forniceal.png
Italy,29,029_forniceal_palpebral.png,/home/sebastian-cruz6/cp-anemia-detection/data/eyes-defy-anemia-original/Italy/29/029_forniceal_palpebral.png
Italy,29,029_palpebral.png,/home/sebastian-cruz6/cp-anemia-detection/data/eyes-defy-anemia-original/Italy/29/029_palpebral.png
Italy,29,29.jpg,/home/sebastian-cruz6/cp-anemia-detection/data/eyes-defy-anemia-original/Italy/29/29.jpg
Italy,30,030_forniceal.png,/home/sebastian-cruz6/cp-anemia-detection/data/eyes-defy-anemia-original/Italy/30/030_forniceal.png
Italy,30,030_forniceal_palpebral.png,/home/sebastian-cruz6/cp-anemia-detection/data/eyes-defy-anemia-original/Italy/30/030_forniceal_palpebral.png
Italy,30,030_palpebral.png,/home/sebastian-cruz6/cp-anemia-detection/data/eyes-defy-anemia-original/Italy/30/030_palpebral.png
Italy,30,30.jpg,/home/sebastian-cruz6/cp-anemia-detection/data/eyes-defy-anemia-original/Italy/30/30.jpg
Italy,31,031_forniceal.png,/home/sebastian-cruz6/cp-anemia-detection/data/eyes-defy-anemia-original/Italy/31/031_forniceal.png
Italy,31,031_forniceal_palpebral.png,/home/sebastian-cruz6/cp-anemia-detection/data/eyes-defy-anemia-original/Italy/31/031_forniceal_palpebral.png
Italy,31,031_palpebral.png,/home/sebastian-cruz6/cp-anemia-detection/data/eyes-defy-anemia-original/Italy/31/031_palpebral.png
Italy,31,31.jpg,/home/sebastian-cruz6/cp-anemia-detection/data/eyes-defy-anemia-original/Italy/31/31.jpg
Italy,32,.DS_Store,/home/sebastian-cruz6/cp-anemia-detection/data/eyes-defy-anemia-original/Italy/32/.DS_Store
Italy,32,T_1_20190606_092247.jpg,/home/sebastian-cruz6/cp-anemia-detection/data/eyes-defy-anemia-original/Italy/32/T_1_20190606_092247.jpg
Italy,32,T_1_20190606_092247_forniceal.png,/home/sebastian-cruz6/cp-anemia-detection/data/eyes-defy-anemia-original/Italy/32/T_1_20190606_092247_forniceal.png
Italy,32,T_1_20190606_092247_forniceal_palpebral.png,/home/sebastian-cruz6/cp-anemia-detection/data/eyes-defy-anemia-original/Italy/32/T_1_20190606_092247_forniceal_palpebral.png
Italy,32,T_1_20190606_092247_palpebral.png,/home/sebastian-cruz6/cp-anemia-detection/data/eyes-defy-anemia-original/Italy/32/T_1_20190606_092247_palpebral.png
Italy,33,.DS_Store,/home/sebastian-cruz6/cp-anemia-detection/data/eyes-defy-anemia-original/Italy/33/.DS_Store
Italy,33,T_2_20190606_093707.jpg,/home/sebastian-cruz6/cp-anemia-detection/data/eyes-defy-anemia-original/Italy/33/T_2_20190606_093707.jpg
Italy,33,T_2_20190606_093707_forniceal.png,/home/sebastian-cruz6/cp-anemia-detection/data/eyes-defy-anemia-original/Italy/33/T_2_20190606_093707_forniceal.png
Italy,33,T_2_20190606_093707_forniceal_palpebral.png,/home/sebastian-cruz6/cp-anemia-detection/data/eyes-defy-anemia-original/Italy/33/T_2_20190606_093707_forniceal_palpebral.png
Italy,33,T_2_20190606_093707_palpebral.png,/home/sebastian-cruz6/cp-anemia-detection/data/eyes-defy-anemia-original/Italy/33/T_2_20190606_093707_palpebral.png
Italy,34,.DS_Store,/home/sebastian-cruz6/cp-anemia-detection/data/eyes-defy-anemia-original/Italy/34/.DS_Store
Italy,34,T_3_20190606_094015.jpg,/home/sebastian-cruz6/cp-anemia-detection/data/eyes-defy-anemia-original/Italy/34/T_3_20190606_094015.jpg
Italy,34,T_3_20190606_094015_forniceal.png,/home/sebastian-cruz6/cp-anemia-detection/data/eyes-defy-anemia-original/Italy/34/T_3_20190606_094015_forniceal.png
Italy,34,T_3_20190606_094015_forniceal_palpebral.png,/home/sebastian-cruz6/cp-anemia-detection/data/eyes-defy-anemia-original/Italy/34/T_3_20190606_094015_forniceal_palpebral.png
Italy,34,T_3_20190606_094015_palpebral.png,/home/sebastian-cruz6/cp-anemia-detection/data/eyes-defy-anemia-original/Italy/34/T_3_20190606_094015_palpebral.png
Italy,35,.DS_Store,/home/sebastian-cruz6/cp-anemia-detection/data/eyes-defy-anemia-original/Italy/35/.DS_Store
Italy,35,T_4_20190606_095326.jpg,/home/sebastian-cruz6/cp-anemia-detection/data/eyes-defy-anemia-original/Italy/35/T_4_20190606_095326.jpg
Italy,35,T_4_20190606_095326_palpebral.png,/home/sebastian-cruz6/cp-anemia-detection/data/eyes-defy-anemia-original/Italy/35/T_4_20190606_095326_palpebral.png
Italy,36,.DS_Store,/home/sebastian-cruz6/cp-anemia-detection/data/eyes-defy-anemia-original/Italy/36/.DS_Store
Italy,36,T_5_20190607_074439.jpg,/home/sebastian-cruz6/cp-anemia-detection/data/eyes-defy-anemia-original/Italy/36/T_5_20190607_074439.jpg
Italy,36,T_5_20190607_074439_forniceal.png,/home/sebastian-cruz6/cp-anemia-detection/data/eyes-defy-anemia-original/Italy/36/T_5_20190607_074439_forniceal.png
Italy,36,T_5_20190607_074439_forniceal_palpebral.png,/home/sebastian-cruz6/cp-anemia-detection/data/eyes-defy-anemia-original/Italy/36/T_5_20190607_074439_forniceal_palpebral.png
Italy,36,T_5_20190607_074439_palpebral.png,/home/sebastian-cruz6/cp-anemia-detection/data/eyes-defy-anemia-original/Italy/36/T_5_20190607_074439_palpebral.png
Italy,37,.DS_Store,/home/sebastian-cruz6/cp-anemia-detection/data/eyes-defy-anemia-original/Italy/37/.DS_Store
Italy,37,T_6_20190607_074640.jpg,/home/sebastian-cruz6/cp-anemia-detection/data/eyes-defy-anemia-original/Italy/37/T_6_20190607_074640.jpg
Italy,37,T_6_20190607_074640_forniceal.png,/home/sebastian-cruz6/cp-anemia-detection/data/eyes-defy-anemia-original/Italy/37/T_6_20190607_074640_forniceal.png
Italy,37,T_6_20190607_074640_forniceal_palpebral.png,/home/sebastian-cruz6/cp-anemia-detection/data/eyes-defy-anemia-original/Italy/37/T_6_20190607_074640_forniceal_palpebral.png
Italy,37,T_6_20190607_074640_palpebral.png,/home/sebastian-cruz6/cp-anemia-detection/data/eyes-defy-anemia-original/Italy/37/T_6_20190607_074640_palpebral.png
Italy,38,.DS_Store,/home/sebastian-cruz6/cp-anemia-detection/data/eyes-defy-anemia-original/Italy/38/.DS_Store
Italy,38,T_7_20190607_074759.jpg,/home/sebastian-cruz6/cp-anemia-detection/data/eyes-defy-anemia-original/Italy/38/T_7_20190607_074759.jpg
Italy,38,T_7_20190607_074759_forniceal.png,/home/sebastian-cruz6/cp-anemia-detection/data/eyes-defy-anemia-original/Italy/38/T_7_20190607_074759_forniceal.png
Italy,38,T_7_20190607_074759_forniceal_palpebral.png,/home/sebastian-cruz6/cp-anemia-detection/data/eyes-defy-anemia-original/Italy/38/T_7_20190607_074759_forniceal_palpebral.png
Italy,38,T_7_20190607_074759_palpebral.png,/home/sebastian-cruz6/cp-anemia-detection/data/eyes-defy-anemia-original/Italy/38/T_7_20190607_074759_palpebral.png
Italy,39,.DS_Store,/home/sebastian-cruz6/cp-anemia-detection/data/eyes-defy-anemia-original/Italy/39/.DS_Store
Italy,39,T_8_20190607_075130.jpg,/home/sebastian-cruz6/cp-anemia-detection/data/eyes-defy-anemia-original/Italy/39/T_8_20190607_075130.jpg
Italy,39,T_8_20190607_075130_forniceal.png,/home/sebastian-cruz6/cp-anemia-detection/data/eyes-defy-anemia-original/Italy/39/T_8_20190607_075130_forniceal.png
Italy,39,T_8_20190607_075130_forniceal_palpebral.png,/home/sebastian-cruz6/cp-anemia-detection/data/eyes-defy-anemia-original/Italy/39/T_8_20190607_075130_forniceal_palpebral.png
Italy,39,T_8_20190607_075130_palpebral.png,/home/sebastian-cruz6/cp-anemia-detection/data/eyes-defy-anemia-original/Italy/39/T_8_20190607_075130_palpebral.png
Italy,40,.DS_Store,/home/sebastian-cruz6/cp-anemia-detection/data/eyes-defy-anemia-original/Italy/40/.DS_Store
Italy,40,T_9_20190607_075803.jpg,/home/sebastian-cruz6/cp-anemia-detection/data/eyes-defy-anemia-original/Italy/40/T_9_20190607_075803.jpg
Italy,40,T_9_20190607_075803_forniceal.png,/home/sebastian-cruz6/cp-anemia-detection/data/eyes-defy-anemia-original/Italy/40/T_9_20190607_075803_forniceal.png
Italy,40,T_9_20190607_075803_forniceal_palpebral.png,/home/sebastian-cruz6/cp-anemia-detection/data/eyes-defy-anemia-original/Italy/40/T_9_20190607_075803_forniceal_palpebral.png
Italy,40,T_9_20190607_075803_palpebral.png,/home/sebastian-cruz6/cp-anemia-detection/data/eyes-defy-anemia-original/Italy/40/T_9_20190607_075803_palpebral.png
Italy,41,.DS_Store,/home/sebastian-cruz6/cp-anemia-detection/data/eyes-defy-anemia-original/Italy/41/.DS_Store
Italy,41,T_10_20190607_075451.jpg,/home/sebastian-cruz6/cp-anemia-detection/data/eyes-defy-anemia-original/Italy/41/T_10_20190607_075451.jpg
Italy,41,T_10_20190607_075451_forniceal.png,/home/sebastian-cruz6/cp-anemia-detection/data/eyes-defy-anemia-original/Italy/41/T_10_20190607_075451_forniceal.png
Italy,41,T_10_20190607_075451_forniceal_palpebral.png,/home/sebastian-cruz6/cp-anemia-detection/data/eyes-defy-anemia-original/Italy/41/T_10_20190607_075451_forniceal_palpebral.png
Italy,41,T_10_20190607_075451_palpebral.png,/home/sebastian-cruz6/cp-anemia-detection/data/eyes-defy-anemia-original/Italy/41/T_10_20190607_075451_palpebral.png
Italy,42,.DS_Store,/home/sebastian-cruz6/cp-anemia-detection/data/eyes-defy-anemia-original/Italy/42/.DS_Store
Italy,42,T_11_20190607_080138.jpg,/home/sebastian-cruz6/cp-anemia-detection/data/eyes-defy-anemia-original/Italy/42/T_11_20190607_080138.jpg
Italy,42,T_11_20190607_080138_forniceal.png,/home/sebastian-cruz6/cp-anemia-detection/data/eyes-defy-anemia-original/Italy/42/T_11_20190607_080138_forniceal.png
Italy,42,T_11_20190607_080138_forniceal_palpebral.png,/home/sebastian-cruz6/cp-anemia-detection/data/eyes-defy-anemia-original/Italy/42/T_11_20190607_080138_forniceal_palpebral.png
Italy,42,T_11_20190607_080138_palpebral.png,/home/sebastian-cruz6/cp-anemia-detection/data/eyes-defy-anemia-original/Italy/42/T_11_20190607_080138_palpebral.png
Italy,43,.DS_Store,/home/sebastian-cruz6/cp-anemia-detection/data/eyes-defy-anemia-original/Italy/43/.DS_Store
Italy,43,T_12_20190607_080302.jpg,/home/sebastian-cruz6/cp-anemia-detection/data/eyes-defy-anemia-original/Italy/43/T_12_20190607_080302.jpg
Italy,43,T_12_20190607_080302_forniceal.png,/home/sebastian-cruz6/cp-anemia-detection/data/eyes-defy-anemia-original/Italy/43/T_12_20190607_080302_forniceal.png
Italy,43,T_12_20190607_080302_forniceal_palpebral.png,/home/sebastian-cruz6/cp-anemia-detection/data/eyes-defy-anemia-original/Italy/43/T_12_20190607_080302_forniceal_palpebral.png
Italy,43,T_12_20190607_080302_palpebral.png,/home/sebastian-cruz6/cp-anemia-detection/data/eyes-defy-anemia-original/Italy/43/T_12_20190607_080302_palpebral.png
Italy,44,.DS_Store,/home/sebastian-cruz6/cp-anemia-detection/data/eyes-defy-anemia-original/Italy/44/.DS_Store
Italy,44,T_13_20190607_081201.jpg,/home/sebastian-cruz6/cp-anemia-detection/data/eyes-defy-anemia-original/Italy/44/T_13_20190607_081201.jpg
Italy,44,T_13_20190607_081201_forniceal.png,/home/sebastian-cruz6/cp-anemia-detection/data/eyes-defy-anemia-original/Italy/44/T_13_20190607_081201_forniceal.png
Italy,44,T_13_20190607_081201_forniceal_palpebral.png,/home/sebastian-cruz6/cp-anemia-detection/data/eyes-defy-anemia-original/Italy/44/T_13_20190607_081201_forniceal_palpebral.png
Italy,44,T_13_20190607_081201_palpebral.png,/home/sebastian-cruz6/cp-anemia-detection/data/eyes-defy-anemia-original/Italy/44/T_13_20190607_081201_palpebral.png
Italy,45,.DS_Store,/home/sebastian-cruz6/cp-anemia-detection/data/eyes-defy-anemia-original/Italy/45/.DS_Store
Italy,45,T_14_20190607_083121.jpg,/home/sebastian-cruz6/cp-anemia-detection/data/eyes-defy-anemia-original/Italy/45/T_14_20190607_083121.jpg
Italy,45,T_14_20190607_083121_forniceal.png,/home/sebastian-cruz6/cp-anemia-detection/data/eyes-defy-anemia-original/Italy/45/T_14_20190607_083121_forniceal.png
Italy,45,T_14_20190607_083121_forniceal_palpebral.png,/home/sebastian-cruz6/cp-anemia-detection/data/eyes-defy-anemia-original/Italy/45/T_14_20190607_083121_forniceal_palpebral.png
Italy,45,T_14_20190607_083121_palpebral.png,/home/sebastian-cruz6/cp-anemia-detection/data/eyes-defy-anemia-original/Italy/45/T_14_20190607_083121_palpebral.png
Italy,46,.DS_Store,/home/sebastian-cruz6/cp-anemia-detection/data/eyes-defy-anemia-original/Italy/46/.DS_Store
Italy,46,T_15_20190608_075438.jpg,/home/sebastian-cruz6/cp-anemia-detection/data/eyes-defy-anemia-original/Italy/46/T_15_20190608_075438.jpg
Italy,46,T_15_20190608_075438_forniceal.png,/home/sebastian-cruz6/cp-anemia-detection/data/eyes-defy-anemia-original/Italy/46/T_15_20190608_075438_forniceal.png
Italy,46,T_15_20190608_075438_forniceal_palpebral.png,/home/sebastian-cruz6/cp-anemia-detection/data/eyes-defy-anemia-original/Italy/46/T_15_20190608_075438_forniceal_palpebral.png
Italy,46,T_15_20190608_075438_palpebral.png,/home/sebastian-cruz6/cp-anemia-detection/data/eyes-defy-anemia-original/Italy/46/T_15_20190608_075438_palpebral.png
Italy,47,.DS_Store,/home/sebastian-cruz6/cp-anemia-detection/data/eyes-defy-anemia-original/Italy/47/.DS_Store
Italy,47,T_16_20190608_075548.jpg,/home/sebastian-cruz6/cp-anemia-detection/data/eyes-defy-anemia-original/Italy/47/T_16_20190608_075548.jpg
Italy,47,T_16_20190608_075548_forniceal.png,/home/sebastian-cruz6/cp-anemia-detection/data/eyes-defy-anemia-original/Italy/47/T_16_20190608_075548_forniceal.png
Italy,47,T_16_20190608_075548_forniceal_palpebral.png,/home/sebastian-cruz6/cp-anemia-detection/data/eyes-defy-anemia-original/Italy/47/T_16_20190608_075548_forniceal_palpebral.png
Italy,47,T_16_20190608_075548_palpebral.png,/home/sebastian-cruz6/cp-anemia-detection/data/eyes-defy-anemia-original/Italy/47/T_16_20190608_075548_palpebral.png
Italy,48,.DS_Store,/home/sebastian-cruz6/cp-anemia-detection/data/eyes-defy-anemia-original/Italy/48/.DS_Store
Italy,48,T_17_20190608_080434.jpg,/home/sebastian-cruz6/cp-anemia-detection/data/eyes-defy-anemia-original/Italy/48/T_17_20190608_080434.jpg
Italy,48,T_17_20190608_080434_forniceal.png,/home/sebastian-cruz6/cp-anemia-detection/data/eyes-defy-anemia-original/Italy/48/T_17_20190608_080434_forniceal.png
Italy,48,T_17_20190608_080434_forniceal_palpebral.png,/home/sebastian-cruz6/cp-anemia-detection/data/eyes-defy-anemia-original/Italy/48/T_17_20190608_080434_forniceal_palpebral.png
Italy,48,T_17_20190608_080434_palpebral.png,/home/sebastian-cruz6/cp-anemia-detection/data/eyes-defy-anemia-original/Italy/48/T_17_20190608_080434_palpebral.png
Italy,49,.DS_Store,/home/sebastian-cruz6/cp-anemia-detection/data/eyes-defy-anemia-original/Italy/49/.DS_Store
Italy,49,T_18_20190608_081326.jpg,/home/sebastian-cruz6/cp-anemia-detection/data/eyes-defy-anemia-original/Italy/49/T_18_20190608_081326.jpg
Italy,49,T_18_20190608_081326_forniceal.png,/home/sebastian-cruz6/cp-anemia-detection/data/eyes-defy-anemia-original/Italy/49/T_18_20190608_081326_forniceal.png
Italy,49,T_18_20190608_081326_forniceal_palpebral.png,/home/sebastian-cruz6/cp-anemia-detection/data/eyes-defy-anemia-original/Italy/49/T_18_20190608_081326_forniceal_palpebral.png
Italy,49,T_18_20190608_081326_palpebral.png,/home/sebastian-cruz6/cp-anemia-detection/data/eyes-defy-anemia-original/Italy/49/T_18_20190608_081326_palpebral.png
Italy,50,.DS_Store,/home/sebastian-cruz6/cp-anemia-detection/data/eyes-defy-anemia-original/Italy/50/.DS_Store
Italy,50,T_19_20190608_081908.jpg,/home/sebastian-cruz6/cp-anemia-detection/data/eyes-defy-anemia-original/Italy/50/T_19_20190608_081908.jpg
Italy,50,T_19_20190608_081908_forniceal.png,/home/sebastian-cruz6/cp-anemia-detection/data/eyes-defy-anemia-original/Italy/50/T_19_20190608_081908_forniceal.png
Italy,50,T_19_20190608_081908_forniceal_palpebral.png,/home/sebastian-cruz6/cp-anemia-detection/data/eyes-defy-anemia-original/Italy/50/T_19_20190608_081908_forniceal_palpebral.png
Italy,50,T_19_20190608_081908_palpebral.png,/home/sebastian-cruz6/cp-anemia-detection/data/eyes-defy-anemia-original/Italy/50/T_19_20190608_081908_palpebral.png
Italy,51,.DS_Store,/home/sebastian-cruz6/cp-anemia-detection/data/eyes-defy-anemia-original/Italy/51/.DS_Store
Italy,51,T_20_20190608_082624.jpg,/home/sebastian-cruz6/cp-anemia-detection/data/eyes-defy-anemia-original/Italy/51/T_20_20190608_082624.jpg
Italy,51,T_20_20190608_082624_forniceal.png,/home/sebastian-cruz6/cp-anemia-detection/data/eyes-defy-anemia-original/Italy/51/T_20_20190608_082624_forniceal.png
Italy,51,T_20_20190608_082624_forniceal_palpebral.png,/home/sebastian-cruz6/cp-anemia-detection/data/eyes-defy-anemia-original/Italy/51/T_20_20190608_082624_forniceal_palpebral.png
Italy,51,T_20_20190608_082624_palpebral.png,/home/sebastian-cruz6/cp-anemia-detection/data/eyes-defy-anemia-original/Italy/51/T_20_20190608_082624_palpebral.png
Italy,52,.DS_Store,/home/sebastian-cruz6/cp-anemia-detection/data/eyes-defy-anemia-original/Italy/52/.DS_Store
Italy,52,T_21_20190608_083544.jpg,/home/sebastian-cruz6/cp-anemia-detection/data/eyes-defy-anemia-original/Italy/52/T_21_20190608_083544.jpg
Italy,52,T_21_20190608_083544_forniceal.png,/home/sebastian-cruz6/cp-anemia-detection/data/eyes-defy-anemia-original/Italy/52/T_21_20190608_083544_forniceal.png
Italy,52,T_21_20190608_083544_forniceal_palpebral.png,/home/sebastian-cruz6/cp-anemia-detection/data/eyes-defy-anemia-original/Italy/52/T_21_20190608_083544_forniceal_palpebral.png
Italy,52,T_21_20190608_083544_palpebral.png,/home/sebastian-cruz6/cp-anemia-detection/data/eyes-defy-anemia-original/Italy/52/T_21_20190608_083544_palpebral.png
Italy,53,.DS_Store,/home/sebastian-cruz6/cp-anemia-detection/data/eyes-defy-anemia-original/Italy/53/.DS_Store
Italy,53,T_22_20190608_084856.jpg,/home/sebastian-cruz6/cp-anemia-detection/data/eyes-defy-anemia-original/Italy/53/T_22_20190608_084856.jpg
Italy,53,T_22_20190608_084856_forniceal.png,/home/sebastian-cruz6/cp-anemia-detection/data/eyes-defy-anemia-original/Italy/53/T_22_20190608_084856_forniceal.png
Italy,53,T_22_20190608_084856_forniceal_palpebral.png,/home/sebastian-cruz6/cp-anemia-detection/data/eyes-defy-anemia-original/Italy/53/T_22_20190608_084856_forniceal_palpebral.png
Italy,53,T_22_20190608_084856_palpebral.png,/home/sebastian-cruz6/cp-anemia-detection/data/eyes-defy-anemia-original/Italy/53/T_22_20190608_084856_palpebral.png
Italy,54,.DS_Store,/home/sebastian-cruz6/cp-anemia-detection/data/eyes-defy-anemia-original/Italy/54/.DS_Store
Italy,54,T_23_20190608_090427.jpg,/home/sebastian-cruz6/cp-anemia-detection/data/eyes-defy-anemia-original/Italy/54/T_23_20190608_090427.jpg
Italy,54,T_23_20190608_090427_palpebral.png,/home/sebastian-cruz6/cp-anemia-detection/data/eyes-defy-anemia-original/Italy/54/T_23_20190608_090427_palpebral.png
Italy,55,.DS_Store,/home/sebastian-cruz6/cp-anemia-detection/data/eyes-defy-anemia-original/Italy/55/.DS_Store
Italy,55,T_24_20190608_091157.jpg,/home/sebastian-cruz6/cp-anemia-detection/data/eyes-defy-anemia-original/Italy/55/T_24_20190608_091157.jpg
Italy,55,T_24_20190608_091157_forniceal.png,/home/sebastian-cruz6/cp-anemia-detection/data/eyes-defy-anemia-original/Italy/55/T_24_20190608_091157_forniceal.png
Italy,55,T_24_20190608_091157_forniceal_palpebral.png,/home/sebastian-cruz6/cp-anemia-detection/data/eyes-defy-anemia-original/Italy/55/T_24_20190608_091157_forniceal_palpebral.png
Italy,55,T_24_20190608_091157_palpebral.png,/home/sebastian-cruz6/cp-anemia-detection/data/eyes-defy-anemia-original/Italy/55/T_24_20190608_091157_palpebral.png
Italy,56,.DS_Store,/home/sebastian-cruz6/cp-anemia-detection/data/eyes-defy-anemia-original/Italy/56/.DS_Store
Italy,56,T_25_20190608_092503.jpg,/home/sebastian-cruz6/cp-anemia-detection/data/eyes-defy-anemia-original/Italy/56/T_25_20190608_092503.jpg
Italy,56,T_25_20190608_092503_forniceal.png,/home/sebastian-cruz6/cp-anemia-detection/data/eyes-defy-anemia-original/Italy/56/T_25_20190608_092503_forniceal.png
Italy,56,T_25_20190608_092503_forniceal_palpebral.png,/home/sebastian-cruz6/cp-anemia-detection/data/eyes-defy-anemia-original/Italy/56/T_25_20190608_092503_forniceal_palpebral.png
Italy,56,T_25_20190608_092503_palpebral.png,/home/sebastian-cruz6/cp-anemia-detection/data/eyes-defy-anemia-original/Italy/56/T_25_20190608_092503_palpebral.png
Italy,57,.DS_Store,/home/sebastian-cruz6/cp-anemia-detection/data/eyes-defy-anemia-original/Italy/57/.DS_Store
Italy,57,T_26_20190608_094356.jpg,/home/sebastian-cruz6/cp-anemia-detection/data/eyes-defy-anemia-original/Italy/57/T_26_20190608_094356.jpg
Italy,57,T_26_20190608_094356_forniceal.png,/home/sebastian-cruz6/cp-anemia-detection/data/eyes-defy-anemia-original/Italy/57/T_26_20190608_094356_forniceal.png
Italy,57,T_26_20190608_094356_forniceal_palpebral.png,/home/sebastian-cruz6/cp-anemia-detection/data/eyes-defy-anemia-original/Italy/57/T_26_20190608_094356_forniceal_palpebral.png
Italy,57,T_26_20190608_094356_palpebral.png,/home/sebastian-cruz6/cp-anemia-detection/data/eyes-defy-anemia-original/Italy/57/T_26_20190608_094356_palpebral.png
Italy,58,.DS_Store,/home/sebastian-cruz6/cp-anemia-detection/data/eyes-defy-anemia-original/Italy/58/.DS_Store
Italy,58,T_27_20190608_100451.jpg,/home/sebastian-cruz6/cp-anemia-detection/data/eyes-defy-anemia-original/Italy/58/T_27_20190608_100451.jpg
Italy,58,T_27_20190608_100451_palpebral.png,/home/sebastian-cruz6/cp-anemia-detection/data/eyes-defy-anemia-original/Italy/58/T_27_20190608_100451_palpebral.png
Italy,59,.DS_Store,/home/sebastian-cruz6/cp-anemia-detection/data/eyes-defy-anemia-original/Italy/59/.DS_Store
Italy,59,T_28_20190608_102706.jpg,/home/sebastian-cruz6/cp-anemia-detection/data/eyes-defy-anemia-original/Italy/59/T_28_20190608_102706.jpg
Italy,59,T_28_20190608_102706_forniceal.png,/home/sebastian-cruz6/cp-anemia-detection/data/eyes-defy-anemia-original/Italy/59/T_28_20190608_102706_forniceal.png
Italy,59,T_28_20190608_102706_forniceal_palpebral.png,/home/sebastian-cruz6/cp-anemia-detection/data/eyes-defy-anemia-original/Italy/59/T_28_20190608_102706_forniceal_palpebral.png
Italy,59,T_28_20190608_102706_palpebral.png,/home/sebastian-cruz6/cp-anemia-detection/data/eyes-defy-anemia-original/Italy/59/T_28_20190608_102706_palpebral.png
Italy,60,.DS_Store,/home/sebastian-cruz6/cp-anemia-detection/data/eyes-defy-anemia-original/Italy/60/.DS_Store
Italy,60,T_29_20190608_110432.jpg,/home/sebastian-cruz6/cp-anemia-detection/data/eyes-defy-anemia-original/Italy/60/T_29_20190608_110432.jpg
Italy,60,T_29_20190608_110432_forniceal.png,/home/sebastian-cruz6/cp-anemia-detection/data/eyes-defy-anemia-original/Italy/60/T_29_20190608_110432_forniceal.png
Italy,60,T_29_20190608_110432_forniceal_palpebral.png,/home/sebastian-cruz6/cp-anemia-detection/data/eyes-defy-anemia-original/Italy/60/T_29_20190608_110432_forniceal_palpebral.png
Italy,60,T_29_20190608_110432_palpebral.png,/home/sebastian-cruz6/cp-anemia-detection/data/eyes-defy-anemia-original/Italy/60/T_29_20190608_110432_palpebral.png
Italy,61,.DS_Store,/home/sebastian-cruz6/cp-anemia-detection/data/eyes-defy-anemia-original/Italy/61/.DS_Store
Italy,61,T_30_20190608_113211.jpg,/home/sebastian-cruz6/cp-anemia-detection/data/eyes-defy-anemia-original/Italy/61/T_30_20190608_113211.jpg
Italy,61,T_30_20190608_113211_forniceal.png,/home/sebastian-cruz6/cp-anemia-detection/data/eyes-defy-anemia-original/Italy/61/T_30_20190608_113211_forniceal.png
Italy,61,T_30_20190608_113211_forniceal_palpebral.png,/home/sebastian-cruz6/cp-anemia-detection/data/eyes-defy-anemia-original/Italy/61/T_30_20190608_113211_forniceal_palpebral.png
Italy,61,T_30_20190608_113211_palpebral.png,/home/sebastian-cruz6/cp-anemia-detection/data/eyes-defy-anemia-original/Italy/61/T_30_20190608_113211_palpebral.png
Italy,62,.DS_Store,/home/sebastian-cruz6/cp-anemia-detection/data/eyes-defy-anemia-original/Italy/62/.DS_Store
Italy,62,T_31_20190608_113406.jpg,/home/sebastian-cruz6/cp-anemia-detection/data/eyes-defy-anemia-original/Italy/62/T_31_20190608_113406.jpg
Italy,62,T_31_20190608_113406_forniceal.png,/home/sebastian-cruz6/cp-anemia-detection/data/eyes-defy-anemia-original/Italy/62/T_31_20190608_113406_forniceal.png
Italy,62,T_31_20190608_113406_forniceal_palpebral.png,/home/sebastian-cruz6/cp-anemia-detection/data/eyes-defy-anemia-original/Italy/62/T_31_20190608_113406_forniceal_palpebral.png
Italy,62,T_31_20190608_113406_palpebral.png,/home/sebastian-cruz6/cp-anemia-detection/data/eyes-defy-anemia-original/Italy/62/T_31_20190608_113406_palpebral.png
Italy,63,.DS_Store,/home/sebastian-cruz6/cp-anemia-detection/data/eyes-defy-anemia-original/Italy/63/.DS_Store
Italy,63,T_32_20190610_075738.jpg,/home/sebastian-cruz6/cp-anemia-detection/data/eyes-defy-anemia-original/Italy/63/T_32_20190610_075738.jpg
Italy,63,T_32_20190610_075738_forniceal.png,/home/sebastian-cruz6/cp-anemia-detection/data/eyes-defy-anemia-original/Italy/63/T_32_20190610_075738_forniceal.png
Italy,63,T_32_20190610_075738_forniceal_palpebral.png,/home/sebastian-cruz6/cp-anemia-detection/data/eyes-defy-anemia-original/Italy/63/T_32_20190610_075738_forniceal_palpebral.png
Italy,63,T_32_20190610_075738_palpebral.png,/home/sebastian-cruz6/cp-anemia-detection/data/eyes-defy-anemia-original/Italy/63/T_32_20190610_075738_palpebral.png
Italy,64,.DS_Store,/home/sebastian-cruz6/cp-anemia-detection/data/eyes-defy-anemia-original/Italy/64/.DS_Store
Italy,64,T_33_20190610_075938.jpg,/home/sebastian-cruz6/cp-anemia-detection/data/eyes-defy-anemia-original/Italy/64/T_33_20190610_075938.jpg
Italy,64,T_33_20190610_075938_forniceal.png,/home/sebastian-cruz6/cp-anemia-detection/data/eyes-defy-anemia-original/Italy/64/T_33_20190610_075938_forniceal.png
Italy,64,T_33_20190610_075938_forniceal_palpebral.png,/home/sebastian-cruz6/cp-anemia-detection/data/eyes-defy-anemia-original/Italy/64/T_33_20190610_075938_forniceal_palpebral.png
Italy,64,T_33_20190610_075938_palpebral.png,/home/sebastian-cruz6/cp-anemia-detection/data/eyes-defy-anemia-original/Italy/64/T_33_20190610_075938_palpebral.png
Italy,65,.DS_Store,/home/sebastian-cruz6/cp-anemia-detection/data/eyes-defy-anemia-original/Italy/65/.DS_Store
Italy,65,T_34_20190610_083355.jpg,/home/sebastian-cruz6/cp-anemia-detection/data/eyes-defy-anemia-original/Italy/65/T_34_20190610_083355.jpg
Italy,65,T_34_20190610_083355_forniceal.png,/home/sebastian-cruz6/cp-anemia-detection/data/eyes-defy-anemia-original/Italy/65/T_34_20190610_083355_forniceal.png
Italy,65,T_34_20190610_083355_forniceal_palpebral.png,/home/sebastian-cruz6/cp-anemia-detection/data/eyes-defy-anemia-original/Italy/65/T_34_20190610_083355_forniceal_palpebral.png
Italy,65,T_34_20190610_083355_palpebral.png,/home/sebastian-cruz6/cp-anemia-detection/data/eyes-defy-anemia-original/Italy/65/T_34_20190610_083355_palpebral.png
Italy,66,.DS_Store,/home/sebastian-cruz6/cp-anemia-detection/data/eyes-defy-anemia-original/Italy/66/.DS_Store
Italy,66,T_35_20190610_084118.jpg,/home/sebastian-cruz6/cp-anemia-detection/data/eyes-defy-anemia-original/Italy/66/T_35_20190610_084118.jpg
Italy,66,T_35_20190610_084118_forniceal.png,/home/sebastian-cruz6/cp-anemia-detection/data/eyes-defy-anemia-original/Italy/66/T_35_20190610_084118_forniceal.png
Italy,66,T_35_20190610_084118_forniceal_palpebral.png,/home/sebastian-cruz6/cp-anemia-detection/data/eyes-defy-anemia-original/Italy/66/T_35_20190610_084118_forniceal_palpebral.png
Italy,66,T_35_20190610_084118_palpebral.png,/home/sebastian-cruz6/cp-anemia-detection/data/eyes-defy-anemia-original/Italy/66/T_35_20190610_084118_palpebral.png
Italy,67,.DS_Store,/home/sebastian-cruz6/cp-anemia-detection/data/eyes-defy-anemia-original/Italy/67/.DS_Store
Italy,67,T_36_20190610_084456.jpg,/home/sebastian-cruz6/cp-anemia-detection/data/eyes-defy-anemia-original/Italy/67/T_36_20190610_084456.jpg
Italy,67,T_36_20190610_084456_forniceal.png,/home/sebastian-cruz6/cp-anemia-detection/data/eyes-defy-anemia-original/Italy/67/T_36_20190610_084456_forniceal.png
Italy,67,T_36_20190610_084456_forniceal_palpebral.png,/home/sebastian-cruz6/cp-anemia-detection/data/eyes-defy-anemia-original/Italy/67/T_36_20190610_084456_forniceal_palpebral.png
Italy,67,T_36_20190610_084456_palpebral.png,/home/sebastian-cruz6/cp-anemia-detection/data/eyes-defy-anemia-original/Italy/67/T_36_20190610_084456_palpebral.png
Italy,68,.DS_Store,/home/sebastian-cruz6/cp-anemia-detection/data/eyes-defy-anemia-original/Italy/68/.DS_Store
Italy,68,T_37_20190610_085835.jpg,/home/sebastian-cruz6/cp-anemia-detection/data/eyes-defy-anemia-original/Italy/68/T_37_20190610_085835.jpg
Italy,68,T_37_20190610_085835_forniceal.png,/home/sebastian-cruz6/cp-anemia-detection/data/eyes-defy-anemia-original/Italy/68/T_37_20190610_085835_forniceal.png
Italy,68,T_37_20190610_085835_forniceal_palpebral.png,/home/sebastian-cruz6/cp-anemia-detection/data/eyes-defy-anemia-original/Italy/68/T_37_20190610_085835_forniceal_palpebral.png
Italy,68,T_37_20190610_085835_palpebral.png,/home/sebastian-cruz6/cp-anemia-detection/data/eyes-defy-anemia-original/Italy/68/T_37_20190610_085835_palpebral.png
Italy,69,.DS_Store,/home/sebastian-cruz6/cp-anemia-detection/data/eyes-defy-anemia-original/Italy/69/.DS_Store
Italy,69,T_38_20190611_075450.jpg,/home/sebastian-cruz6/cp-anemia-detection/data/eyes-defy-anemia-original/Italy/69/T_38_20190611_075450.jpg
Italy,69,T_38_20190611_075450_forniceal.png,/home/sebastian-cruz6/cp-anemia-detection/data/eyes-defy-anemia-original/Italy/69/T_38_20190611_075450_forniceal.png
Italy,69,T_38_20190611_075450_forniceal_palpebral.png,/home/sebastian-cruz6/cp-anemia-detection/data/eyes-defy-anemia-original/Italy/69/T_38_20190611_075450_forniceal_palpebral.png
Italy,69,T_38_20190611_075450_palpebral.png,/home/sebastian-cruz6/cp-anemia-detection/data/eyes-defy-anemia-original/Italy/69/T_38_20190611_075450_palpebral.png
Italy,70,.DS_Store,/home/sebastian-cruz6/cp-anemia-detection/data/eyes-defy-anemia-original/Italy/70/.DS_Store
Italy,70,T_39_20190611_080114.jpg,/home/sebastian-cruz6/cp-anemia-detection/data/eyes-defy-anemia-original/Italy/70/T_39_20190611_080114.jpg
Italy,70,T_39_20190611_080114_forniceal.png,/home/sebastian-cruz6/cp-anemia-detection/data/eyes-defy-anemia-original/Italy/70/T_39_20190611_080114_forniceal.png
Italy,70,T_39_20190611_080114_forniceal_palpebral.png,/home/sebastian-cruz6/cp-anemia-detection/data/eyes-defy-anemia-original/Italy/70/T_39_20190611_080114_forniceal_palpebral.png
Italy,70,T_39_20190611_080114_palpebral.png,/home/sebastian-cruz6/cp-anemia-detection/data/eyes-defy-anemia-original/Italy/70/T_39_20190611_080114_palpebral.png
Italy,71,.DS_Store,/home/sebastian-cruz6/cp-anemia-detection/data/eyes-defy-anemia-original/Italy/71/.DS_Store
Italy,71,T_40_20190611_080529.jpg,/home/sebastian-cruz6/cp-anemia-detection/data/eyes-defy-anemia-original/Italy/71/T_40_20190611_080529.jpg
Italy,71,T_40_20190611_080529_forniceal.png,/home/sebastian-cruz6/cp-anemia-detection/data/eyes-defy-anemia-original/Italy/71/T_40_20190611_080529_forniceal.png
Italy,71,T_40_20190611_080529_forniceal_palpebral.png,/home/sebastian-cruz6/cp-anemia-detection/data/eyes-defy-anemia-original/Italy/71/T_40_20190611_080529_forniceal_palpebral.png
Italy,71,T_40_20190611_080529_palpebral.png,/home/sebastian-cruz6/cp-anemia-detection/data/eyes-defy-anemia-original/Italy/71/T_40_20190611_080529_palpebral.png
Italy,72,.DS_Store,/home/sebastian-cruz6/cp-anemia-detection/data/eyes-defy-anemia-original/Italy/72/.DS_Store
Italy,72,T_41_20190611_082501.jpg,/home/sebastian-cruz6/cp-anemia-detection/data/eyes-defy-anemia-original/Italy/72/T_41_20190611_082501.jpg
Italy,72,T_41_20190611_082501_forniceal.png,/home/sebastian-cruz6/cp-anemia-detection/data/eyes-defy-anemia-original/Italy/72/T_41_20190611_082501_forniceal.png
Italy,72,T_41_20190611_082501_forniceal_palpebral.png,/home/sebastian-cruz6/cp-anemia-detection/data/eyes-defy-anemia-original/Italy/72/T_41_20190611_082501_forniceal_palpebral.png
Italy,72,T_41_20190611_082501_palpebral.png,/home/sebastian-cruz6/cp-anemia-detection/data/eyes-defy-anemia-original/Italy/72/T_41_20190611_082501_palpebral.png
Italy,73,.DS_Store,/home/sebastian-cruz6/cp-anemia-detection/data/eyes-defy-anemia-original/Italy/73/.DS_Store
Italy,73,T_42_20190611_082701.jpg,/home/sebastian-cruz6/cp-anemia-detection/data/eyes-defy-anemia-original/Italy/73/T_42_20190611_082701.jpg
Italy,73,T_42_20190611_082701_forniceal.png,/home/sebastian-cruz6/cp-anemia-detection/data/eyes-defy-anemia-original/Italy/73/T_42_20190611_082701_forniceal.png
Italy,73,T_42_20190611_082701_forniceal_palpebral.png,/home/sebastian-cruz6/cp-anemia-detection/data/eyes-defy-anemia-original/Italy/73/T_42_20190611_082701_forniceal_palpebral.png
Italy,73,T_42_20190611_082701_palpebral.png,/home/sebastian-cruz6/cp-anemia-detection/data/eyes-defy-anemia-original/Italy/73/T_42_20190611_082701_palpebral.png
Italy,74,.DS_Store,/home/sebastian-cruz6/cp-anemia-detection/data/eyes-defy-anemia-original/Italy/74/.DS_Store
Italy,74,T_43_20190611_083341.jpg,/home/sebastian-cruz6/cp-anemia-detection/data/eyes-defy-anemia-original/Italy/74/T_43_20190611_083341.jpg
Italy,74,T_43_20190611_083341_forniceal.png,/home/sebastian-cruz6/cp-anemia-detection/data/eyes-defy-anemia-original/Italy/74/T_43_20190611_083341_forniceal.png
Italy,74,T_43_20190611_083341_forniceal_palpebral.png,/home/sebastian-cruz6/cp-anemia-detection/data/eyes-defy-anemia-original/Italy/74/T_43_20190611_083341_forniceal_palpebral.png
Italy,74,T_43_20190611_083341_palpebral.png,/home/sebastian-cruz6/cp-anemia-detection/data/eyes-defy-anemia-original/Italy/74/T_43_20190611_083341_palpebral.png
Italy,75,.DS_Store,/home/sebastian-cruz6/cp-anemia-detection/data/eyes-defy-anemia-original/Italy/75/.DS_Store
Italy,75,T_44_20190611_083543.jpg,/home/sebastian-cruz6/cp-anemia-detection/data/eyes-defy-anemia-original/Italy/75/T_44_20190611_083543.jpg
Italy,75,T_44_20190611_083543_palpebral.png,/home/sebastian-cruz6/cp-anemia-detection/data/eyes-defy-anemia-original/Italy/75/T_44_20190611_083543_palpebral.png
Italy,76,.DS_Store,/home/sebastian-cruz6/cp-anemia-detection/data/eyes-defy-anemia-original/Italy/76/.DS_Store
Italy,76,T_45_20190611_090821.jpg,/home/sebastian-cruz6/cp-anemia-detection/data/eyes-defy-anemia-original/Italy/76/T_45_20190611_090821.jpg
Italy,76,T_45_20190611_090821_forniceal.png,/home/sebastian-cruz6/cp-anemia-detection/data/eyes-defy-anemia-original/Italy/76/T_45_20190611_090821_forniceal.png
Italy,76,T_45_20190611_090821_forniceal_palpebral.png,/home/sebastian-cruz6/cp-anemia-detection/data/eyes-defy-anemia-original/Italy/76/T_45_20190611_090821_forniceal_palpebral.png
Italy,76,T_45_20190611_090821_palpebral.png,/home/sebastian-cruz6/cp-anemia-detection/data/eyes-defy-anemia-original/Italy/76/T_45_20190611_090821_palpebral.png
Italy,77,.DS_Store,/home/sebastian-cruz6/cp-anemia-detection/data/eyes-defy-anemia-original/Italy/77/.DS_Store
Italy,77,T_46_20190611_091248.jpg,/home/sebastian-cruz6/cp-anemia-detection/data/eyes-defy-anemia-original/Italy/77/T_46_20190611_091248.jpg
Italy,77,T_46_20190611_091248_forniceal.png,/home/sebastian-cruz6/cp-anemia-detection/data/eyes-defy-anemia-original/Italy/77/T_46_20190611_091248_forniceal.png
Italy,77,T_46_20190611_091248_forniceal_palpebral.png,/home/sebastian-cruz6/cp-anemia-detection/data/eyes-defy-anemia-original/Italy/77/T_46_20190611_091248_forniceal_palpebral.png
Italy,77,T_46_20190611_091248_palpebral.png,/home/sebastian-cruz6/cp-anemia-detection/data/eyes-defy-anemia-original/Italy/77/T_46_20190611_091248_palpebral.png
Italy,78,.DS_Store,/home/sebastian-cruz6/cp-anemia-detection/data/eyes-defy-anemia-original/Italy/78/.DS_Store
Italy,78,T_47_20190611_094951.jpg,/home/sebastian-cruz6/cp-anemia-detection/data/eyes-defy-anemia-original/Italy/78/T_47_20190611_094951.jpg
Italy,78,T_47_20190611_094951_forniceal.png,/home/sebastian-cruz6/cp-anemia-detection/data/eyes-defy-anemia-original/Italy/78/T_47_20190611_094951_forniceal.png
Italy,78,T_47_20190611_094951_forniceal_palpebral.png,/home/sebastian-cruz6/cp-anemia-detection/data/eyes-defy-anemia-original/Italy/78/T_47_20190611_094951_forniceal_palpebral.png
Italy,78,T_47_20190611_094951_palpebral.png,/home/sebastian-cruz6/cp-anemia-detection/data/eyes-defy-anemia-original/Italy/78/T_47_20190611_094951_palpebral.png
Italy,79,.DS_Store,/home/sebastian-cruz6/cp-anemia-detection/data/eyes-defy-anemia-original/Italy/79/.DS_Store
Italy,79,T_48_20190611_095442.jpg,/home/sebastian-cruz6/cp-anemia-detection/data/eyes-defy-anemia-original/Italy/79/T_48_20190611_095442.jpg
Italy,79,T_48_20190611_095442_forniceal.png,/home/sebastian-cruz6/cp-anemia-detection/data/eyes-defy-anemia-original/Italy/79/T_48_20190611_095442_forniceal.png
Italy,79,T_48_20190611_095442_forniceal_palpebral.png,/home/sebastian-cruz6/cp-anemia-detection/data/eyes-defy-anemia-original/Italy/79/T_48_20190611_095442_forniceal_palpebral.png
Italy,79,T_48_20190611_095442_palpebral.png,/home/sebastian-cruz6/cp-anemia-detection/data/eyes-defy-anemia-original/Italy/79/T_48_20190611_095442_palpebral.png
Italy,80,.DS_Store,/home/sebastian-cruz6/cp-anemia-detection/data/eyes-defy-anemia-original/Italy/80/.DS_Store
Italy,80,T_49_20190611_095655.jpg,/home/sebastian-cruz6/cp-anemia-detection/data/eyes-defy-anemia-original/Italy/80/T_49_20190611_095655.jpg
Italy,80,T_49_20190611_095655_forniceal.png,/home/sebastian-cruz6/cp-anemia-detection/data/eyes-defy-anemia-original/Italy/80/T_49_20190611_095655_forniceal.png
Italy,80,T_49_20190611_095655_forniceal_palpebral.png,/home/sebastian-cruz6/cp-anemia-detection/data/eyes-defy-anemia-original/Italy/80/T_49_20190611_095655_forniceal_palpebral.png
Italy,80,T_49_20190611_095655_palpebral.png,/home/sebastian-cruz6/cp-anemia-detection/data/eyes-defy-anemia-original/Italy/80/T_49_20190611_095655_palpebral.png
Italy,81,.DS_Store,/home/sebastian-cruz6/cp-anemia-detection/data/eyes-defy-anemia-original/Italy/81/.DS_Store
Italy,81,T_50_20190612_080012.jpg,/home/sebastian-cruz6/cp-anemia-detection/data/eyes-defy-anemia-original/Italy/81/T_50_20190612_080012.jpg
Italy,81,T_50_20190612_080012_forniceal.png,/home/sebastian-cruz6/cp-anemia-detection/data/eyes-defy-anemia-original/Italy/81/T_50_20190612_080012_forniceal.png
Italy,81,T_50_20190612_080012_forniceal_palpebral.png,/home/sebastian-cruz6/cp-anemia-detection/data/eyes-defy-anemia-original/Italy/81/T_50_20190612_080012_forniceal_palpebral.png
Italy,81,T_50_20190612_080012_palpebral.png,/home/sebastian-cruz6/cp-anemia-detection/data/eyes-defy-anemia-original/Italy/81/T_50_20190612_080012_palpebral.png
Italy,82,.DS_Store,/home/sebastian-cruz6/cp-anemia-detection/data/eyes-defy-anemia-original/Italy/82/.DS_Store
Italy,82,T_51_20190612_080714.jpg,/home/sebastian-cruz6/cp-anemia-detection/data/eyes-defy-anemia-original/Italy/82/T_51_20190612_080714.jpg
Italy,82,T_51_20190612_080714_forniceal.png,/home/sebastian-cruz6/cp-anemia-detection/data/eyes-defy-anemia-original/Italy/82/T_51_20190612_080714_forniceal.png
Italy,82,T_51_20190612_080714_forniceal_palpebral.png,/home/sebastian-cruz6/cp-anemia-detection/data/eyes-defy-anemia-original/Italy/82/T_51_20190612_080714_forniceal_palpebral.png
Italy,82,T_51_20190612_080714_palpebral.png,/home/sebastian-cruz6/cp-anemia-detection/data/eyes-defy-anemia-original/Italy/82/T_51_20190612_080714_palpebral.png
Italy,83,.DS_Store,/home/sebastian-cruz6/cp-anemia-detection/data/eyes-defy-anemia-original/Italy/83/.DS_Store
Italy,83,T_52_20190612_081110.jpg,/home/sebastian-cruz6/cp-anemia-detection/data/eyes-defy-anemia-original/Italy/83/T_52_20190612_081110.jpg
Italy,83,T_52_20190612_081110_forniceal.png,/home/sebastian-cruz6/cp-anemia-detection/data/eyes-defy-anemia-original/Italy/83/T_52_20190612_081110_forniceal.png
Italy,83,T_52_20190612_081110_forniceal_palpebral.png,/home/sebastian-cruz6/cp-anemia-detection/data/eyes-defy-anemia-original/Italy/83/T_52_20190612_081110_forniceal_palpebral.png
Italy,83,T_52_20190612_081110_palpebral.png,/home/sebastian-cruz6/cp-anemia-detection/data/eyes-defy-anemia-original/Italy/83/T_52_20190612_081110_palpebral.png
Italy,84,.DS_Store,/home/sebastian-cruz6/cp-anemia-detection/data/eyes-defy-anemia-original/Italy/84/.DS_Store
Italy,84,T_53_20190612_081419.jpg,/home/sebastian-cruz6/cp-anemia-detection/data/eyes-defy-anemia-original/Italy/84/T_53_20190612_081419.jpg
Italy,84,T_53_20190612_081419_forniceal.png,/home/sebastian-cruz6/cp-anemia-detection/data/eyes-defy-anemia-original/Italy/84/T_53_20190612_081419_forniceal.png
Italy,84,T_53_20190612_081419_forniceal_palpebral.png,/home/sebastian-cruz6/cp-anemia-detection/data/eyes-defy-anemia-original/Italy/84/T_53_20190612_081419_forniceal_palpebral.png
Italy,84,T_53_20190612_081419_palpebral.png,/home/sebastian-cruz6/cp-anemia-detection/data/eyes-defy-anemia-original/Italy/84/T_53_20190612_081419_palpebral.png
Italy,85,.DS_Store,/home/sebastian-cruz6/cp-anemia-detection/data/eyes-defy-anemia-original/Italy/85/.DS_Store
Italy,85,T_54_20190612_081705.jpg,/home/sebastian-cruz6/cp-anemia-detection/data/eyes-defy-anemia-original/Italy/85/T_54_20190612_081705.jpg
Italy,85,T_54_20190612_081705_forniceal.png,/home/sebastian-cruz6/cp-anemia-detection/data/eyes-defy-anemia-original/Italy/85/T_54_20190612_081705_forniceal.png
Italy,85,T_54_20190612_081705_forniceal_palpebral.png,/home/sebastian-cruz6/cp-anemia-detection/data/eyes-defy-anemia-original/Italy/85/T_54_20190612_081705_forniceal_palpebral.png
Italy,85,T_54_20190612_081705_palpebral.png,/home/sebastian-cruz6/cp-anemia-detection/data/eyes-defy-anemia-original/Italy/85/T_54_20190612_081705_palpebral.png
Italy,86,.DS_Store,/home/sebastian-cruz6/cp-anemia-detection/data/eyes-defy-anemia-original/Italy/86/.DS_Store
Italy,86,T_55_20190612_082104.jpg,/home/sebastian-cruz6/cp-anemia-detection/data/eyes-defy-anemia-original/Italy/86/T_55_20190612_082104.jpg
Italy,86,T_55_20190612_082104_forniceal.png,/home/sebastian-cruz6/cp-anemia-detection/data/eyes-defy-anemia-original/Italy/86/T_55_20190612_082104_forniceal.png
Italy,86,T_55_20190612_082104_forniceal_palpebral.png,/home/sebastian-cruz6/cp-anemia-detection/data/eyes-defy-anemia-original/Italy/86/T_55_20190612_082104_forniceal_palpebral.png
Italy,86,T_55_20190612_082104_palpebral.png,/home/sebastian-cruz6/cp-anemia-detection/data/eyes-defy-anemia-original/Italy/86/T_55_20190612_082104_palpebral.png
Italy,87,.DS_Store,/home/sebastian-cruz6/cp-anemia-detection/data/eyes-defy-anemia-original/Italy/87/.DS_Store
Italy,87,T_56_20190612_083151.jpg,/home/sebastian-cruz6/cp-anemia-detection/data/eyes-defy-anemia-original/Italy/87/T_56_20190612_083151.jpg
Italy,87,T_56_20190612_083151_forniceal.png,/home/sebastian-cruz6/cp-anemia-detection/data/eyes-defy-anemia-original/Italy/87/T_56_20190612_083151_forniceal.png
Italy,87,T_56_20190612_083151_forniceal_palpebral.png,/home/sebastian-cruz6/cp-anemia-detection/data/eyes-defy-anemia-original/Italy/87/T_56_20190612_083151_forniceal_palpebral.png
Italy,87,T_56_20190612_083151_palpebral.png,/home/sebastian-cruz6/cp-anemia-detection/data/eyes-defy-anemia-original/Italy/87/T_56_20190612_083151_palpebral.png
Italy,88,.DS_Store,/home/sebastian-cruz6/cp-anemia-detection/data/eyes-defy-anemia-original/Italy/88/.DS_Store
Italy,88,T_57_20190612_085736.jpg,/home/sebastian-cruz6/cp-anemia-detection/data/eyes-defy-anemia-original/Italy/88/T_57_20190612_085736.jpg
Italy,88,T_57_20190612_085736_forniceal.png,/home/sebastian-cruz6/cp-anemia-detection/data/eyes-defy-anemia-original/Italy/88/T_57_20190612_085736_forniceal.png
Italy,88,T_57_20190612_085736_forniceal_palpebral.png,/home/sebastian-cruz6/cp-anemia-detection/data/eyes-defy-anemia-original/Italy/88/T_57_20190612_085736_forniceal_palpebral.png
Italy,88,T_57_20190612_085736_palpebral.png,/home/sebastian-cruz6/cp-anemia-detection/data/eyes-defy-anemia-original/Italy/88/T_57_20190612_085736_palpebral.png
Italy,89,.DS_Store,/home/sebastian-cruz6/cp-anemia-detection/data/eyes-defy-anemia-original/Italy/89/.DS_Store
Italy,89,T_58_20190612_090128.jpg,/home/sebastian-cruz6/cp-anemia-detection/data/eyes-defy-anemia-original/Italy/89/T_58_20190612_090128.jpg
Italy,89,T_58_20190612_090128_forniceal.png,/home/sebastian-cruz6/cp-anemia-detection/data/eyes-defy-anemia-original/Italy/89/T_58_20190612_090128_forniceal.png
Italy,89,T_58_20190612_090128_forniceal_palpebral.png,/home/sebastian-cruz6/cp-anemia-detection/data/eyes-defy-anemia-original/Italy/89/T_58_20190612_090128_forniceal_palpebral.png
Italy,89,T_58_20190612_090128_palpebral.png,/home/sebastian-cruz6/cp-anemia-detection/data/eyes-defy-anemia-original/Italy/89/T_58_20190612_090128_palpebral.png
Italy,90,.DS_Store,/home/sebastian-cruz6/cp-anemia-detection/data/eyes-defy-anemia-original/Italy/90/.DS_Store
Italy,90,T_59_20190612_090635.jpg,/home/sebastian-cruz6/cp-anemia-detection/data/eyes-defy-anemia-original/Italy/90/T_59_20190612_090635.jpg
Italy,90,T_59_20190612_090635_forniceal.png,/home/sebastian-cruz6/cp-anemia-detection/data/eyes-defy-anemia-original/Italy/90/T_59_20190612_090635_forniceal.png
Italy,90,T_59_20190612_090635_forniceal_palpebral.png,/home/sebastian-cruz6/cp-anemia-detection/data/eyes-defy-anemia-original/Italy/90/T_59_20190612_090635_forniceal_palpebral.png
Italy,90,T_59_20190612_090635_palpebral.png,/home/sebastian-cruz6/cp-anemia-detection/data/eyes-defy-anemia-original/Italy/90/T_59_20190612_090635_palpebral.png
Italy,91,.DS_Store,/home/sebastian-cruz6/cp-anemia-detection/data/eyes-defy-anemia-original/Italy/91/.DS_Store
Italy,91,T_60_20190612_091032.jpg,/home/sebastian-cruz6/cp-anemia-detection/data/eyes-defy-anemia-original/Italy/91/T_60_20190612_091032.jpg
Italy,91,T_60_20190612_091032_forniceal.png,/home/sebastian-cruz6/cp-anemia-detection/data/eyes-defy-anemia-original/Italy/91/T_60_20190612_091032_forniceal.png
Italy,91,T_60_20190612_091032_forniceal_palpebral.png,/home/sebastian-cruz6/cp-anemia-detection/data/eyes-defy-anemia-original/Italy/91/T_60_20190612_091032_forniceal_palpebral.png
Italy,91,T_60_20190612_091032_palpebral.png,/home/sebastian-cruz6/cp-anemia-detection/data/eyes-defy-anemia-original/Italy/91/T_60_20190612_091032_palpebral.png
Italy,92,.DS_Store,/home/sebastian-cruz6/cp-anemia-detection/data/eyes-defy-anemia-original/Italy/92/.DS_Store
Italy,92,T_61_20190612_091504.jpg,/home/sebastian-cruz6/cp-anemia-detection/data/eyes-defy-anemia-original/Italy/92/T_61_20190612_091504.jpg
Italy,92,T_61_20190612_091504_forniceal.png,/home/sebastian-cruz6/cp-anemia-detection/data/eyes-defy-anemia-original/Italy/92/T_61_20190612_091504_forniceal.png
Italy,92,T_61_20190612_091504_forniceal_palpebral.png,/home/sebastian-cruz6/cp-anemia-detection/data/eyes-defy-anemia-original/Italy/92/T_61_20190612_091504_forniceal_palpebral.png
Italy,92,T_61_20190612_091504_palpebral.png,/home/sebastian-cruz6/cp-anemia-detection/data/eyes-defy-anemia-original/Italy/92/T_61_20190612_091504_palpebral.png
Italy,93,.DS_Store,/home/sebastian-cruz6/cp-anemia-detection/data/eyes-defy-anemia-original/Italy/93/.DS_Store
Italy,93,T_62_20190612_091625.jpg,/home/sebastian-cruz6/cp-anemia-detection/data/eyes-defy-anemia-original/Italy/93/T_62_20190612_091625.jpg
Italy,93,T_62_20190612_091625_forniceal.png,/home/sebastian-cruz6/cp-anemia-detection/data/eyes-defy-anemia-original/Italy/93/T_62_20190612_091625_forniceal.png
Italy,93,T_62_20190612_091625_forniceal_palpebral.png,/home/sebastian-cruz6/cp-anemia-detection/data/eyes-defy-anemia-original/Italy/93/T_62_20190612_091625_forniceal_palpebral.png
Italy,93,T_62_20190612_091625_palpebral.png,/home/sebastian-cruz6/cp-anemia-detection/data/eyes-defy-anemia-original/Italy/93/T_62_20190612_091625_palpebral.png
Italy,94,.DS_Store,/home/sebastian-cruz6/cp-anemia-detection/data/eyes-defy-anemia-original/Italy/94/.DS_Store
Italy,94,T_63_20190612_092329.jpg,/home/sebastian-cruz6/cp-anemia-detection/data/eyes-defy-anemia-original/Italy/94/T_63_20190612_092329.jpg
Italy,94,T_63_20190612_092329_forniceal.png,/home/sebastian-cruz6/cp-anemia-detection/data/eyes-defy-anemia-original/Italy/94/T_63_20190612_092329_forniceal.png
Italy,94,T_63_20190612_092329_forniceal_palpebral.png,/home/sebastian-cruz6/cp-anemia-detection/data/eyes-defy-anemia-original/Italy/94/T_63_20190612_092329_forniceal_palpebral.png
Italy,94,T_63_20190612_092329_palpebral.png,/home/sebastian-cruz6/cp-anemia-detection/data/eyes-defy-anemia-original/Italy/94/T_63_20190612_092329_palpebral.png
Italy,95,.DS_Store,/home/sebastian-cruz6/cp-anemia-detection/data/eyes-defy-anemia-original/Italy/95/.DS_Store
Italy,95,T_64_20190612_092742.jpg,/home/sebastian-cruz6/cp-anemia-detection/data/eyes-defy-anemia-original/Italy/95/T_64_20190612_092742.jpg
Italy,95,T_64_20190612_092742_forniceal.png,/home/sebastian-cruz6/cp-anemia-detection/data/eyes-defy-anemia-original/Italy/95/T_64_20190612_092742_forniceal.png
Italy,95,T_64_20190612_092742_forniceal_palplebral.png,/home/sebastian-cruz6/cp-anemia-detection/data/eyes-defy-anemia-original/Italy/95/T_64_20190612_092742_forniceal_palplebral.png
Italy,95,T_64_20190612_092742_palplebral.png,/home/sebastian-cruz6/cp-anemia-detection/data/eyes-defy-anemia-original/Italy/95/T_64_20190612_092742_palplebral.png
Italy,96,.DS_Store,/home/sebastian-cruz6/cp-anemia-detection/data/eyes-defy-anemia-original/Italy/96/.DS_Store
Italy,96,T_65_20190613_075213.jpg,/home/sebastian-cruz6/cp-anemia-detection/data/eyes-defy-anemia-original/Italy/96/T_65_20190613_075213.jpg
Italy,96,T_65_20190613_075213_forniceal.png,/home/sebastian-cruz6/cp-anemia-detection/data/eyes-defy-anemia-original/Italy/96/T_65_20190613_075213_forniceal.png
Italy,96,T_65_20190613_075213_forniceal_palpebral.png,/home/sebastian-cruz6/cp-anemia-detection/data/eyes-defy-anemia-original/Italy/96/T_65_20190613_075213_forniceal_palpebral.png
Italy,96,T_65_20190613_075213_palpebral.png,/home/sebastian-cruz6/cp-anemia-detection/data/eyes-defy-anemia-original/Italy/96/T_65_20190613_075213_palpebral.png
Italy,97,.DS_Store,/home/sebastian-cruz6/cp-anemia-detection/data/eyes-defy-anemia-original/Italy/97/.DS_Store
Italy,97,T_66_20190613_075959.jpg,/home/sebastian-cruz6/cp-anemia-detection/data/eyes-defy-anemia-original/Italy/97/T_66_20190613_075959.jpg
Italy,97,T_66_20190613_075959_forniceal.png,/home/sebastian-cruz6/cp-anemia-detection/data/eyes-defy-anemia-original/Italy/97/T_66_20190613_075959_forniceal.png
Italy,97,T_66_20190613_075959_forniceal_palpebral.png,/home/sebastian-cruz6/cp-anemia-detection/data/eyes-defy-anemia-original/Italy/97/T_66_20190613_075959_forniceal_palpebral.png
Italy,97,T_66_20190613_075959_palpebral.png,/home/sebastian-cruz6/cp-anemia-detection/data/eyes-defy-anemia-original/Italy/97/T_66_20190613_075959_palpebral.png
Italy,98,.DS_Store,/home/sebastian-cruz6/cp-anemia-detection/data/eyes-defy-anemia-original/Italy/98/.DS_Store
Italy,98,T_67_20190613_080656.jpg,/home/sebastian-cruz6/cp-anemia-detection/data/eyes-defy-anemia-original/Italy/98/T_67_20190613_080656.jpg
Italy,98,T_67_20190613_080656_forniceal.png,/home/sebastian-cruz6/cp-anemia-detection/data/eyes-defy-anemia-original/Italy/98/T_67_20190613_080656_forniceal.png
Italy,98,T_67_20190613_080656_forniceal_palpebral.png,/home/sebastian-cruz6/cp-anemia-detection/data/eyes-defy-anemia-original/Italy/98/T_67_20190613_080656_forniceal_palpebral.png
Italy,98,T_67_20190613_080656_palpebral.png,/home/sebastian-cruz6/cp-anemia-detection/data/eyes-defy-anemia-original/Italy/98/T_67_20190613_080656_palpebral.png
Italy,99,.DS_Store,/home/sebastian-cruz6/cp-anemia-detection/data/eyes-defy-anemia-original/Italy/99/.DS_Store
Italy,99,T_68_20190613_081143.jpg,/home/sebastian-cruz6/cp-anemia-detection/data/eyes-defy-anemia-original/Italy/99/T_68_20190613_081143.jpg
Italy,99,T_68_20190613_081143_forniceal.png,/home/sebastian-cruz6/cp-anemia-detection/data/eyes-defy-anemia-original/Italy/99/T_68_20190613_081143_forniceal.png
Italy,99,T_68_20190613_081143_forniceal_palpebral.png,/home/sebastian-cruz6/cp-anemia-detection/data/eyes-defy-anemia-original/Italy/99/T_68_20190613_081143_forniceal_palpebral.png
Italy,99,T_68_20190613_081143_palpebral.png,/home/sebastian-cruz6/cp-anemia-detection/data/eyes-defy-anemia-original/Italy/99/T_68_20190613_081143_palpebral.png
Italy,100,.DS_Store,/home/sebastian-cruz6/cp-anemia-detection/data/eyes-defy-anemia-original/Italy/100/.DS_Store
Italy,100,T_69_20190613_081445.jpg,/home/sebastian-cruz6/cp-anemia-detection/data/eyes-defy-anemia-original/Italy/100/T_69_20190613_081445.jpg
Italy,100,T_69_20190613_081445_forniceal.png,/home/sebastian-cruz6/cp-anemia-detection/data/eyes-defy-anemia-original/Italy/100/T_69_20190613_081445_forniceal.png
Italy,100,T_69_20190613_081445_forniceal_palpebral.png,/home/sebastian-cruz6/cp-anemia-detection/data/eyes-defy-anemia-original/Italy/100/T_69_20190613_081445_forniceal_palpebral.png
Italy,100,T_69_20190613_081445_palpebral.png,/home/sebastian-cruz6/cp-anemia-detection/data/eyes-defy-anemia-original/Italy/100/T_69_20190613_081445_palpebral.png
Italy,101,.DS_Store,/home/sebastian-cruz6/cp-anemia-detection/data/eyes-defy-anemia-original/Italy/101/.DS_Store
Italy,101,T_70_20190613_081811.jpg,/home/sebastian-cruz6/cp-anemia-detection/data/eyes-defy-anemia-original/Italy/101/T_70_20190613_081811.jpg
Italy,101,T_70_20190613_081811_forniceal.png,/home/sebastian-cruz6/cp-anemia-detection/data/eyes-defy-anemia-original/Italy/101/T_70_20190613_081811_forniceal.png
Italy,101,T_70_20190613_081811_forniceal_palpebral.png,/home/sebastian-cruz6/cp-anemia-detection/data/eyes-defy-anemia-original/Italy/101/T_70_20190613_081811_forniceal_palpebral.png
Italy,101,T_70_20190613_081811_palpebral.png,/home/sebastian-cruz6/cp-anemia-detection/data/eyes-defy-anemia-original/Italy/101/T_70_20190613_081811_palpebral.png
Italy,102,.DS_Store,/home/sebastian-cruz6/cp-anemia-detection/data/eyes-defy-anemia-original/Italy/102/.DS_Store
Italy,102,T_71_20190613_083200.jpg,/home/sebastian-cruz6/cp-anemia-detection/data/eyes-defy-anemia-original/Italy/102/T_71_20190613_083200.jpg
Italy,102,T_71_20190613_083200_forniceal.png,/home/sebastian-cruz6/cp-anemia-detection/data/eyes-defy-anemia-original/Italy/102/T_71_20190613_083200_forniceal.png
Italy,102,T_71_20190613_083200_forniceal_palpebral.png,/home/sebastian-cruz6/cp-anemia-detection/data/eyes-defy-anemia-original/Italy/102/T_71_20190613_083200_forniceal_palpebral.png
Italy,102,T_71_20190613_083200_palpebral.png,/home/sebastian-cruz6/cp-anemia-detection/data/eyes-defy-anemia-original/Italy/102/T_71_20190613_083200_palpebral.png
Italy,103,.DS_Store,/home/sebastian-cruz6/cp-anemia-detection/data/eyes-defy-anemia-original/Italy/103/.DS_Store
Italy,103,T_72_20190613_083940.jpg,/home/sebastian-cruz6/cp-anemia-detection/data/eyes-defy-anemia-original/Italy/103/T_72_20190613_083940.jpg
Italy,103,T_72_20190613_083940_forniceal.png,/home/sebastian-cruz6/cp-anemia-detection/data/eyes-defy-anemia-original/Italy/103/T_72_20190613_083940_forniceal.png
Italy,103,T_72_20190613_083940_forniceal_palpebral.png,/home/sebastian-cruz6/cp-anemia-detection/data/eyes-defy-anemia-original/Italy/103/T_72_20190613_083940_forniceal_palpebral.png
Italy,103,T_72_20190613_083940_palpebral.png,/home/sebastian-cruz6/cp-anemia-detection/data/eyes-defy-anemia-original/Italy/103/T_72_20190613_083940_palpebral.png
Italy,104,.DS_Store,/home/sebastian-cruz6/cp-anemia-detection/data/eyes-defy-anemia-original/Italy/104/.DS_Store
Italy,104,T_73_20190613_084628.jpg,/home/sebastian-cruz6/cp-anemia-detection/data/eyes-defy-anemia-original/Italy/104/T_73_20190613_084628.jpg
Italy,104,T_73_20190613_084628_forniceal.png,/home/sebastian-cruz6/cp-anemia-detection/data/eyes-defy-anemia-original/Italy/104/T_73_20190613_084628_forniceal.png
Italy,104,T_73_20190613_084628_forniceal_palpebral.png,/home/sebastian-cruz6/cp-anemia-detection/data/eyes-defy-anemia-original/Italy/104/T_73_20190613_084628_forniceal_palpebral.png
Italy,104,T_73_20190613_084628_palpebral.png,/home/sebastian-cruz6/cp-anemia-detection/data/eyes-defy-anemia-original/Italy/104/T_73_20190613_084628_palpebral.png
Italy,105,.DS_Store,/home/sebastian-cruz6/cp-anemia-detection/data/eyes-defy-anemia-original/Italy/105/.DS_Store
Italy,105,T_74_20190613_090639.jpg,/home/sebastian-cruz6/cp-anemia-detection/data/eyes-defy-anemia-original/Italy/105/T_74_20190613_090639.jpg
Italy,105,T_74_20190613_090639_forniceal.png,/home/sebastian-cruz6/cp-anemia-detection/data/eyes-defy-anemia-original/Italy/105/T_74_20190613_090639_forniceal.png
Italy,105,T_74_20190613_090639_forniceal_palpebral.png,/home/sebastian-cruz6/cp-anemia-detection/data/eyes-defy-anemia-original/Italy/105/T_74_20190613_090639_forniceal_palpebral.png
Italy,105,T_74_20190613_090639_palpebral.png,/home/sebastian-cruz6/cp-anemia-detection/data/eyes-defy-anemia-original/Italy/105/T_74_20190613_090639_palpebral.png
Italy,106,.DS_Store,/home/sebastian-cruz6/cp-anemia-detection/data/eyes-defy-anemia-original/Italy/106/.DS_Store
Italy,106,T_75_20190613_092335.jpg,/home/sebastian-cruz6/cp-anemia-detection/data/eyes-defy-anemia-original/Italy/106/T_75_20190613_092335.jpg
Italy,106,T_75_20190613_092335_forniceal.png,/home/sebastian-cruz6/cp-anemia-detection/data/eyes-defy-anemia-original/Italy/106/T_75_20190613_092335_forniceal.png
Italy,106,T_75_20190613_092335_forniceal_palpebral.png,/home/sebastian-cruz6/cp-anemia-detection/data/eyes-defy-anemia-original/Italy/106/T_75_20190613_092335_forniceal_palpebral.png
Italy,106,T_75_20190613_092335_palpebral.png,/home/sebastian-cruz6/cp-anemia-detection/data/eyes-defy-anemia-original/Italy/106/T_75_20190613_092335_palpebral.png
Italy,107,.DS_Store,/home/sebastian-cruz6/cp-anemia-detection/data/eyes-defy-anemia-original/Italy/107/.DS_Store
Italy,107,T_76_20190613_093151.jpg,/home/sebastian-cruz6/cp-anemia-detection/data/eyes-defy-anemia-original/Italy/107/T_76_20190613_093151.jpg
Italy,107,T_76_20190613_093151_forniceal.png,/home/sebastian-cruz6/cp-anemia-detection/data/eyes-defy-anemia-original/Italy/107/T_76_20190613_093151_forniceal.png
Italy,107,T_76_20190613_093151_forniceal_palpebral.png,/home/sebastian-cruz6/cp-anemia-detection/data/eyes-defy-anemia-original/Italy/107/T_76_20190613_093151_forniceal_palpebral.png
Italy,107,T_76_20190613_093151_palpebral.png,/home/sebastian-cruz6/cp-anemia-detection/data/eyes-defy-anemia-original/Italy/107/T_76_20190613_093151_palpebral.png
Italy,108,.DS_Store,/home/sebastian-cruz6/cp-anemia-detection/data/eyes-defy-anemia-original/Italy/108/.DS_Store
Italy,108,T_77_20190613_093815.jpg,/home/sebastian-cruz6/cp-anemia-detection/data/eyes-defy-anemia-original/Italy/108/T_77_20190613_093815.jpg
Italy,108,T_77_20190613_093815_forniceal.png,/home/sebastian-cruz6/cp-anemia-detection/data/eyes-defy-anemia-original/Italy/108/T_77_20190613_093815_forniceal.png
Italy,108,T_77_20190613_093815_forniceal_palpebral.png,/home/sebastian-cruz6/cp-anemia-detection/data/eyes-defy-anemia-original/Italy/108/T_77_20190613_093815_forniceal_palpebral.png
Italy,108,T_77_20190613_093815_palpebral.png,/home/sebastian-cruz6/cp-anemia-detection/data/eyes-defy-anemia-original/Italy/108/T_77_20190613_093815_palpebral.png
Italy,109,.DS_Store,/home/sebastian-cruz6/cp-anemia-detection/data/eyes-defy-anemia-original/Italy/109/.DS_Store
Italy,109,T_78_20190614_074753.jpg,/home/sebastian-cruz6/cp-anemia-detection/data/eyes-defy-anemia-original/Italy/109/T_78_20190614_074753.jpg
Italy,109,T_78_20190614_074753_palpebral.png,/home/sebastian-cruz6/cp-anemia-detection/data/eyes-defy-anemia-original/Italy/109/T_78_20190614_074753_palpebral.png
Italy,110,.DS_Store,/home/sebastian-cruz6/cp-anemia-detection/data/eyes-defy-anemia-original/Italy/110/.DS_Store
Italy,110,T_79_20190614_075002.jpg,/home/sebastian-cruz6/cp-anemia-detection/data/eyes-defy-anemia-original/Italy/110/T_79_20190614_075002.jpg
Italy,110,T_79_20190614_075002_forniceal.png,/home/sebastian-cruz6/cp-anemia-detection/data/eyes-defy-anemia-original/Italy/110/T_79_20190614_075002_forniceal.png
Italy,110,T_79_20190614_075002_forniceal_palpebral.png,/home/sebastian-cruz6/cp-anemia-detection/data/eyes-defy-anemia-original/Italy/110/T_79_20190614_075002_forniceal_palpebral.png
Italy,110,T_79_20190614_075002_palpebral.png,/home/sebastian-cruz6/cp-anemia-detection/data/eyes-defy-anemia-original/Italy/110/T_79_20190614_075002_palpebral.png
Italy,111,.DS_Store,/home/sebastian-cruz6/cp-anemia-detection/data/eyes-defy-anemia-original/Italy/111/.DS_Store
Italy,111,T_80_20190614_075052.jpg,/home/sebastian-cruz6/cp-anemia-detection/data/eyes-defy-anemia-original/Italy/111/T_80_20190614_075052.jpg
Italy,111,T_80_20190614_075052_forniceal.png,/home/sebastian-cruz6/cp-anemia-detection/data/eyes-defy-anemia-original/Italy/111/T_80_20190614_075052_forniceal.png
Italy,111,T_80_20190614_075052_forniceal_palpebral.png,/home/sebastian-cruz6/cp-anemia-detection/data/eyes-defy-anemia-original/Italy/111/T_80_20190614_075052_forniceal_palpebral.png
Italy,111,T_80_20190614_075052_palpebral.png,/home/sebastian-cruz6/cp-anemia-detection/data/eyes-defy-anemia-original/Italy/111/T_80_20190614_075052_palpebral.png
Italy,112,.DS_Store,/home/sebastian-cruz6/cp-anemia-detection/data/eyes-defy-anemia-original/Italy/112/.DS_Store
Italy,112,T_81_20190614_075610.jpg,/home/sebastian-cruz6/cp-anemia-detection/data/eyes-defy-anemia-original/Italy/112/T_81_20190614_075610.jpg
Italy,112,T_81_20190614_075610_forniceal.png,/home/sebastian-cruz6/cp-anemia-detection/data/eyes-defy-anemia-original/Italy/112/T_81_20190614_075610_forniceal.png
Italy,112,T_81_20190614_075610_forniceal_palpebral.png,/home/sebastian-cruz6/cp-anemia-detection/data/eyes-defy-anemia-original/Italy/112/T_81_20190614_075610_forniceal_palpebral.png
Italy,112,T_81_20190614_075610_palpebral.png,/home/sebastian-cruz6/cp-anemia-detection/data/eyes-defy-anemia-original/Italy/112/T_81_20190614_075610_palpebral.png
Italy,113,.DS_Store,/home/sebastian-cruz6/cp-anemia-detection/data/eyes-defy-anemia-original/Italy/113/.DS_Store
Italy,113,T_82_20190614_080327.jpg,/home/sebastian-cruz6/cp-anemia-detection/data/eyes-defy-anemia-original/Italy/113/T_82_20190614_080327.jpg
Italy,113,T_82_20190614_080327_forniceal.png,/home/sebastian-cruz6/cp-anemia-detection/data/eyes-defy-anemia-original/Italy/113/T_82_20190614_080327_forniceal.png
Italy,113,T_82_20190614_080327_forniceal_palpebral.png,/home/sebastian-cruz6/cp-anemia-detection/data/eyes-defy-anemia-original/Italy/113/T_82_20190614_080327_forniceal_palpebral.png
Italy,113,T_82_20190614_080327_palpebral.png,/home/sebastian-cruz6/cp-anemia-detection/data/eyes-defy-anemia-original/Italy/113/T_82_20190614_080327_palpebral.png
Italy,114,.DS_Store,/home/sebastian-cruz6/cp-anemia-detection/data/eyes-defy-anemia-original/Italy/114/.DS_Store
Italy,114,T_83_20190614_080652.jpg,/home/sebastian-cruz6/cp-anemia-detection/data/eyes-defy-anemia-original/Italy/114/T_83_20190614_080652.jpg
Italy,114,T_83_20190614_080652_forniceal.png,/home/sebastian-cruz6/cp-anemia-detection/data/eyes-defy-anemia-original/Italy/114/T_83_20190614_080652_forniceal.png
Italy,114,T_83_20190614_080652_forniceal_palpebral.png,/home/sebastian-cruz6/cp-anemia-detection/data/eyes-defy-anemia-original/Italy/114/T_83_20190614_080652_forniceal_palpebral.png
Italy,114,T_83_20190614_080652_palpebral.png,/home/sebastian-cruz6/cp-anemia-detection/data/eyes-defy-anemia-original/Italy/114/T_83_20190614_080652_palpebral.png
Italy,115,.DS_Store,/home/sebastian-cruz6/cp-anemia-detection/data/eyes-defy-anemia-original/Italy/115/.DS_Store
Italy,115,T_84_20190614_080746.jpg,/home/sebastian-cruz6/cp-anemia-detection/data/eyes-defy-anemia-original/Italy/115/T_84_20190614_080746.jpg
Italy,115,T_84_20190614_080746_forniceal.png,/home/sebastian-cruz6/cp-anemia-detection/data/eyes-defy-anemia-original/Italy/115/T_84_20190614_080746_forniceal.png
Italy,115,T_84_20190614_080746_forniceal_palpebral.png,/home/sebastian-cruz6/cp-anemia-detection/data/eyes-defy-anemia-original/Italy/115/T_84_20190614_080746_forniceal_palpebral.png
Italy,115,T_84_20190614_080746_palpebral.png,/home/sebastian-cruz6/cp-anemia-detection/data/eyes-defy-anemia-original/Italy/115/T_84_20190614_080746_palpebral.png
Italy,116,.DS_Store,/home/sebastian-cruz6/cp-anemia-detection/data/eyes-defy-anemia-original/Italy/116/.DS_Store
Italy,116,T_85_20190614_081338.jpg,/home/sebastian-cruz6/cp-anemia-detection/data/eyes-defy-anemia-original/Italy/116/T_85_20190614_081338.jpg
Italy,116,T_85_20190614_081338_forniceal.png,/home/sebastian-cruz6/cp-anemia-detection/data/eyes-defy-anemia-original/Italy/116/T_85_20190614_081338_forniceal.png
Italy,116,T_85_20190614_081338_forniceal_palpebral.png,/home/sebastian-cruz6/cp-anemia-detection/data/eyes-defy-anemia-original/Italy/116/T_85_20190614_081338_forniceal_palpebral.png
Italy,116,T_85_20190614_081338_palpebral.png,/home/sebastian-cruz6/cp-anemia-detection/data/eyes-defy-anemia-original/Italy/116/T_85_20190614_081338_palpebral.png
Italy,117,.DS_Store,/home/sebastian-cruz6/cp-anemia-detection/data/eyes-defy-anemia-original/Italy/117/.DS_Store
Italy,117,T_86_20190614_081710.jpg,/home/sebastian-cruz6/cp-anemia-detection/data/eyes-defy-anemia-original/Italy/117/T_86_20190614_081710.jpg
Italy,117,T_86_20190614_081710_forniceal.png,/home/sebastian-cruz6/cp-anemia-detection/data/eyes-defy-anemia-original/Italy/117/T_86_20190614_081710_forniceal.png
Italy,117,T_86_20190614_081710_forniceal_palpebral.png,/home/sebastian-cruz6/cp-anemia-detection/data/eyes-defy-anemia-original/Italy/117/T_86_20190614_081710_forniceal_palpebral.png
Italy,117,T_86_20190614_081710_palpebral.png,/home/sebastian-cruz6/cp-anemia-detection/data/eyes-defy-anemia-original/Italy/117/T_86_20190614_081710_palpebral.png
Italy,118,.DS_Store,/home/sebastian-cruz6/cp-anemia-detection/data/eyes-defy-anemia-original/Italy/118/.DS_Store
Italy,118,T_87_20190614_081929.jpg,/home/sebastian-cruz6/cp-anemia-detection/data/eyes-defy-anemia-original/Italy/118/T_87_20190614_081929.jpg
Italy,118,T_87_20190614_081929_forniceal.png,/home/sebastian-cruz6/cp-anemia-detection/data/eyes-defy-anemia-original/Italy/118/T_87_20190614_081929_forniceal.png
Italy,118,T_87_20190614_081929_forniceal_palpebral.png,/home/sebastian-cruz6/cp-anemia-detection/data/eyes-defy-anemia-original/Italy/118/T_87_20190614_081929_forniceal_palpebral.png
Italy,118,T_87_20190614_081929_palpebral.png,/home/sebastian-cruz6/cp-anemia-detection/data/eyes-defy-anemia-original/Italy/118/T_87_20190614_081929_palpebral.png
Italy,119,.DS_Store,/home/sebastian-cruz6/cp-anemia-detection/data/eyes-defy-anemia-original/Italy/119/.DS_Store
Italy,119,T_88_20190614_082233.jpg,/home/sebastian-cruz6/cp-anemia-detection/data/eyes-defy-anemia-original/Italy/119/T_88_20190614_082233.jpg
Italy,119,T_88_20190614_082233_forniceal.png,/home/sebastian-cruz6/cp-anemia-detection/data/eyes-defy-anemia-original/Italy/119/T_88_20190614_082233_forniceal.png
Italy,119,T_88_20190614_082233_forniceal_palpebral.png,/home/sebastian-cruz6/cp-anemia-detection/data/eyes-defy-anemia-original/Italy/119/T_88_20190614_082233_forniceal_palpebral.png
Italy,119,T_88_20190614_082233_palpebral.png,/home/sebastian-cruz6/cp-anemia-detection/data/eyes-defy-anemia-original/Italy/119/T_88_20190614_082233_palpebral.png
Italy,120,.DS_Store,/home/sebastian-cruz6/cp-anemia-detection/data/eyes-defy-anemia-original/Italy/120/.DS_Store
Italy,120,T_89_20190614_082828.jpg,/home/sebastian-cruz6/cp-anemia-detection/data/eyes-defy-anemia-original/Italy/120/T_89_20190614_082828.jpg
Italy,120,T_89_20190614_082828_forniceal.png,/home/sebastian-cruz6/cp-anemia-detection/data/eyes-defy-anemia-original/Italy/120/T_89_20190614_082828_forniceal.png
Italy,120,T_89_20190614_082828_forniceal_palpebral.png,/home/sebastian-cruz6/cp-anemia-detection/data/eyes-defy-anemia-original/Italy/120/T_89_20190614_082828_forniceal_palpebral.png
Italy,120,T_89_20190614_082828_palpebral.png,/home/sebastian-cruz6/cp-anemia-detection/data/eyes-defy-anemia-original/Italy/120/T_89_20190614_082828_palpebral.png
Italy,121,.DS_Store,/home/sebastian-cruz6/cp-anemia-detection/data/eyes-defy-anemia-original/Italy/121/.DS_Store
Italy,121,T_90_20190614_083843.jpg,/home/sebastian-cruz6/cp-anemia-detection/data/eyes-defy-anemia-original/Italy/121/T_90_20190614_083843.jpg
Italy,121,T_90_20190614_083843_forniceal.png,/home/sebastian-cruz6/cp-anemia-detection/data/eyes-defy-anemia-original/Italy/121/T_90_20190614_083843_forniceal.png
Italy,121,T_90_20190614_083843_forniceal_palpebral.png,/home/sebastian-cruz6/cp-anemia-detection/data/eyes-defy-anemia-original/Italy/121/T_90_20190614_083843_forniceal_palpebral.png
Italy,121,T_90_20190614_083843_palpebral.png,/home/sebastian-cruz6/cp-anemia-detection/data/eyes-defy-anemia-original/Italy/121/T_90_20190614_083843_palpebral.png
Italy,122,.DS_Store,/home/sebastian-cruz6/cp-anemia-detection/data/eyes-defy-anemia-original/Italy/122/.DS_Store
Italy,122,T_91_20190614_085732.jpg,/home/sebastian-cruz6/cp-anemia-detection/data/eyes-defy-anemia-original/Italy/122/T_91_20190614_085732.jpg
Italy,122,T_91_20190614_085732_forniceal.png,/home/sebastian-cruz6/cp-anemia-detection/data/eyes-defy-anemia-original/Italy/122/T_91_20190614_085732_forniceal.png
Italy,122,T_91_20190614_085732_forniceal_palpebral.png,/home/sebastian-cruz6/cp-anemia-detection/data/eyes-defy-anemia-original/Italy/122/T_91_20190614_085732_forniceal_palpebral.png
Italy,122,T_91_20190614_085732_palpebral.png,/home/sebastian-cruz6/cp-anemia-detection/data/eyes-defy-anemia-original/Italy/122/T_91_20190614_085732_palpebral.png
Italy,123,.DS_Store,/home/sebastian-cruz6/cp-anemia-detection/data/eyes-defy-anemia-original/Italy/123/.DS_Store
Italy,123,T_92_20190614_090938.jpg,/home/sebastian-cruz6/cp-anemia-detection/data/eyes-defy-anemia-original/Italy/123/T_92_20190614_090938.jpg
Italy,123,T_92_20190614_090938_forniceal.png,/home/sebastian-cruz6/cp-anemia-detection/data/eyes-defy-anemia-original/Italy/123/T_92_20190614_090938_forniceal.png
Italy,123,T_92_20190614_090938_forniceal_palpebral.png,/home/sebastian-cruz6/cp-anemia-detection/data/eyes-defy-anemia-original/Italy/123/T_92_20190614_090938_forniceal_palpebral.png
Italy,123,T_92_20190614_090938_palpebral.png,/home/sebastian-cruz6/cp-anemia-detection/data/eyes-defy-anemia-original/Italy/123/T_92_20190614_090938_palpebral.png
India,1,.DS_Store,/home/sebastian-cruz6/cp-anemia-detection/data/eyes-defy-anemia-original/India/1/.DS_Store
India,1,20200118_164733.jpg,/home/sebastian-cruz6/cp-anemia-detection/data/eyes-defy-anemia-original/India/1/20200118_164733.jpg
India,1,20200118_164733_forniceal.png,/home/sebastian-cruz6/cp-anemia-detection/data/eyes-defy-anemia-original/India/1/20200118_164733_forniceal.png
India,1,20200118_164733_forniceal_palpebral.png,/home/sebastian-cruz6/cp-anemia-detection/data/eyes-defy-anemia-original/India/1/20200118_164733_forniceal_palpebral.png
India,1,20200118_164733_palpebral.png,/home/sebastian-cruz6/cp-anemia-detection/data/eyes-defy-anemia-original/India/1/20200118_164733_palpebral.png
India,2,.DS_Store,/home/sebastian-cruz6/cp-anemia-detection/data/eyes-defy-anemia-original/India/2/.DS_Store
India,2,20200124_154320.jpg,/home/sebastian-cruz6/cp-anemia-detection/data/eyes-defy-anemia-original/India/2/20200124_154320.jpg
India,2,20200124_154320_forniceal.png,/home/sebastian-cruz6/cp-anemia-detection/data/eyes-defy-anemia-original/India/2/20200124_154320_forniceal.png
India,2,20200124_154320_forniceal_palpebral.png,/home/sebastian-cruz6/cp-anemia-detection/data/eyes-defy-anemia-original/India/2/20200124_154320_forniceal_palpebral.png
India,2,20200124_154320_palpebral.png,/home/sebastian-cruz6/cp-anemia-detection/data/eyes-defy-anemia-original/India/2/20200124_154320_palpebral.png
India,3,.DS_Store,/home/sebastian-cruz6/cp-anemia-detection/data/eyes-defy-anemia-original/India/3/.DS_Store
India,3,20200124_155418.jpg,/home/sebastian-cruz6/cp-anemia-detection/data/eyes-defy-anemia-original/India/3/20200124_155418.jpg
India,3,20200124_155418_forniceal.png,/home/sebastian-cruz6/cp-anemia-detection/data/eyes-defy-anemia-original/India/3/20200124_155418_forniceal.png
India,3,20200124_155418_forniceal_palpebral.png,/home/sebastian-cruz6/cp-anemia-detection/data/eyes-defy-anemia-original/India/3/20200124_155418_forniceal_palpebral.png
India,3,20200124_155418_palpebral.png,/home/sebastian-cruz6/cp-anemia-detection/data/eyes-defy-anemia-original/India/3/20200124_155418_palpebral.png
India,4,.DS_Store,/home/sebastian-cruz6/cp-anemia-detection/data/eyes-defy-anemia-original/India/4/.DS_Store
India,4,20200124_160522.jpg,/home/sebastian-cruz6/cp-anemia-detection/data/eyes-defy-anemia-original/India/4/20200124_160522.jpg
India,4,20200124_160522_forniceal.png,/home/sebastian-cruz6/cp-anemia-detection/data/eyes-defy-anemia-original/India/4/20200124_160522_forniceal.png
India,4,20200124_160522_forniceal_palpebral.png,/home/sebastian-cruz6/cp-anemia-detection/data/eyes-defy-anemia-original/India/4/20200124_160522_forniceal_palpebral.png
India,4,20200124_160522_palpebral.png,/home/sebastian-cruz6/cp-anemia-detection/data/eyes-defy-anemia-original/India/4/20200124_160522_palpebral.png
India,5,.DS_Store,/home/sebastian-cruz6/cp-anemia-detection/data/eyes-defy-anemia-original/India/5/.DS_Store
India,5,20200124_161452.jpg,/home/sebastian-cruz6/cp-anemia-detection/data/eyes-defy-anemia-original/India/5/20200124_161452.jpg
India,5,20200124_161452_forniceal.png,/home/sebastian-cruz6/cp-anemia-detection/data/eyes-defy-anemia-original/India/5/20200124_161452_forniceal.png
India,5,20200124_161452_forniceal_palpebral.png,/home/sebastian-cruz6/cp-anemia-detection/data/eyes-defy-anemia-original/India/5/20200124_161452_forniceal_palpebral.png
India,5,20200124_161452_palpebral.png,/home/sebastian-cruz6/cp-anemia-detection/data/eyes-defy-anemia-original/India/5/20200124_161452_palpebral.png
India,6,.DS_Store,/home/sebastian-cruz6/cp-anemia-detection/data/eyes-defy-anemia-original/India/6/.DS_Store
India,6,20200124_184029.jpg,/home/sebastian-cruz6/cp-anemia-detection/data/eyes-defy-anemia-original/India/6/20200124_184029.jpg
India,6,20200124_184029_forniceal.png,/home/sebastian-cruz6/cp-anemia-detection/data/eyes-defy-anemia-original/India/6/20200124_184029_forniceal.png
India,6,20200124_184029_forniceal_palpebral.png,/home/sebastian-cruz6/cp-anemia-detection/data/eyes-defy-anemia-original/India/6/20200124_184029_forniceal_palpebral.png
India,6,20200124_184029_palpebral.png,/home/sebastian-cruz6/cp-anemia-detection/data/eyes-defy-anemia-original/India/6/20200124_184029_palpebral.png
India,7,.DS_Store,/home/sebastian-cruz6/cp-anemia-detection/data/eyes-defy-anemia-original/India/7/.DS_Store
India,7,20200124_202058.jpg,/home/sebastian-cruz6/cp-anemia-detection/data/eyes-defy-anemia-original/India/7/20200124_202058.jpg
India,7,20200124_202058_forniceal.png,/home/sebastian-cruz6/cp-anemia-detection/data/eyes-defy-anemia-original/India/7/20200124_202058_forniceal.png
India,7,20200124_202058_forniceal_palpebral.png,/home/sebastian-cruz6/cp-anemia-detection/data/eyes-defy-anemia-original/India/7/20200124_202058_forniceal_palpebral.png
India,7,20200124_202058_papebral.png,/home/sebastian-cruz6/cp-anemia-detection/data/eyes-defy-anemia-original/India/7/20200124_202058_papebral.png
India,8,.DS_Store,/home/sebastian-cruz6/cp-anemia-detection/data/eyes-defy-anemia-original/India/8/.DS_Store
India,8,20200124_202947.jpg,/home/sebastian-cruz6/cp-anemia-detection/data/eyes-defy-anemia-original/India/8/20200124_202947.jpg
India,8,20200124_202947_forniceal.png,/home/sebastian-cruz6/cp-anemia-detection/data/eyes-defy-anemia-original/India/8/20200124_202947_forniceal.png
India,8,20200124_202947_forniceal_palpebral(1).png,/home/sebastian-cruz6/cp-anemia-detection/data/eyes-defy-anemia-original/India/8/20200124_202947_forniceal_palpebral(1).png
India,8,20200124_202947_forniceal_palpebral.png,/home/sebastian-cruz6/cp-anemia-detection/data/eyes-defy-anemia-original/India/8/20200124_202947_forniceal_palpebral.png
India,8,20200124_202947_palpebral(1).png,/home/sebastian-cruz6/cp-anemia-detection/data/eyes-defy-anemia-original/India/8/20200124_202947_palpebral(1).png
India,8,20200124_202947_palpebral.png,/home/sebastian-cruz6/cp-anemia-detection/data/eyes-defy-anemia-original/India/8/20200124_202947_palpebral.png
India,9,.DS_Store,/home/sebastian-cruz6/cp-anemia-detection/data/eyes-defy-anemia-original/India/9/.DS_Store
India,9,20200131_205917.jpg,/home/sebastian-cruz6/cp-anemia-detection/data/eyes-defy-anemia-original/India/9/20200131_205917.jpg
India,9,20200131_205917_forniceal.png,/home/sebastian-cruz6/cp-anemia-detection/data/eyes-defy-anemia-original/India/9/20200131_205917_forniceal.png
India,9,20200131_205917_forniceal_palpebral.png,/home/sebastian-cruz6/cp-anemia-detection/data/eyes-defy-anemia-original/India/9/20200131_205917_forniceal_palpebral.png
India,9,20200131_205917_palpebral.png,/home/sebastian-cruz6/cp-anemia-detection/data/eyes-defy-anemia-original/India/9/20200131_205917_palpebral.png
India,10,.DS_Store,/home/sebastian-cruz6/cp-anemia-detection/data/eyes-defy-anemia-original/India/10/.DS_Store
India,10,20200203_091841.jpg,/home/sebastian-cruz6/cp-anemia-detection/data/eyes-defy-anemia-original/India/10/20200203_091841.jpg
India,10,20200203_091841_forniceal.png,/home/sebastian-cruz6/cp-anemia-detection/data/eyes-defy-anemia-original/India/10/20200203_091841_forniceal.png
India,10,20200203_091841_forniceal_palpebral.png,/home/sebastian-cruz6/cp-anemia-detection/data/eyes-defy-anemia-original/India/10/20200203_091841_forniceal_palpebral.png
India,10,20200203_091841_palpebral.png,/home/sebastian-cruz6/cp-anemia-detection/data/eyes-defy-anemia-original/India/10/20200203_091841_palpebral.png
India,11,.DS_Store,/home/sebastian-cruz6/cp-anemia-detection/data/eyes-defy-anemia-original/India/11/.DS_Store
India,11,20200203_094523.jpg,/home/sebastian-cruz6/cp-anemia-detection/data/eyes-defy-anemia-original/India/11/20200203_094523.jpg
India,11,20200203_094523_forniceal.png,/home/sebastian-cruz6/cp-anemia-detection/data/eyes-defy-anemia-original/India/11/20200203_094523_forniceal.png
India,11,20200203_094523_forniceal_palpebral.png,/home/sebastian-cruz6/cp-anemia-detection/data/eyes-defy-anemia-original/India/11/20200203_094523_forniceal_palpebral.png
India,11,20200203_094523_palpebral.png,/home/sebastian-cruz6/cp-anemia-detection/data/eyes-defy-anemia-original/India/11/20200203_094523_palpebral.png
India,12,.DS_Store,/home/sebastian-cruz6/cp-anemia-detection/data/eyes-defy-anemia-original/India/12/.DS_Store
India,12,20200203_103722.jpg,/home/sebastian-cruz6/cp-anemia-detection/data/eyes-defy-anemia-original/India/12/20200203_103722.jpg
India,12,20200203_103722_forniceal.png,/home/sebastian-cruz6/cp-anemia-detection/data/eyes-defy-anemia-original/India/12/20200203_103722_forniceal.png
India,12,20200203_103722_forniceal_palpebral.png,/home/sebastian-cruz6/cp-anemia-detection/data/eyes-defy-anemia-original/India/12/20200203_103722_forniceal_palpebral.png
India,12,20200203_103722_palpebral.png,/home/sebastian-cruz6/cp-anemia-detection/data/eyes-defy-anemia-original/India/12/20200203_103722_palpebral.png
India,13,.DS_Store,/home/sebastian-cruz6/cp-anemia-detection/data/eyes-defy-anemia-original/India/13/.DS_Store
India,13,20200203_190841.jpg,/home/sebastian-cruz6/cp-anemia-detection/data/eyes-defy-anemia-original/India/13/20200203_190841.jpg
India,13,20200203_190841_forniceal.png,/home/sebastian-cruz6/cp-anemia-detection/data/eyes-defy-anemia-original/India/13/20200203_190841_forniceal.png
India,13,20200203_190841_forniceal_palpebral.png,/home/sebastian-cruz6/cp-anemia-detection/data/eyes-defy-anemia-original/India/13/20200203_190841_forniceal_palpebral.png
India,13,20200203_190841_palpebral.png,/home/sebastian-cruz6/cp-anemia-detection/data/eyes-defy-anemia-original/India/13/20200203_190841_palpebral.png
India,14,.DS_Store,/home/sebastian-cruz6/cp-anemia-detection/data/eyes-defy-anemia-original/India/14/.DS_Store
India,14,20200204_154215.jpg,/home/sebastian-cruz6/cp-anemia-detection/data/eyes-defy-anemia-original/India/14/20200204_154215.jpg
India,14,20200204_154215_forniceal.png,/home/sebastian-cruz6/cp-anemia-detection/data/eyes-defy-anemia-original/India/14/20200204_154215_forniceal.png
India,14,20200204_154215_forniceal_palpebral.png,/home/sebastian-cruz6/cp-anemia-detection/data/eyes-defy-anemia-original/India/14/20200204_154215_forniceal_palpebral.png
India,14,20200204_154215_palpebral.png,/home/sebastian-cruz6/cp-anemia-detection/data/eyes-defy-anemia-original/India/14/20200204_154215_palpebral.png
India,15,.DS_Store,/home/sebastian-cruz6/cp-anemia-detection/data/eyes-defy-anemia-original/India/15/.DS_Store
India,15,20200204_160737.jpg,/home/sebastian-cruz6/cp-anemia-detection/data/eyes-defy-anemia-original/India/15/20200204_160737.jpg
India,15,20200204_160737_forniceal.png,/home/sebastian-cruz6/cp-anemia-detection/data/eyes-defy-anemia-original/India/15/20200204_160737_forniceal.png
India,15,20200204_160737_forniceal_palpebral.png,/home/sebastian-cruz6/cp-anemia-detection/data/eyes-defy-anemia-original/India/15/20200204_160737_forniceal_palpebral.png
India,15,20200204_160737_palpebral.png,/home/sebastian-cruz6/cp-anemia-detection/data/eyes-defy-anemia-original/India/15/20200204_160737_palpebral.png
India,16,.DS_Store,/home/sebastian-cruz6/cp-anemia-detection/data/eyes-defy-anemia-original/India/16/.DS_Store
India,16,20200204_155221.jpg,/home/sebastian-cruz6/cp-anemia-detection/data/eyes-defy-anemia-original/India/16/20200204_155221.jpg
India,16,20200204_155221_forniceal.png,/home/sebastian-cruz6/cp-anemia-detection/data/eyes-defy-anemia-original/India/16/20200204_155221_forniceal.png
India,16,20200204_155221_forniceal_palpebral.png,/home/sebastian-cruz6/cp-anemia-detection/data/eyes-defy-anemia-original/India/16/20200204_155221_forniceal_palpebral.png
India,16,20200204_155221_palpebral.png,/home/sebastian-cruz6/cp-anemia-detection/data/eyes-defy-anemia-original/India/16/20200204_155221_palpebral.png
India,17,.DS_Store,/home/sebastian-cruz6/cp-anemia-detection/data/eyes-defy-anemia-original/India/17/.DS_Store
India,17,20200209_122613.jpg,/home/sebastian-cruz6/cp-anemia-detection/data/eyes-defy-anemia-original/India/17/20200209_122613.jpg
India,17,20200209_122613_forniceal.png,/home/sebastian-cruz6/cp-anemia-detection/data/eyes-defy-anemia-original/India/17/20200209_122613_forniceal.png
India,17,20200209_122613_forniceal_palpebral.png,/home/sebastian-cruz6/cp-anemia-detection/data/eyes-defy-anemia-original/India/17/20200209_122613_forniceal_palpebral.png
India,17,20200209_122613_palpebral.png,/home/sebastian-cruz6/cp-anemia-detection/data/eyes-defy-anemia-original/India/17/20200209_122613_palpebral.png
India,18,.DS_Store,/home/sebastian-cruz6/cp-anemia-detection/data/eyes-defy-anemia-original/India/18/.DS_Store
India,18,20200209_132714.jpg,/home/sebastian-cruz6/cp-anemia-detection/data/eyes-defy-anemia-original/India/18/20200209_132714.jpg
India,18,20200209_132714_forniceal.png,/home/sebastian-cruz6/cp-anemia-detection/data/eyes-defy-anemia-original/India/18/20200209_132714_forniceal.png
India,18,20200209_132714_forniceal_palpebral.png,/home/sebastian-cruz6/cp-anemia-detection/data/eyes-defy-anemia-original/India/18/20200209_132714_forniceal_palpebral.png
India,18,20200209_132714_palpebral.png,/home/sebastian-cruz6/cp-anemia-detection/data/eyes-defy-anemia-original/India/18/20200209_132714_palpebral.png
India,19,.DS_Store,/home/sebastian-cruz6/cp-anemia-detection/data/eyes-defy-anemia-original/India/19/.DS_Store
India,19,20200211_140525.jpg,/home/sebastian-cruz6/cp-anemia-detection/data/eyes-defy-anemia-original/India/19/20200211_140525.jpg
India,19,20200211_140525_forniceal.png,/home/sebastian-cruz6/cp-anemia-detection/data/eyes-defy-anemia-original/India/19/20200211_140525_forniceal.png
India,19,20200211_140525_forniceal_palpebral.png,/home/sebastian-cruz6/cp-anemia-detection/data/eyes-defy-anemia-original/India/19/20200211_140525_forniceal_palpebral.png
India,19,20200211_140525_palpebral.png,/home/sebastian-cruz6/cp-anemia-detection/data/eyes-defy-anemia-original/India/19/20200211_140525_palpebral.png
India,20,.DS_Store,/home/sebastian-cruz6/cp-anemia-detection/data/eyes-defy-anemia-original/India/20/.DS_Store
India,20,20200211_143315.jpg,/home/sebastian-cruz6/cp-anemia-detection/data/eyes-defy-anemia-original/India/20/20200211_143315.jpg
India,20,20200211_143315_forniceal.png,/home/sebastian-cruz6/cp-anemia-detection/data/eyes-defy-anemia-original/India/20/20200211_143315_forniceal.png
India,20,20200211_143315_forniceal_palpebral.png,/home/sebastian-cruz6/cp-anemia-detection/data/eyes-defy-anemia-original/India/20/20200211_143315_forniceal_palpebral.png
India,20,20200211_143315_palpebral.png,/home/sebastian-cruz6/cp-anemia-detection/data/eyes-defy-anemia-original/India/20/20200211_143315_palpebral.png
India,21,.DS_Store,/home/sebastian-cruz6/cp-anemia-detection/data/eyes-defy-anemia-original/India/21/.DS_Store
India,21,20200211_145200.jpg,/home/sebastian-cruz6/cp-anemia-detection/data/eyes-defy-anemia-original/India/21/20200211_145200.jpg
India,21,20200211_145200_forniceal.png,/home/sebastian-cruz6/cp-anemia-detection/data/eyes-defy-anemia-original/India/21/20200211_145200_forniceal.png
India,21,20200211_145200_forniceal_palpebral.png,/home/sebastian-cruz6/cp-anemia-detection/data/eyes-defy-anemia-original/India/21/20200211_145200_forniceal_palpebral.png
India,21,20200211_145200_palpebral.png,/home/sebastian-cruz6/cp-anemia-detection/data/eyes-defy-anemia-original/India/21/20200211_145200_palpebral.png
India,22,.DS_Store,/home/sebastian-cruz6/cp-anemia-detection/data/eyes-defy-anemia-original/India/22/.DS_Store
India,22,20200211_150240.jpg,/home/sebastian-cruz6/cp-anemia-detection/data/eyes-defy-anemia-original/India/22/20200211_150240.jpg
India,22,20200211_150240_forniceal.png,/home/sebastian-cruz6/cp-anemia-detection/data/eyes-defy-anemia-original/India/22/20200211_150240_forniceal.png
India,22,20200211_150240_forniceal_palpebral.png,/home/sebastian-cruz6/cp-anemia-detection/data/eyes-defy-anemia-original/India/22/20200211_150240_forniceal_palpebral.png
India,22,20200211_150240_palpebral.png,/home/sebastian-cruz6/cp-anemia-detection/data/eyes-defy-anemia-original/India/22/20200211_150240_palpebral.png
India,23,.DS_Store,/home/sebastian-cruz6/cp-anemia-detection/data/eyes-defy-anemia-original/India/23/.DS_Store
India,23,20200211_155237.jpg,/home/sebastian-cruz6/cp-anemia-detection/data/eyes-defy-anemia-original/India/23/20200211_155237.jpg
India,23,20200211_155237_forniceal.png,/home/sebastian-cruz6/cp-anemia-detection/data/eyes-defy-anemia-original/India/23/20200211_155237_forniceal.png
India,23,20200211_155237_forniceal_palpebral.png,/home/sebastian-cruz6/cp-anemia-detection/data/eyes-defy-anemia-original/India/23/20200211_155237_forniceal_palpebral.png
India,23,20200211_155237_palpebral.png,/home/sebastian-cruz6/cp-anemia-detection/data/eyes-defy-anemia-original/India/23/20200211_155237_palpebral.png
India,24,.DS_Store,/home/sebastian-cruz6/cp-anemia-detection/data/eyes-defy-anemia-original/India/24/.DS_Store
India,24,20200212_080100.jpg,/home/sebastian-cruz6/cp-anemia-detection/data/eyes-defy-anemia-original/India/24/20200212_080100.jpg
India,24,20200212_080100_forniceal.png,/home/sebastian-cruz6/cp-anemia-detection/data/eyes-defy-anemia-original/India/24/20200212_080100_forniceal.png
India,24,20200212_080100_forniceal_palpebral.png,/home/sebastian-cruz6/cp-anemia-detection/data/eyes-defy-anemia-original/India/24/20200212_080100_forniceal_palpebral.png
India,24,20200212_080100_palpebral.png,/home/sebastian-cruz6/cp-anemia-detection/data/eyes-defy-anemia-original/India/24/20200212_080100_palpebral.png
India,25,.DS_Store,/home/sebastian-cruz6/cp-anemia-detection/data/eyes-defy-anemia-original/India/25/.DS_Store
India,25,20200213_121216.jpg,/home/sebastian-cruz6/cp-anemia-detection/data/eyes-defy-anemia-original/India/25/20200213_121216.jpg
India,25,20200213_121216_forniceal.png,/home/sebastian-cruz6/cp-anemia-detection/data/eyes-defy-anemia-original/India/25/20200213_121216_forniceal.png
India,25,20200213_121216_forniceal_palpebral.png,/home/sebastian-cruz6/cp-anemia-detection/data/eyes-defy-anemia-original/India/25/20200213_121216_forniceal_palpebral.png
India,25,20200213_121216_palpebral.png,/home/sebastian-cruz6/cp-anemia-detection/data/eyes-defy-anemia-original/India/25/20200213_121216_palpebral.png
India,26,.DS_Store,/home/sebastian-cruz6/cp-anemia-detection/data/eyes-defy-anemia-original/India/26/.DS_Store
India,26,20200213_120556.jpg,/home/sebastian-cruz6/cp-anemia-detection/data/eyes-defy-anemia-original/India/26/20200213_120556.jpg
India,26,20200213_120556_forniceal.png,/home/sebastian-cruz6/cp-anemia-detection/data/eyes-defy-anemia-original/India/26/20200213_120556_forniceal.png
India,26,20200213_120556_forniceal_palpebral.png,/home/sebastian-cruz6/cp-anemia-detection/data/eyes-defy-anemia-original/India/26/20200213_120556_forniceal_palpebral.png
India,26,20200213_120556_palpebral.png,/home/sebastian-cruz6/cp-anemia-detection/data/eyes-defy-anemia-original/India/26/20200213_120556_palpebral.png
India,27,.DS_Store,/home/sebastian-cruz6/cp-anemia-detection/data/eyes-defy-anemia-original/India/27/.DS_Store
India,27,20200213_134128.jpg,/home/sebastian-cruz6/cp-anemia-detection/data/eyes-defy-anemia-original/India/27/20200213_134128.jpg
India,27,20200213_134128_forniceal.png,/home/sebastian-cruz6/cp-anemia-detection/data/eyes-defy-anemia-original/India/27/20200213_134128_forniceal.png
India,27,20200213_134128_forniceal_palpebral.png,/home/sebastian-cruz6/cp-anemia-detection/data/eyes-defy-anemia-original/India/27/20200213_134128_forniceal_palpebral.png
India,27,20200213_134128_palpebral.png,/home/sebastian-cruz6/cp-anemia-detection/data/eyes-defy-anemia-original/India/27/20200213_134128_palpebral.png
India,28,.DS_Store,/home/sebastian-cruz6/cp-anemia-detection/data/eyes-defy-anemia-original/India/28/.DS_Store
India,28,20200213_150536.jpg,/home/sebastian-cruz6/cp-anemia-detection/data/eyes-defy-anemia-original/India/28/20200213_150536.jpg
India,28,20200213_150536_forniceal.png,/home/sebastian-cruz6/cp-anemia-detection/data/eyes-defy-anemia-original/India/28/20200213_150536_forniceal.png
India,28,20200213_150536_forniceal_palpebral.png,/home/sebastian-cruz6/cp-anemia-detection/data/eyes-defy-anemia-original/India/28/20200213_150536_forniceal_palpebral.png
India,28,20200213_150536_palpebral.png,/home/sebastian-cruz6/cp-anemia-detection/data/eyes-defy-anemia-original/India/28/20200213_150536_palpebral.png
India,29,.DS_Store,/home/sebastian-cruz6/cp-anemia-detection/data/eyes-defy-anemia-original/India/29/.DS_Store
India,29,20200213_151234.jpg,/home/sebastian-cruz6/cp-anemia-detection/data/eyes-defy-anemia-original/India/29/20200213_151234.jpg
India,29,20200213_151234_forniceal.png,/home/sebastian-cruz6/cp-anemia-detection/data/eyes-defy-anemia-original/India/29/20200213_151234_forniceal.png
India,29,20200213_151234_forniceal_palpebral.png,/home/sebastian-cruz6/cp-anemia-detection/data/eyes-defy-anemia-original/India/29/20200213_151234_forniceal_palpebral.png
India,29,20200213_151234_palpebral.png,/home/sebastian-cruz6/cp-anemia-detection/data/eyes-defy-anemia-original/India/29/20200213_151234_palpebral.png
India,30,.DS_Store,/home/sebastian-cruz6/cp-anemia-detection/data/eyes-defy-anemia-original/India/30/.DS_Store
India,30,20200213_152136.jpg,/home/sebastian-cruz6/cp-anemia-detection/data/eyes-defy-anemia-original/India/30/20200213_152136.jpg
India,30,20200213_152136_forniceal.png,/home/sebastian-cruz6/cp-anemia-detection/data/eyes-defy-anemia-original/India/30/20200213_152136_forniceal.png
India,30,20200213_152136_forniceal_palpebral.png,/home/sebastian-cruz6/cp-anemia-detection/data/eyes-defy-anemia-original/India/30/20200213_152136_forniceal_palpebral.png
India,30,20200213_152136_palpebral.png,/home/sebastian-cruz6/cp-anemia-detection/data/eyes-defy-anemia-original/India/30/20200213_152136_palpebral.png
India,31,.DS_Store,/home/sebastian-cruz6/cp-anemia-detection/data/eyes-defy-anemia-original/India/31/.DS_Store
India,31,20200213_152924.jpg,/home/sebastian-cruz6/cp-anemia-detection/data/eyes-defy-anemia-original/India/31/20200213_152924.jpg
India,31,20200213_152924_forniceal.png,/home/sebastian-cruz6/cp-anemia-detection/data/eyes-defy-anemia-original/India/31/20200213_152924_forniceal.png
India,31,20200213_152924_forniceal_palpebral.png,/home/sebastian-cruz6/cp-anemia-detection/data/eyes-defy-anemia-original/India/31/20200213_152924_forniceal_palpebral.png
India,31,20200213_152924_palpebral.png,/home/sebastian-cruz6/cp-anemia-detection/data/eyes-defy-anemia-original/India/31/20200213_152924_palpebral.png
India,32,.DS_Store,/home/sebastian-cruz6/cp-anemia-detection/data/eyes-defy-anemia-original/India/32/.DS_Store
India,32,20200213_153536.jpg,/home/sebastian-cruz6/cp-anemia-detection/data/eyes-defy-anemia-original/India/32/20200213_153536.jpg
India,32,20200213_153536_forniceal.png,/home/sebastian-cruz6/cp-anemia-detection/data/eyes-defy-anemia-original/India/32/20200213_153536_forniceal.png
India,32,20200213_153536_forniceal_palpebral.png,/home/sebastian-cruz6/cp-anemia-detection/data/eyes-defy-anemia-original/India/32/20200213_153536_forniceal_palpebral.png
India,32,20200213_153536_palpebral.png,/home/sebastian-cruz6/cp-anemia-detection/data/eyes-defy-anemia-original/India/32/20200213_153536_palpebral.png
India,33,.DS_Store,/home/sebastian-cruz6/cp-anemia-detection/data/eyes-defy-anemia-original/India/33/.DS_Store
India,33,20200213_154129.jpg,/home/sebastian-cruz6/cp-anemia-detection/data/eyes-defy-anemia-original/India/33/20200213_154129.jpg
India,33,20200213_154129_forniceal.png,/home/sebastian-cruz6/cp-anemia-detection/data/eyes-defy-anemia-original/India/33/20200213_154129_forniceal.png
India,33,20200213_154129_forniceal_palpebral.png,/home/sebastian-cruz6/cp-anemia-detection/data/eyes-defy-anemia-original/India/33/20200213_154129_forniceal_palpebral.png
India,33,20200213_154129_palpebral.png,/home/sebastian-cruz6/cp-anemia-detection/data/eyes-defy-anemia-original/India/33/20200213_154129_palpebral.png
India,34,.DS_Store,/home/sebastian-cruz6/cp-anemia-detection/data/eyes-defy-anemia-original/India/34/.DS_Store
India,34,20200213_154759.jpg,/home/sebastian-cruz6/cp-anemia-detection/data/eyes-defy-anemia-original/India/34/20200213_154759.jpg
India,34,20200213_154759_forniceal.png,/home/sebastian-cruz6/cp-anemia-detection/data/eyes-defy-anemia-original/India/34/20200213_154759_forniceal.png
India,34,20200213_154759_forniceal_palpebral.png,/home/sebastian-cruz6/cp-anemia-detection/data/eyes-defy-anemia-original/India/34/20200213_154759_forniceal_palpebral.png
India,34,20200213_154759_palpebral.png,/home/sebastian-cruz6/cp-anemia-detection/data/eyes-defy-anemia-original/India/34/20200213_154759_palpebral.png
India,35,.DS_Store,/home/sebastian-cruz6/cp-anemia-detection/data/eyes-defy-anemia-original/India/35/.DS_Store
India,35,20200213_155456_001.jpg,/home/sebastian-cruz6/cp-anemia-detection/data/eyes-defy-anemia-original/India/35/20200213_155456_001.jpg
India,35,20200213_155456_001_forniceal.png,/home/sebastian-cruz6/cp-anemia-detection/data/eyes-defy-anemia-original/India/35/20200213_155456_001_forniceal.png
India,35,20200213_155456_001_forniceal_palpebral.png,/home/sebastian-cruz6/cp-anemia-detection/data/eyes-defy-anemia-original/India/35/20200213_155456_001_forniceal_palpebral.png
India,35,20200213_155456_001_palpebral.png,/home/sebastian-cruz6/cp-anemia-detection/data/eyes-defy-anemia-original/India/35/20200213_155456_001_palpebral.png
India,36,.DS_Store,/home/sebastian-cruz6/cp-anemia-detection/data/eyes-defy-anemia-original/India/36/.DS_Store
India,36,20200213_160045.jpg,/home/sebastian-cruz6/cp-anemia-detection/data/eyes-defy-anemia-original/India/36/20200213_160045.jpg
India,36,20200213_160045_forniceal.png,/home/sebastian-cruz6/cp-anemia-detection/data/eyes-defy-anemia-original/India/36/20200213_160045_forniceal.png
India,36,20200213_160045_forniceal_palpebral.png,/home/sebastian-cruz6/cp-anemia-detection/data/eyes-defy-anemia-original/India/36/20200213_160045_forniceal_palpebral.png
India,36,20200213_160045_palpebral.png,/home/sebastian-cruz6/cp-anemia-detection/data/eyes-defy-anemia-original/India/36/20200213_160045_palpebral.png
India,37,.DS_Store,/home/sebastian-cruz6/cp-anemia-detection/data/eyes-defy-anemia-original/India/37/.DS_Store
India,37,20200214_123002.jpg,/home/sebastian-cruz6/cp-anemia-detection/data/eyes-defy-anemia-original/India/37/20200214_123002.jpg
India,37,20200214_123002_forniceal.png,/home/sebastian-cruz6/cp-anemia-detection/data/eyes-defy-anemia-original/India/37/20200214_123002_forniceal.png
India,37,20200214_123002_forniceal_palpebral.png,/home/sebastian-cruz6/cp-anemia-detection/data/eyes-defy-anemia-original/India/37/20200214_123002_forniceal_palpebral.png
India,37,20200214_123002_palpebral.png,/home/sebastian-cruz6/cp-anemia-detection/data/eyes-defy-anemia-original/India/37/20200214_123002_palpebral.png
India,38,.DS_Store,/home/sebastian-cruz6/cp-anemia-detection/data/eyes-defy-anemia-original/India/38/.DS_Store
India,38,20200214_122915.jpg,/home/sebastian-cruz6/cp-anemia-detection/data/eyes-defy-anemia-original/India/38/20200214_122915.jpg
India,38,20200214_122915_forniceal.png,/home/sebastian-cruz6/cp-anemia-detection/data/eyes-defy-anemia-original/India/38/20200214_122915_forniceal.png
India,38,20200214_122915_forniceal_palpebral.png,/home/sebastian-cruz6/cp-anemia-detection/data/eyes-defy-anemia-original/India/38/20200214_122915_forniceal_palpebral.png
India,38,20200214_122915_palpebral.png,/home/sebastian-cruz6/cp-anemia-detection/data/eyes-defy-anemia-original/India/38/20200214_122915_palpebral.png
India,39,.DS_Store,/home/sebastian-cruz6/cp-anemia-detection/data/eyes-defy-anemia-original/India/39/.DS_Store
India,39,20200213_232040.jpg,/home/sebastian-cruz6/cp-anemia-detection/data/eyes-defy-anemia-original/India/39/20200213_232040.jpg
India,39,20200213_232040_forniceal.png,/home/sebastian-cruz6/cp-anemia-detection/data/eyes-defy-anemia-original/India/39/20200213_232040_forniceal.png
India,39,20200213_232040_forniceal_palpebral.png,/home/sebastian-cruz6/cp-anemia-detection/data/eyes-defy-anemia-original/India/39/20200213_232040_forniceal_palpebral.png
India,39,20200213_232040_palpebral.png,/home/sebastian-cruz6/cp-anemia-detection/data/eyes-defy-anemia-original/India/39/20200213_232040_palpebral.png
India,40,.DS_Store,/home/sebastian-cruz6/cp-anemia-detection/data/eyes-defy-anemia-original/India/40/.DS_Store
India,40,20200214_121836.jpg,/home/sebastian-cruz6/cp-anemia-detection/data/eyes-defy-anemia-original/India/40/20200214_121836.jpg
India,40,20200214_121836_forniceal.png,/home/sebastian-cruz6/cp-anemia-detection/data/eyes-defy-anemia-original/India/40/20200214_121836_forniceal.png
India,40,20200214_121836_forniceal_palpebral.png,/home/sebastian-cruz6/cp-anemia-detection/data/eyes-defy-anemia-original/India/40/20200214_121836_forniceal_palpebral.png
India,40,20200214_121836_palpebral.png,/home/sebastian-cruz6/cp-anemia-detection/data/eyes-defy-anemia-original/India/40/20200214_121836_palpebral.png
India,41,.DS_Store,/home/sebastian-cruz6/cp-anemia-detection/data/eyes-defy-anemia-original/India/41/.DS_Store
India,41,20200214_134745.jpg,/home/sebastian-cruz6/cp-anemia-detection/data/eyes-defy-anemia-original/India/41/20200214_134745.jpg
India,41,20200214_134745_forniceal.png,/home/sebastian-cruz6/cp-anemia-detection/data/eyes-defy-anemia-original/India/41/20200214_134745_forniceal.png
India,41,20200214_134745_forniceal_palpebral.png,/home/sebastian-cruz6/cp-anemia-detection/data/eyes-defy-anemia-original/India/41/20200214_134745_forniceal_palpebral.png
India,41,20200214_134745_palpebral.png,/home/sebastian-cruz6/cp-anemia-detection/data/eyes-defy-anemia-original/India/41/20200214_134745_palpebral.png
India,42,.DS_Store,/home/sebastian-cruz6/cp-anemia-detection/data/eyes-defy-anemia-original/India/42/.DS_Store
India,42,20200216_211040.jpg,/home/sebastian-cruz6/cp-anemia-detection/data/eyes-defy-anemia-original/India/42/20200216_211040.jpg
India,42,20200216_211040_forniceal.png,/home/sebastian-cruz6/cp-anemia-detection/data/eyes-defy-anemia-original/India/42/20200216_211040_forniceal.png
India,42,20200216_211040_forniceal_palpebral.png,/home/sebastian-cruz6/cp-anemia-detection/data/eyes-defy-anemia-original/India/42/20200216_211040_forniceal_palpebral.png
India,42,20200216_211040_palpebral.png,/home/sebastian-cruz6/cp-anemia-detection/data/eyes-defy-anemia-original/India/42/20200216_211040_palpebral.png
India,43,.DS_Store,/home/sebastian-cruz6/cp-anemia-detection/data/eyes-defy-anemia-original/India/43/.DS_Store
India,43,20200216_210631.jpg,/home/sebastian-cruz6/cp-anemia-detection/data/eyes-defy-anemia-original/India/43/20200216_210631.jpg
India,43,20200216_210631_forniceal.png,/home/sebastian-cruz6/cp-anemia-detection/data/eyes-defy-anemia-original/India/43/20200216_210631_forniceal.png
India,43,20200216_210631_forniceal_palpebral.png,/home/sebastian-cruz6/cp-anemia-detection/data/eyes-defy-anemia-original/India/43/20200216_210631_forniceal_palpebral.png
India,43,20200216_210631_palpebral.png,/home/sebastian-cruz6/cp-anemia-detection/data/eyes-defy-anemia-original/India/43/20200216_210631_palpebral.png
India,44,.DS_Store,/home/sebastian-cruz6/cp-anemia-detection/data/eyes-defy-anemia-original/India/44/.DS_Store
India,44,20200216_223744.jpg,/home/sebastian-cruz6/cp-anemia-detection/data/eyes-defy-anemia-original/India/44/20200216_223744.jpg
India,44,20200216_223744_forniceal.png,/home/sebastian-cruz6/cp-anemia-detection/data/eyes-defy-anemia-original/India/44/20200216_223744_forniceal.png
India,44,20200216_223744_forniceal_palpebral.png,/home/sebastian-cruz6/cp-anemia-detection/data/eyes-defy-anemia-original/India/44/20200216_223744_forniceal_palpebral.png
India,44,20200216_223744_palpebral.png,/home/sebastian-cruz6/cp-anemia-detection/data/eyes-defy-anemia-original/India/44/20200216_223744_palpebral.png
India,45,.DS_Store,/home/sebastian-cruz6/cp-anemia-detection/data/eyes-defy-anemia-original/India/45/.DS_Store
India,45,20200216_224452.jpg,/home/sebastian-cruz6/cp-anemia-detection/data/eyes-defy-anemia-original/India/45/20200216_224452.jpg
India,45,20200216_224452_forniceal.png,/home/sebastian-cruz6/cp-anemia-detection/data/eyes-defy-anemia-original/India/45/20200216_224452_forniceal.png
India,45,20200216_224452_forniceal_palpebral.png,/home/sebastian-cruz6/cp-anemia-detection/data/eyes-defy-anemia-original/India/45/20200216_224452_forniceal_palpebral.png
India,45,20200216_224452_palpebral.png,/home/sebastian-cruz6/cp-anemia-detection/data/eyes-defy-anemia-original/India/45/20200216_224452_palpebral.png
India,46,.DS_Store,/home/sebastian-cruz6/cp-anemia-detection/data/eyes-defy-anemia-original/India/46/.DS_Store
India,46,20200216_231923.jpg,/home/sebastian-cruz6/cp-anemia-detection/data/eyes-defy-anemia-original/India/46/20200216_231923.jpg
India,46,20200216_231923_forniceal.png,/home/sebastian-cruz6/cp-anemia-detection/data/eyes-defy-anemia-original/India/46/20200216_231923_forniceal.png
India,46,20200216_231923_forniceal_palpebral.png,/home/sebastian-cruz6/cp-anemia-detection/data/eyes-defy-anemia-original/India/46/20200216_231923_forniceal_palpebral.png
India,46,20200216_231923_palpebral.png,/home/sebastian-cruz6/cp-anemia-detection/data/eyes-defy-anemia-original/India/46/20200216_231923_palpebral.png
India,47,.DS_Store,/home/sebastian-cruz6/cp-anemia-detection/data/eyes-defy-anemia-original/India/47/.DS_Store
India,47,20200216_232931.jpg,/home/sebastian-cruz6/cp-anemia-detection/data/eyes-defy-anemia-original/India/47/20200216_232931.jpg
India,47,20200216_232931_forniceal.png,/home/sebastian-cruz6/cp-anemia-detection/data/eyes-defy-anemia-original/India/47/20200216_232931_forniceal.png
India,47,20200216_232931_forniceal_palpebral.png,/home/sebastian-cruz6/cp-anemia-detection/data/eyes-defy-anemia-original/India/47/20200216_232931_forniceal_palpebral.png
India,47,20200216_232931_palpebral.png,/home/sebastian-cruz6/cp-anemia-detection/data/eyes-defy-anemia-original/India/47/20200216_232931_palpebral.png
India,48,.DS_Store,/home/sebastian-cruz6/cp-anemia-detection/data/eyes-defy-anemia-original/India/48/.DS_Store
India,48,20200217_141804.jpg,/home/sebastian-cruz6/cp-anemia-detection/data/eyes-defy-anemia-original/India/48/20200217_141804.jpg
India,48,20200217_141804_forniceal.png,/home/sebastian-cruz6/cp-anemia-detection/data/eyes-defy-anemia-original/India/48/20200217_141804_forniceal.png
India,48,20200217_141804_forniceal_palpebral.png,/home/sebastian-cruz6/cp-anemia-detection/data/eyes-defy-anemia-original/India/48/20200217_141804_forniceal_palpebral.png
India,48,20200217_141804_palpebral.png,/home/sebastian-cruz6/cp-anemia-detection/data/eyes-defy-anemia-original/India/48/20200217_141804_palpebral.png
India,49,.DS_Store,/home/sebastian-cruz6/cp-anemia-detection/data/eyes-defy-anemia-original/India/49/.DS_Store
India,49,20200217_152107.jpg,/home/sebastian-cruz6/cp-anemia-detection/data/eyes-defy-anemia-original/India/49/20200217_152107.jpg
India,49,20200217_152107_forniceal.png,/home/sebastian-cruz6/cp-anemia-detection/data/eyes-defy-anemia-original/India/49/20200217_152107_forniceal.png
India,49,20200217_152107_forniceal_palpebral.png,/home/sebastian-cruz6/cp-anemia-detection/data/eyes-defy-anemia-original/India/49/20200217_152107_forniceal_palpebral.png
India,49,20200217_152107_palpebral.png,/home/sebastian-cruz6/cp-anemia-detection/data/eyes-defy-anemia-original/India/49/20200217_152107_palpebral.png
India,50,.DS_Store,/home/sebastian-cruz6/cp-anemia-detection/data/eyes-defy-anemia-original/India/50/.DS_Store
India,50,20200217_154641.jpg,/home/sebastian-cruz6/cp-anemia-detection/data/eyes-defy-anemia-original/India/50/20200217_154641.jpg
India,50,20200217_154641_forniceal.png,/home/sebastian-cruz6/cp-anemia-detection/data/eyes-defy-anemia-original/India/50/20200217_154641_forniceal.png
India,50,20200217_154641_forniceal_palpebral.png,/home/sebastian-cruz6/cp-anemia-detection/data/eyes-defy-anemia-original/India/50/20200217_154641_forniceal_palpebral.png
India,50,20200217_154641_palpebral.png,/home/sebastian-cruz6/cp-anemia-detection/data/eyes-defy-anemia-original/India/50/20200217_154641_palpebral.png
India,51,.DS_Store,/home/sebastian-cruz6/cp-anemia-detection/data/eyes-defy-anemia-original/India/51/.DS_Store
India,51,20200218_210419.jpg,/home/sebastian-cruz6/cp-anemia-detection/data/eyes-defy-anemia-original/India/51/20200218_210419.jpg
India,51,20200218_210419_forniceal.png,/home/sebastian-cruz6/cp-anemia-detection/data/eyes-defy-anemia-original/India/51/20200218_210419_forniceal.png
India,51,20200218_210419_forniceal_palpebral.png,/home/sebastian-cruz6/cp-anemia-detection/data/eyes-defy-anemia-original/India/51/20200218_210419_forniceal_palpebral.png
India,51,20200218_210419_palpebral.png,/home/sebastian-cruz6/cp-anemia-detection/data/eyes-defy-anemia-original/India/51/20200218_210419_palpebral.png
India,52,.DS_Store,/home/sebastian-cruz6/cp-anemia-detection/data/eyes-defy-anemia-original/India/52/.DS_Store
India,52,20200218_221400.jpg,/home/sebastian-cruz6/cp-anemia-detection/data/eyes-defy-anemia-original/India/52/20200218_221400.jpg
India,52,20200218_221400_forniceal.png,/home/sebastian-cruz6/cp-anemia-detection/data/eyes-defy-anemia-original/India/52/20200218_221400_forniceal.png
India,52,20200218_221400_forniceal_palpebral.png,/home/sebastian-cruz6/cp-anemia-detection/data/eyes-defy-anemia-original/India/52/20200218_221400_forniceal_palpebral.png
India,52,20200218_221400_palpebral.png,/home/sebastian-cruz6/cp-anemia-detection/data/eyes-defy-anemia-original/India/52/20200218_221400_palpebral.png
India,53,.DS_Store,/home/sebastian-cruz6/cp-anemia-detection/data/eyes-defy-anemia-original/India/53/.DS_Store
India,53,20200218_222325.jpg,/home/sebastian-cruz6/cp-anemia-detection/data/eyes-defy-anemia-original/India/53/20200218_222325.jpg
India,53,20200218_222325_forniceal.png,/home/sebastian-cruz6/cp-anemia-detection/data/eyes-defy-anemia-original/India/53/20200218_222325_forniceal.png
India,53,20200218_222325_forniceal_palpebral.png,/home/sebastian-cruz6/cp-anemia-detection/data/eyes-defy-anemia-original/India/53/20200218_222325_forniceal_palpebral.png
India,53,20200218_222325_palpebral.png,/home/sebastian-cruz6/cp-anemia-detection/data/eyes-defy-anemia-original/India/53/20200218_222325_palpebral.png
India,54,.DS_Store,/home/sebastian-cruz6/cp-anemia-detection/data/eyes-defy-anemia-original/India/54/.DS_Store
India,54,20200219_140311.jpg,/home/sebastian-cruz6/cp-anemia-detection/data/eyes-defy-anemia-original/India/54/20200219_140311.jpg
India,54,20200219_140311_forniceal.png,/home/sebastian-cruz6/cp-anemia-detection/data/eyes-defy-anemia-original/India/54/20200219_140311_forniceal.png
India,54,20200219_140311_forniceal_palpebral.png,/home/sebastian-cruz6/cp-anemia-detection/data/eyes-defy-anemia-original/India/54/20200219_140311_forniceal_palpebral.png
India,54,20200219_140311_palpebral.png,/home/sebastian-cruz6/cp-anemia-detection/data/eyes-defy-anemia-original/India/54/20200219_140311_palpebral.png
India,55,.DS_Store,/home/sebastian-cruz6/cp-anemia-detection/data/eyes-defy-anemia-original/India/55/.DS_Store
India,55,20200219_180148.jpg,/home/sebastian-cruz6/cp-anemia-detection/data/eyes-defy-anemia-original/India/55/20200219_180148.jpg
India,55,20200219_180148_forniceal.png,/home/sebastian-cruz6/cp-anemia-detection/data/eyes-defy-anemia-original/India/55/20200219_180148_forniceal.png
India,55,20200219_180148_forniceal_palpebral.png,/home/sebastian-cruz6/cp-anemia-detection/data/eyes-defy-anemia-original/India/55/20200219_180148_forniceal_palpebral.png
India,55,20200219_180148_palpebral.png,/home/sebastian-cruz6/cp-anemia-detection/data/eyes-defy-anemia-original/India/55/20200219_180148_palpebral.png
India,56,.DS_Store,/home/sebastian-cruz6/cp-anemia-detection/data/eyes-defy-anemia-original/India/56/.DS_Store
India,56,20200219_183506.jpg,/home/sebastian-cruz6/cp-anemia-detection/data/eyes-defy-anemia-original/India/56/20200219_183506.jpg
India,56,20200219_183506_forniceal.png,/home/sebastian-cruz6/cp-anemia-detection/data/eyes-defy-anemia-original/India/56/20200219_183506_forniceal.png
India,56,20200219_183506_forniceal_palpebral.png,/home/sebastian-cruz6/cp-anemia-detection/data/eyes-defy-anemia-original/India/56/20200219_183506_forniceal_palpebral.png
India,56,20200219_183506_palpebral.png,/home/sebastian-cruz6/cp-anemia-detection/data/eyes-defy-anemia-original/India/56/20200219_183506_palpebral.png
India,57,.DS_Store,/home/sebastian-cruz6/cp-anemia-detection/data/eyes-defy-anemia-original/India/57/.DS_Store
India,57,20200219_182849.jpg,/home/sebastian-cruz6/cp-anemia-detection/data/eyes-defy-anemia-original/India/57/20200219_182849.jpg
India,57,20200219_182849_forniceal.png,/home/sebastian-cruz6/cp-anemia-detection/data/eyes-defy-anemia-original/India/57/20200219_182849_forniceal.png
India,57,20200219_182849_forniceal_palpebral.png,/home/sebastian-cruz6/cp-anemia-detection/data/eyes-defy-anemia-original/India/57/20200219_182849_forniceal_palpebral.png
India,57,20200219_182849_palpebral.png,/home/sebastian-cruz6/cp-anemia-detection/data/eyes-defy-anemia-original/India/57/20200219_182849_palpebral.png
India,58,.DS_Store,/home/sebastian-cruz6/cp-anemia-detection/data/eyes-defy-anemia-original/India/58/.DS_Store
India,58,20200219_195511.jpg,/home/sebastian-cruz6/cp-anemia-detection/data/eyes-defy-anemia-original/India/58/20200219_195511.jpg
India,58,20200219_195511_forniceal.png,/home/sebastian-cruz6/cp-anemia-detection/data/eyes-defy-anemia-original/India/58/20200219_195511_forniceal.png
India,58,20200219_195511_forniceal_palpebral.png,/home/sebastian-cruz6/cp-anemia-detection/data/eyes-defy-anemia-original/India/58/20200219_195511_forniceal_palpebral.png
India,58,20200219_195511_palpebral.png,/home/sebastian-cruz6/cp-anemia-detection/data/eyes-defy-anemia-original/India/58/20200219_195511_palpebral.png
India,59,.DS_Store,/home/sebastian-cruz6/cp-anemia-detection/data/eyes-defy-anemia-original/India/59/.DS_Store
India,59,20200219_201501.jpg,/home/sebastian-cruz6/cp-anemia-detection/data/eyes-defy-anemia-original/India/59/20200219_201501.jpg
India,59,20200219_201501_forniceal.png,/home/sebastian-cruz6/cp-anemia-detection/data/eyes-defy-anemia-original/India/59/20200219_201501_forniceal.png
India,59,20200219_201501_forniceal_palpebral.png,/home/sebastian-cruz6/cp-anemia-detection/data/eyes-defy-anemia-original/India/59/20200219_201501_forniceal_palpebral.png
India,59,20200219_201501_palpebral.png,/home/sebastian-cruz6/cp-anemia-detection/data/eyes-defy-anemia-original/India/59/20200219_201501_palpebral.png
India,60,.DS_Store,/home/sebastian-cruz6/cp-anemia-detection/data/eyes-defy-anemia-original/India/60/.DS_Store
India,60,20200223_184734.jpg,/home/sebastian-cruz6/cp-anemia-detection/data/eyes-defy-anemia-original/India/60/20200223_184734.jpg
India,60,20200223_184734_forniceal.png,/home/sebastian-cruz6/cp-anemia-detection/data/eyes-defy-anemia-original/India/60/20200223_184734_forniceal.png
India,60,20200223_184734_forniceal_palpebral.png,/home/sebastian-cruz6/cp-anemia-detection/data/eyes-defy-anemia-original/India/60/20200223_184734_forniceal_palpebral.png
India,60,20200223_184734_palpebral.png,/home/sebastian-cruz6/cp-anemia-detection/data/eyes-defy-anemia-original/India/60/20200223_184734_palpebral.png
India,61,.DS_Store,/home/sebastian-cruz6/cp-anemia-detection/data/eyes-defy-anemia-original/India/61/.DS_Store
India,61,20200223_185602.jpg,/home/sebastian-cruz6/cp-anemia-detection/data/eyes-defy-anemia-original/India/61/20200223_185602.jpg
India,61,20200223_185602_forniceal.png,/home/sebastian-cruz6/cp-anemia-detection/data/eyes-defy-anemia-original/India/61/20200223_185602_forniceal.png
India,61,20200223_185602_forniceal_palpebral.png,/home/sebastian-cruz6/cp-anemia-detection/data/eyes-defy-anemia-original/India/61/20200223_185602_forniceal_palpebral.png
India,61,20200223_185602_palpebral.png,/home/sebastian-cruz6/cp-anemia-detection/data/eyes-defy-anemia-original/India/61/20200223_185602_palpebral.png
India,62,.DS_Store,/home/sebastian-cruz6/cp-anemia-detection/data/eyes-defy-anemia-original/India/62/.DS_Store
India,62,20200223_190638.jpg,/home/sebastian-cruz6/cp-anemia-detection/data/eyes-defy-anemia-original/India/62/20200223_190638.jpg
India,62,20200223_190638_forniceal.png,/home/sebastian-cruz6/cp-anemia-detection/data/eyes-defy-anemia-original/India/62/20200223_190638_forniceal.png
India,62,20200223_190638_forniceal_palpebral.png,/home/sebastian-cruz6/cp-anemia-detection/data/eyes-defy-anemia-original/India/62/20200223_190638_forniceal_palpebral.png
India,62,20200223_190638_palpebral.png,/home/sebastian-cruz6/cp-anemia-detection/data/eyes-defy-anemia-original/India/62/20200223_190638_palpebral.png
India,63,.DS_Store,/home/sebastian-cruz6/cp-anemia-detection/data/eyes-defy-anemia-original/India/63/.DS_Store
India,63,20200223_191233.jpg,/home/sebastian-cruz6/cp-anemia-detection/data/eyes-defy-anemia-original/India/63/20200223_191233.jpg
India,63,20200223_191233_forniceal.png,/home/sebastian-cruz6/cp-anemia-detection/data/eyes-defy-anemia-original/India/63/20200223_191233_forniceal.png
India,63,20200223_191233_forniceal_palpebral.png,/home/sebastian-cruz6/cp-anemia-detection/data/eyes-defy-anemia-original/India/63/20200223_191233_forniceal_palpebral.png
India,63,20200223_191233_palpebral.png,/home/sebastian-cruz6/cp-anemia-detection/data/eyes-defy-anemia-original/India/63/20200223_191233_palpebral.png
India,64,.DS_Store,/home/sebastian-cruz6/cp-anemia-detection/data/eyes-defy-anemia-original/India/64/.DS_Store
India,64,20200223_191620.jpg,/home/sebastian-cruz6/cp-anemia-detection/data/eyes-defy-anemia-original/India/64/20200223_191620.jpg
India,64,20200223_191620_forniceal.png,/home/sebastian-cruz6/cp-anemia-detection/data/eyes-defy-anemia-original/India/64/20200223_191620_forniceal.png
India,64,20200223_191620_forniceal_palpebral.png,/home/sebastian-cruz6/cp-anemia-detection/data/eyes-defy-anemia-original/India/64/20200223_191620_forniceal_palpebral.png
India,64,20200223_191620_palpebral.png,/home/sebastian-cruz6/cp-anemia-detection/data/eyes-defy-anemia-original/India/64/20200223_191620_palpebral.png
India,65,.DS_Store,/home/sebastian-cruz6/cp-anemia-detection/data/eyes-defy-anemia-original/India/65/.DS_Store
India,65,20200223_194457.jpg,/home/sebastian-cruz6/cp-anemia-detection/data/eyes-defy-anemia-original/India/65/20200223_194457.jpg
India,65,20200223_194457_forniceal.png,/home/sebastian-cruz6/cp-anemia-detection/data/eyes-defy-anemia-original/India/65/20200223_194457_forniceal.png
India,65,20200223_194457_forniceal_palpebral.png,/home/sebastian-cruz6/cp-anemia-detection/data/eyes-defy-anemia-original/India/65/20200223_194457_forniceal_palpebral.png
India,65,20200223_194457_palpebral.png,/home/sebastian-cruz6/cp-anemia-detection/data/eyes-defy-anemia-original/India/65/20200223_194457_palpebral.png
India,66,.DS_Store,/home/sebastian-cruz6/cp-anemia-detection/data/eyes-defy-anemia-original/India/66/.DS_Store
India,66,20200224_114700.jpg,/home/sebastian-cruz6/cp-anemia-detection/data/eyes-defy-anemia-original/India/66/20200224_114700.jpg
India,66,20200224_114700_forniceal.png,/home/sebastian-cruz6/cp-anemia-detection/data/eyes-defy-anemia-original/India/66/20200224_114700_forniceal.png
India,66,20200224_114700_forniceal_palpebral.png,/home/sebastian-cruz6/cp-anemia-detection/data/eyes-defy-anemia-original/India/66/20200224_114700_forniceal_palpebral.png
India,66,20200224_114700_palpebral.png,/home/sebastian-cruz6/cp-anemia-detection/data/eyes-defy-anemia-original/India/66/20200224_114700_palpebral.png
India,67,.DS_Store,/home/sebastian-cruz6/cp-anemia-detection/data/eyes-defy-anemia-original/India/67/.DS_Store
India,67,20200224_115146.jpg,/home/sebastian-cruz6/cp-anemia-detection/data/eyes-defy-anemia-original/India/67/20200224_115146.jpg
India,67,20200224_115146_forniceal.png,/home/sebastian-cruz6/cp-anemia-detection/data/eyes-defy-anemia-original/India/67/20200224_115146_forniceal.png
India,67,20200224_115146_forniceal_palpebral.png,/home/sebastian-cruz6/cp-anemia-detection/data/eyes-defy-anemia-original/India/67/20200224_115146_forniceal_palpebral.png
India,67,20200224_115146_palpebral.png,/home/sebastian-cruz6/cp-anemia-detection/data/eyes-defy-anemia-original/India/67/20200224_115146_palpebral.png
India,68,.DS_Store,/home/sebastian-cruz6/cp-anemia-detection/data/eyes-defy-anemia-original/India/68/.DS_Store
India,68,20200224_115853.jpg,/home/sebastian-cruz6/cp-anemia-detection/data/eyes-defy-anemia-original/India/68/20200224_115853.jpg
India,68,20200224_115853_forniceal.png,/home/sebastian-cruz6/cp-anemia-detection/data/eyes-defy-anemia-original/India/68/20200224_115853_forniceal.png
India,68,20200224_115853_forniceal_palpebral.png,/home/sebastian-cruz6/cp-anemia-detection/data/eyes-defy-anemia-original/India/68/20200224_115853_forniceal_palpebral.png
India,68,20200224_115853_palpebral.png,/home/sebastian-cruz6/cp-anemia-detection/data/eyes-defy-anemia-original/India/68/20200224_115853_palpebral.png
India,69,.DS_Store,/home/sebastian-cruz6/cp-anemia-detection/data/eyes-defy-anemia-original/India/69/.DS_Store
India,69,20200224_120426.jpg,/home/sebastian-cruz6/cp-anemia-detection/data/eyes-defy-anemia-original/India/69/20200224_120426.jpg
India,69,20200224_120426_forniceal.png,/home/sebastian-cruz6/cp-anemia-detection/data/eyes-defy-anemia-original/India/69/20200224_120426_forniceal.png
India,69,20200224_120426_forniceal_palpebral.png,/home/sebastian-cruz6/cp-anemia-detection/data/eyes-defy-anemia-original/India/69/20200224_120426_forniceal_palpebral.png
India,69,20200224_120426_palpebral.png,/home/sebastian-cruz6/cp-anemia-detection/data/eyes-defy-anemia-original/India/69/20200224_120426_palpebral.png
India,70,.DS_Store,/home/sebastian-cruz6/cp-anemia-detection/data/eyes-defy-anemia-original/India/70/.DS_Store
India,70,20200224_123714.jpg,/home/sebastian-cruz6/cp-anemia-detection/data/eyes-defy-anemia-original/India/70/20200224_123714.jpg
India,70,20200224_123714_forniceal.png,/home/sebastian-cruz6/cp-anemia-detection/data/eyes-defy-anemia-original/India/70/20200224_123714_forniceal.png
India,70,20200224_123714_forniceal_palpebral.png,/home/sebastian-cruz6/cp-anemia-detection/data/eyes-defy-anemia-original/India/70/20200224_123714_forniceal_palpebral.png
India,70,20200224_123714_palpebral.png,/home/sebastian-cruz6/cp-anemia-detection/data/eyes-defy-anemia-original/India/70/20200224_123714_palpebral.png
India,71,.DS_Store,/home/sebastian-cruz6/cp-anemia-detection/data/eyes-defy-anemia-original/India/71/.DS_Store
India,71,20200224_133633.jpg,/home/sebastian-cruz6/cp-anemia-detection/data/eyes-defy-anemia-original/India/71/20200224_133633.jpg
India,71,20200224_133633_forniceal.png,/home/sebastian-cruz6/cp-anemia-detection/data/eyes-defy-anemia-original/India/71/20200224_133633_forniceal.png
India,71,20200224_133633_forniceal_palpebral.png,/home/sebastian-cruz6/cp-anemia-detection/data/eyes-defy-anemia-original/India/71/20200224_133633_forniceal_palpebral.png
India,71,20200224_133633_palpebral.png,/home/sebastian-cruz6/cp-anemia-detection/data/eyes-defy-anemia-original/India/71/20200224_133633_palpebral.png
India,72,.DS_Store,/home/sebastian-cruz6/cp-anemia-detection/data/eyes-defy-anemia-original/India/72/.DS_Store
India,72,20200224_143301.jpg,/home/sebastian-cruz6/cp-anemia-detection/data/eyes-defy-anemia-original/India/72/20200224_143301.jpg
India,72,20200224_143301_forniceal.png,/home/sebastian-cruz6/cp-anemia-detection/data/eyes-defy-anemia-original/India/72/20200224_143301_forniceal.png
India,72,20200224_143301_forniceal_palpebral.png,/home/sebastian-cruz6/cp-anemia-detection/data/eyes-defy-anemia-original/India/72/20200224_143301_forniceal_palpebral.png
India,72,20200224_143301_palpebral.png,/home/sebastian-cruz6/cp-anemia-detection/data/eyes-defy-anemia-original/India/72/20200224_143301_palpebral.png
India,73,.DS_Store,/home/sebastian-cruz6/cp-anemia-detection/data/eyes-defy-anemia-original/India/73/.DS_Store
India,73,20200224_144551.jpg,/home/sebastian-cruz6/cp-anemia-detection/data/eyes-defy-anemia-original/India/73/20200224_144551.jpg
India,73,20200224_144551_forniceal.png,/home/sebastian-cruz6/cp-anemia-detection/data/eyes-defy-anemia-original/India/73/20200224_144551_forniceal.png
India,73,20200224_144551_forniceal_palpebral.png,/home/sebastian-cruz6/cp-anemia-detection/data/eyes-defy-anemia-original/India/73/20200224_144551_forniceal_palpebral.png
India,73,20200224_144551_palpebral.png,/home/sebastian-cruz6/cp-anemia-detection/data/eyes-defy-anemia-original/India/73/20200224_144551_palpebral.png
India,74,.DS_Store,/home/sebastian-cruz6/cp-anemia-detection/data/eyes-defy-anemia-original/India/74/.DS_Store
India,74,20200224_145301.jpg,/home/sebastian-cruz6/cp-anemia-detection/data/eyes-defy-anemia-original/India/74/20200224_145301.jpg
India,74,20200224_145301_forniceal.png,/home/sebastian-cruz6/cp-anemia-detection/data/eyes-defy-anemia-original/India/74/20200224_145301_forniceal.png
India,74,20200224_145301_forniceal_palpebral.png,/home/sebastian-cruz6/cp-anemia-detection/data/eyes-defy-anemia-original/India/74/20200224_145301_forniceal_palpebral.png
India,74,20200224_145301_palpebral.png,/home/sebastian-cruz6/cp-anemia-detection/data/eyes-defy-anemia-original/India/74/20200224_145301_palpebral.png
India,75,.DS_Store,/home/sebastian-cruz6/cp-anemia-detection/data/eyes-defy-anemia-original/India/75/.DS_Store
India,75,20200224_150804.jpg,/home/sebastian-cruz6/cp-anemia-detection/data/eyes-defy-anemia-original/India/75/20200224_150804.jpg
India,75,20200224_150804_forniceal.png,/home/sebastian-cruz6/cp-anemia-detection/data/eyes-defy-anemia-original/India/75/20200224_150804_forniceal.png
India,75,20200224_150804_forniceal_palpebral.png,/home/sebastian-cruz6/cp-anemia-detection/data/eyes-defy-anemia-original/India/75/20200224_150804_forniceal_palpebral.png
India,75,20200224_150804_palpebral.png,/home/sebastian-cruz6/cp-anemia-detection/data/eyes-defy-anemia-original/India/75/20200224_150804_palpebral.png
India,76,.DS_Store,/home/sebastian-cruz6/cp-anemia-detection/data/eyes-defy-anemia-original/India/76/.DS_Store
India,76,20200224_150539.jpg,/home/sebastian-cruz6/cp-anemia-detection/data/eyes-defy-anemia-original/India/76/20200224_150539.jpg
India,76,20200224_150539_forniceal.png,/home/sebastian-cruz6/cp-anemia-detection/data/eyes-defy-anemia-original/India/76/20200224_150539_forniceal.png
India,76,20200224_150539_forniceal_palpebral.png,/home/sebastian-cruz6/cp-anemia-detection/data/eyes-defy-anemia-original/India/76/20200224_150539_forniceal_palpebral.png
India,76,20200224_150539_palpebral.png,/home/sebastian-cruz6/cp-anemia-detection/data/eyes-defy-anemia-original/India/76/20200224_150539_palpebral.png
India,77,.DS_Store,/home/sebastian-cruz6/cp-anemia-detection/data/eyes-defy-anemia-original/India/77/.DS_Store
India,77,20200224_151450.jpg,/home/sebastian-cruz6/cp-anemia-detection/data/eyes-defy-anemia-original/India/77/20200224_151450.jpg
India,77,20200224_151450_forniceal.png,/home/sebastian-cruz6/cp-anemia-detection/data/eyes-defy-anemia-original/India/77/20200224_151450_forniceal.png
India,77,20200224_151450_forniceal_palpebral.png,/home/sebastian-cruz6/cp-anemia-detection/data/eyes-defy-anemia-original/India/77/20200224_151450_forniceal_palpebral.png
India,77,20200224_151450_palpebral.png,/home/sebastian-cruz6/cp-anemia-detection/data/eyes-defy-anemia-original/India/77/20200224_151450_palpebral.png
India,78,.DS_Store,/home/sebastian-cruz6/cp-anemia-detection/data/eyes-defy-anemia-original/India/78/.DS_Store
India,78,20200224_153146.jpg,/home/sebastian-cruz6/cp-anemia-detection/data/eyes-defy-anemia-original/India/78/20200224_153146.jpg
India,78,20200224_153146_forniceal.png,/home/sebastian-cruz6/cp-anemia-detection/data/eyes-defy-anemia-original/India/78/20200224_153146_forniceal.png
India,78,20200224_153146_forniceal_palpebral.png,/home/sebastian-cruz6/cp-anemia-detection/data/eyes-defy-anemia-original/India/78/20200224_153146_forniceal_palpebral.png
India,78,20200224_153146_palpebral.png,/home/sebastian-cruz6/cp-anemia-detection/data/eyes-defy-anemia-original/India/78/20200224_153146_palpebral.png
India,79,.DS_Store,/home/sebastian-cruz6/cp-anemia-detection/data/eyes-defy-anemia-original/India/79/.DS_Store
India,79,20200224_162916.jpg,/home/sebastian-cruz6/cp-anemia-detection/data/eyes-defy-anemia-original/India/79/20200224_162916.jpg
India,79,20200224_162916_forniceal.png,/home/sebastian-cruz6/cp-anemia-detection/data/eyes-defy-anemia-original/India/79/20200224_162916_forniceal.png
India,79,20200224_162916_forniceal_palpebral.png,/home/sebastian-cruz6/cp-anemia-detection/data/eyes-defy-anemia-original/India/79/20200224_162916_forniceal_palpebral.png
India,79,20200224_162916_palpebral.png,/home/sebastian-cruz6/cp-anemia-detection/data/eyes-defy-anemia-original/India/79/20200224_162916_palpebral.png
India,80,.DS_Store,/home/sebastian-cruz6/cp-anemia-detection/data/eyes-defy-anemia-original/India/80/.DS_Store
India,80,20200224_180925.jpg,/home/sebastian-cruz6/cp-anemia-detection/data/eyes-defy-anemia-original/India/80/20200224_180925.jpg
India,80,20200224_180925_forniceal.png,/home/sebastian-cruz6/cp-anemia-detection/data/eyes-defy-anemia-original/India/80/20200224_180925_forniceal.png
India,80,20200224_180925_forniceal_palpebral.png,/home/sebastian-cruz6/cp-anemia-detection/data/eyes-defy-anemia-original/India/80/20200224_180925_forniceal_palpebral.png
India,80,20200224_180925_palpebral.png,/home/sebastian-cruz6/cp-anemia-detection/data/eyes-defy-anemia-original/India/80/20200224_180925_palpebral.png
India,81,.DS_Store,/home/sebastian-cruz6/cp-anemia-detection/data/eyes-defy-anemia-original/India/81/.DS_Store
India,81,20200228_190130.jpg,/home/sebastian-cruz6/cp-anemia-detection/data/eyes-defy-anemia-original/India/81/20200228_190130.jpg
India,81,20200228_190130_forniceal.png,/home/sebastian-cruz6/cp-anemia-detection/data/eyes-defy-anemia-original/India/81/20200228_190130_forniceal.png
India,81,20200228_190130_forniceal_palpebral.png,/home/sebastian-cruz6/cp-anemia-detection/data/eyes-defy-anemia-original/India/81/20200228_190130_forniceal_palpebral.png
India,81,20200228_190130_palpebral.png,/home/sebastian-cruz6/cp-anemia-detection/data/eyes-defy-anemia-original/India/81/20200228_190130_palpebral.png
India,82,.DS_Store,/home/sebastian-cruz6/cp-anemia-detection/data/eyes-defy-anemia-original/India/82/.DS_Store
India,82,20200228_190334.jpg,/home/sebastian-cruz6/cp-anemia-detection/data/eyes-defy-anemia-original/India/82/20200228_190334.jpg
India,82,20200228_190334_forniceal.png,/home/sebastian-cruz6/cp-anemia-detection/data/eyes-defy-anemia-original/India/82/20200228_190334_forniceal.png
India,82,20200228_190334_forniceal_palpebral.png,/home/sebastian-cruz6/cp-anemia-detection/data/eyes-defy-anemia-original/India/82/20200228_190334_forniceal_palpebral.png
India,82,20200228_190334_palpebral.png,/home/sebastian-cruz6/cp-anemia-detection/data/eyes-defy-anemia-original/India/82/20200228_190334_palpebral.png
India,83,.DS_Store,/home/sebastian-cruz6/cp-anemia-detection/data/eyes-defy-anemia-original/India/83/.DS_Store
India,83,20200224_121621.jpg,/home/sebastian-cruz6/cp-anemia-detection/data/eyes-defy-anemia-original/India/83/20200224_121621.jpg
India,83,20200224_121621_forniceal.png,/home/sebastian-cruz6/cp-anemia-detection/data/eyes-defy-anemia-original/India/83/20200224_121621_forniceal.png
India,83,20200224_121621_forniceal_palpebral.png,/home/sebastian-cruz6/cp-anemia-detection/data/eyes-defy-anemia-original/India/83/20200224_121621_forniceal_palpebral.png
India,83,20200224_121621_palpebral.png,/home/sebastian-cruz6/cp-anemia-detection/data/eyes-defy-anemia-original/India/83/20200224_121621_palpebral.png
India,84,.DS_Store,/home/sebastian-cruz6/cp-anemia-detection/data/eyes-defy-anemia-original/India/84/.DS_Store
India,84,20200224_154729.jpg,/home/sebastian-cruz6/cp-anemia-detection/data/eyes-defy-anemia-original/India/84/20200224_154729.jpg
India,84,20200224_154729_forniceal.png,/home/sebastian-cruz6/cp-anemia-detection/data/eyes-defy-anemia-original/India/84/20200224_154729_forniceal.png
India,84,20200224_154729_forniceal_palpebral.png,/home/sebastian-cruz6/cp-anemia-detection/data/eyes-defy-anemia-original/India/84/20200224_154729_forniceal_palpebral.png
India,84,20200224_154729_palpebral.png,/home/sebastian-cruz6/cp-anemia-detection/data/eyes-defy-anemia-original/India/84/20200224_154729_palpebral.png
India,85,.DS_Store,/home/sebastian-cruz6/cp-anemia-detection/data/eyes-defy-anemia-original/India/85/.DS_Store
India,85,20200229_205012.jpg,/home/sebastian-cruz6/cp-anemia-detection/data/eyes-defy-anemia-original/India/85/20200229_205012.jpg
India,85,20200229_205012_forniceal.png,/home/sebastian-cruz6/cp-anemia-detection/data/eyes-defy-anemia-original/India/85/20200229_205012_forniceal.png
India,85,20200229_205012_forniceal_palpebral.png,/home/sebastian-cruz6/cp-anemia-detection/data/eyes-defy-anemia-original/India/85/20200229_205012_forniceal_palpebral.png
India,85,20200229_205012_palpebral.png,/home/sebastian-cruz6/cp-anemia-detection/data/eyes-defy-anemia-original/India/85/20200229_205012_palpebral.png
India,86,.DS_Store,/home/sebastian-cruz6/cp-anemia-detection/data/eyes-defy-anemia-original/India/86/.DS_Store
India,86,20200229_205445.jpg,/home/sebastian-cruz6/cp-anemia-detection/data/eyes-defy-anemia-original/India/86/20200229_205445.jpg
India,86,20200229_205445_forniceal.png,/home/sebastian-cruz6/cp-anemia-detection/data/eyes-defy-anemia-original/India/86/20200229_205445_forniceal.png
India,86,20200229_205445_forniceal_palpebral.png,/home/sebastian-cruz6/cp-anemia-detection/data/eyes-defy-anemia-original/India/86/20200229_205445_forniceal_palpebral.png
India,86,20200229_205445_palpebral.png,/home/sebastian-cruz6/cp-anemia-detection/data/eyes-defy-anemia-original/India/86/20200229_205445_palpebral.png
India,87,.DS_Store,/home/sebastian-cruz6/cp-anemia-detection/data/eyes-defy-anemia-original/India/87/.DS_Store
India,87,20200302_222551.jpg,/home/sebastian-cruz6/cp-anemia-detection/data/eyes-defy-anemia-original/India/87/20200302_222551.jpg
India,87,20200302_222551_forniceal.png,/home/sebastian-cruz6/cp-anemia-detection/data/eyes-defy-anemia-original/India/87/20200302_222551_forniceal.png
India,87,20200302_222551_forniceal_palpebral.png,/home/sebastian-cruz6/cp-anemia-detection/data/eyes-defy-anemia-original/India/87/20200302_222551_forniceal_palpebral.png
India,87,20200302_222551_palpebral.png,/home/sebastian-cruz6/cp-anemia-detection/data/eyes-defy-anemia-original/India/87/20200302_222551_palpebral.png
India,88,.DS_Store,/home/sebastian-cruz6/cp-anemia-detection/data/eyes-defy-anemia-original/India/88/.DS_Store
India,88,20200302_223503.jpg,/home/sebastian-cruz6/cp-anemia-detection/data/eyes-defy-anemia-original/India/88/20200302_223503.jpg
India,88,20200302_223503_forniceal.png,/home/sebastian-cruz6/cp-anemia-detection/data/eyes-defy-anemia-original/India/88/20200302_223503_forniceal.png
India,88,20200302_223503_forniceal_palpebral.png,/home/sebastian-cruz6/cp-anemia-detection/data/eyes-defy-anemia-original/India/88/20200302_223503_forniceal_palpebral.png
India,88,20200302_223503_palpebral.png,/home/sebastian-cruz6/cp-anemia-detection/data/eyes-defy-anemia-original/India/88/20200302_223503_palpebral.png
India,89,.DS_Store,/home/sebastian-cruz6/cp-anemia-detection/data/eyes-defy-anemia-original/India/89/.DS_Store
India,89,20200302_224240.jpg,/home/sebastian-cruz6/cp-anemia-detection/data/eyes-defy-anemia-original/India/89/20200302_224240.jpg
India,89,20200302_224240_forniceal.png,/home/sebastian-cruz6/cp-anemia-detection/data/eyes-defy-anemia-original/India/89/20200302_224240_forniceal.png
India,89,20200302_224240_forniceal_palpebral.png,/home/sebastian-cruz6/cp-anemia-detection/data/eyes-defy-anemia-original/India/89/20200302_224240_forniceal_palpebral.png
India,89,20200302_224240_palpebral.png,/home/sebastian-cruz6/cp-anemia-detection/data/eyes-defy-anemia-original/India/89/20200302_224240_palpebral.png
India,90,.DS_Store,/home/sebastian-cruz6/cp-anemia-detection/data/eyes-defy-anemia-original/India/90/.DS_Store
India,90,20200302_225922.jpg,/home/sebastian-cruz6/cp-anemia-detection/data/eyes-defy-anemia-original/India/90/20200302_225922.jpg
India,90,20200302_225922_forniceal.png,/home/sebastian-cruz6/cp-anemia-detection/data/eyes-defy-anemia-original/India/90/20200302_225922_forniceal.png
India,90,20200302_225922_forniceal_palpebral.png,/home/sebastian-cruz6/cp-anemia-detection/data/eyes-defy-anemia-original/India/90/20200302_225922_forniceal_palpebral.png
India,90,20200302_225922_palpebral.png,/home/sebastian-cruz6/cp-anemia-detection/data/eyes-defy-anemia-original/India/90/20200302_225922_palpebral.png
India,91,.DS_Store,/home/sebastian-cruz6/cp-anemia-detection/data/eyes-defy-anemia-original/India/91/.DS_Store
India,91,20200302_231050.jpg,/home/sebastian-cruz6/cp-anemia-detection/data/eyes-defy-anemia-original/India/91/20200302_231050.jpg
India,91,20200302_231050_forniceal.png,/home/sebastian-cruz6/cp-anemia-detection/data/eyes-defy-anemia-original/India/91/20200302_231050_forniceal.png
India,91,20200302_231050_forniceal_palpebral.png,/home/sebastian-cruz6/cp-anemia-detection/data/eyes-defy-anemia-original/India/91/20200302_231050_forniceal_palpebral.png
India,91,20200302_231050_palpebral.png,/home/sebastian-cruz6/cp-anemia-detection/data/eyes-defy-anemia-original/India/91/20200302_231050_palpebral.png
India,92,.DS_Store,/home/sebastian-cruz6/cp-anemia-detection/data/eyes-defy-anemia-original/India/92/.DS_Store
India,92,20200312_183626.jpg,/home/sebastian-cruz6/cp-anemia-detection/data/eyes-defy-anemia-original/India/92/20200312_183626.jpg
India,92,20200312_183626_forniceal.png,/home/sebastian-cruz6/cp-anemia-detection/data/eyes-defy-anemia-original/India/92/20200312_183626_forniceal.png
India,92,20200312_183626_forniceal_palpebral.png,/home/sebastian-cruz6/cp-anemia-detection/data/eyes-defy-anemia-original/India/92/20200312_183626_forniceal_palpebral.png
India,92,20200312_183626_palpebral.png,/home/sebastian-cruz6/cp-anemia-detection/data/eyes-defy-anemia-original/India/92/20200312_183626_palpebral.png
India,93,.DS_Store,/home/sebastian-cruz6/cp-anemia-detection/data/eyes-defy-anemia-original/India/93/.DS_Store
India,93,20200315_161347.jpg,/home/sebastian-cruz6/cp-anemia-detection/data/eyes-defy-anemia-original/India/93/20200315_161347.jpg
India,93,20200315_161347_forniceal.png,/home/sebastian-cruz6/cp-anemia-detection/data/eyes-defy-anemia-original/India/93/20200315_161347_forniceal.png
India,93,20200315_161347_forniceal_palpebral.png,/home/sebastian-cruz6/cp-anemia-detection/data/eyes-defy-anemia-original/India/93/20200315_161347_forniceal_palpebral.png
India,93,20200315_161347_palpebral.png,/home/sebastian-cruz6/cp-anemia-detection/data/eyes-defy-anemia-original/India/93/20200315_161347_palpebral.png
India,94,.DS_Store,/home/sebastian-cruz6/cp-anemia-detection/data/eyes-defy-anemia-original/India/94/.DS_Store
India,94,20200318_130148.jpg,/home/sebastian-cruz6/cp-anemia-detection/data/eyes-defy-anemia-original/India/94/20200318_130148.jpg
India,94,20200318_130148_forniceal.png,/home/sebastian-cruz6/cp-anemia-detection/data/eyes-defy-anemia-original/India/94/20200318_130148_forniceal.png
India,94,20200318_130148_forniceal_palpebral.png,/home/sebastian-cruz6/cp-anemia-detection/data/eyes-defy-anemia-original/India/94/20200318_130148_forniceal_palpebral.png
India,94,20200318_130148_palpebral.png,/home/sebastian-cruz6/cp-anemia-detection/data/eyes-defy-anemia-original/India/94/20200318_130148_palpebral.png
India,95,.DS_Store,/home/sebastian-cruz6/cp-anemia-detection/data/eyes-defy-anemia-original/India/95/.DS_Store
India,95,20200318_130225.jpg,/home/sebastian-cruz6/cp-anemia-detection/data/eyes-defy-anemia-original/India/95/20200318_130225.jpg
India,95,20200318_130225_forniceal.png,/home/sebastian-cruz6/cp-anemia-detection/data/eyes-defy-anemia-original/India/95/20200318_130225_forniceal.png
India,95,20200318_130225_forniceal_palpebral.png,/home/sebastian-cruz6/cp-anemia-detection/data/eyes-defy-anemia-original/India/95/20200318_130225_forniceal_palpebral.png
India,95,20200318_130225_palpebral.png,/home/sebastian-cruz6/cp-anemia-detection/data/eyes-defy-anemia-original/India/95/20200318_130225_palpebral.png
